<?xml version="1.0" encoding="iso-8859-1" ?>
<newsitem itemid="445338" id="root" date="1997-03-15" xml:lang="en">
<title>INDIA: India rupee rate must be set by market - Chidambaram.</title>
<headline>India rupee rate must be set by market - Chidambaram.</headline>
<dateline>NEW DELHI 1997-03-15</dateline>
<text>
<p>Indian Finance Minister P. Chidambaram said on Saturday that the foreign exchange market must determine the value of the rupee.</p>
<p>Chidambaram was asked in an interview with Reuters if there was room for the rupee to depreciate against the U.S. dollar. On Friday the rupee closed at 35.865/870 against the dollar.</p>
<p>&quot;We don't talk of depreciating the rupee or devaluing the rupee,&quot; he said. &quot;As I have said, it is the market which must determine the level of the rupee.&quot;</p>
<p>Chidambaram said the Reserve Bank of India's (RBI) concern was that there should not be volatility in the rupee exchange rate.</p>
<p>Asked if he shared that concern, the finance minister said: &quot;Yes, I share the concern there should not be volatility. The last time there was a high degree of volitility was in, I think, September, November of 1995. That caused problems.&quot;</p>
<p>Chidambaram was asked how India could prevent recent large inflows of dollars from stoking inflation. The RBI has recently bought dollars to prevent the rupee from appreciating.</p>
<p>&quot;It all depends on what we do with the dollars. If imports rise, as we expect them to rise and they should rise, then some of these dollars will be consumed. We discuss various options,&quot; he said.</p>
<p>Asked if one option would be to relax controls on imports of consumer goods, he said: &quot;I have said it is an option. It is an option, but that has to be decided with the Ex-Im (Export-Import) policy.&quot;</p>
<p>The government is due to release a new export-import policy by April 1.</p>
<p>Chidambaram was asked if, as one RBI official recently suggested, India would have to wait until 2000 before the rupee would become fully convertible on the capital account. He said a committee within the RBI would examine the issue.</p>
<p>&quot;Let us see what the road map says. If the road map shows that the journey is short, then we will respond accordingly. If the road map shows that the journey is a long journey, then we will respond accordingly,&quot; he said.</p>
<p>The finance minister was asked if it was time to make the rupee fully convertible now that foreign exchange reserves were buoyant and the current account deficit was under control.</p>
<p>&quot;Those are not the only two criteria. There are other criteria,&quot; he said.</p>
<p>&quot;The fiscal deficit must be brought under control and above all, inflation must be brought under control. I think there are other criteria before we move to full capital account convertibility.&quot;</p>
<p>Chidambaram was asked if a weaker rupee would help boost exports.</p>
<p>&quot;A weaker rupee would help the exporter but a weaker rupee would hurt many others. I don't think we can look at it only from the point of view of the exporter,&quot; he said.</p>
<p>The finance minister said world trade had been sluggish. &quot;To some extent that has affected the year's export growth. But I expect imports to pick up this year, as well as exports to pick up,&quot; he said.</p>
<p>Asked what time period he was referring to, he said calendar 1997 and the 1997/98 fiscal year starting on April 1.</p>
<p>-- Nelson Graves, New Delhi newsroom +91-11 301 2024</p>
</text>
<copyright>(c) Reuters Limited 1997</copyright>
<metadata>
<codes class="bip:countries:1.0">
  <code code="INDIA">
    <editdetail attribution="Reuters BIP Coding Group" action="confirmed" date="1997-03-15"/>
  </code>
</codes>
<codes class="bip:topics:1.0">
  <code code="E12">
    <editdetail attribution="Reuters BIP Coding Group" action="confirmed" date="1997-03-15"/>
  </code>
  <code code="ECAT">
    <editdetail attribution="Reuters BIP Coding Group" action="confirmed" date="1997-03-15"/>
  </code>
  <code code="M13">
    <editdetail attribution="Reuters BIP Coding Group" action="confirmed" date="1997-03-15"/>
  </code>
  <code code="M132">
    <editdetail attribution="Reuters BIP Coding Group" action="confirmed" date="1997-03-15"/>
  </code>
  <code code="MCAT">
    <editdetail attribution="Reuters BIP Coding Group" action="confirmed" date="1997-03-15"/>
  </code>
</codes>
<dc element="dc.date.created" value="1997-03-15"/>
<dc element="dc.publisher" value="Reuters Holdings Plc"/>
<dc element="dc.date.published" value="1997-03-15"/>
<dc element="dc.source" value="Reuters"/>
<dc element="dc.creator.location" value="NEW DELHI"/>
<dc element="dc.creator.location.country.name" value="INDIA"/>
<dc element="dc.source" value="Reuters"/>
</metadata>
</newsitem>
