<?xml version="1.0" encoding="iso-8859-1" ?>
<newsitem itemid="445339" id="root" date="1997-03-15" xml:lang="en">
<title>INDIA: India's Chidambaram wants interest rates to soften.</title>
<headline>India's Chidambaram wants interest rates to soften.</headline>
<dateline>NEW DELHI 1997-03-15</dateline>
<text>
<p>Indian Finance Minister P. Chidambaram said on Saturday that he would like to see interest rates decline and will discuss the possibility of lower interest rates with the Reserve Bank of India (RBI).</p>
<p>Chidambaram told Reuters in an interview that real interest rates are lower now than they were when Prime Minister H.D. Deve Gowda's government took office last June, but that industry felt they remained high.</p>
<p>He said, however, that some experts argued that industry could produce at current interest rates, and that interest costs were a small proportion of a businesses' costs.</p>
<p>&quot;But as a principle I would like interest rates to soften,&quot; he said. &quot;I think industry will be competitive, or to be more accurate, more competitive if interest rates are lower.&quot;</p>
<p>He cited low Japanese interest rates, which he said gave industry there an advantage.</p>
<p>Asked if he would discuss the possibility of lower interest rates when he meets RBI officials in the capital on Monday, he said: &quot;Yes, I've said so, that one of the things we will discuss is interest rates, and the possibility of interest rates coming down a bit.&quot;</p>
<p>Chidambaram said Monday's meeting would provide an opportunity to discuss a new credit policy that the RBI is set to announce next month.</p>
<p>&quot;We also need to discuss the need to maintain price stability. I said in my budget speech that maintaining price stability is very high on the government's agenda. We also need to discuss the surge in foreign exchange inflows,&quot; he said.</p>
<p>The finance minister said large inflows of dollars made foreign exchange reserves appear &quot;healthier and healthier&quot;.</p>
<p>&quot;The downside is that it has inflationary consequences. This is a matter which we will discuss,&quot; he said.</p>
<p>He said he would also discuss credit offtake with the RBI.</p>
<p>&quot;There is still some feeling in the market that adequate credit is not flowing for productive purposes, that interest rates are still high. We will discuss that,&quot; he said.</p>
<p>&quot;Non-farm credit must take off. Given the mood in industry today, it is necessary to ensure that adequate credit is made available to industry, to agriculture for productive purposes. It is a long agenda.&quot;</p>
<p>- Nelson Graves, New Delhi newsroom +91-11 301 2024</p>
</text>
<copyright>(c) Reuters Limited 1997</copyright>
<metadata>
<codes class="bip:countries:1.0">
  <code code="INDIA">
    <editdetail attribution="Reuters BIP Coding Group" action="confirmed" date="1997-03-15"/>
  </code>
</codes>
<codes class="bip:topics:1.0">
  <code code="E12">
    <editdetail attribution="Reuters BIP Coding Group" action="confirmed" date="1997-03-15"/>
  </code>
  <code code="ECAT">
    <editdetail attribution="Reuters BIP Coding Group" action="confirmed" date="1997-03-15"/>
  </code>
</codes>
<dc element="dc.date.created" value="1997-03-15"/>
<dc element="dc.publisher" value="Reuters Holdings Plc"/>
<dc element="dc.date.published" value="1997-03-15"/>
<dc element="dc.source" value="Reuters"/>
<dc element="dc.creator.location" value="NEW DELHI"/>
<dc element="dc.creator.location.country.name" value="INDIA"/>
<dc element="dc.source" value="Reuters"/>
</metadata>
</newsitem>
