<?xml version="1.0" encoding="iso-8859-1" ?>
<newsitem itemid="445303" id="root" date="1997-03-15" xml:lang="en">
<title>UNITED NATIONS: UN calls off meeting on Zaire; signs of progress.</title>
<headline>UN calls off meeting on Zaire; signs of progress.</headline>
<byline>Evelyn Leopold</byline>
<dateline>UNITED NATIONS 1997-03-15</dateline>
<text>
<p>The U.N. Security Council called off a planned appeal to rebels for a truce in Zaire, with members saying there were signs of progress over the weekend that a public statement might endanger.</p>
<p>&quot;We're keeping our powder dry for the moment and don't want to block anyone in the corners when things might be on the verge of moving,&quot; said one member in reference to U.N. envoy Mohamed Sahnoun's ongoing negotiations in the region.</p>
<p>As rebels forces appeared to be closing in on Kisangani, Zaire's third largest city, the council had scheduled a statement at a public meeting late on Friday. But its current president, Zbigniew Wlosowicz of Poland, said members had changed their mind because of some positive signs.</p>
<p>Sahnoun, in Kigali, plans talks with Rwandan President Pasteur Bizimungu and Vice-President Maj-Gen Paul Kagame in his quest to forge a ceasefire in eastern Zaire, U.N. officials said.</p>
<p>He met Zairean rebel leader Laurent Kabila on Thursday in the northern Ugandan town of Gulu at a meeting arranged by Uganda President Yoweri Museveni. But Kabila has refused to agree to a ceasefire before negotiations on Zaire's future.</p>
<p>Diplomats said Sahnoun might return to Uganda over the weekend to meet Kabila again or go to Burundi before his planned visit to Nairobi to meet President Daniel arap Moi.</p>
<p>Both the United States and Britain have asked Uganda and Rwanda to use their influence with Kabila, diplomats said. The messages to leaders in the two countries so far have resulted in the Thursday meeting between Sahnoun and Kabila.</p>
<p>U.N. Secretary-General Kofi Annan warned Security Council members on Friday of the dangerous situation around Ubundi on the eatern bank of the Zaire River where more than 100,000 weakened Rwanda Hutu refugees have fled.</p>
<p>Aid officials fear that they will become a target of the rebels, particularly the young men of military age among them.</p>
<p>Annan, who had been unsuccessful in getting a military force to protect the refugees, has for the past week emphasised some kind of monitoring or peacekeeping after a ceasefire is reached.</p>
<p>France has revived efforts to rally an international force but the United States and Britain, among others, have resisted.</p>
<p>His spokesman Fred Eckhard said Annan told the council he wanted a &quot;package of measures&quot; implemented in three phases:</p>
<p>-- facilitating access and immediate humanitarian assistance to the refugees and displaced persons and safe repatriation of the refugees to Rwanda.</p>
<p>-- monitoring and verifying the cease-fire</p>
<p>-- verifying the withdrawal of all foreign forces</p>
<p>Many of the  refugees are hostage to Hutu militia and ex-soldiers who led 1994's genocide of minority Tutsis and cannot go back peacefully to Rwanda where a Tutsi-dominated army holds sway. The militia at times fought against the rebels and on the side of Zairean regular soldiers.</p>
<p>At stake in the forthcoming  days is the battle for Kisangani, the nerve centre of Zairean military operations in the eastern Zaire.  Kabila's forces, who have racked up a string of military successes, are often welcomed by the local poulation because of resentment against President Mobutu Sese Seko for driving a resource-rich nation into poverty.</p>
<p>At the same time there are widespread fears from all Western nations that a continuing civil war or even the breakup of Zaire would destabilise at least five of its neighbours.</p>
</text>
<copyright>(c) Reuters Limited 1997</copyright>
<metadata>
<codes class="bip:countries:1.0">
  <code code="UN">
    <editdetail attribution="Reuters BIP Coding Group" action="confirmed" date="1997-03-15"/>
  </code>
  <code code="ZAIRE">
    <editdetail attribution="Reuters BIP Coding Group" action="confirmed" date="1997-03-15"/>
  </code>
</codes>
<codes class="bip:topics:1.0">
  <code code="GCAT">
    <editdetail attribution="Reuters BIP Coding Group" action="confirmed" date="1997-03-15"/>
  </code>
  <code code="GDIP">
    <editdetail attribution="Reuters BIP Coding Group" action="confirmed" date="1997-03-15"/>
  </code>
  <code code="GVIO">
    <editdetail attribution="Reuters BIP Coding Group" action="confirmed" date="1997-03-15"/>
  </code>
</codes>
<dc element="dc.date.created" value="1997-03-15"/>
<dc element="dc.publisher" value="Reuters Holdings Plc"/>
<dc element="dc.date.published" value="1997-03-15"/>
<dc element="dc.source" value="Reuters"/>
<dc element="dc.creator.location" value="UNITED NATIONS"/>
<dc element="dc.creator.location.country.name" value="UNITED NATIONS"/>
<dc element="dc.source" value="Reuters"/>
</metadata>
</newsitem>
