<?xml version="1.0" encoding="iso-8859-1" ?>
<newsitem itemid="445337" id="root" date="1997-03-15" xml:lang="en">
<title>INDIA: India tax revenue goal is achievable - Chidambaram.</title>
<headline>India tax revenue goal is achievable - Chidambaram.</headline>
<dateline>NEW DELHI 1997-03-15</dateline>
<text>
<p>Indian Finance Minister P. Chidambaram said on Saturday that he was confident the government would meet its tax revenue target for 1997/98 (April-March) despite proposed rate cuts.</p>
<p>&quot;We're confident that we will get the revenues as projected,&quot; he told Reuters in an interview. &quot;There is no reason why the 1997/98 budget should not achieve its target of revenues.&quot;</p>
<p>Chidambaram said critics had predicted that the government would fail to meet its target of reducing the fiscal deficit as a share of gross domestic product (GDP) to 5.0 percent in 1996/97 from 5.8 percent in the previous year.</p>
<p>&quot;We maintained the fiscal deficit at the promised five percent. What I've projected for 1997/98 is not so ambitious,&quot; he said. The government aims to cut the fiscal deficit to 4.5 percent of GDP in 1997/98.</p>
<p>Chidambaram said the government was projecting that revenues from income tax, corporate tax, excise duties and customs duties would grow by 15.5 percent in 1997/98 over the current year.</p>
<p>&quot;And that's quite consistent with past experience and past trends,&quot; he said.</p>
<p>-- Nelson Graves, New Delhi newsroom +91-11 301 2024</p>
</text>
<copyright>(c) Reuters Limited 1997</copyright>
<metadata>
<codes class="bip:countries:1.0">
  <code code="INDIA">
    <editdetail attribution="Reuters BIP Coding Group" action="confirmed" date="1997-03-15"/>
  </code>
</codes>
<codes class="bip:topics:1.0">
  <code code="E21">
    <editdetail attribution="Reuters BIP Coding Group" action="confirmed" date="1997-03-15"/>
  </code>
  <code code="E211">
    <editdetail attribution="Reuters BIP Coding Group" action="confirmed" date="1997-03-15"/>
  </code>
  <code code="ECAT">
    <editdetail attribution="Reuters BIP Coding Group" action="confirmed" date="1997-03-15"/>
  </code>
</codes>
<dc element="dc.date.created" value="1997-03-15"/>
<dc element="dc.publisher" value="Reuters Holdings Plc"/>
<dc element="dc.date.published" value="1997-03-15"/>
<dc element="dc.source" value="Reuters"/>
<dc element="dc.creator.location" value="NEW DELHI"/>
<dc element="dc.creator.location.country.name" value="INDIA"/>
<dc element="dc.source" value="Reuters"/>
</metadata>
</newsitem>
