<?xml version="1.0" encoding="iso-8859-1" ?>
<newsitem itemid="445334" id="root" date="1997-03-15" xml:lang="en">
<title>INDIA: India 96/97 edible output seen at 6.7 mln tonnes.</title>
<headline>India 96/97 edible output seen at 6.7 mln tonnes.</headline>
<dateline>AGRA, India 1997-03-15</dateline>
<text>
<p>India's edible oil output in 1996/97 (November-October) is expected to rise to 6.7 million tonnes from 6.55 million tonnes in the previous year, the Central Organisation of Oil Industry and Trade (COOIT) said on Saturday.  </p>
<p>Senior COOIT officials said edible oil imports in 1996/97 were expected to rise to between 1.4 million and 1.5 million tonnes from 1.14 million tonnes in the previous year.</p>
<p>&quot;We expect edible oil imports in the current season to be between 1.4 and 1.5 million tonnes,&quot; O.P. Goenka, a senior COOIT official, told reporters at a conference on India's summer oilseeds crop.</p>
<p>India imported 1.09 million tonnes of edible oil between April and December 1996, COOIT said in a statement.</p>
<p>-- New Delhi newsroom +91 11 301 2032</p>
</text>
<copyright>(c) Reuters Limited 1997</copyright>
<metadata>
<codes class="bip:countries:1.0">
  <code code="INDIA">
    <editdetail attribution="Reuters BIP Coding Group" action="confirmed" date="1997-03-15"/>
  </code>
</codes>
<codes class="bip:industries:1.0">
  <code code="I41100">
    <editdetail attribution="Reuters BIP Coding Group" action="confirmed" date="1997-03-15"/>
  </code>
</codes>
<codes class="bip:topics:1.0">
  <code code="C21">
    <editdetail attribution="Reuters BIP Coding Group" action="confirmed" date="1997-03-15"/>
  </code>
  <code code="CCAT">
    <editdetail attribution="Reuters BIP Coding Group" action="confirmed" date="1997-03-15"/>
  </code>
  <code code="M14">
    <editdetail attribution="Reuters BIP Coding Group" action="confirmed" date="1997-03-15"/>
  </code>
  <code code="M141">
    <editdetail attribution="Reuters BIP Coding Group" action="confirmed" date="1997-03-15"/>
  </code>
  <code code="MCAT">
    <editdetail attribution="Reuters BIP Coding Group" action="confirmed" date="1997-03-15"/>
  </code>
</codes>
<dc element="dc.date.created" value="1997-03-15"/>
<dc element="dc.publisher" value="Reuters Holdings Plc"/>
<dc element="dc.date.published" value="1997-03-15"/>
<dc element="dc.source" value="Reuters"/>
<dc element="dc.creator.location" value="AGRA, India"/>
<dc element="dc.creator.location.country.name" value="INDIA"/>
<dc element="dc.source" value="Reuters"/>
</metadata>
</newsitem>
