<?xml version="1.0" encoding="iso-8859-1" ?>
<newsitem itemid="445301" id="root" date="1997-03-15" xml:lang="en">
<title>FRANCE: PRESS DIGEST - Algeria - March 15.</title>
<headline>PRESS DIGEST - Algeria - March 15.</headline>
<dateline>PARIS 1997-03-15</dateline>
<text>
<p>These are the leading stories in the Algerian press on Saturday. Reuters has not verified these stories and does not vouch for their accuracy.</p>
<p>LA TRIBUNE</p>
<p>- Algeria's opposition Front of Socialist Forces may decide to take part in June legislative elections.</p>
<p>EL WATAN</p>
<p>- What are chances for independent candidates in legislative elections?</p>
<p>- U.S. government maintains stance of positive neutrality towards Algeria.</p>
<p>EL MOUJAHID</p>
<p>- Algeria's domestic political scene is becoming animated after recent speech by President Zeroual.</p>
<p>AL-CHAAB</p>
<p>- Party leaders start unofficial election campaign. Realistic discussion of social issues is replacing old discourse.</p>
</text>
<copyright>(c) Reuters Limited 1997</copyright>
<metadata>
<codes class="bip:countries:1.0">
  <code code="ALG">
    <editdetail attribution="Reuters BIP Coding Group" action="confirmed" date="1997-03-15"/>
  </code>
</codes>
<codes class="bip:topics:1.0">
  <code code="GCAT">
    <editdetail attribution="Reuters BIP Coding Group" action="confirmed" date="1997-03-15"/>
  </code>
</codes>
<dc element="dc.date.created" value="1997-03-15"/>
<dc element="dc.publisher" value="Reuters Holdings Plc"/>
<dc element="dc.date.published" value="1997-03-15"/>
<dc element="dc.source" value="Reuters"/>
<dc element="dc.creator.location" value="PARIS"/>
<dc element="dc.creator.location.country.name" value="FRANCE"/>
<dc element="dc.source" value="Reuters"/>
</metadata>
</newsitem>
