<?xml version="1.0" encoding="iso-8859-1" ?>
<newsitem itemid="445304" id="root" date="1997-03-15" xml:lang="en">
<title>UNITED NATIONS: U.N. mission in Tajikistan renewed until June 15.</title>
<headline>U.N. mission in Tajikistan renewed until June 15.</headline>
<dateline>UNITED NATIONS 1997-03-14</dateline>
<text>
<p>The Security Council unanimously approved on Friday a three-month renewal, until June 15, of a small U.N. observer mission in civil-war stricken Tajikistan, whose government and Islamic opposition last week signed a military agreement in Moscow.</p>
<p>The resolution welcomed the agreement, which sets out a plan to integrate the armed opposition into the army, and called it an important new step towards completing the task of national reconciliation. The accord followed a ceasefire last December which has largely held.</p>
<p>About 20,000 Russian-led troops fielded by the Commonwealth of Independent States (CIS) serve as border guards and internal peacekeepers in the remote mountainous republic.</p>
<p>The U.N. Mission of Observers in Tajikistan (UNMOT) has an authorised strength of about 45 observers, plus civilian support staff. But only about half a dozen observers and a handful of U.N. civilians remain in the country after most U.N. activities were suspended last month due to attacks by lawless elements, including several kidnapping incidents. Other U.N. personnel were relocated to Uzbekistan.</p>
<p>The council resolution strongly condemned the mistreatment of U.N. and other international personnel and called on all parties to cooperate in bringing the perpetrators to justice.</p>
<p>Secretary-General Kofi Annan was asked to report by April 30 on ways the United Nations might help in implementing the recent military agreement. Another report was requested by June 1 with recommendations on the U.N. presence in Tajikistan.</p>
</text>
<copyright>(c) Reuters Limited 1997</copyright>
<metadata>
<codes class="bip:countries:1.0">
  <code code="RUSS">
    <editdetail attribution="Reuters BIP Coding Group" action="confirmed" date="1997-03-15"/>
  </code>
  <code code="TADZK">
    <editdetail attribution="Reuters BIP Coding Group" action="confirmed" date="1997-03-15"/>
  </code>
  <code code="UN">
    <editdetail attribution="Reuters BIP Coding Group" action="confirmed" date="1997-03-15"/>
  </code>
</codes>
<codes class="bip:topics:1.0">
  <code code="GCAT">
    <editdetail attribution="Reuters BIP Coding Group" action="confirmed" date="1997-03-15"/>
  </code>
  <code code="GDIP">
    <editdetail attribution="Reuters BIP Coding Group" action="confirmed" date="1997-03-15"/>
  </code>
  <code code="GVIO">
    <editdetail attribution="Reuters BIP Coding Group" action="confirmed" date="1997-03-15"/>
  </code>
</codes>
<dc element="dc.date.created" value="1997-03-14"/>
<dc element="dc.publisher" value="Reuters Holdings Plc"/>
<dc element="dc.date.published" value="1997-03-15"/>
<dc element="dc.source" value="Reuters"/>
<dc element="dc.creator.location" value="UNITED NATIONS"/>
<dc element="dc.creator.location.country.name" value="UNITED NATIONS"/>
<dc element="dc.source" value="Reuters"/>
</metadata>
</newsitem>
