<?xml version="1.0" encoding="iso-8859-1" ?>
<newsitem itemid="445323" id="root" date="1997-03-15" xml:lang="en">
<title>BANGLADESH: Bangladesh faces severe power crisis.</title>
<headline>Bangladesh faces severe power crisis.</headline>
<byline>Syed Ahmeduzzaman</byline>
<dateline>DHAKA 1996-09-17</dateline>
<text>
<p>Bangladesh, now facing its worst power crisis, said on Saturday people might have to live in partial darkness until it built new power stations or revived old ones.</p>
<p>&quot;We must stop wastage and economise on the use of available power to keep the wheels of the economy running,&quot; Energy Minister Nooruddin Khan said.</p>
<p>The government has already banned illumination for private ceremonies and weddings, and asked shops to close by 7.0 p.m. (1300 GMT), he told a news conference.</p>
<p>These moves followed the shutdown of several power stations due to shortages of natural gas, he said.</p>
<p>The government is under growing pressure from the opposition over persistent industrial and domestic power failures. Dhaka residents have staged street protests over the power cuts.</p>
<p>&quot;The main reason for the shortfall in the gas supply is the closure of a large gas field due to years of excessive extractions,&quot; he said.</p>
<p>A 58-kilometre (40 mile) pipeline under a proposed national gas grid would infuse new life into the troubled power sector. &quot;This will revive the closed power stations by April 30,&quot; Khan said.</p>
<p>&quot;We have now opened up the energy sector for private investment,&quot; he said.</p>
<p>Government officials said eight foreign companies participated in the bidding for three barge-mounted power plants.</p>
<p>&quot;The government may buy at $0.04 per unit of electricity from private companies,&quot; said one official.</p>
<p>Energy Secretary Tawfiq-e-Elahi Chowdury said there had been &quot;tremendous response&quot; from foreign firms for investment after the government prepared a private power policy.</p>
<p>&quot;We are poor and we must attract foreign investment. We need money and time for implementaion of the projects in power sector,&quot; he said.</p>
<p>Khan said the Asian Development Bank committed $134 million and World Bank $50 million for refitting old power plants and setting up of new ones.</p>
<p>Germany has also offered $32 million for power transmission line beween Dhaka and southeastern Chittagong, he said.</p>
<p>Khan said: &quot;We must develop more gas fields for generation of more electricity.&quot;</p>
<p>He said some 84 companies would make bids in London on March 24 and Houston, Texas, on March 31 for 15 gas exploration blocks in Bangladesh.</p>
<p>Khan said foreign investors were investing $550 million in eight such blocks by December this year.</p>
</text>
<copyright>(c) Reuters Limited 1997</copyright>
<metadata>
<codes class="bip:countries:1.0">
  <code code="BANDH">
    <editdetail attribution="Reuters BIP Coding Group" action="confirmed" date="1997-03-15"/>
  </code>
</codes>
<codes class="bip:industries:1.0">
  <code code="I16100">
    <editdetail attribution="Reuters BIP Coding Group" action="confirmed" date="1997-03-15"/>
  </code>
</codes>
<codes class="bip:topics:1.0">
  <code code="C21">
    <editdetail attribution="Reuters BIP Coding Group" action="confirmed" date="1997-03-15"/>
  </code>
  <code code="C24">
    <editdetail attribution="Reuters BIP Coding Group" action="confirmed" date="1997-03-15"/>
  </code>
  <code code="CCAT">
    <editdetail attribution="Reuters BIP Coding Group" action="confirmed" date="1997-03-15"/>
  </code>
</codes>
<dc element="dc.date.created" value="1996-09-17"/>
<dc element="dc.publisher" value="Reuters Holdings Plc"/>
<dc element="dc.date.published" value="1997-03-15"/>
<dc element="dc.source" value="Reuters"/>
<dc element="dc.creator.location" value="DHAKA"/>
<dc element="dc.creator.location.country.name" value="BANGLADESH"/>
<dc element="dc.source" value="Reuters"/>
</metadata>
</newsitem>
