<?xml version="1.0" encoding="iso-8859-1" ?>
<newsitem itemid="445312" id="root" date="1997-03-15" xml:lang="en">
<title>INDIA: Primary dealers quotes on securities-March 15.</title>
<headline>Primary dealers quotes on securities-March 15.</headline>
<dateline>BOMBAY 1997-03-15</dateline>
<text>
<p>Primary dealers made the following two-way quotes on Saturday for dated government securities and treasury bills</p>
<p>.</p>
<p>Government securities</p>
<p>---------------------</p>
<p>		    DFHI		STCI	     I-Sec</p>
<p>					 (Bid/offer)	   (in rupees)</p>
<p>13.50% 98    ------/------   ------/------   103.05/103.20</p>
<p>13.00% 98    102.30/102.50   ------/------   ------/------</p>
<p>13.62% 98    102.45/102.65   ------/------   ------/------</p>
<p>13.65% 99    ------/------   ------/------   102.15/102.35</p>
<p>12.00% 99    ------/------   ------/------    99.80/100.00</p>
<p>13.65% 07    ------/------   ------/------   100.30/100.45</p>
<p>.</p>
<p>		    SBI Gilts	 GSTC	    PNB Gilts</p>
<p>					 (Bid/offer)	   (in rupees)</p>
<p>13.50% 97    ------/------   101.30/101.45   ------/------</p>
<p>13.50% 98    ------/------   103.00/103.10   ------/------</p>
<p>13.70% 99    ------/------   102.80/102.90   ------/------</p>
<p>13.65% 99    102.25/102.35   ------/------   ------/------</p>
<p>13.40% 99    101.90/102.00   ------/------   ------/------</p>
<p>11.64% 00    ------/------   ------/96.65    ------/------</p>
<p>13.55% 01(small lot)	   ------/102.00   ------/------</p>
<p>14.00% 05(small lot)	   ------/103.50   ------/------</p>
<p>13.65% 07    100.30/100.45   100.35/100.45   ------/------</p>
<p>13.75% Maharastra 2007	 ------/101.50</p>
<p>13.75% Gujarat    2007	 ------/101.50</p>
<p>.</p>
<p>Treasury bills</p>
<p>---------------------</p>
<p>Maturing	  DFHI	   STCI	     I-Sec</p>
<p>on				    (Bid/offer)	(in percent)</p>
<p>07/06/97	 8.28/7.98     ------/------   ------/------</p>
<p>05/12/97	10.30/10.00    ------/------   ------/------</p>
<p>--/--/--     ------/------   ------/------   ------/------</p>
<p>.</p>
<p>Maturing	  SBI Gilts    GSTC	     PNB Gilts</p>
<p>on				     (Bid/offer)	(in percent)</p>
<p>19/04/97	 7.70/7.25     ------/------   ------/------</p>
<p>26/04/97	 7.90/7.60     ------/------   ------/------</p>
<p>03/05/97     ------/------     8.25/7.85     ------/------</p>
<p>07/06/97	 8.50/8.20     ------/------   ------/------</p>
<p>30/01/98	10.50/10.20    ------/------   ------/------</p>
<p>27/02/98	10.60/10/30     10.55/10.35    ------/------</p>
<p>--/--/--     ------/------   ------/------   ------/------</p>
<p>.</p>
<p>Note : DFHI - Discount and Finance House of India Ltd.</p>
<p>	 STCI - Securities Trading Corporation of India Ltd.</p>
<p>	 I-Sec- ICICI Securities and Finance Company Ltd.</p>
<p>	 GSTC - Gilts Securities Trading Corporation Ltd.</p>
<p>	   + Bombay Newsroom +91-22-265 9000</p>
</text>
<copyright>(c) Reuters Limited 1997</copyright>
<metadata>
<codes class="bip:countries:1.0">
  <code code="INDIA">
    <editdetail attribution="Reuters BIP Coding Group" action="confirmed" date="1997-03-15"/>
  </code>
</codes>
<codes class="bip:topics:1.0">
  <code code="M12">
    <editdetail attribution="Reuters BIP Coding Group" action="confirmed" date="1997-03-15"/>
  </code>
  <code code="M13">
    <editdetail attribution="Reuters BIP Coding Group" action="confirmed" date="1997-03-15"/>
  </code>
  <code code="M131">
    <editdetail attribution="Reuters BIP Coding Group" action="confirmed" date="1997-03-15"/>
  </code>
  <code code="MCAT">
    <editdetail attribution="Reuters BIP Coding Group" action="confirmed" date="1997-03-15"/>
  </code>
</codes>
<dc element="dc.date.created" value="1997-03-15"/>
<dc element="dc.publisher" value="Reuters Holdings Plc"/>
<dc element="dc.date.published" value="1997-03-15"/>
<dc element="dc.source" value="Reuters"/>
<dc element="dc.creator.location" value="BOMBAY"/>
<dc element="dc.creator.location.country.name" value="INDIA"/>
<dc element="dc.source" value="Reuters"/>
</metadata>
</newsitem>
