<?xml version="1.0" encoding="iso-8859-1" ?>
<newsitem itemid="445328" id="root" date="1997-03-15" xml:lang="en">
<title>PAKISTAN: Pakistani rupee closing rates in kerb market.</title>
<headline>Pakistani rupee closing rates in kerb market.</headline>
<dateline>KARACHI, Pakistan 1997-03-15</dateline>
<text>
<p>Saturday's spot rupee rates in kerb market from Khanani &amp; Kalia Int'l (Pvt) Ltd:</p>
<p>				buying rate	 selling rate</p>
<p>    U.S. dollar	   41.07		 41.12</p>
<p>    Pound sterling	65.70		 65.80</p>
<p>    Deutsche mark	 24.15		 24.20</p>
<p>    Japanese yen	   0.330		 0.332</p>
<p>    Saudi riyal	   10.95		 10.97</p>
<p>    UAE dirham	    11.19		 11.21</p>
<p>    Indian rupee	   1.07		  1.09</p>
<p>    F.E.B.C.		 2.45 pct	    2.65 pct</p>
</text>
<copyright>(c) Reuters Limited 1997</copyright>
<metadata>
<codes class="bip:countries:1.0">
  <code code="PAKIS">
    <editdetail attribution="Reuters BIP Coding Group" action="confirmed" date="1997-03-15"/>
  </code>
</codes>
<codes class="bip:topics:1.0">
  <code code="M13">
    <editdetail attribution="Reuters BIP Coding Group" action="confirmed" date="1997-03-15"/>
  </code>
  <code code="M132">
    <editdetail attribution="Reuters BIP Coding Group" action="confirmed" date="1997-03-15"/>
  </code>
  <code code="MCAT">
    <editdetail attribution="Reuters BIP Coding Group" action="confirmed" date="1997-03-15"/>
  </code>
</codes>
<dc element="dc.date.created" value="1997-03-15"/>
<dc element="dc.publisher" value="Reuters Holdings Plc"/>
<dc element="dc.date.published" value="1997-03-15"/>
<dc element="dc.source" value="Reuters"/>
<dc element="dc.creator.location" value="KARACHI, Pakistan"/>
<dc element="dc.creator.location.country.name" value="PAKISTAN"/>
<dc element="dc.source" value="Reuters"/>
</metadata>
</newsitem>
