<?xml version="1.0" encoding="iso-8859-1" ?>
<newsitem itemid="445316" id="root" date="1997-03-15" xml:lang="en">
<title>BANGLADESH: PRESS DIGEST - Bangladesh Newspapers - Mar 15.</title>
<headline>PRESS DIGEST - Bangladesh Newspapers - Mar 15.</headline>
<text>
<p>These are some of the leading stories in the Bangladesh press on Saturday. Reuters has not verified these stories and does not vouch for their accuracy.</p>
<p>---</p>
<p>THE DAILY STAR</p>
<p>Islamabad has reservation about the proposed sub-regional cooperation under the aegis of SAARC, a Pakistani diplomat said in Dhaka on Friday.</p>
<p>A Belgian, Luc Chris, who was arrested at the Dhaka airport Thursday night with an antique stone statue, was produced before the court.</p>
<p>---</p>
<p>THE INDEPENDENT</p>
<p>Finance Minister S A M S Kibria said he would place a proposal before the cabinet soon seeking approval for raising the prices of petroleum products and fertiliser.</p>
<p>Bangladesh has been accepted as a full member of the UN Special Committee on Peacekeeping Operations.</p>
<p>---</p>
<p>BANGLADESH OBSERVER</p>
<p>Government has taken up projects to re-excavate a total of 59 rivers, tributaries and canals across the country in next three years.</p>
<p>The Worlk Bank has suggested a thorough reform in Bangladesh rural financing to achieve desired economic growth.</p>
<p>---</p>
<p>FINANCIAL EXPRESS</p>
<p>Country's tea production totalled 37.08 million kg and exports stood at 19.57 million kg in the first seven months of the current 1996-97 fiscal year (July-January).</p>
<p>Singer, a leading multinational company, has decided to set up an electronic plant and a furniture factory as part of its business expansion plan in Bangladesh. REUTER</p>
</text>
<copyright>(c) Reuters Limited 1997</copyright>
<metadata>
<codes class="bip:countries:1.0">
  <code code="BANDH">
    <editdetail attribution="Reuters BIP Coding Group" action="confirmed" date="1997-03-15"/>
  </code>
</codes>
<codes class="bip:topics:1.0">
  <code code="GCAT">
    <editdetail attribution="Reuters BIP Coding Group" action="confirmed" date="1997-03-15"/>
  </code>
</codes>
<dc element="dc.publisher" value="Reuters Holdings Plc"/>
<dc element="dc.date.published" value="1997-03-15"/>
<dc element="dc.source" value="Reuters"/>
<dc element="dc.creator.location.country.name" value="BANGLADESH"/>
<dc element="dc.source" value="Reuters"/>
</metadata>
</newsitem>
