<?xml version="1.0" encoding="iso-8859-1" ?>
<newsitem itemid="445325" id="root" date="1997-03-15" xml:lang="en">
<title>BANGLADESH: Mandela to join Bangladesh independence celebration.</title>
<headline>Mandela to join Bangladesh independence celebration.</headline>
<dateline>DHAKA 1997-03-15</dateline>
<text>
<p>South African President Nelson Mandela, Palestinian President Yasser Arafat and Turkish President Suleyman Demirel will attend Bangladesh's silver jubilee celebrations on March 26, the foreign ministry said on Saturday.</p>
<p>They said all three leaders were due to arrive in Dhaka on March 25 at the invitation of Prime Minister Sheikh Hasina, daughter of Bangladesh's independence leader Sheikh Mujibur Rahman, who was killed in a 1975 army coup.</p>
<p>Mujib led Bangladesh to independence from Pakistan in 1971. His daughter took power 21 years after his death following victory of his Awami League in a general election last June.</p>
<p>Mandela and Hasina might take time out from the ceremonies to discuss economic cooperation.</p>
<p>&quot;Dhaka is very eager to boost trade with Pretoria,&quot; one official said. There is vast scope to expand bilateral trade.&quot;</p>
<p>Mandela is expected to leave Dhaka on March 27 for the Indian capital New Delhi.</p>
<p>Hasina and Demirel will meet briefly to discuss bilateral economic cooperation and review the progress of a proposed trade bloc of eight Moslem countries, the officials said. Arafat's itinerary is still being worked out, they added.</p>
</text>
<copyright>(c) Reuters Limited 1997</copyright>
<metadata>
<codes class="bip:countries:1.0">
  <code code="BANDH">
    <editdetail attribution="Reuters BIP Coding Group" action="confirmed" date="1997-03-15"/>
  </code>
  <code code="SAFR">
    <editdetail attribution="Reuters BIP Coding Group" action="confirmed" date="1997-03-15"/>
  </code>
  <code code="TURK">
    <editdetail attribution="Reuters BIP Coding Group" action="confirmed" date="1997-03-15"/>
  </code>
</codes>
<codes class="bip:topics:1.0">
  <code code="GCAT">
    <editdetail attribution="Reuters BIP Coding Group" action="confirmed" date="1997-03-15"/>
  </code>
  <code code="GDIP">
    <editdetail attribution="Reuters BIP Coding Group" action="confirmed" date="1997-03-15"/>
  </code>
</codes>
<dc element="dc.date.created" value="1997-03-15"/>
<dc element="dc.publisher" value="Reuters Holdings Plc"/>
<dc element="dc.date.published" value="1997-03-15"/>
<dc element="dc.source" value="Reuters"/>
<dc element="dc.creator.location" value="DHAKA"/>
<dc element="dc.creator.location.country.name" value="BANGLADESH"/>
<dc element="dc.source" value="Reuters"/>
</metadata>
</newsitem>
