<?xml version="1.0" encoding="iso-8859-1" ?>
<newsitem itemid="445309" id="root" date="1997-03-15" xml:lang="en">
<title>INDIA: Indian foodgrains prices - Delhi - March 15.</title>
<headline>Indian foodgrains prices - Delhi - March 15.</headline>
<text>
<p>Rates supplied by Asian News International, New Delhi</p>
<p>   Time: 151338     -- Tel: 011 331 2724</p>
<p>				   indicative		previous</p>
<p> Grains			    opening		   close</p>
<p>		 (in rupees per 100 kg. unless stated)</p>
<p>-----------------------------------------------------------</p>
<p> Wheat Desi  (M.P)	    1100-1200		1100-1200</p>
<p> Wheat Desi  (HR)		800-850		  800-850</p>
<p> Wheat			     710-715		  710-715</p>
<p> Atta Chakki(per 10 kg)	 95			 95</p>
<p> Roller Mill(per bag)	  680-685		  680-685</p>
<p> Maida(per 10 kg)		780-800		  780-800</p>
<p> Sooji(per bag)		  800-810		  800-810</p>
<p> Rice Basmati(lal quila)    4000		     4000</p>
<p> Rice Basmati(common)	 2100-2400		2100-2400</p>
<p> Rice Permal		     700-900		  700-900</p>
<p> Rice Sela			 700-850		  700-850</p>
<p> I.R.-8			    650-700		  650-700</p>
<p> Gram			     1255-1260		1270-1275</p>
<p> Peas  Green		    1200-1250		1250-1300</p>
<p> Peas White		     1100-1150		1200-1250</p>
<p> Bajra			     425-750		  425-750</p>
<p> Jowar			     400-700		  400-700</p>
<p> Maize			     550-600		  550-600</p>
<p> Barley			    525-560		  525-560</p>
<p> Guwar White		    1425-1450		1425-1450</p>
<p>.</p>
<p>Source: Delhi grain market traders</p>
<p>To contribute to this daily table of indicative market rates, please fax Delhi on 011-332 0841, attention:  Subhash Chopra &amp; Satish Sharma.</p>
</text>
<copyright>(c) Reuters Limited 1997</copyright>
<metadata>
<codes class="bip:countries:1.0">
  <code code="INDIA">
    <editdetail attribution="Reuters BIP Coding Group" action="confirmed" date="1997-03-15"/>
  </code>
</codes>
<codes class="bip:topics:1.0">
  <code code="M14">
    <editdetail attribution="Reuters BIP Coding Group" action="confirmed" date="1997-03-15"/>
  </code>
  <code code="M141">
    <editdetail attribution="Reuters BIP Coding Group" action="confirmed" date="1997-03-15"/>
  </code>
  <code code="MCAT">
    <editdetail attribution="Reuters BIP Coding Group" action="confirmed" date="1997-03-15"/>
  </code>
</codes>
<dc element="dc.publisher" value="Reuters Holdings Plc"/>
<dc element="dc.date.published" value="1997-03-15"/>
<dc element="dc.source" value="Reuters"/>
<dc element="dc.creator.location.country.name" value="INDIA"/>
<dc element="dc.source" value="Reuters"/>
</metadata>
</newsitem>
