<?xml version="1.0" encoding="iso-8859-1" ?>
<newsitem itemid="445345" id="root" date="1997-03-15" xml:lang="en">
<title>USA: World Bank reorganization price tag is reduced.</title>
<headline>World Bank reorganization price tag is reduced.</headline>
<dateline>WASHINGTON 1997-03-14</dateline>
<text>
<p>The World Bank said on Friday the price tag for a sweeping reorganization proposal has been cut significantly, in response to widespread criticism from the United States Congress and elsewhere.</p>
<p>Bank officials estimated the proposal would reduce the expense of cutting staff and changing the Bank's focus by about $122 million from $420 million, and the final plan would be decided before the executive board on March 20.</p>
<p>Most of the reorganization at the huge lending institution would take 30 months instead of the two years to complete as originally proposed. Bank President James Wolfensohn said he planned to closely monitor payoffs to departing employees.</p>
<p>The original price tag for the plan was $420 million, of which $250 million would be paid for by bank earnings and the remainder would come from internal savings.</p>
<p>In addition, the bank expected to pay $100 to $150 million for the severance packages of 500 to 700 employees that were being targeted.</p>
<p>The goal of the plan was to put more personnel in the front line of helping countries, while reducing so-called support people who work in the background in the huge Bank bureaucracy.</p>
<p>In a statement to the board, however, Wolfensohn said the plan was not just to save money but &quot;an attempt to make the institution an effective instrument for development.&quot;</p>
<p>The Bank has come under fire for years for being bloated and inefficient, and the cost of reorganization was added to these charges although Wolfensohn maintained it would streamline operations.</p>
</text>
<copyright>(c) Reuters Limited 1997</copyright>
<metadata>
<codes class="bip:countries:1.0">
  <code code="USA">
    <editdetail attribution="Reuters BIP Coding Group" action="confirmed" date="1997-03-15"/>
  </code>
</codes>
<codes class="bip:topics:1.0">
  <code code="GJOB">
    <editdetail attribution="Reuters BIP Coding Group" action="confirmed" date="1997-03-15"/>
  </code>
</codes>
<dc element="dc.date.created" value="1997-03-14"/>
<dc element="dc.publisher" value="Reuters Holdings Plc"/>
<dc element="dc.date.published" value="1997-03-15"/>
<dc element="dc.source" value="Reuters"/>
<dc element="dc.creator.location" value="WASHINGTON"/>
<dc element="dc.creator.location.country.name" value="USA"/>
<dc element="dc.source" value="Reuters"/>
</metadata>
</newsitem>
