<?xml version="1.0" encoding="iso-8859-1" ?>
<newsitem itemid="445326" id="root" date="1997-03-15" xml:lang="en">
<title>PAKISTAN: Pakistani rupee ends down in kerb, seen stable.</title>
<headline>Pakistani rupee ends down in kerb, seen stable.</headline>
<dateline>KARACHI, Pakistan 1997-03-15</dateline>
<text>
<p>The Pakistani rupee ended 0.03 down at 41.12 to the dollar in the kerb market on Saturday as investors bought dollars ahead of the Sunday weekend, dealers said.</p>
<p>The rupee was likely to open stable on Monday, one dealer said.</p>
<p>The State (central) bank of Pakistan rate, last changed on October 22, was 40.1200/40.3206 to the dollar.</p>
<p>The premium on the foreign exchange bearer certificates closed at 2.65 percent compared to the opening at 2.70 percent.</p>
<p>-- Ibrahim Khan 9221-5685192</p>
</text>
<copyright>(c) Reuters Limited 1997</copyright>
<metadata>
<codes class="bip:countries:1.0">
  <code code="PAKIS">
    <editdetail attribution="Reuters BIP Coding Group" action="confirmed" date="1997-03-15"/>
  </code>
</codes>
<codes class="bip:topics:1.0">
  <code code="M13">
    <editdetail attribution="Reuters BIP Coding Group" action="confirmed" date="1997-03-15"/>
  </code>
  <code code="M132">
    <editdetail attribution="Reuters BIP Coding Group" action="confirmed" date="1997-03-15"/>
  </code>
  <code code="MCAT">
    <editdetail attribution="Reuters BIP Coding Group" action="confirmed" date="1997-03-15"/>
  </code>
</codes>
<dc element="dc.date.created" value="1997-03-15"/>
<dc element="dc.publisher" value="Reuters Holdings Plc"/>
<dc element="dc.date.published" value="1997-03-15"/>
<dc element="dc.source" value="Reuters"/>
<dc element="dc.creator.location" value="KARACHI, Pakistan"/>
<dc element="dc.creator.location.country.name" value="PAKISTAN"/>
<dc element="dc.source" value="Reuters"/>
</metadata>
</newsitem>
