<?xml version="1.0" encoding="iso-8859-1" ?>
<newsitem itemid="445319" id="root" date="1997-03-15" xml:lang="en">
<title>BANGLADESH: Dhaka stocks close down on profit-taking.</title>
<headline>Dhaka stocks close down on profit-taking.</headline>
<dateline>DHAKA 1997-03-15</dateline>
<text>
<p>Dhaka stocks closed down as most engineering scrips fell on profit taking by small investors, brokers said.</p>
<p>The Dhaka Stock Exchange benchmark index fell 30.55 points or 1.67 percent at 1,493.12 on a turnover of 90.6 million taka. Friday is Moslem weekend. Losers led gainers by 120 to 38.</p>
<p>&quot;Majority shares lost on profit-taking after they gained in the past week on news that commercial banks will double credit to investors. The market sentiment is positive,&quot; said one broker. Bangladesh Lamps lost 323 taka to 5,978, Amam Sea Food shed 17 to 4,381 and ACI Limited was up 5.47 to 169.79.</p>
<p>-- Dhaka Newsroom +880-2-506363</p>
</text>
<copyright>(c) Reuters Limited 1997</copyright>
<metadata>
<codes class="bip:countries:1.0">
  <code code="BANDH">
    <editdetail attribution="Reuters BIP Coding Group" action="confirmed" date="1997-03-15"/>
  </code>
</codes>
<codes class="bip:topics:1.0">
  <code code="M11">
    <editdetail attribution="Reuters BIP Coding Group" action="confirmed" date="1997-03-15"/>
  </code>
  <code code="MCAT">
    <editdetail attribution="Reuters BIP Coding Group" action="confirmed" date="1997-03-15"/>
  </code>
</codes>
<dc element="dc.date.created" value="1997-03-15"/>
<dc element="dc.publisher" value="Reuters Holdings Plc"/>
<dc element="dc.date.published" value="1997-03-15"/>
<dc element="dc.source" value="Reuters"/>
<dc element="dc.creator.location" value="DHAKA"/>
<dc element="dc.creator.location.country.name" value="BANGLADESH"/>
<dc element="dc.source" value="Reuters"/>
</metadata>
</newsitem>
