<?xml version="1.0" encoding="iso-8859-1" ?>
<newsitem itemid="445306" id="root" date="1997-03-15" xml:lang="en">
<title>PAKISTAN: Pakistan to free 38 Indian children ahead of talks.</title>
<headline>Pakistan to free 38 Indian children ahead of talks.</headline>
<dateline>ISLAMABAD 1997-03-15</dateline>
<text>
<p>Pakistan, in a goodwill gesture ahead of peace talks with India this month, said on Saturday it was releasing 38 children who were among people detained aboard Indian fishing boats caught in Pakistani waters.</p>
<p>A Foreign Ministry spokesman said the Indian High Commission in Islamabad had been asked to arrange for the repatriation of the children, now in the care of the private Karachi-based Edhi Welfare Trust organisation.</p>
<p>&quot;This is a unilateral gesture which we hope will help the atmosphere in the talks and also lead to the release of all the boats and crew on both sides,&quot; the spokesman said.</p>
<p>The secretaries, or top civil servants, of the Indian and Pakistani foreign ministries are due to meet in New Delhi from March 28 to 31 to revive a dialogue stalled since January 1994.</p>
<p>The spokesman said India and Pakistan each held more than 100 of each other's nationals detained on fishing boats that had strayed into the territorial waters of the rival neighbours.</p>
<p>Normally they are freed on a reciprocal basis, but the spokesman said India had created some new problems in this process by saying not all the boats it held were fishing boats because some had been found carrying cargo.</p>
<p>Indian diplomats could not immediately be reached for comment.</p>
<p>Pakistani social worker Abdus Sattar Edhi said he would give $100 and clothes to each of the Indian children, now aged 10 to 16, who have been detained for the past three years.</p>
<p>Edhi, who runs a volunteer network of ambulance and other emergency services throughout Pakistan, told Reuters he had been looking after the young detainees at the Edhi Village for children, about 70 km (44 miles) northeast of Karachi.</p>
<p>&quot;The children were free to move within the village and there was no police guard to keep an eye on them,&quot; he said. &quot;I never considered them as prisoners. They were allowed to celebrate festivals including Diwali and Holi according to their own religion and customs. They were also provided books in Hindi.&quot;</p>
<p>Edhi, a Moslem who migrated from India in 1947, said he did not believe children should be detained indefinitely.</p>
<p>&quot;India should reciprocate the gesture and release Pakistanis under detention in that country,&quot; he said.</p>
</text>
<copyright>(c) Reuters Limited 1997</copyright>
<metadata>
<codes class="bip:countries:1.0">
  <code code="INDIA">
    <editdetail attribution="Reuters BIP Coding Group" action="confirmed" date="1997-03-15"/>
  </code>
  <code code="PAKIS">
    <editdetail attribution="Reuters BIP Coding Group" action="confirmed" date="1997-03-15"/>
  </code>
</codes>
<codes class="bip:topics:1.0">
  <code code="GCAT">
    <editdetail attribution="Reuters BIP Coding Group" action="confirmed" date="1997-03-15"/>
  </code>
  <code code="GDIP">
    <editdetail attribution="Reuters BIP Coding Group" action="confirmed" date="1997-03-15"/>
  </code>
</codes>
<dc element="dc.date.created" value="1997-03-15"/>
<dc element="dc.publisher" value="Reuters Holdings Plc"/>
<dc element="dc.date.published" value="1997-03-15"/>
<dc element="dc.source" value="Reuters"/>
<dc element="dc.creator.location" value="ISLAMABAD"/>
<dc element="dc.creator.location.country.name" value="PAKISTAN"/>
<dc element="dc.source" value="Reuters"/>
</metadata>
</newsitem>
