<?xml version="1.0" encoding="iso-8859-1" ?>
<newsitem itemid="445313" id="root" date="1997-03-15" xml:lang="en">
<title>INDIA: Revised Indian bank prime lending rates.</title>
<headline>Revised Indian bank prime lending rates.</headline>
<text>
<p>Bank		 With effect	   Prime-lending rate</p>
<p>				from</p>
<p>--------------------------------------------------------------</p>
<p>						  July 96  Mar 96  Spreads</p>
<p>							     (pct)   (pct)</p>
<p>ABN Amro Bank		Nov 1   17.5  18.5     19.0     4.0</p>
<p>Abu Dhabi Comm. Bank     Dec 9   17.5	     19.0     4.5</p>
<p>Allahabad Bank					    15.5</p>
<p>American Express	   Nov 1   17.25 18.5     20.0     4.0</p>
<p>ANZ Grindlays Bank	 Sep 17  17.5  18.5     19.5</p>
<p>				 Nov 4   17.0			  4.0</p>
<p>Bank of America	    Oct 1   18.25 18.75    19.5</p>
<p>				 Nov 1   17.50			 4.0</p>
<p>Bank of Baroda	     Oct 21  15.0  16.0     16.5     4.0</p>
<p>				 Jan  1  14.5			  3.5</p>
<p>Bank of India					     16.5</p>
<p>Banque Indosuez	    Aug 03  19.0	     20.0</p>
<p>				 Nov 06  17.25			 5.0</p>
<p>Bank of Tokyo					     20.0</p>
<p>Bank of Maharashtra				     17.25</p>
<p>Bank Nationale de Paris				 19.5</p>
<p>Bank of Nova Scotia	Nov 01  17.5  18.5     19.5     3.0</p>
<p>Barclays Bank		Nov 01  17.5  18.5     19.5     4.0</p>
<p>British Bank		 Oct 24  17.0	     18.0</p>
<p>Canara Bank				    18.0     16.5</p>
<p>Central Bank of India				   17.0</p>
<p>Centurion Bank				 19.5</p>
<p>Citibank						    19.5</p>
<p>Corporation Bank	   Nov  1  14.5  15.5     16.5     4.0</p>
<p>Credit Lyonnais					   19.5</p>
<p>Dena Bank		    Oct 23  15.0	     16.5     4.0</p>
<p>Deutsche Bank		Nov  1  17.25 18.25    19.5     4.0</p>
<p>Dresdner Bank		Oct 28  17.50 18.75    19.5</p>
<p>Hongkong Bank		Oct 23  17.0  18.0     19.5</p>
<p>HDFC Bank		    Nov  1  17.5  18.5     19.5</p>
<p>ICICI Bank		   Oct 29  17.0  18.5     17.0</p>
<p>IDBI Bank					17.0</p>
<p>Indian Oversees Bank     Jan  3  15.0  15.5     ----     4.0</p>
<p>IndusInd Bank					     20.0</p>
<p>ING Bank						    20.0</p>
<p>Krung Thai Bank	    Feb 11  17.25</p>
<p>Oman International Bank				 20.0</p>
<p>Oriental Bank of Comm    Feb 1   15.0</p>
<p>Punjab National Bank     Nov  1  15.0  16.0</p>
<p>SBICI							 16.5</p>
<p>Societe Generale	   Nov 01   17.25 18.75    20.0     3.0</p>
<p>Standard Chartered Bank  Sep 30   18.0  18.5     19.5</p>
<p>				 Nov  4   17.0			  4.0</p>
<p>State Bank of India	Sep  6   15.5  16.0     16.5</p>
<p>				 Nov  1  14.5			  3.5</p>
<p>State Bank of Mauritius				 19.0</p>
<p>Syndicate Bank					    16.5</p>
<p>Union Bank of India	Nov 1   14.5  15.5     16.5     4.0</p>
<p>UTI Bank					 18.0</p>
<p>.</p>
<p>Financial Instititutions</p>
<p>------------------------</p>
<p>ICICI			  Oct 23  16.5  17.0		  3.5</p>
<p>IDBI			   Oct 23  16.5  17.0		  3.5</p>
<p>SCICI			  Oct 23  16.5  17.0		  3.5</p>
<p>IFCI			   Oct 23  16.5  17.0		  3.5</p>
</text>
<copyright>(c) Reuters Limited 1997</copyright>
<metadata>
<codes class="bip:countries:1.0">
  <code code="INDIA">
    <editdetail attribution="Reuters BIP Coding Group" action="confirmed" date="1997-03-15"/>
  </code>
</codes>
<codes class="bip:industries:1.0">
  <code code="I81402">
    <editdetail attribution="Reuters BIP Coding Group" action="confirmed" date="1997-03-15"/>
  </code>
</codes>
<codes class="bip:topics:1.0">
  <code code="C31">
    <editdetail attribution="Reuters BIP Coding Group" action="confirmed" date="1997-03-15"/>
  </code>
  <code code="CCAT">
    <editdetail attribution="Reuters BIP Coding Group" action="confirmed" date="1997-03-15"/>
  </code>
</codes>
<dc element="dc.publisher" value="Reuters Holdings Plc"/>
<dc element="dc.date.published" value="1997-03-15"/>
<dc element="dc.source" value="Reuters"/>
<dc element="dc.creator.location.country.name" value="INDIA"/>
<dc element="dc.source" value="Reuters"/>
</metadata>
</newsitem>
