<?xml version="1.0" encoding="iso-8859-1" ?>
<newsitem itemid="445331" id="root" date="1997-03-15" xml:lang="en">
<title>SRI LANKA: Amnesty expires for Sri Lanka's illegal guns.</title>
<headline>Amnesty expires for Sri Lanka's illegal guns.</headline>
<dateline>COLOMBO 1997-03-15</dateline>
<text>
<p>An amnesty offered by Sri Lankan police for the surrender of unlicensed firearms expired on Saturday with the police vowing to pursue those who had failed to comply.</p>
<p>&quot;Now we will launch a tough campaign to crack down on those who possess illegal firearms,&quot; a senior police officer, who wished to remain unidentified, told Reuters.</p>
<p>He said details of the outcome of the amnesty were not immediately available, but added that &quot;a fairly substantial amount of (unlicensed) guns&quot; were handed over to the police.</p>
<p>Police searches and voluntary handovers have netted more than 1,500 illegal weapons, deputy inspector general of the police crimes branch Mohammed Nizam told Reuters earlier this week.</p>
<p>The government this week announced it would enact new laws under the country's emergency regulations to crack down on users, mostly politicians and political activists, of illegal firearms.</p>
<p>The new laws, expected to be finalised in three weeks, provide for a minimum seven-year prison sentence and a maximum sentence of 20 years for possession of unlicensed guns and other firearms and the confiscation of the vehicle or house where illegal firearms are found.</p>
<p>The government also plans to make bail unavailable to those charged until the judicial process is completed.</p>
<p>Politicians and party activists in the Indian Ocean island carry guns, many of them unlicensed, to guard against attack by separatist Tamil rebels, who are fighting for independence in the island's north and east.</p>
<p>But their guns became a key public issue when a young legislator from Sri Lanka's ruling coalition government was gunned down last month. An opposition party member was among the suspects detained by police over the killing.</p>
<p>A local government election, to be held on March 21, also has been marred by violence with several incidents of shooting reported by politicians and their supporters.</p>
</text>
<copyright>(c) Reuters Limited 1997</copyright>
<metadata>
<codes class="bip:countries:1.0">
  <code code="SRILAN">
    <editdetail attribution="Reuters BIP Coding Group" action="confirmed" date="1997-03-15"/>
  </code>
</codes>
<codes class="bip:topics:1.0">
  <code code="GCAT">
    <editdetail attribution="Reuters BIP Coding Group" action="confirmed" date="1997-03-15"/>
  </code>
  <code code="GCRIM">
    <editdetail attribution="Reuters BIP Coding Group" action="confirmed" date="1997-03-15"/>
  </code>
  <code code="GVIO">
    <editdetail attribution="Reuters BIP Coding Group" action="confirmed" date="1997-03-15"/>
  </code>
</codes>
<dc element="dc.date.created" value="1997-03-15"/>
<dc element="dc.publisher" value="Reuters Holdings Plc"/>
<dc element="dc.date.published" value="1997-03-15"/>
<dc element="dc.source" value="Reuters"/>
<dc element="dc.creator.location" value="COLOMBO"/>
<dc element="dc.creator.location.country.name" value="SRI LANKA"/>
<dc element="dc.source" value="Reuters"/>
</metadata>
</newsitem>
