<?xml version="1.0" encoding="iso-8859-1" ?>
<newsitem itemid="475079" id="root" date="1997-03-29" xml:lang="en">
<title>USA: GOLF-LEADING SCORES AT PLAYERS CHAMPIONSHIP.</title>
<headline>GOLF-LEADING SCORES AT PLAYERS CHAMPIONSHIP.</headline>
<dateline>PONTE VEDRA BEACH, Florida 1997-03-29</dateline>
<text>
<p>Leading</p>
<p>scores after the third round of the $3.5 million Players</p>
<p>Championship golf tournament on Saturday (U.S. unless noted):</p>
<p>203 Steve Elkington (Australia) 66 69 68</p>
<p>205 Scott Hoch 69 71 65</p>
<p>208 Billy Andrade 68 72 68, Tom Purtzer 68 71 69</p>
<p>209 Kirk Triplett 71 68 70</p>
<p>210 Mark Brooks 72 68 70, Tommy Tolles 70 67 73, Larry Mize</p>
<p>68 68 74</p>
<p>211 Loren Roberts 70 74 67, Robert Gamez 70 73 68, Colin</p>
<p>Montgomerie (Britain) 70 70 71, Brad Faxon 70 69 72, Ernie Els</p>
<p>(South Africa) 68 71 72, Tom Lehman 67 71 73, Davis Love 72 66</p>
<p>73</p>
<p>212 Justin Leonard 71 71 70, Stuart Appleby (Australia) 71 71</p>
<p>70, Fuzzy Zoeller 67 72 73, Brian Watts 70 68 74</p>
<p>213 Mark McNulty (Zimbabwe) 71 73 69, Mark Calcavecchia 67 75</p>
<p>71, Russ Cochran 67 74 72, David Edwards 67 70 76</p>
<p>Additional regional scores</p>
<p>214 Vijay Singh (Fiji) 71 69 74</p>
<p>215 Greg Norman (Australia) 71 72 72</p>
<p>216 Nick Faldo (Britain) 71 72 73, Costantino Rocca (Italy)</p>
<p>74 69 73, Naomichi &quot;Joe&quot; Ozaki (Japan) 68 74 74</p>
<p>217 Masashi &quot;Jumbo&quot; Ozaki (Japan) 70 76 71, Nick Price</p>
<p>(Zimbabwe) 75 68 74</p>
<p>218 Craig Parry (Australia) 71 67 80</p>
<p>219 Bernhard Langer (Germany) 71 73 75, Sandy Lyle (Britain)</p>
<p>68 74 77</p>
</text>
<copyright>(c) Reuters Limited 1997</copyright>
<metadata>
<codes class="bip:countries:1.0">
  <code code="USA">
    <editdetail attribution="Reuters BIP Coding Group" action="confirmed" date="1997-03-29"/>
  </code>
</codes>
<codes class="bip:topics:1.0">
  <code code="GCAT">
    <editdetail attribution="Reuters BIP Coding Group" action="confirmed" date="1997-03-29"/>
  </code>
  <code code="GSPO">
    <editdetail attribution="Reuters BIP Coding Group" action="confirmed" date="1997-03-29"/>
  </code>
</codes>
<dc element="dc.date.created" value="1997-03-29"/>
<dc element="dc.publisher" value="Reuters Holdings Plc"/>
<dc element="dc.date.published" value="1997-03-29"/>
<dc element="dc.source" value="Reuters"/>
<dc element="dc.creator.location" value="PONTE VEDRA BEACH, Florida"/>
<dc element="dc.creator.location.country.name" value="USA"/>
<dc element="dc.source" value="Reuters"/>
</metadata>
</newsitem>
