<?xml version="1.0" encoding="iso-8859-1" ?>
<newsitem itemid="475091" id="root" date="1997-03-29" xml:lang="en">
<title>SPAIN: SOCCER-UKRAINE SCRAPE TO 1-0 WIN OVER ALBANIA.</title>
<headline>SOCCER-UKRAINE SCRAPE TO 1-0 WIN OVER ALBANIA.</headline>
<byline>Richard Bastin</byline>
<dateline>GRANADA, Spain 1997-03-29</dateline>
<text>
<p>Ukraine kept the pressure on Portugal and Germany in world cup qualifying group nine with a narrow 1-0 win over Albania in neutral Granada on Saturday.</p>
<p>Ukraine's victory -- courtesy of a 39th minute goal from Serguei Rebrov -- lifted them to nine points, the same total as group leaders Portugal who drew 0-0 with Northern Ireland earlier in the day. In Ukraine's favour is the fact Portugal have played two more matches.</p>
<p>European champions Germany, currently in third spot in the group but the favourites to secure the one automatic berth for the finals in France next year, did not play.</p>
<p>Albanian goalkeeper Foto Strakosha came close to giving his strife-torn country an unexpected boost after turning in a superb performance but in the end Albania were left looking for their first win in the group after three defeats and a draw.</p>
<p>The game was moved to Spain because of the political unrest in the Balkan country but only 250 spectators paid to see what turned out to be a closely-fought affair.</p>
<p>Albania came close to securing what would have been a surprise draw 12 minutes from the end but wasted a clearcut chance when substitute Alban Bujhaj missed with a header after outjumping the Ukranian defence at a corner.</p>
<p>Despite that, coach Haafizi Astrit was clearly happy with the way his side played, especially his goalkeeper who made a series of fine saves.</p>
<p>&quot;The Albanian people love and enjoy football, even in a difficult situation like now,&quot; he said.</p>
<p>Astrit's men had the first clear chance after 20 minutes when Artan Bellai put Bledar Kola through but his shot brushed the post with the Ukraine keeper beaten.</p>
<p>Shortly after that Albania had the ball in the net when Altin Rrakill kept his head to knock in a loose ball, only to see the goal disallowed for offside.</p>
<p>Ukraine took control from then on, going ahead just before half-time when Andriy Shevchenko advanced down the right before finding Rebrov, who had no problem beating goalkeeper Foto Strakosha.</p>
<p>Ukranian captain Youri Kalitvintsev could have put his side further ahead straight from the restart after the break with a fine shot from just outside the area that went narrowly wide.</p>
</text>
<copyright>(c) Reuters Limited 1997</copyright>
<metadata>
<codes class="bip:countries:1.0">
  <code code="ALB">
    <editdetail attribution="Reuters BIP Coding Group" action="confirmed" date="1997-03-29"/>
  </code>
  <code code="SPAIN">
    <editdetail attribution="Reuters BIP Coding Group" action="confirmed" date="1997-03-29"/>
  </code>
  <code code="UKRN">
    <editdetail attribution="Reuters BIP Coding Group" action="confirmed" date="1997-03-29"/>
  </code>
</codes>
<codes class="bip:topics:1.0">
  <code code="GCAT">
    <editdetail attribution="Reuters BIP Coding Group" action="confirmed" date="1997-03-29"/>
  </code>
  <code code="GSPO">
    <editdetail attribution="Reuters BIP Coding Group" action="confirmed" date="1997-03-29"/>
  </code>
</codes>
<dc element="dc.date.created" value="1997-03-29"/>
<dc element="dc.publisher" value="Reuters Holdings Plc"/>
<dc element="dc.date.published" value="1997-03-29"/>
<dc element="dc.source" value="Reuters"/>
<dc element="dc.creator.location" value="GRANADA, Spain"/>
<dc element="dc.creator.location.country.name" value="SPAIN"/>
<dc element="dc.source" value="Reuters"/>
</metadata>
</newsitem>
