<?xml version="1.0" encoding="iso-8859-1" ?>
<newsitem itemid="475086" id="root" date="1997-03-29" xml:lang="en">
<title>SPAIN: SOCCER-SPANISH LEAGUE CHAMPIONSHIP RESULT/STANDINGS.</title>
<headline>SOCCER-SPANISH LEAGUE CHAMPIONSHIP RESULT/STANDINGS.</headline>
<dateline>SAN SEBASTIAN, Spain 1997-03-29</dateline>
<text>
<p>Result in the</p>
<p>Spanish league championship on Saturday:</p>
<p> Real Sociedad   1   Deportivo Coruna 1</p>
<p>Playing Sunday:</p>
<p>Valencia v Barcelona</p>
<p>Sevilla v  Valladolid</p>
<p>Logrones v Athletic Bilbao</p>
<p>Compostela v Extremadura</p>
<p>Zaragoza v Celta Vigo</p>
<p>Racing Santander v Hercules</p>
<p>Espanyol v Real Betis</p>
<p>Oviedo v Rayo Vallecano</p>
<p>Tenerife v Real Madrid</p>
<p>Playing Monday:</p>
<p>Atletico Madrid v Sporting Gijon</p>
<p>    Standings:	    P     W     D    L  F   A    Pts</p>
<p>  1. Real Madrid	  30    21    8    1  65  24   71</p>
<p>  2. Barcelona	    30    19    5    6  75  37   62</p>
<p>  3. Real Betis	   30    18    8    4  68  32   62</p>
<p>  4. Deportivo Coruna   31    16   12    3  47  22   60</p>
<p>  5. Atletico Madrid    29    15    7    7  56  39   52</p>
<p>  6. Real Sociedad	31    13    8   10  38  34   47</p>
<p>  7. Athletic Bilbao    30    10   14    6  53  43   44</p>
<p>  8. Valladolid	   30    12    8   10  38  34   44</p>
<p>  9. Tenerife	     29    12    7   10  50  33   43</p>
<p> 10. Valencia	     30    12    6   12  45  40   42</p>
<p> 11. Racing Santander   30    10   11    9  34  32   41</p>
<p> 12. Celta Vigo	   30     8   11   11  34  38   35</p>
<p> 13. Oviedo		 30     9    8   13  36  47   35</p>
<p> 14. Sporting Gijon     30     9    8   13  33  46   35</p>
<p> 15. Compostela	   30     8    9   13  31  52   33</p>
<p> 16. Zaragoza	     30     7   11   12  38  49   32</p>
<p> 17. Extremadura	  30     8    8   14  25  43   32</p>
<p> 18. Espanyol	     30     8    6   16  33  46   30</p>
<p> 19. Rayo Vallecano     30     8    6   16  29  46   30</p>
<p> 20. Logrones	     30     8    4   18  25  58   28</p>
<p> 21. Sevilla		30     7    3   20  27  54   24</p>
<p> 22. Hercules	     30     6    4   20  25  57   22</p>
<p>Note: Two teams qualify for the European Cup, four qualify</p>
<p>for the UEFA Cup, four are automatically relegated, and one more</p>
<p>must face a relegation play-off with the third-placed team from</p>
<p>the second division.</p>
</text>
<copyright>(c) Reuters Limited 1997</copyright>
<metadata>
<codes class="bip:countries:1.0">
  <code code="SPAIN">
    <editdetail attribution="Reuters BIP Coding Group" action="confirmed" date="1997-03-29"/>
  </code>
</codes>
<codes class="bip:topics:1.0">
  <code code="GCAT">
    <editdetail attribution="Reuters BIP Coding Group" action="confirmed" date="1997-03-29"/>
  </code>
  <code code="GSPO">
    <editdetail attribution="Reuters BIP Coding Group" action="confirmed" date="1997-03-29"/>
  </code>
</codes>
<dc element="dc.date.created" value="1997-03-29"/>
<dc element="dc.publisher" value="Reuters Holdings Plc"/>
<dc element="dc.date.published" value="1997-03-29"/>
<dc element="dc.source" value="Reuters"/>
<dc element="dc.creator.location" value="SAN SEBASTIAN, Spain"/>
<dc element="dc.creator.location.country.name" value="SPAIN"/>
<dc element="dc.source" value="Reuters"/>
</metadata>
</newsitem>
