<?xml version="1.0" encoding="iso-8859-1" ?>
<newsitem itemid="475090" id="root" date="1997-03-29" xml:lang="en">
<title>UK: SOCCER-ENGLAND BEAT MEXICO 2-0 IN FRIENDLY.</title>
<headline>SOCCER-ENGLAND BEAT MEXICO 2-0 IN FRIENDLY.</headline>
<dateline>LONDON 1997-03-29</dateline>
<text>
<p>England beat Mexico 2-0 (halftime 1-0) in a friendly at Wembley on Saturday.</p>
<p>Scorers - Teddy Sheringham pen 18, Robbie Fowler 54</p>
<p>Attendance 48,076</p>
<p>Teams:</p>
<p>England - 1-David James; 2-Martin Keown, 3-Stuart Pearce, 4-David Batty (15-Jamie Redknapp 53), 5-Gareth Southgate, 6-Graeme Le Saux, 7-Robert Lee, 8-Paul Ince (captain), 9-Robbie Fowler, 10-Teddy Sheringham (17-Ian Wright 37), 11-Steve McManaman (16- Nicky Butt 68)</p>
<p>Mexico: 25-Aldolfo Rios (1-Hugo Pineda 58); 13-Pavel Pardo, 2-Claudio Suarez, 5-Duilio Davino, 7-Ramon Ramirez, 16-Alberto Coyote (20-Nicolas Ramirez 66), 18-Enrique Alfaro, 17-Benjamin Galindo (6-Marcelino Bernal 56), 8-Alberto Garcia Aspe (captain), 27-Carlos Hermosillo (15-Luis Hernandez 45), 11-Luis Roberto Alves (19-Ricardo Pelaez 45)</p>
</text>
<copyright>(c) Reuters Limited 1997</copyright>
<metadata>
<codes class="bip:countries:1.0">
  <code code="MEX">
    <editdetail attribution="Reuters BIP Coding Group" action="confirmed" date="1997-03-29"/>
  </code>
  <code code="UK">
    <editdetail attribution="Reuters BIP Coding Group" action="confirmed" date="1997-03-29"/>
  </code>
</codes>
<codes class="bip:topics:1.0">
  <code code="GCAT">
    <editdetail attribution="Reuters BIP Coding Group" action="confirmed" date="1997-03-29"/>
  </code>
  <code code="GSPO">
    <editdetail attribution="Reuters BIP Coding Group" action="confirmed" date="1997-03-29"/>
  </code>
</codes>
<dc element="dc.date.created" value="1997-03-29"/>
<dc element="dc.publisher" value="Reuters Holdings Plc"/>
<dc element="dc.date.published" value="1997-03-29"/>
<dc element="dc.source" value="Reuters"/>
<dc element="dc.creator.location" value="LONDON"/>
<dc element="dc.creator.location.country.name" value="UK"/>
<dc element="dc.source" value="Reuters"/>
</metadata>
</newsitem>
