<?xml version="1.0" encoding="iso-8859-1" ?>
<newsitem itemid="475093" id="root" date="1997-03-29" xml:lang="en">
<title>USA: TENNIS-LIPTON CHAMPIONSHIPS RESULTS.</title>
<headline>TENNIS-LIPTON CHAMPIONSHIPS RESULTS.</headline>
<dateline>KEY BISCAYNE, Fla. 1997-03-29</dateline>
<text>
<p>Results from the</p>
<p>$4.45 million Lipton Championships on Saturday (prefix number</p>
<p>denotes seedings):</p>
<p>Women's Singles, Final:</p>
<p>1-Martina Hingis (Switzerland) beat 4-Monica Seles (U.S.)</p>
<p>6-2 6-1</p>
</text>
<copyright>(c) Reuters Limited 1997</copyright>
<metadata>
<codes class="bip:countries:1.0">
  <code code="USA">
    <editdetail attribution="Reuters BIP Coding Group" action="confirmed" date="1997-03-29"/>
  </code>
</codes>
<codes class="bip:topics:1.0">
  <code code="GCAT">
    <editdetail attribution="Reuters BIP Coding Group" action="confirmed" date="1997-03-29"/>
  </code>
  <code code="GSPO">
    <editdetail attribution="Reuters BIP Coding Group" action="confirmed" date="1997-03-29"/>
  </code>
</codes>
<dc element="dc.date.created" value="1997-03-29"/>
<dc element="dc.publisher" value="Reuters Holdings Plc"/>
<dc element="dc.date.published" value="1997-03-29"/>
<dc element="dc.source" value="Reuters"/>
<dc element="dc.creator.location" value="KEY BISCAYNE, Fla."/>
<dc element="dc.creator.location.country.name" value="USA"/>
<dc element="dc.source" value="Reuters"/>
</metadata>
</newsitem>
