<?xml version="1.0" encoding="iso-8859-1" ?>
<newsitem itemid="475095" id="root" date="1997-03-29" xml:lang="en">
<title>SPAIN: SOCCER-UKRAINE BEAT ALBANIA 1-0.</title>
<headline>SOCCER-UKRAINE BEAT ALBANIA 1-0.</headline>
<dateline>GRANADA, Spain 1997-03-29</dateline>
<text>
<p>Ukraine beat Albania 1-0</p>
<p>(halftime 1-0) in their group nine World Cup qualifying match on</p>
<p>Saturday.</p>
<p>Scorer: Serguei Rebrov 39</p>
<p>Attendance: 250  (two hundred and fifty)</p>
<p>Albania: 1-Foto Strakosha 2-Ghergji Dema (15-Altin Haxhi</p>
<p>46th minute), 3-Fatos Daja 4-Eduard Abazaj 5-Rudi Vata</p>
<p>6-Salvator Kacaj 7-Kliton Bozgo (17-Alban Bujhaj 73rd) 8-Artan</p>
<p>Bellai (13-Zamir Jhpuza 81st) 9-Bledar Kola 10-Altin Rraklli</p>
<p>11-Fatmir Vata</p>
<p>Ukraine: 1-Oleg Suslov 2-Mikhail Starostyak 3-Serguei</p>
<p>Bejenar 4-Alexandr Golovko 5-Vladislav Vachtchuk 6-Dmitro</p>
<p>Myhaiylenko (16-Vassili Kardach 71th) 7-Gennadiy Orbu 8-Youri</p>
<p>Kalitvintsev (15-Valeriy Kriventsov 85th) 9-Vitali Kossovskii</p>
<p>10-Andriy Shevchenko 11-Serguei Rebrov.</p>
<p> Standings	  </p>
<p>			  P   W   D   L   F   A  Pts    </p>
<p> Portugal	     6   2   3   1   5   2   9</p>
<p> Ukraine		4   3   0   1   4   2   9</p>
<p> Northern Ireland   5   1   3   1   4   3   6</p>
<p> Germany		3   1   2   0   6   2   5</p>
<p> Armenia		4   0   3   1   3   7   3</p>
<p> Albania		4   0   1   3   1   7   1</p>
<p>Next matches:</p>
<p> Apr 2    -   Albania v Germany</p>
<p> Apr 2    -   Ukraine v Northern Ireland</p>
<p> Apr 30   -   Germany v Ukraine</p>
<p> Apr 30   -   Armenia v Northern Ireland</p>
<p> May 7    -   Ukraine v Armenia</p>
<p> Jun 7    -   Portugal v Albanie</p>
<p> Jun 7    -   Ukraine v Germany</p>
<p> Aug 20   -   Portugal v Armenia</p>
<p> Aug 20   -   Ukraine v Albania</p>
<p> Aug 20   -   Northern Ireland v Germany</p>
<p> Sept 6   -   Germany v Portugal</p>
<p> Sept 6   -   Armenia v Albania</p>
<p> Sept 10  -   Germany v Armenia</p>
<p> Sept 10  -   Albania v Northern Ireland</p>
<p> Oct 11   -   Germany v Albania</p>
<p> Oct 11   -   Armenia v Ukraine</p>
<p> Oct 11   -   Portugal v Northern Ireland</p>
</text>
<copyright>(c) Reuters Limited 1997</copyright>
<metadata>
<codes class="bip:countries:1.0">
  <code code="ALB">
    <editdetail attribution="Reuters BIP Coding Group" action="confirmed" date="1997-03-29"/>
  </code>
  <code code="SPAIN">
    <editdetail attribution="Reuters BIP Coding Group" action="confirmed" date="1997-03-29"/>
  </code>
  <code code="UKRN">
    <editdetail attribution="Reuters BIP Coding Group" action="confirmed" date="1997-03-29"/>
  </code>
</codes>
<codes class="bip:topics:1.0">
  <code code="GCAT">
    <editdetail attribution="Reuters BIP Coding Group" action="confirmed" date="1997-03-29"/>
  </code>
  <code code="GSPO">
    <editdetail attribution="Reuters BIP Coding Group" action="confirmed" date="1997-03-29"/>
  </code>
</codes>
<dc element="dc.date.created" value="1997-03-29"/>
<dc element="dc.publisher" value="Reuters Holdings Plc"/>
<dc element="dc.date.published" value="1997-03-29"/>
<dc element="dc.source" value="Reuters"/>
<dc element="dc.creator.location" value="GRANADA, Spain"/>
<dc element="dc.creator.location.country.name" value="SPAIN"/>
<dc element="dc.source" value="Reuters"/>
</metadata>
</newsitem>
