<?xml version="1.0" encoding="iso-8859-1" ?>
<newsitem itemid="475087" id="root" date="1997-03-29" xml:lang="en">
<title>SPAIN: SOCCER-DEPORTIVO HELD TO 1-1 DRAW AT REAL SOCIEDAD.</title>
<headline>SOCCER-DEPORTIVO HELD TO 1-1 DRAW AT REAL SOCIEDAD.</headline>
<dateline>SAN SEBASTIAN, Spain 1997-03-29</dateline>
<text>
<p>Deportivo Coruna suffered a blow to their chances of taking Spain's second European Cup place next season when they were held to a 1-1 draw at Real Sociedad on Saturday.</p>
<p>It was the first point Deportivo have dropped in seven matches since coach Carlos Alberto Silva joined the club last month. They are now 11 points behind Real Madrid and two behind Barcelona and Real Betis, all of whom play on Sunday.</p>
<p>They went behind midway through the first half when Real's Agustin Aranzabal took a quick free kick while the Deportivo players were still protesting keeper Jacques Songo'o being penalised for taking too many steps.</p>
<p>But Real never looked likely to hang on to their lead and Brazilian midfielder Rivaldo blasted home the equaliser from a free-kick in the 65th minute.</p>
<p>Both sides wasted chances to clinch the game in the final half-hour.</p>
</text>
<copyright>(c) Reuters Limited 1997</copyright>
<metadata>
<codes class="bip:countries:1.0">
  <code code="SPAIN">
    <editdetail attribution="Reuters BIP Coding Group" action="confirmed" date="1997-03-29"/>
  </code>
</codes>
<codes class="bip:topics:1.0">
  <code code="GCAT">
    <editdetail attribution="Reuters BIP Coding Group" action="confirmed" date="1997-03-29"/>
  </code>
  <code code="GSPO">
    <editdetail attribution="Reuters BIP Coding Group" action="confirmed" date="1997-03-29"/>
  </code>
</codes>
<dc element="dc.date.created" value="1997-03-29"/>
<dc element="dc.publisher" value="Reuters Holdings Plc"/>
<dc element="dc.date.published" value="1997-03-29"/>
<dc element="dc.source" value="Reuters"/>
<dc element="dc.creator.location" value="SAN SEBASTIAN, Spain"/>
<dc element="dc.creator.location.country.name" value="SPAIN"/>
<dc element="dc.source" value="Reuters"/>
</metadata>
</newsitem>
