<?xml version="1.0" encoding="iso-8859-1" ?>
<newsitem itemid="475094" id="root" date="1997-03-29" xml:lang="en">
<title>CROATIA: SOCCER-CROATIA V DENMARK WORLD CUP QUALIFIER TEAMS.</title>
<headline>SOCCER-CROATIA V DENMARK WORLD CUP QUALIFIER TEAMS.</headline>
<dateline>SPLIT, Croatia 1997-03-29</dateline>
<text>
<p>Teams for Saturday's World Cup group one qualifier between Croatia and Denmark:</p>
<p>Croatia - 1-Drazen Ladic; 23-Niko Kovac, 3-Robert Jarni, 14-Zvonimir Soldo, 5-Nikola Jerkan, 6-Slaven Bilic, 7-Aljosa Asanovic, 8-Robert Prosinecki, 9-Davor Suker, 10-Zvonimir Boban, 11-Alen Boksic.</p>
<p>Denmark- 1-Peter Schmeichel; 2-Jacob Laursen, 3-Marc Rieper, 4-Jes Hoegh, 5-Jan Heintze, 6-Thomas Helveg, 7-Per Frandsen, 8-Claus Thomsen, 9-Alen Nielsen 10-Mikkel Beck, 11-Brian Laudrup.</p>
</text>
<copyright>(c) Reuters Limited 1997</copyright>
<metadata>
<codes class="bip:countries:1.0">
  <code code="CRTIA">
    <editdetail attribution="Reuters BIP Coding Group" action="confirmed" date="1997-03-29"/>
  </code>
  <code code="DEN">
    <editdetail attribution="Reuters BIP Coding Group" action="confirmed" date="1997-03-29"/>
  </code>
</codes>
<codes class="bip:topics:1.0">
  <code code="GCAT">
    <editdetail attribution="Reuters BIP Coding Group" action="confirmed" date="1997-03-29"/>
  </code>
  <code code="GSPO">
    <editdetail attribution="Reuters BIP Coding Group" action="confirmed" date="1997-03-29"/>
  </code>
</codes>
<dc element="dc.date.created" value="1997-03-29"/>
<dc element="dc.publisher" value="Reuters Holdings Plc"/>
<dc element="dc.date.published" value="1997-03-29"/>
<dc element="dc.source" value="Reuters"/>
<dc element="dc.creator.location" value="SPLIT, Croatia"/>
<dc element="dc.creator.location.country.name" value="CROATIA"/>
<dc element="dc.source" value="Reuters"/>
</metadata>
</newsitem>
