<?xml version="1.0" encoding="iso-8859-1" ?>
<newsitem itemid="475171" id="root" date="1997-03-29" xml:lang="en">
<title>DUBAI: HORSE RACING-RAIN THREATENS DUBAI WORLD CUP.</title>
<headline>HORSE RACING-RAIN THREATENS DUBAI WORLD CUP.</headline>
<dateline>DUBAI 1997-03-29</dateline>
<text>
<p>A sudden downpour has threatened the cancellation of Saturday's Dubai World Cup, the world's richest horse race, the organisers said.</p>
<p>Host Sheikh Mohammed bin Rashid al-Maktoum decided to cancel the first four races of the six-race meeting in the interest of safety, race committee spokesman Brough Scott said.</p>
<p>The two big races of the day, including the $4 million Dubai World Cup, were under review following the downpour on the sand track.</p>
<p>&quot;It's a crying shame,&quot; Scott said.</p>
<p>He said the paramount criterion in reaching a decision was the well-being of the 13 horses and jockeys chasing the $2.4 million winner's prize. &quot;That will be number one,&quot; Scott said.</p>
<p>The Dubai World Cup was due to be run at 8.15 p.m. (1615 GMT).</p>
</text>
<copyright>(c) Reuters Limited 1997</copyright>
<metadata>
<codes class="bip:countries:1.0">
  <code code="DUBAI">
    <editdetail attribution="Reuters BIP Coding Group" action="confirmed" date="1997-03-29"/>
  </code>
  <code code="UAE">
    <editdetail attribution="Reuters BIP Coding Group" action="confirmed" date="1997-03-29"/>
  </code>
</codes>
<codes class="bip:topics:1.0">
  <code code="GCAT">
    <editdetail attribution="Reuters BIP Coding Group" action="confirmed" date="1997-03-29"/>
  </code>
  <code code="GSPO">
    <editdetail attribution="Reuters BIP Coding Group" action="confirmed" date="1997-03-29"/>
  </code>
</codes>
<dc element="dc.date.created" value="1997-03-29"/>
<dc element="dc.publisher" value="Reuters Holdings Plc"/>
<dc element="dc.date.published" value="1997-03-29"/>
<dc element="dc.source" value="Reuters"/>
<dc element="dc.creator.location" value="DUBAI"/>
<dc element="dc.creator.location.country.name" value="DUBAI"/>
<dc element="dc.source" value="Reuters"/>
</metadata>
</newsitem>
