<?xml version="1.0" encoding="iso-8859-1" ?>
<newsitem itemid="475181" id="root" date="1997-03-29" xml:lang="en">
<title>FRANCE: SOCCER-FRENCH CUP QUARTER-FINAL RESULTS.</title>
<headline>SOCCER-FRENCH CUP QUARTER-FINAL RESULTS.</headline>
<dateline>PARIS 1997-03-29</dateline>
<text>
<p>Results in the quarter-finals of</p>
<p>the French soccer Cup on Saturday:</p>
<p> Bordeaux   1   Montpellier 2</p>
<p> Creteil    1   Guingamp    3</p>
<p> Laval	1   Troyes	0</p>
<p>Playing Sunday: Clermont v Nice.</p>
</text>
<copyright>(c) Reuters Limited 1997</copyright>
<metadata>
<codes class="bip:countries:1.0">
  <code code="FRA">
    <editdetail attribution="Reuters BIP Coding Group" action="confirmed" date="1997-03-29"/>
  </code>
</codes>
<codes class="bip:topics:1.0">
  <code code="GCAT">
    <editdetail attribution="Reuters BIP Coding Group" action="confirmed" date="1997-03-29"/>
  </code>
  <code code="GSPO">
    <editdetail attribution="Reuters BIP Coding Group" action="confirmed" date="1997-03-29"/>
  </code>
</codes>
<dc element="dc.date.created" value="1997-03-29"/>
<dc element="dc.publisher" value="Reuters Holdings Plc"/>
<dc element="dc.date.published" value="1997-03-29"/>
<dc element="dc.source" value="Reuters"/>
<dc element="dc.creator.location" value="PARIS"/>
<dc element="dc.creator.location.country.name" value="FRANCE"/>
<dc element="dc.source" value="Reuters"/>
</metadata>
</newsitem>
