<?xml version="1.0" encoding="iso-8859-1" ?>
<newsitem itemid="475124" id="root" date="1997-03-29" xml:lang="en">
<title>USA: GOLF-ELKINGTON HOLDS ON TO ONE-STROKE LEAD.</title>
<headline>GOLF-ELKINGTON HOLDS ON TO ONE-STROKE LEAD.</headline>
<dateline>PONTE VEDRA BEACH, Florida 1997-03-28</dateline>
<text>
<p>Steve</p>
<p>Elkington of Australia held on to a one-shot lead at the</p>
<p>Players Championship with a three under par 69 at the TPC at</p>
<p>Sawgrass on Friday.</p>
<p>In second place at eight under was Larry Mize, who has had</p>
<p>two rounds of 68. In third place a stroke further back was</p>
<p>Tommy Tolles, a runner-up here last year, who shot a 67, and</p>
<p>David Edwards, in with a 70.</p>
<p>Tolles finished his round with an eagle on the 16th hole,</p>
<p>and birdies on 17 and 18.</p>
<p>Four players were tied in fifth place at six under,</p>
<p>including 1992 Players winner Davis Love, whose round of 66,</p>
<p>the day's low, included a double bogey.</p>
<p>Also at six under were Tom Lehman, who had a 71,</p>
<p>Australian Craig Parry, with a 67, and Brian Watts, an</p>
<p>American who plays the Japanese tour, who shot a 68.</p>
<p>&quot;At this tournament, you need to make as many birdies as</p>
<p>you can, because you know you're going to need them later on,&quot;</p>
<p>said Elkington.</p>
<p>Elkington, who won this tournament in 1991, had five</p>
<p>birdies and two bogeys in his round.</p>
<p>&quot;Had a couple of loose shots on the back nine, but other</p>
<p>than that I played steady,&quot; said Elkington of the two poor</p>
<p>drives which resulted in bogeys on the 10th and 15th holes.</p>
<p>Tiger Woods shot a two-over-par 73 and finished at even</p>
<p>par.</p>
<p>The cut came at two over par 146.</p>
</text>
<copyright>(c) Reuters Limited 1997</copyright>
<metadata>
<codes class="bip:countries:1.0">
  <code code="AUSTR">
    <editdetail attribution="Reuters BIP Coding Group" action="confirmed" date="1997-03-29"/>
  </code>
  <code code="USA">
    <editdetail attribution="Reuters BIP Coding Group" action="confirmed" date="1997-03-29"/>
  </code>
</codes>
<codes class="bip:topics:1.0">
  <code code="GCAT">
    <editdetail attribution="Reuters BIP Coding Group" action="confirmed" date="1997-03-29"/>
  </code>
  <code code="GSPO">
    <editdetail attribution="Reuters BIP Coding Group" action="confirmed" date="1997-03-29"/>
  </code>
</codes>
<dc element="dc.date.created" value="1997-03-28"/>
<dc element="dc.publisher" value="Reuters Holdings Plc"/>
<dc element="dc.date.published" value="1997-03-29"/>
<dc element="dc.source" value="Reuters"/>
<dc element="dc.creator.location" value="PONTE VEDRA BEACH, Florida"/>
<dc element="dc.creator.location.country.name" value="USA"/>
<dc element="dc.source" value="Reuters"/>
</metadata>
</newsitem>
