<?xml version="1.0" encoding="iso-8859-1" ?>
<newsitem itemid="475191" id="root" date="1997-03-29" xml:lang="en">
<title>ITALY: SOCCER-ITALY 2 MOLDOVA 0 LATEST.</title>
<headline>SOCCER-ITALY 2 MOLDOVA 0 LATEST.</headline>
<dateline>TRIESTE, Italy 1997-03-29</dateline>
<text>
<p>Italy led Moldova 2-0 in their European group two World Cup qualifying match on Saturday.</p>
<p>Scorers - Paolo Maldini 24, Gianfranco Zola 44</p>
</text>
<copyright>(c) Reuters Limited 1997</copyright>
<metadata>
<codes class="bip:countries:1.0">
  <code code="ITALY">
    <editdetail attribution="Reuters BIP Coding Group" action="confirmed" date="1997-03-29"/>
  </code>
  <code code="MOLDV">
    <editdetail attribution="Reuters BIP Coding Group" action="confirmed" date="1997-03-29"/>
  </code>
</codes>
<codes class="bip:topics:1.0">
  <code code="GCAT">
    <editdetail attribution="Reuters BIP Coding Group" action="confirmed" date="1997-03-29"/>
  </code>
  <code code="GSPO">
    <editdetail attribution="Reuters BIP Coding Group" action="confirmed" date="1997-03-29"/>
  </code>
</codes>
<dc element="dc.date.created" value="1997-03-29"/>
<dc element="dc.publisher" value="Reuters Holdings Plc"/>
<dc element="dc.date.published" value="1997-03-29"/>
<dc element="dc.source" value="Reuters"/>
<dc element="dc.creator.location" value="TRIESTE, Italy"/>
<dc element="dc.creator.location.country.name" value="ITALY"/>
<dc element="dc.source" value="Reuters"/>
</metadata>
</newsitem>
