<?xml version="1.0" encoding="iso-8859-1" ?>
<newsitem itemid="475174" id="root" date="1997-03-29" xml:lang="en">
<title>USA: NHL ICE HOCKEY-FRIDAY'S RESULTS.</title>
<headline>NHL ICE HOCKEY-FRIDAY'S RESULTS.</headline>
<dateline>NEW YORK 1997-03-29</dateline>
<text>
<p>Results of National Hockey</p>
<p>League games on Friday (home team in CAPS):</p>
<p> DETROIT	    2  Buffalo     1 (OT)</p>
<p> Anaheim	    4  CHICAGO     3</p>
<p> SAN JOSE	   4  Edmonton    3</p>
</text>
<copyright>(c) Reuters Limited 1997</copyright>
<metadata>
<codes class="bip:countries:1.0">
  <code code="CANA">
    <editdetail attribution="Reuters BIP Coding Group" action="confirmed" date="1997-03-29"/>
  </code>
  <code code="USA">
    <editdetail attribution="Reuters BIP Coding Group" action="confirmed" date="1997-03-29"/>
  </code>
</codes>
<codes class="bip:topics:1.0">
  <code code="GCAT">
    <editdetail attribution="Reuters BIP Coding Group" action="confirmed" date="1997-03-29"/>
  </code>
  <code code="GSPO">
    <editdetail attribution="Reuters BIP Coding Group" action="confirmed" date="1997-03-29"/>
  </code>
</codes>
<dc element="dc.date.created" value="1997-03-29"/>
<dc element="dc.publisher" value="Reuters Holdings Plc"/>
<dc element="dc.date.published" value="1997-03-29"/>
<dc element="dc.source" value="Reuters"/>
<dc element="dc.creator.location" value="NEW YORK"/>
<dc element="dc.creator.location.country.name" value="USA"/>
<dc element="dc.source" value="Reuters"/>
</metadata>
</newsitem>
