<?xml version="1.0" encoding="iso-8859-1" ?>
<newsitem itemid="475107" id="root" date="1997-03-29" xml:lang="en">
<title>PORTUGAL: GOLF-MITCHELL SHOOTS COURSE RECORD 63 TO LEAD BY FOUR.</title>
<headline>GOLF-MITCHELL SHOOTS COURSE RECORD 63 TO LEAD BY FOUR.</headline>
<dateline>SANTO DA SERRA, Madeira 1997-03-29</dateline>
<text>
<p>Briton Peter Mitchell carved out a course-record nine-under-par 63 to seize a four-shot lead after the second round of the weather-delayed Madeira Island Open on Saturday.</p>
<p>The 38-year-old Englishman, whose only previous European Tour victory came in the 1992 Austrian Open, will seek a second triumph in Sunday's last round of an event reduced to 54 holes because of bad weather on Thursday.</p>
<p>Mitchell's 36-hole total of 133 put him well clear of second-placed compatriot Andrew Sherborne, who compiled a 65. Five players were tied for third another shot back -- Germans Thomas Goegele and Heinz-Peter Thuel, and Britons Andrew Coltart, Dean Robertson and David Tapping.</p>
<p>Mitchell, who had played four holes with one birdie before darkness forced a halt on Friday, collected two more birdies on his first nine then added four birdies and an eagle by the close.</p>
<p>Currently 14th on the European Ryder Cup list, Mitchell will be 10th if he hangs on to win.</p>
<p>&quot;I'm trying to work on my tempo and play solid golf,&quot; he said. &quot;If I can do that and win a couple events, the Ryder Cup will follow but I'm not thinking about that yet.&quot;</p>
</text>
<copyright>(c) Reuters Limited 1997</copyright>
<metadata>
<codes class="bip:countries:1.0">
  <code code="SPAIN">
    <editdetail attribution="Reuters BIP Coding Group" action="confirmed" date="1997-03-29"/>
  </code>
  <code code="UK">
    <editdetail attribution="Reuters BIP Coding Group" action="confirmed" date="1997-03-29"/>
  </code>
</codes>
<codes class="bip:topics:1.0">
  <code code="GCAT">
    <editdetail attribution="Reuters BIP Coding Group" action="confirmed" date="1997-03-29"/>
  </code>
  <code code="GSPO">
    <editdetail attribution="Reuters BIP Coding Group" action="confirmed" date="1997-03-29"/>
  </code>
</codes>
<dc element="dc.date.created" value="1997-03-29"/>
<dc element="dc.publisher" value="Reuters Holdings Plc"/>
<dc element="dc.date.published" value="1997-03-29"/>
<dc element="dc.source" value="Reuters"/>
<dc element="dc.creator.location" value="SANTO DA SERRA, Madeira"/>
<dc element="dc.creator.location.country.name" value="PORTUGAL"/>
<dc element="dc.source" value="Reuters"/>
</metadata>
</newsitem>
