<?xml version="1.0" encoding="iso-8859-1" ?>
<newsitem itemid="475133" id="root" date="1997-03-29" xml:lang="en">
<title>UK: SOCCER-TEAMS FOR ENGLAND V MEXICO FRIENDLY.</title>
<headline>SOCCER-TEAMS FOR ENGLAND V MEXICO FRIENDLY.</headline>
<dateline>LONDON 1997-03-29</dateline>
<text>
<p>Teams for the friendly international between England and Mexico at Wembley on Saturday:</p>
<p>England - 1-David James, 2-Martin Keown, 3-Stuart Pearce, 4- David Batty, 5-Gareth Southgate, 6-Graeme Le Saux, 7-Robert Lee, 8-Paul Ince (captain), 9-Robbie Fowler, 10-Teddy Sheringham, 11-Steve McManaman.</p>
<p>Mexico - 25-Aldolfo Rios, 13-Pavel Pardo, 2-Claudio Suarez, 5-Duilio Davino, 7-Ramon Ramirez, 16-Alberto Coyote, 18-Enrique Alfaro, 17-Benjamin Galindo, 8-Alberto Garcia Aspe (captain), 27-Carlos Hermosillo, 11-Luis Roberto Alves.</p>
</text>
<copyright>(c) Reuters Limited 1997</copyright>
<metadata>
<codes class="bip:countries:1.0">
  <code code="MEX">
    <editdetail attribution="Reuters BIP Coding Group" action="confirmed" date="1997-03-29"/>
  </code>
  <code code="UK">
    <editdetail attribution="Reuters BIP Coding Group" action="confirmed" date="1997-03-29"/>
  </code>
</codes>
<codes class="bip:topics:1.0">
  <code code="GCAT">
    <editdetail attribution="Reuters BIP Coding Group" action="confirmed" date="1997-03-29"/>
  </code>
  <code code="GSPO">
    <editdetail attribution="Reuters BIP Coding Group" action="confirmed" date="1997-03-29"/>
  </code>
</codes>
<dc element="dc.date.created" value="1997-03-29"/>
<dc element="dc.publisher" value="Reuters Holdings Plc"/>
<dc element="dc.date.published" value="1997-03-29"/>
<dc element="dc.source" value="Reuters"/>
<dc element="dc.creator.location" value="LONDON"/>
<dc element="dc.creator.location.country.name" value="UK"/>
<dc element="dc.source" value="Reuters"/>
</metadata>
</newsitem>
