<?xml version="1.0" encoding="iso-8859-1" ?>
<newsitem itemid="475135" id="root" date="1997-03-29" xml:lang="en">
<title>UK: SOCCER-ENGLISH LEAGUE STANDINGS.</title>
<headline>SOCCER-ENGLISH LEAGUE STANDINGS.</headline>
<dateline>LONDON 1997-03-29</dateline>
<text>
<p>English league standings after</p>
<p>Saturday's matches:</p>
<p>No Premier league matches.</p>
<p>    Division one	 P   W   D    L    F    A   Pts</p>
<p> Bolton		   40   24  12   4   86   48   84</p>
<p> Barnsley		 38   18  13   7   62   43   67</p>
<p> Sheffield United     40   18  11  11   68   47   65</p>
<p> Wolverhampton	  39   19   8  12   55   41   65</p>
<p> Crystal Palace	 38   16  11  11   68   39   59</p>
<p> Portsmouth	     39   17   8  14   50   43   59</p>
<p> Norwich		  40   16  10  14   58   59   58</p>
<p> Ipswich		  39   15  13  11   54   47   58</p>
<p> Port Vale		40   14  15  11   49   47   57</p>
<p> Stoke		    39   16   9  14   46   49   57</p>
<p> Tranmere		 39   15  11  13   53   48   56</p>
<p> Queens Park Rangers  40   15  11  14   53   53   56</p>
<p> Swindon		  40   15   7  18   51   58   52</p>
<p> Oxford		   40   14   8  18   56   58   50</p>
<p> Manchester City	38   14   8  16   48   49   50</p>
<p> Reading		  39   13  11  15   48   55   50</p>
<p> Charlton		 38   14   8  16   46   54   50</p>
<p> Birmingham	     38   13  11  14   43   45   50</p>
<p> West Bromwich	  40   11  14  15   61   66   47</p>
<p> Huddersfield	   39   11  12  16   42   55   45</p>
<p> Bradford		 39    9  11  19   41   64   38</p>
<p> Grimsby		  38    8  12  18   50   70   36</p>
<p> Oldham		   38    8  11  19   39   52   35</p>
<p> Southend		 40    7  13  20   37   74   34</p>
<p>    Division Two	 P    W   D   L    F    A  Pts</p>
<p> Bury		     37   19  10   8   54   34   67</p>
<p> Luton		    37   18  10   9   60   39   64</p>
<p> Brentford		38   17  13   8   52   37   64</p>
<p> Stockport		35   17  10   8   50   36   61</p>
<p> Watford		  37   15  16   6   39   27   61</p>
<p> Burnley		  39   17   9  13   61   42   60</p>
<p> Millwall		 39   16  11  12   49   47   59</p>
<p> Crewe		    38   18   5  15   48   42   59</p>
<p> Bristol City	   39   16   9  14   56   45   57</p>
<p> Walsall		  38   16   9  13   46   41   57</p>
<p> Wrexham		  37   13  17   7   43   39   56</p>
<p> Blackpool		38   13  14  11   46   39   53</p>
<p> Gillingham	     38   15   8  15   46   50   53</p>
<p> Bournemouth	    40   14  11  15   37   38   53</p>
<p> Chesterfield	   36   14  11  11   33   31   53</p>
<p> Preston		  40   15   6  19   43   51   51</p>
<p> Bristol Rovers	 39   12  11  16   40   43   47</p>
<p> Plymouth		 38   11  13  14   42   52   46</p>
<p> York		     38   11  11  16   40   55   44</p>
<p> Shrewsbury	     40   10  12  18   47   66   42</p>
<p> Wycombe		  38   11   8  19   39   50   41</p>
<p> Peterborough	   39    8  13  18   49   69   37</p>
<p> Rotherham		39    6  13  20   33   55   31</p>
<p> Notts County	   39    5  12  22   27   52   27</p>
<p>Division Three</p>
<p>			    P     W   D   L    F    A  Pts</p>
<p> Wigan		    40   23   8   9   77   48   77</p>
<p> Carlisle		 39   22  11   6   59   34   77</p>
<p> Fulham		   39   22   9   8   66   35   75</p>
<p> Swansea		  40   19   7  14   54   45   64</p>
<p> Chester		  40   16  15   9   47   37   63</p>
<p> Cambridge United     39   17   8  14   49   51   59</p>
<p> Colchester	     39   14  16   9   53   42   58</p>
<p> Cardiff		  38   17   6  15   47   46   57</p>
<p> Scarborough	    40   14  14  12   59   61   56</p>
<p> Northampton	    39   15  10  14   58   42   55</p>
<p> Scunthorpe	     38   16   6  16   52   53   54</p>
<p> Lincoln		  40   14  11  15   56   63   53</p>
<p> Mansfield		39   13  14  12   41   39   53</p>
<p> Hull		     39   12  16  11   37   38   52</p>
<p> Rochdale		 40   11  15  14   48   53   48</p>
<p> Torquay		  40   13   9  18   41   51   48</p>
<p> Barnet		   39   11  15  13   37   39   48</p>
<p> Leyton Orient	  40   11  12  17   40   49   45</p>
<p> Doncaster		39   12   8  19   42   57   44</p>
<p> Darlington	     39   11  10  18   55   67   43</p>
<p> Exeter		   40   11  10  19   40   57   43</p>
<p> Hartlepool	     40   11   8  21   42   59   41</p>
<p> Hereford		 40   10  10  20   44   59   40</p>
<p> Brighton		 40   10   8  22   48   67   36</p>
<p>Brighton deducted 2 points due to pitch invasion</p>
</text>
<copyright>(c) Reuters Limited 1997</copyright>
<metadata>
<codes class="bip:countries:1.0">
  <code code="UK">
    <editdetail attribution="Reuters BIP Coding Group" action="confirmed" date="1997-03-29"/>
  </code>
</codes>
<codes class="bip:topics:1.0">
  <code code="GCAT">
    <editdetail attribution="Reuters BIP Coding Group" action="confirmed" date="1997-03-29"/>
  </code>
  <code code="GSPO">
    <editdetail attribution="Reuters BIP Coding Group" action="confirmed" date="1997-03-29"/>
  </code>
</codes>
<dc element="dc.date.created" value="1997-03-29"/>
<dc element="dc.publisher" value="Reuters Holdings Plc"/>
<dc element="dc.date.published" value="1997-03-29"/>
<dc element="dc.source" value="Reuters"/>
<dc element="dc.creator.location" value="LONDON"/>
<dc element="dc.creator.location.country.name" value="UK"/>
<dc element="dc.source" value="Reuters"/>
</metadata>
</newsitem>
