<?xml version="1.0" encoding="iso-8859-1" ?>
<newsitem itemid="475156" id="root" date="1997-03-29" xml:lang="en">
<title>BARBADOS: CRICKET-INDIA 249-3, WINDIES 298 - CLOSE OF PLAY, DAY 2.</title>
<headline>CRICKET-INDIA 249-3, WINDIES 298 - CLOSE OF PLAY, DAY 2.</headline>
<dateline>BRIDGETOWN, Barbados 1997-03-29</dateline>
<text>
<p>India were 249 for three at the close in reply to West Indies' 298 all out on the second day of the third test match at Kensington Oval on Saturday.</p>
<p>Scores: West Indies 298 (S.Chanderpaul 137 not out, V.Prasad 5-82); India 249-3 (S.Tendulkar 92, R.Dravid 71 not out).</p>
</text>
<copyright>(c) Reuters Limited 1997</copyright>
<metadata>
<codes class="bip:countries:1.0">
  <code code="BARB">
    <editdetail attribution="Reuters BIP Coding Group" action="confirmed" date="1997-03-29"/>
  </code>
  <code code="INDIA">
    <editdetail attribution="Reuters BIP Coding Group" action="confirmed" date="1997-03-29"/>
  </code>
  <code code="WEIND">
    <editdetail attribution="Reuters BIP Coding Group" action="confirmed" date="1997-03-29"/>
  </code>
</codes>
<codes class="bip:topics:1.0">
  <code code="GCAT">
    <editdetail attribution="Reuters BIP Coding Group" action="confirmed" date="1997-03-29"/>
  </code>
  <code code="GSPO">
    <editdetail attribution="Reuters BIP Coding Group" action="confirmed" date="1997-03-29"/>
  </code>
</codes>
<dc element="dc.date.created" value="1997-03-29"/>
<dc element="dc.publisher" value="Reuters Holdings Plc"/>
<dc element="dc.date.published" value="1997-03-29"/>
<dc element="dc.source" value="Reuters"/>
<dc element="dc.creator.location" value="BRIDGETOWN, Barbados"/>
<dc element="dc.creator.location.country.name" value="BARBADOS"/>
<dc element="dc.source" value="Reuters"/>
</metadata>
</newsitem>
