<?xml version="1.0" encoding="iso-8859-1" ?>
<newsitem itemid="475144" id="root" date="1997-03-29" xml:lang="en">
<title>SOUTH AFRICA: RUGBY UNION-WELLINGTON END LIONS' UNBEATEN RUN.</title>
<headline>RUGBY UNION-WELLINGTON END LIONS' UNBEATEN RUN.</headline>
<byline>Andy Capostagno</byline>
<dateline>JOHANNESBURG 1997-03-29</dateline>
<text>
<p>Super 12 leaders Gauteng Lions lost their unbeaten record when they lost 37-35 to Wellington Hurricanes at Ellis Park on Saturday.</p>
<p>The New Zealanders clinched the victory with a 79th minute penalty by scrum-half Jon Preston.</p>
<p>Preston kicked 22 points, six penalties and two conversions, and was responsible for ensuring that his side did not waste a three try burst in the first 16 minutes.</p>
<p>All Black full-back Christian Cullen scored two of Wellington's three tries on his return from injury.</p>
<p>Centre Jason O'Halloran scored the third from a charge down of an attempted Lions clearance kick and with Preston adding the conversion the visitors forged an early 19-3 lead.</p>
<p>The Lions, formerly Transvaal, fought back with tries from centre Joe Gillingham and flanker Piet Krause and the teams turned around at 20-25.</p>
<p>The Lions scored two more tries in the second period to earn a bonus point and kept their own line intact.</p>
<p>But technical infringements gave Preston the chance to keep Wellington in front, which he did with aplomb, missing only one of nine attempts on the day.</p>
<p>The Lions went ahead for the first time in the 68th minute when springbok centre Japie Mulder crossed the line to make it 32-31.</p>
<p>Lions fullback Gavin Johnson exchanged kicks with Preston in the dying minutes, but Preston had the last laugh, converting his sixth and decisive penalty when the Lions were penalised for using hands in the maul.</p>
<p>The two point margin of defeat gave the Lions a second bonus point and they still lead the standings with 20 points from five games. Wellington have 11 points from four games and play Natal next week in Durban.</p>
<p>Teams:</p>
<p>Gauteng Lions - Gavin Johnson; Dawie du Toit (Riaan van Jaarsveld 62 mins), Japie Mulder, Joe Gillingham, Jannie van der Walt; Hennie le Roux (Ken Ford 48 mins), Johan Roux; Andre Vos, Ian Macdonald, Piet Krause, Hannes Strydom, Kobus Wiese (captain),Kapstok van Greuning (Roberto Grau 65 mins), Chris Rossouw, Balie Swart.</p>
<p>Wellington - Christian Cullen; Tana Umaga, Alama Ieremia, Jason O'Halloran, Alex Tell; Stephen Backup, Jon Preston; Karl William's, Martin Leslie (Fin Make 72 ins), Christen Advise, Mark Cooksley, Dion Waller, Bill Cavubati (Phil Coffin 61 ins), Norm Hewitt, Mark Allen (captain).</p>
</text>
<copyright>(c) Reuters Limited 1997</copyright>
<metadata>
<codes class="bip:countries:1.0">
  <code code="NZ">
    <editdetail attribution="Reuters BIP Coding Group" action="confirmed" date="1997-03-29"/>
  </code>
  <code code="SAFR">
    <editdetail attribution="Reuters BIP Coding Group" action="confirmed" date="1997-03-29"/>
  </code>
</codes>
<codes class="bip:topics:1.0">
  <code code="GCAT">
    <editdetail attribution="Reuters BIP Coding Group" action="confirmed" date="1997-03-29"/>
  </code>
  <code code="GSPO">
    <editdetail attribution="Reuters BIP Coding Group" action="confirmed" date="1997-03-29"/>
  </code>
</codes>
<dc element="dc.date.created" value="1997-03-29"/>
<dc element="dc.publisher" value="Reuters Holdings Plc"/>
<dc element="dc.date.published" value="1997-03-29"/>
<dc element="dc.source" value="Reuters"/>
<dc element="dc.creator.location" value="JOHANNESBURG"/>
<dc element="dc.creator.location.country.name" value="SOUTH AFRICA"/>
<dc element="dc.source" value="Reuters"/>
</metadata>
</newsitem>
