<?xml version="1.0" encoding="iso-8859-1" ?>
<newsitem itemid="475130" id="root" date="1997-03-29" xml:lang="en">
<title>UK: SOCCER-WALES 1 BELGIUM 2 - LATEST.</title>
<headline>SOCCER-WALES 1 BELGIUM 2 - LATEST.</headline>
<dateline>CARDIFF 1997-03-29</dateline>
<text>
<p>Belgium led Wales 2-1 in their World Cup soccer European group 7 qualifier on Saturday.</p>
<p>Scorers:</p>
<p>Wales - Gary Speed 67</p>
<p>Belgium - Bertrand Crasson 24, Lorenzo Staelens 44</p>
</text>
<copyright>(c) Reuters Limited 1997</copyright>
<metadata>
<codes class="bip:countries:1.0">
  <code code="BELG">
    <editdetail attribution="Reuters BIP Coding Group" action="confirmed" date="1997-03-29"/>
  </code>
  <code code="UK">
    <editdetail attribution="Reuters BIP Coding Group" action="confirmed" date="1997-03-29"/>
  </code>
</codes>
<codes class="bip:topics:1.0">
  <code code="GCAT">
    <editdetail attribution="Reuters BIP Coding Group" action="confirmed" date="1997-03-29"/>
  </code>
  <code code="GSPO">
    <editdetail attribution="Reuters BIP Coding Group" action="confirmed" date="1997-03-29"/>
  </code>
</codes>
<dc element="dc.date.created" value="1997-03-29"/>
<dc element="dc.publisher" value="Reuters Holdings Plc"/>
<dc element="dc.date.published" value="1997-03-29"/>
<dc element="dc.source" value="Reuters"/>
<dc element="dc.creator.location" value="CARDIFF"/>
<dc element="dc.creator.location.country.name" value="UK"/>
<dc element="dc.source" value="Reuters"/>
</metadata>
</newsitem>
