<?xml version="1.0" encoding="iso-8859-1" ?>
<newsitem itemid="475189" id="root" date="1997-03-29" xml:lang="en">
<title>NETHERLANDS: SOCCER-NETHERLANDS 4 SAN MARINO 0 LATEST.</title>
<headline>SOCCER-NETHERLANDS 4 SAN MARINO 0 LATEST.</headline>
<dateline>AMSTERDAM 1997-03-29</dateline>
<text>
<p>The Netherlands led San Marino 4-0 in their World Cup European group seven qualifying match on Saturday.</p>
<p>Scorers: Patrick Kluivert 44, Frank de Boer 58 90, Pierre van Hooijdonk 82</p>
</text>
<copyright>(c) Reuters Limited 1997</copyright>
<metadata>
<codes class="bip:countries:1.0">
  <code code="NETH">
    <editdetail attribution="Reuters BIP Coding Group" action="confirmed" date="1997-03-29"/>
  </code>
  <code code="SMARNO">
    <editdetail attribution="Reuters BIP Coding Group" action="confirmed" date="1997-03-29"/>
  </code>
</codes>
<codes class="bip:topics:1.0">
  <code code="GCAT">
    <editdetail attribution="Reuters BIP Coding Group" action="confirmed" date="1997-03-29"/>
  </code>
  <code code="GSPO">
    <editdetail attribution="Reuters BIP Coding Group" action="confirmed" date="1997-03-29"/>
  </code>
</codes>
<dc element="dc.date.created" value="1997-03-29"/>
<dc element="dc.publisher" value="Reuters Holdings Plc"/>
<dc element="dc.date.published" value="1997-03-29"/>
<dc element="dc.source" value="Reuters"/>
<dc element="dc.creator.location" value="AMSTERDAM"/>
<dc element="dc.creator.location.country.name" value="NETHERLANDS"/>
<dc element="dc.source" value="Reuters"/>
</metadata>
</newsitem>
