<?xml version="1.0" encoding="iso-8859-1" ?>
<newsitem itemid="475154" id="root" date="1997-03-29" xml:lang="en">
<title>ROMANIA: SOCCER-ROMANIA V LIECHTENSTEIN WORLD CUP QUALIFIER TEAMS.</title>
<headline>SOCCER-ROMANIA V LIECHTENSTEIN WORLD CUP QUALIFIER TEAMS.</headline>
<dateline>BUCHAREST 1997-03-29</dateline>
<text>
<p>Teams for Saturday's World Cup group eight qualifier between Romania and Liechtenstein:</p>
<p>Romania - 1-Dumitru Stingaciu,  2-Dan Petrescu, 3-Daniel Prodan, 4-Anton Dobos, 5-Constantin Galca, 6-Gheorghe Popescu, 7-Tibor Selymess, 8-Adrian Ilie, 9-Viorel Moldovan, 10-Gheorghe Hagi (captain), 11-Ion Vladoiu.</p>
<p>Liechtenstein - 1-Martin Heeb, 2-Martin Stocklasa, 3-Patrick Hefti, 4-Thomas Hanselmann, 5-Harry Zech, 6-Daniel Hasler (captain), 7-Daniel Telser, 8-Christoph Frick, 9-Franz Schadler, 10-Peter Klaunzer, 11-Jurgen Ospelt.</p>
</text>
<copyright>(c) Reuters Limited 1997</copyright>
<metadata>
<codes class="bip:countries:1.0">
  <code code="LIECHT">
    <editdetail attribution="Reuters BIP Coding Group" action="confirmed" date="1997-03-29"/>
  </code>
  <code code="ROM">
    <editdetail attribution="Reuters BIP Coding Group" action="confirmed" date="1997-03-29"/>
  </code>
</codes>
<codes class="bip:topics:1.0">
  <code code="GCAT">
    <editdetail attribution="Reuters BIP Coding Group" action="confirmed" date="1997-03-29"/>
  </code>
  <code code="GSPO">
    <editdetail attribution="Reuters BIP Coding Group" action="confirmed" date="1997-03-29"/>
  </code>
</codes>
<dc element="dc.date.created" value="1997-03-29"/>
<dc element="dc.publisher" value="Reuters Holdings Plc"/>
<dc element="dc.date.published" value="1997-03-29"/>
<dc element="dc.source" value="Reuters"/>
<dc element="dc.creator.location" value="BUCHAREST"/>
<dc element="dc.creator.location.country.name" value="ROMANIA"/>
<dc element="dc.source" value="Reuters"/>
</metadata>
</newsitem>
