<?xml version="1.0" encoding="iso-8859-1" ?>
<newsitem itemid="475120" id="root" date="1997-03-29" xml:lang="en">
<title>JAPAN: SHORT TRACK SPEED SKATING-CHAREST SETS MARK IN 500 METRES.</title>
<headline>SHORT TRACK SPEED SKATING-CHAREST SETS MARK IN 500 METRES.</headline>
<dateline>NAGANO, Japan 1997-03-29</dateline>
<text>
<p>Canada's Isabelle Charest shaved 0.313 seconds off the women's 500-metre world record in a heat at the world short track speed skating championships on Saturday.</p>
<p>Charest finished in 44.867 seconds to record the first world record in the White Ring venue which will host short track events at next year's Nagano Olympics.</p>
<p>Yang Yang of China set the previous mark of 45.18 seconds last November in Beijing.</p>
</text>
<copyright>(c) Reuters Limited 1997</copyright>
<metadata>
<codes class="bip:countries:1.0">
  <code code="CANA">
    <editdetail attribution="Reuters BIP Coding Group" action="confirmed" date="1997-03-29"/>
  </code>
  <code code="JAP">
    <editdetail attribution="Reuters BIP Coding Group" action="confirmed" date="1997-03-29"/>
  </code>
</codes>
<codes class="bip:topics:1.0">
  <code code="GCAT">
    <editdetail attribution="Reuters BIP Coding Group" action="confirmed" date="1997-03-29"/>
  </code>
  <code code="GSPO">
    <editdetail attribution="Reuters BIP Coding Group" action="confirmed" date="1997-03-29"/>
  </code>
</codes>
<dc element="dc.date.created" value="1997-03-29"/>
<dc element="dc.publisher" value="Reuters Holdings Plc"/>
<dc element="dc.date.published" value="1997-03-29"/>
<dc element="dc.source" value="Reuters"/>
<dc element="dc.creator.location" value="NAGANO, Japan"/>
<dc element="dc.creator.location.country.name" value="JAPAN"/>
<dc element="dc.source" value="Reuters"/>
</metadata>
</newsitem>
