<?xml version="1.0" encoding="iso-8859-1" ?>
<newsitem itemid="475106" id="root" date="1997-03-29" xml:lang="en">
<title>UK: SOCCER-NORTHERN IRELAND DRAW 0-0 WITH PORTUGAL.</title>
<headline>SOCCER-NORTHERN IRELAND DRAW 0-0 WITH PORTUGAL.</headline>
<dateline>BELFAST 1997-03-29</dateline>
<text>
<p>Northern Ireland drew 0-0 with Portugal in their group nine qualifier at Windsor Park on Saturday.</p>
<p>ATTENDANCE: 9,392.</p>
<p>TEAMS:</p>
<p>Northern Ireland: 1-Tommy Wright; 7-Keith Gillespie, 4-Colin Hill, 3-Stephen Morrow, 5-Gerry Taggart, 2-Ian Nolan; 6-Stephen Lomas, 10-Neil Lennon, 8-Jim Magilton; 9-Iain Dowie, 11-James Quinn (17-Gerard McMahon, 69).</p>
<p>Portugal: 1-Vitor Baia; 11-Paulinho Santos, 5-Fernando Couto, 2-Jorge Costa, 3-Dimas (18-Jorge Cadete 62); 9-Sergio Conceicao, 6-Paulo Sousa, 10-Rui Costa, 4-Oceano (15-Pedro Martins 62), 7-Figo; 8-Joao Pinto.</p>
<p>  Standings	   P   W   D   L   F   A  Pts    </p>
<p> Portugal	     6   2   3   1   5   2   9</p>
<p> Northern Ireland   5   1   3   1   4   3   6</p>
<p> Ukraine		3   2   0   1   3   2   6</p>
<p> Germany		3   1   2   0   6   2   5</p>
<p> Armenia		4   0   3   1   3   7   3</p>
<p> Albania		3   0   1   2   1   6   1</p>
<p>Next matches:</p>
<p>1997:</p>
<p> Today    -   Albania v Ukraine</p>
<p> Apr 2    -   Albania v Germany</p>
<p> Apr 2    -   Ukraine v Northern Ireland</p>
<p> Apr 30   -   Germany v Ukraine</p>
<p> Apr 30   -   Armenia v Northern Ireland</p>
<p> May 7    -   Ukraine v Armenia</p>
<p> Jun 7    -   Portugal v Albanie</p>
<p> Jun 7    -   Ukraine v Germany</p>
<p> Aug 20   -   Portugal v Armenia</p>
<p> Aug 20   -   Ukraine v Albania</p>
<p> Aug 20   -   Northern Ireland v Germany</p>
<p> Sept 6   -   Germany v Portugal</p>
<p> Sept 6   -   Armenia v Albania</p>
<p> Sept 10  -   Germany v Armenia</p>
<p> Sept 10  -   Albania v Northern Ireland</p>
<p> Oct 11   -   Germany v Albania</p>
<p> Oct 11   -   Armenia v Ukraine</p>
<p> Oct 11   -   Portugal v Northern Ireland</p>
</text>
<copyright>(c) Reuters Limited 1997</copyright>
<metadata>
<codes class="bip:countries:1.0">
  <code code="PORL">
    <editdetail attribution="Reuters BIP Coding Group" action="confirmed" date="1997-03-29"/>
  </code>
  <code code="UK">
    <editdetail attribution="Reuters BIP Coding Group" action="confirmed" date="1997-03-29"/>
  </code>
</codes>
<codes class="bip:topics:1.0">
  <code code="GCAT">
    <editdetail attribution="Reuters BIP Coding Group" action="confirmed" date="1997-03-29"/>
  </code>
  <code code="GSPO">
    <editdetail attribution="Reuters BIP Coding Group" action="confirmed" date="1997-03-29"/>
  </code>
</codes>
<dc element="dc.date.created" value="1997-03-29"/>
<dc element="dc.publisher" value="Reuters Holdings Plc"/>
<dc element="dc.date.published" value="1997-03-29"/>
<dc element="dc.source" value="Reuters"/>
<dc element="dc.creator.location" value="BELFAST"/>
<dc element="dc.creator.location.country.name" value="UK"/>
<dc element="dc.source" value="Reuters"/>
</metadata>
</newsitem>
