<?xml version="1.0" encoding="iso-8859-1" ?>
<newsitem itemid="475182" id="root" date="1997-03-29" xml:lang="en">
<title>ITALY: SOCCER-LIST OF ITALIAN GOALSCORING MILESTONES.</title>
<headline>SOCCER-LIST OF ITALIAN GOALSCORING MILESTONES.</headline>
<dateline>TRIESTE, Italy 1997-03-29</dateline>
<text>
<p>The following is a list of goalscoring milestones in Italy's soccer history after Christian Vieri scored his country's 1,000th international goal during a World Cup qualifier against Moldova on Saturday:</p>
<p>1 - First goal scored by Pietro Lana, on May 15 1910 in Milan in a 6-2 victory over France. Lana scored in the 13th minute and went on to complete a hat-trick.</p>
<p>100 - Adolfo Baloncieri, January 30 1927 in the 16th minute of a 5-1 friendly victory against Switzerland in Geneva.</p>
<p>200 - Raimondo Orsi, December 13 1931 in 3-2 victory over Hungary in Turin.</p>
<p>300 - Giancarlo Pasinati, May 15 1938, in 6-1 friendly win against Belgium in Milan.</p>
<p>400 - Ermes Muccinelli, March 5 1950, in a 3-1 win against Belgium in Bologna.</p>
<p>500 - Mario Corso, November 11 1961, in a 6-0 victory over Israel in Turin.</p>
<p>600 - Pietro Anastasi, June 10 1968, in a 2-0 victory over Yugoslavia in Rome.</p>
<p>700 - Francesco Graziani, September 25 1976, in a 3-0 win against Yugoslavia in Rome.</p>
<p>800 - Paolo Rossi, February 4 1984, in a 5-0 victory against Mexico in Rome.</p>
<p>900 - Salvatore Schillaci, June 5 1991, in a 2-1 defeat by Norway in Oslo.</p>
<p>1,000 - Christian Vieri</p>
</text>
<copyright>(c) Reuters Limited 1997</copyright>
<metadata>
<codes class="bip:countries:1.0">
  <code code="ITALY">
    <editdetail attribution="Reuters BIP Coding Group" action="confirmed" date="1997-03-29"/>
  </code>
</codes>
<codes class="bip:topics:1.0">
  <code code="GCAT">
    <editdetail attribution="Reuters BIP Coding Group" action="confirmed" date="1997-03-29"/>
  </code>
  <code code="GSPO">
    <editdetail attribution="Reuters BIP Coding Group" action="confirmed" date="1997-03-29"/>
  </code>
</codes>
<dc element="dc.date.created" value="1997-03-29"/>
<dc element="dc.publisher" value="Reuters Holdings Plc"/>
<dc element="dc.date.published" value="1997-03-29"/>
<dc element="dc.source" value="Reuters"/>
<dc element="dc.creator.location" value="TRIESTE, Italy"/>
<dc element="dc.creator.location.country.name" value="ITALY"/>
<dc element="dc.source" value="Reuters"/>
</metadata>
</newsitem>
