<?xml version="1.0" encoding="iso-8859-1" ?>
<newsitem itemid="475141" id="root" date="1997-03-29" xml:lang="en">
<title>SOUTH AFRICA: RUGBY UNION-PUTT TRY SETS UP NATAL VICTORY.</title>
<headline>RUGBY UNION-PUTT TRY SETS UP NATAL VICTORY.</headline>
<byline>Mark Stokes</byline>
<dateline>DURBAN 1997-03-29</dateline>
<text>
<p>A 78th-minute try from Natal scrum-half Kevin Putt allowed his side to steal a 28-23 victory over New South Wales in a thunderous Super 12 encounter at Kings Park on Saturday.</p>
<p>Natal's third win in the competition, following their surprise defeat at the hands of Free State last weekend, moved them into joint second place in the table alongside Australian Capital Territory on 16 points.</p>
<p>But the home side had to withstand a bruising onslaught from the NSW Waratahs on a warm evening which produced rugby of a furious pace.</p>
<p>Determined play - and tries from left wing David Campese and centre Richard Tombs - had given New South Wales a deserved 23-18 lead with 10 minutes remaining.</p>
<p>But Natal reduced the deficit to 23-21 when the faultless boot of full-back Gavin Lawless landed his seventh successful kick out of seven, paving the way for Putt's decisive try.</p>
<p>An athletic lineout take from Springbok lock Mark Andrews set up a forward drive and the livewire scrum-half was on hand from the ensuing ruck to thread his way across the line for Natal's only try of the match. Lawless added the conversion for a match tally of 23 points.</p>
<p>The Waratahs, who now have just one win and six points from their opening four games, had to settle for a solitary bonus point for finishing within seven points of Natal.</p>
<p>It was tough on their heavier pack who took only six minutes to set up a try for the inspirational Campese, playing his last match on South African soil, who slipped through the Natal defence unchallenged to score under the posts.</p>
<p>Campese, who was given a yellow card in the second half for swearing at referee Tappe Henning, said afterwards it had been a tough game for both sides.</p>
<p>&quot;The ball was a bit slippery, temperatures must have been around 30 degrees and I guess Natal just wanted it a little more than us at the end. Some of the refereeing interpretations were strange, though, and that made it difficult when both sides wanted to play a quick game.&quot;</p>
<p>Teams:</p>
<p>Natal - Gavin Lawless; Joos Joubert, Jeremy Thomson, Geoff Appleford, Cabous van der Westhuizen; Henry Honiball, Kevin Putt; Gary Teichmann (captain), Wickus van Heerden (Dieter Kriese, 71st), Wayne Fyvie, Mark Andrews, John Slade, Adrian Garvey, JohnAllan, Ollie le Roux (Rob Kempson 66th).</p>
<p>New South Wales - Matt Burke; Alistair Murdoch, Graeme Bond, Richard Tombs, David Campese; Scott Bowen, Sam Payne; Fili Finau, Stuart Pinkerton, Michael Brial (Daniel Manu 55th), Sam Domoni, Tim Gavin (captain), Andrew Blades, Mark Bell (Phil Kearns 3rd), Richard Harry.</p>
</text>
<copyright>(c) Reuters Limited 1997</copyright>
<metadata>
<codes class="bip:countries:1.0">
  <code code="AUSTR">
    <editdetail attribution="Reuters BIP Coding Group" action="confirmed" date="1997-03-29"/>
  </code>
  <code code="SAFR">
    <editdetail attribution="Reuters BIP Coding Group" action="confirmed" date="1997-03-29"/>
  </code>
</codes>
<codes class="bip:topics:1.0">
  <code code="GCAT">
    <editdetail attribution="Reuters BIP Coding Group" action="confirmed" date="1997-03-29"/>
  </code>
  <code code="GSPO">
    <editdetail attribution="Reuters BIP Coding Group" action="confirmed" date="1997-03-29"/>
  </code>
</codes>
<dc element="dc.date.created" value="1997-03-29"/>
<dc element="dc.publisher" value="Reuters Holdings Plc"/>
<dc element="dc.date.published" value="1997-03-29"/>
<dc element="dc.source" value="Reuters"/>
<dc element="dc.creator.location" value="DURBAN"/>
<dc element="dc.creator.location.country.name" value="SOUTH AFRICA"/>
<dc element="dc.source" value="Reuters"/>
</metadata>
</newsitem>
