<?xml version="1.0" encoding="iso-8859-1" ?>
<newsitem itemid="475123" id="root" date="1997-03-29" xml:lang="en">
<title>USA: GOLF-LEADING SCORES AT LPGA DINAH SHORE.</title>
<headline>GOLF-LEADING SCORES AT LPGA DINAH SHORE.</headline>
<dateline>RANCHO MIRAGE, California 1997-03-28</dateline>
<text>
<p>Leading scores after the second round of the $900,000 Nabisco Dinah Shore LPGA golf tournament on Friday (U.S. unless noted):</p>
<p>137 Kelly Robbins 70 67</p>
<p>138 Betsy King 71 67</p>
<p>139 Amy Fruhwirth 69 70, Kathryn Marshall (Scotland) 66 73</p>
<p>140 Dale Eggeling 68 72, Laura Davies (Britain) 70 70</p>
<p>141 Jane Crafter (Australia) 70 71, Tina Barrett 70 71,  Pat Bradley 69 72, Hiromi Kobayashi (Japan) 72 69</p>
<p>142 Lisa Hackney (Britain) 70 72, Trish Johnson (Britain) 70 72, Annika Sorenstam (Sweden) 70 72, Jenny Lidback 70 72, Kris Tschetter 66 76</p>
<p>143 Pat Hurst 74 69, Deb Richard 68 75, Barb Mucha 71 72, Karrie Webb (Australia) 69 74, Jane Geddes 68 75, Alison Nicholas (Britain) 72 71</p>
<p>Other regonal scores:</p>
<p>145 Marisa Baena (Colombia) 74 71</p>
<p>147 Mayumi Hirase (Japan) 70 77, Kaori Harada (Japan) 72 75,</p>
<p>Annie Marie Palli (France) 74 73</p>
<p>148 Helen Alfredsson (Sweden) 74 74</p>
<p>149 Ayoko Okamoto (Japan) 73 76, Aiko Fukushima (Japan) 73 76</p>
<p>150 Grace Park (South Korea) 76 74</p>
<p>151 Marta Figueras-Dotti (Spain) 77 74</p>
<p>152 Gail Graham (Canada) 71 81, Alicia Dibos (Peru) 76 76,</p>
<p>Sally Little (South Africa) 74 78, Stefania Croce (Italy) 78 74</p>
<p>153 Helen Dobson (Britain) 79 74, Suzanne Strudwick (Britain) 77 76</p>
<p>154 Florence Descampe (Belgium) 79 75, Jennifer Wyatt (Canada) 75 79, Caroline Pierce (Britain) 76 78, Carin Hj Koch (Sweden) 76 78</p>
</text>
<copyright>(c) Reuters Limited 1997</copyright>
<metadata>
<codes class="bip:countries:1.0">
  <code code="USA">
    <editdetail attribution="Reuters BIP Coding Group" action="confirmed" date="1997-03-29"/>
  </code>
</codes>
<codes class="bip:topics:1.0">
  <code code="GCAT">
    <editdetail attribution="Reuters BIP Coding Group" action="confirmed" date="1997-03-29"/>
  </code>
  <code code="GSPO">
    <editdetail attribution="Reuters BIP Coding Group" action="confirmed" date="1997-03-29"/>
  </code>
</codes>
<dc element="dc.date.created" value="1997-03-28"/>
<dc element="dc.publisher" value="Reuters Holdings Plc"/>
<dc element="dc.date.published" value="1997-03-29"/>
<dc element="dc.source" value="Reuters"/>
<dc element="dc.creator.location" value="RANCHO MIRAGE, California"/>
<dc element="dc.creator.location.country.name" value="USA"/>
<dc element="dc.source" value="Reuters"/>
</metadata>
</newsitem>
