<?xml version="1.0" encoding="iso-8859-1" ?>
<newsitem itemid="475127" id="root" date="1997-03-29" xml:lang="en">
<title>UK: SOCCER-WORLD CUP COLLATED RESULTS/STANDINGS.</title>
<headline>SOCCER-WORLD CUP COLLATED RESULTS/STANDINGS.</headline>
<dateline>LONDON 1997-03-29</dateline>
<text>
<p>Collated results and standings</p>
<p>of World Cup soccer qualifiers played on Saturday:</p>
<p>European zone</p>
<p>Group 1</p>
<p>In Split:</p>
<p> Croatia    1    Denmark    1   (halftime 0-0)</p>
<p>Scorers:</p>
<p>Croatia - Davor Suker 50.</p>
<p>Denmark - Brian Laudrup 82,</p>
<p>Attendance: 34,000.</p>
<p>    Standings	 P   W   D   L   F   A  Pts</p>
<p> Greece		 4   2   1   1   7   3   7</p>
<p> Denmark		3   2   1   0   5   2   7</p>
<p> Croatia		3   1   2   0   6   3   5</p>
<p> Bosnia		 3   1   0   2   3   8   3</p>
<p> Slovenia	     3   0   0   3   1   6   0</p>
<p>Group 2</p>
<p>In Trieste</p>
<p> Italy     3    Moldova    0   (2-0)</p>
<p>Scorers: Paolo Maldini 24, Gianfranco Zola 44, Christian</p>
<p>Vieri 49</p>
<p>Attendance: 25,000</p>
<p>			  P   W   D   L   F   A  Pts</p>
<p> Italy		  4   4   0   0   8   1  12</p>
<p> England		4   3   0   1   7   2   9</p>
<p> Poland		 2   1   0   1   3   3   3</p>
<p> Georgia		2   0   0   2   0   3   0</p>
<p> Moldova		4   0   0   4   2   11  0</p>
<p>Group 4</p>
<p>In Kilmarnock:</p>
<p> Scotland    2     Estonia	0   (1-0)</p>
<p>Scorers: Tom Boyd 25, Janek Meet o.g. 53.</p>
<p>Attendance: 17,996.</p>
<p>			 P   W   D   L   F   A   Pts</p>
<p> Scotland	    5   3   2   0   5   0   11</p>
<p> Austria	     3   2   1   0   3   1    7</p>
<p> Sweden		4   2   0   2   7   4    6</p>
<p> Estonia	     4   1   1   2   1   3    4</p>
<p> Belarus	     4   1   1   2   3   7    4</p>
<p> Latvia		4   0   1   3   3   7    1</p>
<p>Group 5</p>
<p>In Paralimni, Cyprus:</p>
<p> Cyprus	1     Russia	 1   (halftime 1-1)</p>
<p>Scorers:</p>
<p>Cyprus - Sinica Gogic 31</p>
<p>Russia - Igor Simutenkov 32</p>
<p>Attendance: 4,000</p>
<p>			 P   W   D   L   F   A   Pts</p>
<p>Russia		 4   2   2   0  10   2   8</p>
<p>Israel		 4   2   1   1   4   4   7</p>
<p>Bulgaria	     3   2   0   1   6   4   6</p>
<p>Cyprus		 4   1   1   2   4   8   4</p>
<p>Luxembourg	   3   0   0   3   1   7   0</p>
<p>Group 7</p>
<p>In Cardiff:</p>
<p> Wales	 1     Belgium	2   (0-2)</p>
<p>Scorers:</p>
<p>Wales - Gary Speed 67</p>
<p>Belgium - Bertrand Crasson 24, Lorenzo Staelens 44</p>
<p>Attendance: 15,000</p>
<p>In Amsterdam:</p>
<p> Netherlands  4     San Marino  0   (1-0)</p>
<p>Scorers: Patrick Kluivert 44, Frank de Boer 58, 90, Pierre</p>
<p>van Hooijdonk 82</p>
<p>Attendance: 48,000</p>
<p>		     P   W   D   L   F   A  Pts</p>
<p> Netherlands     4   4   0   0  17   2  12</p>
<p> Belgium	   4   3   0   1   7   5   9</p>
<p> Wales	     6   2   1   3  14  12   7</p>
<p> Turkey	    3   1   1   1   8   2   4</p>
<p> San Marino	5   0   0   5   0  25   0</p>
<p>Group 8</p>
<p>In Bucharest:</p>
<p> Romania     8     Liechtenstein  0   (3-0)</p>
<p>Scorers: Viorel Moldovan 10, Gheorghe Popescu 28, 30, 68,</p>
<p>82, Gheorghe Hagi 47, Dan Petrescu 49, Gheorghe Craioveanu 71</p>
<p>Attendance: 2,500</p>
<p>			 P   W   D   L   F   A   Pts</p>
<p> Romania	     4   4   0   0  18   0   12</p>
<p> Ireland	     3   2   1   0   8   0    7</p>
<p> Macedonia	   5   2   1   2  15   8    7</p>
<p> Lithuania	   3   2   0   1   4   4    6</p>
<p> Iceland	     4   0   2   2   1   7    2</p>
<p> Liechtenstein     5   0   0   5   2  29    0</p>
<p>Group 9</p>
<p>In Belfast:</p>
<p> Northern Ireland   0     Portugal     0</p>
<p>Attendance: 9,395</p>
<p>In Granada, Spain:</p>
<p> Albania		0     Ukraine	1   (1-0)</p>
<p>Scorer: Serguei Rebrov 39</p>
<p>Attendance: 250</p>
<p>			  P   W   D   L   F   A  Pts</p>
<p> Portugal	     6   2   3   1   5   2   9</p>
<p> Ukraine		4   3   0   1   4   2   9</p>
<p> Northern Ireland   5   1   3   1   4   3   6</p>
<p> Germany		3   1   2   0   6   2   5</p>
<p> Armenia		4   0   3   1   3   7   3</p>
<p> Albania		4   0   1   3   1   7   1</p>
<p>Asian zone</p>
<p>Group 1</p>
<p>In Jeddah, Saudi Arabia:</p>
<p> Saudi Arabia    3    Malaysia    0   (0-0)</p>
<p>Scorers: Khalid Musab 60 85, Abed al-Dhasiri 87</p>
<p>Attendance: 50,000</p>
<p> Taiwan	    1    Bangladesh  2   (1-0)</p>
<p>Scorers:</p>
<p>Bangladesh - Mohammed al-Amin 45, Imtiyaz Ahmed 81</p>
<p>Taiwan - Hu Sen 53.</p>
<p>Attendance: 20,000</p>
<p>			  P    W    D    L   F   A   Pts</p>
<p>     Saudi Arabia   5    4    1    0  12   1    13</p>
<p>     Malaysia	 5    2    2    1   4   3     8</p>
<p>     Taiwan	   5    1    1    3   4   7     4</p>
<p>     Bangladesh     5    1    0    4   4  13     3</p>
</text>
<copyright>(c) Reuters Limited 1997</copyright>
<metadata>
<codes class="bip:countries:1.0">
  <code code="UK">
    <editdetail attribution="Reuters BIP Coding Group" action="confirmed" date="1997-03-29"/>
  </code>
</codes>
<codes class="bip:topics:1.0">
  <code code="GCAT">
    <editdetail attribution="Reuters BIP Coding Group" action="confirmed" date="1997-03-29"/>
  </code>
  <code code="GSPO">
    <editdetail attribution="Reuters BIP Coding Group" action="confirmed" date="1997-03-29"/>
  </code>
</codes>
<dc element="dc.date.created" value="1997-03-29"/>
<dc element="dc.publisher" value="Reuters Holdings Plc"/>
<dc element="dc.date.published" value="1997-03-29"/>
<dc element="dc.source" value="Reuters"/>
<dc element="dc.creator.location" value="LONDON"/>
<dc element="dc.creator.location.country.name" value="UK"/>
<dc element="dc.source" value="Reuters"/>
</metadata>
</newsitem>
