<?xml version="1.0" encoding="iso-8859-1" ?>
<newsitem itemid="475153" id="root" date="1997-03-29" xml:lang="en">
<title>ROMANIA: SOCCER-ROMANIA 7 LIECHTENSTEIN 0 LATEST.</title>
<headline>SOCCER-ROMANIA 7 LIECHTENSTEIN 0 LATEST.</headline>
<dateline>BUCHAREST 1997-03-29</dateline>
<text>
<p>Romania led Liechtenstein 7-0 in their World Cup group eight qualifying match on Saturday.</p>
<p>Scorers: Viorel Moldovan 10, Gheorghe Popescu 28, 30, 68 Gheorghe Hagi 47, Dan Petrescu 49, Gheorghe Craioveanu 71</p>
</text>
<copyright>(c) Reuters Limited 1997</copyright>
<metadata>
<codes class="bip:countries:1.0">
  <code code="LIECHT">
    <editdetail attribution="Reuters BIP Coding Group" action="confirmed" date="1997-03-29"/>
  </code>
  <code code="ROM">
    <editdetail attribution="Reuters BIP Coding Group" action="confirmed" date="1997-03-29"/>
  </code>
</codes>
<codes class="bip:topics:1.0">
  <code code="GCAT">
    <editdetail attribution="Reuters BIP Coding Group" action="confirmed" date="1997-03-29"/>
  </code>
  <code code="GSPO">
    <editdetail attribution="Reuters BIP Coding Group" action="confirmed" date="1997-03-29"/>
  </code>
</codes>
<dc element="dc.date.created" value="1997-03-29"/>
<dc element="dc.publisher" value="Reuters Holdings Plc"/>
<dc element="dc.date.published" value="1997-03-29"/>
<dc element="dc.source" value="Reuters"/>
<dc element="dc.creator.location" value="BUCHAREST"/>
<dc element="dc.creator.location.country.name" value="ROMANIA"/>
<dc element="dc.source" value="Reuters"/>
</metadata>
</newsitem>
