<?xml version="1.0" encoding="iso-8859-1" ?>
<newsitem itemid="475137" id="root" date="1997-03-29" xml:lang="en">
<title>UK: RUGBY UNION-PILKINGTON CUP SEMIFINAL RESULTS.</title>
<headline>RUGBY UNION-PILKINGTON CUP SEMIFINAL RESULTS.</headline>
<dateline>LONDON 1997-03-29</dateline>
<text>
<p>Results of English Pilkington</p>
<p>Cup semifinals on Saturday:</p>
<p> Gloucester     13    Leicester	    26</p>
<p> Sale	     26    Harlequins	   16</p>
</text>
<copyright>(c) Reuters Limited 1997</copyright>
<metadata>
<codes class="bip:countries:1.0">
  <code code="UK">
    <editdetail attribution="Reuters BIP Coding Group" action="confirmed" date="1997-03-29"/>
  </code>
</codes>
<codes class="bip:topics:1.0">
  <code code="GCAT">
    <editdetail attribution="Reuters BIP Coding Group" action="confirmed" date="1997-03-29"/>
  </code>
  <code code="GSPO">
    <editdetail attribution="Reuters BIP Coding Group" action="confirmed" date="1997-03-29"/>
  </code>
</codes>
<dc element="dc.date.created" value="1997-03-29"/>
<dc element="dc.publisher" value="Reuters Holdings Plc"/>
<dc element="dc.date.published" value="1997-03-29"/>
<dc element="dc.source" value="Reuters"/>
<dc element="dc.creator.location" value="LONDON"/>
<dc element="dc.creator.location.country.name" value="UK"/>
<dc element="dc.source" value="Reuters"/>
</metadata>
</newsitem>
