<?xml version="1.0" encoding="iso-8859-1" ?>
<newsitem itemid="475176" id="root" date="1997-03-29" xml:lang="en">
<title>USA: NBA BASKETBALL-STANDINGS AFTER FRIDAY'S GAMES.</title>
<headline>NBA BASKETBALL-STANDINGS AFTER FRIDAY'S GAMES.</headline>
<dateline>NEW YORK 1997-03-29</dateline>
<text>
<p>Standings of National</p>
<p>Basketball Association teams after games played on Friday</p>
<p>(tabulate under won, lost, winning percentage, games behind):</p>
<p>		EASTERN CONFERENCE</p>
<p>		ATLANTIC DIVISION</p>
<p>			W    L    PCT  GB</p>
<p> X-MIAMI	   53   17   .757   -</p>
<p> X-NEW YORK	50   21   .704   3 1/2</p>
<p> ORLANDO	   40   30   .571  13</p>
<p> WASHINGTON	35   35   .500  18</p>
<p> NEW JERSEY	23   47   .329  30</p>
<p> PHILADELPHIA    19   50   .275  33 1/2</p>
<p> BOSTON	    13   59   .181  41</p>
<p>		 CENTRAL DIVISION</p>
<p>			W    L    PCT  GB</p>
<p> X-CHICAGO	 61    9   .871   -</p>
<p> X-DETROIT	 49   21   .700  12</p>
<p> X-ATLANTA	 49   22   .690  12 1/2</p>
<p> CHARLOTTE	 45   26   .634  16 1/2</p>
<p> CLEVELAND	 36   34   .514  25</p>
<p> INDIANA	   34   36   .486  27</p>
<p> MILWAUKEE	 28   42   .400  33</p>
<p> TORONTO	   25   47   .347  37</p>
<p>		 WESTERN CONFERENCE</p>
<p>		  MIDWEST DIVISION</p>
<p>			W    L    PCT  GB</p>
<p> X-UTAH	    53   17   .757   -</p>
<p> X-HOUSTON	 47   23   .671   6</p>
<p> MINNESOTA	 34   37   .479  19 1/2</p>
<p> DALLAS	    22   47   .319  30 1/2</p>
<p> DENVER	    19   50   .275  33 1/2</p>
<p> SAN ANTONIO     18   52   .257  35</p>
<p> VANCOUVER	 12   62   .162  43</p>
<p>		PACIFIC DIVISION</p>
<p>			W    L    PCT  GB</p>
<p> X-SEATTLE	 50   21   .704   -</p>
<p> X-LA LAKERS     48   23   .676   2</p>
<p> X-PORTLAND	43   30   .589   8</p>
<p> PHOENIX	   32   39   .451  18</p>
<p> LA CLIPPERS     31   39   .443  18 1/2</p>
<p> SACRAMENTO	29   42   .408  21</p>
<p> GOLDEN STATE    25   45   .357  24 1/2</p>
<p>X -- CLINCHED PLAYOFF BERTH</p>
<p>SATURDAY, MARCH 29TH SCHEDULE</p>
<p> SACRAMENTO AT ATLANTA  </p>
<p> DALLAS AT WASHINGTON   </p>
<p> NEW JERSEY AT CHICAGO  </p>
<p> DENVER AT HOUSTON	</p>
<p> UTAH AT SAN ANTONIO</p>
</text>
<copyright>(c) Reuters Limited 1997</copyright>
<metadata>
<codes class="bip:countries:1.0">
  <code code="CANA">
    <editdetail attribution="Reuters BIP Coding Group" action="confirmed" date="1997-03-29"/>
  </code>
  <code code="USA">
    <editdetail attribution="Reuters BIP Coding Group" action="confirmed" date="1997-03-29"/>
  </code>
</codes>
<codes class="bip:topics:1.0">
  <code code="GCAT">
    <editdetail attribution="Reuters BIP Coding Group" action="confirmed" date="1997-03-29"/>
  </code>
  <code code="GSPO">
    <editdetail attribution="Reuters BIP Coding Group" action="confirmed" date="1997-03-29"/>
  </code>
</codes>
<dc element="dc.date.created" value="1997-03-29"/>
<dc element="dc.publisher" value="Reuters Holdings Plc"/>
<dc element="dc.date.published" value="1997-03-29"/>
<dc element="dc.source" value="Reuters"/>
<dc element="dc.creator.location" value="NEW YORK"/>
<dc element="dc.creator.location.country.name" value="USA"/>
<dc element="dc.source" value="Reuters"/>
</metadata>
</newsitem>
