<?xml version="1.0" encoding="iso-8859-1" ?>
<newsitem itemid="475185" id="root" date="1997-03-29" xml:lang="en">
<title>FRANCE: SOCCER-FORMER ST ETIENNE CHAIRMAN ROCHER DIES.</title>
<headline>SOCCER-FORMER ST ETIENNE CHAIRMAN ROCHER DIES.</headline>
<dateline>PARIS 1997-03-29</dateline>
<text>
<p>Roger Rocher, former chairman of St Etienne and a leading figure in French soccer in the 1970s, died on Saturday at the age of 77, hospital sources said.</p>
<p>Rocher took over St Etienne in the 1960s and turned them into one of the leading teams in Europe over the next decade, leading the Greens to the European Cup final in 1976 when they lost to Bayern Munich.</p>
<p>He left the club's presidency in 1982 in controversy when he was sentenced to four months in jail for operating an illegal slush fund.</p>
</text>
<copyright>(c) Reuters Limited 1997</copyright>
<metadata>
<codes class="bip:countries:1.0">
  <code code="FRA">
    <editdetail attribution="Reuters BIP Coding Group" action="confirmed" date="1997-03-29"/>
  </code>
</codes>
<codes class="bip:topics:1.0">
  <code code="GCAT">
    <editdetail attribution="Reuters BIP Coding Group" action="confirmed" date="1997-03-29"/>
  </code>
  <code code="GSPO">
    <editdetail attribution="Reuters BIP Coding Group" action="confirmed" date="1997-03-29"/>
  </code>
</codes>
<dc element="dc.date.created" value="1997-03-29"/>
<dc element="dc.publisher" value="Reuters Holdings Plc"/>
<dc element="dc.date.published" value="1997-03-29"/>
<dc element="dc.source" value="Reuters"/>
<dc element="dc.creator.location" value="PARIS"/>
<dc element="dc.creator.location.country.name" value="FRANCE"/>
<dc element="dc.source" value="Reuters"/>
</metadata>
</newsitem>
