<?xml version="1.0" encoding="iso-8859-1" ?>
<newsitem itemid="475197" id="root" date="1997-03-29" xml:lang="en">
<title>FRANCE: SOCCER-BORDEAUX SLUMP TO FIRST DEFEAT IN 1997.</title>
<headline>SOCCER-BORDEAUX SLUMP TO FIRST DEFEAT IN 1997.</headline>
<dateline>PARIS 1997-03-29</dateline>
<text>
<p>Montpellier handed Bordeaux their first defeat of the year with a 2-1 away victory in a French Cup quarterfinal on Saturday.</p>
<p>It was sweet revenge for Montpellier as they lost to Bordeaux in the League Cup semifinals last month after a nail-biting penalty shootout.</p>
<p>This time, the tie between two in-form sides -- Montpellier are unbeaten in their last 17 league matches -- was less hard-fought.</p>
<p>Bordeaux, who will play Strasbourg in the League Cup final on April 12, looked weary and, despite opening the scoring through Didier Tholot in the 14th minute, were dominated for much of the game.</p>
<p>It was unsurprising when former international Franck Sauzee equalised on a superb free kick two minutes before the break.</p>
<p>Kader Ferhaoui scored the winner in the 67th minute on a cross from Ivory Coast player Ibrahim Bakayoko, by far the best player on the pitch.</p>
<p>At 20, Bakayoko has already been compared to George Weah at the same age.</p>
</text>
<copyright>(c) Reuters Limited 1997</copyright>
<metadata>
<codes class="bip:countries:1.0">
  <code code="FRA">
    <editdetail attribution="Reuters BIP Coding Group" action="confirmed" date="1997-03-29"/>
  </code>
</codes>
<codes class="bip:topics:1.0">
  <code code="GCAT">
    <editdetail attribution="Reuters BIP Coding Group" action="confirmed" date="1997-03-29"/>
  </code>
  <code code="GSPO">
    <editdetail attribution="Reuters BIP Coding Group" action="confirmed" date="1997-03-29"/>
  </code>
</codes>
<dc element="dc.date.created" value="1997-03-29"/>
<dc element="dc.publisher" value="Reuters Holdings Plc"/>
<dc element="dc.date.published" value="1997-03-29"/>
<dc element="dc.source" value="Reuters"/>
<dc element="dc.creator.location" value="PARIS"/>
<dc element="dc.creator.location.country.name" value="FRANCE"/>
<dc element="dc.source" value="Reuters"/>
</metadata>
</newsitem>
