<?xml version="1.0" encoding="iso-8859-1" ?>
<newsitem itemid="475169" id="root" date="1997-03-29" xml:lang="en">
<title>DUBAI: HORSE RACING-DUBAI WORLD CUP CALLED OFF AFTER DESERT FLOOD.</title>
<headline>HORSE RACING-DUBAI WORLD CUP CALLED OFF AFTER DESERT FLOOD.</headline>
<byline>Barry May</byline>
<dateline>DUBAI 1997-03-29</dateline>
<text>
<p>A thunderstorm and flash flood forced organisers to call off Saturday's $4 million Dubai World Cup, a glittering showpiece in this Arab emirate's ambition to be the sporting capital of the Middle East.</p>
<p>The decision was made by Sheikh Mohammed bin Rashid al-Maktoum, host of the world's richest horse race and the world's most successful owner-breeder.</p>
<p>He had watched gloomily as torrential rain had fallen at Dubai's Nad al-Sheba race course on the outskirts of the city since early afternoon.</p>
<p>After walking on the water-logged sand track and discussing the situation with trainers of the 13 thoroughbreds chasing a $2.4 million first prize, he sent race committee official Brough Scott to announce: &quot;The race is off tonight.&quot;</p>
<p>Sheikh Mohammed was discussing whether the race could be held next week but Scott said it was clear the track would not be in racing condition for many days.</p>
<p>Large tracts of desert were already awash from a heavy but less intense storm on Tuesday night which had kept the dirt track sealed until Friday morning and interfered with the training schedule.</p>
<p>Scott said shortly before the decision that a race could have been run on the track if the rain had stopped.</p>
<p>&quot;The snag is, you might not be able to find it,&quot; he said.</p>
<p>Officials said the six-race meeting cost about $10 million to stage and had been due to be watched by a crowd of 30,000 people, including international show business celebrities, at the track on the outskirts of this usually blistering hot Gulf city.</p>
<p>Millions more racing fans in Europe, Asia and North America had been expected to tune in to satellite television casts.</p>
<p>&quot;I've been in Dubai working on this since the beginning of the month,&quot; said one racing official from Britain. &quot;We must try to keep smiling but I'm thinking of opening a bottle of scotch.&quot;</p>
<p>The big race, which drew horses from Europe, the United States, Brazil, Australia and Japan, had been due to be run under floodlights at 8.15 p.m. (1615 GMT).</p>
<p>Among the contenders were U.S.-trained dirt horses Siphon, winner of the Santa Anita Handicap, and Sandpit, Siphon's stable mate. They were both bred in Brazil and favoured to make it another U.S. win following last year's triumph by wonderhorse Cigar.</p>
<p>European champion Helissio, winner of last year's Prix de L'Arc de Triomphe, and Japan Cup winner Singspiel were the favoured horses from Europe.</p>
</text>
<copyright>(c) Reuters Limited 1997</copyright>
<metadata>
<codes class="bip:countries:1.0">
  <code code="DUBAI">
    <editdetail attribution="Reuters BIP Coding Group" action="confirmed" date="1997-03-29"/>
  </code>
  <code code="UAE">
    <editdetail attribution="Reuters BIP Coding Group" action="confirmed" date="1997-03-29"/>
  </code>
</codes>
<codes class="bip:topics:1.0">
  <code code="GCAT">
    <editdetail attribution="Reuters BIP Coding Group" action="confirmed" date="1997-03-29"/>
  </code>
  <code code="GSPO">
    <editdetail attribution="Reuters BIP Coding Group" action="confirmed" date="1997-03-29"/>
  </code>
</codes>
<dc element="dc.date.created" value="1997-03-29"/>
<dc element="dc.publisher" value="Reuters Holdings Plc"/>
<dc element="dc.date.published" value="1997-03-29"/>
<dc element="dc.source" value="Reuters"/>
<dc element="dc.creator.location" value="DUBAI"/>
<dc element="dc.creator.location.country.name" value="DUBAI"/>
<dc element="dc.source" value="Reuters"/>
</metadata>
</newsitem>
