<?xml version="1.0" encoding="iso-8859-1" ?>
<newsitem itemid="475126" id="root" date="1997-03-29" xml:lang="en">
<title>UK: SOCCER-CONFIDENT ITALY TAKE ANOTHER STEP TOWARDS FINALS.</title>
<headline>SOCCER-CONFIDENT ITALY TAKE ANOTHER STEP TOWARDS FINALS.</headline>
<byline>Mike Collett</byline>
<dateline>LONDON 1997-03-29</dateline>
<text>
<p>Italy maintained their 100 per cent record and replaced England at the top of World Cup qualifying group two when they defeated Moldova 3-0 in Trieste on Saturday.</p>
<p>The Italians, who won 1-0 in England last month, were never troubled by the visitors and ran out easy winners with an outstanding individual goal from Paolo Maldini (24) and others from Gianfranco Zola (44) and Christian Vieri (49), who scored Italy's 1000th international goal on his debut.</p>
<p>The result gives the Italians 12 points from four matches -- three more than England who were not on World Cup duty on Saturday but beat Mexico 2-0 in a friendly at Wembley instead.</p>
<p>The Netherlands also preserved their 100 per cent record with a 4-0 win over San Marino in group seven in Amsterdam but it took the strong Dutch team 44 minutes to score the first goal against a side who had conceded 21 goals in their opening four qualifiers.</p>
<p>There was never much doubt about a Dutch win however but two of their goals came in the last eight minutes through Pierre Van Hooidonk (82)and Frank de Boer (90). Patrick Kluivert (44) and de Boer (58) scored the opening goals.</p>
<p>Belgium moved into second place in the group after beating Wales 2-1 in Cardiff, just about ending Wales' last lingering hopes of qualifying for their first World Cup finals since 1958.</p>
<p>The Netherlands have 12 points from four games, Belgium nine from four and Wales seven from six. The Dutch play in Turkey on Wednesday.</p>
<p>Earlier on Saturday Romania crushed part-timers Liechtenstein 8-0 in a group eight match to record their biggest win since beating Finland 9-0 in a World Cup qualifier nearly 24 years ago.</p>
<p>Gheorghe Popescu, the Barcelona midfielder, led the rout with four goals and Romania could easily have doubled their tally.</p>
<p>The result maintained Romania's 100 per cent start in the group with four straight wins and moved them five points clear of Macedonia and Ireland who both have seven points and meet each other on Wednesday.</p>
<p>Scotland also consolidated their position at the top of group four with a 2-0 win over Estonia in the first international at Kilmarnock for 87 years.</p>
<p>The capacity crowd of 18,000 created a carnival-like atmosphere which inspired defender Tom Boyd to score his first international goal in his 43rd match for his country. An Estonian own goal in the second half ensured Scotland's win which took them four points clear of Austria at the top. Scotland meet Austria in Glasgow on Wednesday.</p>
<p>Cyprus knocked Russia out of their stride by holding the group five leaders to a surprise 1-1 draw in Paralimni which means Israel could go top of the group if they beat Luxembourg on Sunday.</p>
<p>Cyprus took the lead unexpectedly after 31 minutes through Sinica Gogic with Igor Simutenkov equalising a minute later.</p>
<p>The two matches in group nine produced only one goal with Ukraine beating Albania 1-0 in neutral Granada in Spain.</p>
<p>Only 250 fans paid to see the game which was switched from Tirana because of the unrest in the Balkan country. Ukraine won with a first-half goal from Sergeui Rebrov.</p>
<p>Northern Ireland, who face Ukraine on Wednesday, drew 0-0 with Portugal in Belfast, leaving the Portugese top of the group on goal difference from Ukraine and Irish hopes in the balance.</p>
<p>Croatia and Denmark drew 1-1 in Split in a group one match with goals from two of the most exciting players in Europe. Davor Suker put Croatia ahead after 50 minutes and Brian Laudrup equalised for the Danes eight minutes from time.</p>
</text>
<copyright>(c) Reuters Limited 1997</copyright>
<metadata>
<codes class="bip:countries:1.0">
  <code code="ITALY">
    <editdetail attribution="Reuters BIP Coding Group" action="confirmed" date="1997-03-29"/>
  </code>
  <code code="MOLDV">
    <editdetail attribution="Reuters BIP Coding Group" action="confirmed" date="1997-03-29"/>
  </code>
  <code code="UK">
    <editdetail attribution="Reuters BIP Coding Group" action="confirmed" date="1997-03-29"/>
  </code>
</codes>
<codes class="bip:topics:1.0">
  <code code="GCAT">
    <editdetail attribution="Reuters BIP Coding Group" action="confirmed" date="1997-03-29"/>
  </code>
  <code code="GSPO">
    <editdetail attribution="Reuters BIP Coding Group" action="confirmed" date="1997-03-29"/>
  </code>
</codes>
<dc element="dc.date.created" value="1997-03-29"/>
<dc element="dc.publisher" value="Reuters Holdings Plc"/>
<dc element="dc.date.published" value="1997-03-29"/>
<dc element="dc.source" value="Reuters"/>
<dc element="dc.creator.location" value="LONDON"/>
<dc element="dc.creator.location.country.name" value="UK"/>
<dc element="dc.source" value="Reuters"/>
</metadata>
</newsitem>
