<?xml version="1.0" encoding="iso-8859-1" ?>
<newsitem itemid="475165" id="root" date="1997-03-29" xml:lang="en">
<title>MALAYSIA: CRICKET-ICC TROPHY RESULTS.</title>
<headline>CRICKET-ICC TROPHY RESULTS.</headline>
<dateline>KUALA LUMPUR 1997-03-29</dateline>
<text>
<p>Results of International</p>
<p>Cricket Council (ICC) Trophy matches on Saturday:</p>
<p>Canada beat East and Central Africa by four wickets</p>
<p>Scores:</p>
<p>ECA 179 all out; Canada 180/6 in 46.3 overs;</p>
<p>Bangladesh beat UAE by 110 runs</p>
<p>Scores:</p>
<p>Bangladesh 205 all out in 49.3 overs; UAE 95 all out in</p>
<p>34.2 overs</p>
<p>Hong Kong beat Papua New Guinea by 81 runs</p>
<p>Scores:</p>
<p>Hong Kong 232/8 in 50 overs; PNG 151 all out in 42 overs</p>
<p>Kenya beat Ireland by 119 runs</p>
<p>Scores:</p>
<p>Kenya 247/7 in 50 overs; Ireland 128 all out</p>
<p>USA beat Israel by seven wickets</p>
<p>Scores:</p>
<p>Israel 105 all out in 47 overs; USA 108/3 in 24.1 overs</p>
<p>Scotland beat Italy by 131 runs</p>
<p>Scores:</p>
<p>Scotland 273 all out in 48.1 overs; Italy 142 all out in</p>
<p>37.2 overs</p>
<p>Denmark beat Argentina by 150 runs</p>
<p>Scores:</p>
<p>Denmark 226/8 in 50 overs; Argentina 76 all out in 35.1</p>
<p>overs</p>
<p>Fiji beat Namibia by 105 runs</p>
<p>Scores:</p>
<p>Fiji 178/6 in 50 overs; Namibia 73 all out in 33.5 overs</p>
</text>
<copyright>(c) Reuters Limited 1997</copyright>
<metadata>
<codes class="bip:countries:1.0">
  <code code="ARG">
    <editdetail attribution="Reuters BIP Coding Group" action="confirmed" date="1997-03-29"/>
  </code>
  <code code="BANDH">
    <editdetail attribution="Reuters BIP Coding Group" action="confirmed" date="1997-03-29"/>
  </code>
  <code code="BUL">
    <editdetail attribution="Reuters BIP Coding Group" action="confirmed" date="1997-03-29"/>
  </code>
  <code code="CANA">
    <editdetail attribution="Reuters BIP Coding Group" action="confirmed" date="1997-03-29"/>
  </code>
  <code code="DEN">
    <editdetail attribution="Reuters BIP Coding Group" action="confirmed" date="1997-03-29"/>
  </code>
  <code code="FIJI">
    <editdetail attribution="Reuters BIP Coding Group" action="confirmed" date="1997-03-29"/>
  </code>
  <code code="HKONG">
    <editdetail attribution="Reuters BIP Coding Group" action="confirmed" date="1997-03-29"/>
  </code>
  <code code="IRE">
    <editdetail attribution="Reuters BIP Coding Group" action="confirmed" date="1997-03-29"/>
  </code>
  <code code="KENYA">
    <editdetail attribution="Reuters BIP Coding Group" action="confirmed" date="1997-03-29"/>
  </code>
  <code code="MALAY">
    <editdetail attribution="Reuters BIP Coding Group" action="confirmed" date="1997-03-29"/>
  </code>
  <code code="NAMIB">
    <editdetail attribution="Reuters BIP Coding Group" action="confirmed" date="1997-03-29"/>
  </code>
  <code code="PAPNG">
    <editdetail attribution="Reuters BIP Coding Group" action="confirmed" date="1997-03-29"/>
  </code>
  <code code="UAE">
    <editdetail attribution="Reuters BIP Coding Group" action="confirmed" date="1997-03-29"/>
  </code>
</codes>
<codes class="bip:topics:1.0">
  <code code="GCAT">
    <editdetail attribution="Reuters BIP Coding Group" action="confirmed" date="1997-03-29"/>
  </code>
  <code code="GSPO">
    <editdetail attribution="Reuters BIP Coding Group" action="confirmed" date="1997-03-29"/>
  </code>
</codes>
<dc element="dc.date.created" value="1997-03-29"/>
<dc element="dc.publisher" value="Reuters Holdings Plc"/>
<dc element="dc.date.published" value="1997-03-29"/>
<dc element="dc.source" value="Reuters"/>
<dc element="dc.creator.location" value="KUALA LUMPUR"/>
<dc element="dc.creator.location.country.name" value="MALAYSIA"/>
<dc element="dc.source" value="Reuters"/>
</metadata>
</newsitem>
