<?xml version="1.0" encoding="iso-8859-1" ?>
<newsitem itemid="475159" id="root" date="1997-03-29" xml:lang="en">
<title>BRAZIL: MOTOR RACING-VILLENEUVE ON POLE IN BRAZIL.</title>
<headline>MOTOR RACING-VILLENEUVE ON POLE IN BRAZIL.</headline>
<byline>Timothy Collings</byline>
<dateline>SAO PAULO 1997-03-29</dateline>
<text>
<p>Canadian Jacques Villeneuve earned pole position for Sunday's Brazilian Grand Prix by dominating Saturday's qualifying at the Interlagos track in Sao Paulo.</p>
<p>The 25-year-old Williams driver went fastest on his opening run after only eight minutes of the one- hour session and stayed as the quickest throughout.</p>
<p>His fastest lap of one minute 16.004 seconds left him half a second clear of his nearest rival, double world champion Michael Schumacher of Germany in a Ferrari.</p>
<p>For Villeneuve, the pre-season favourite to succeed former team mate Damon Hill of Britain as the drivers' champion this year, it was his second pole this season and the fifth of his career.</p>
<p>Austrian Gerhard Berger in a Benetton was third-quickest ahead of Finland's Mika Hakkinen in a McLaren. Frenchman Olivier Panis, in a Prost, was fifth and Jean Alesi, also of France, sixth in the second Benetton.</p>
<p>But while Villeneuve could feel satisfied, it was a different story for Williams team mate Heinz-Harald Frentzen, who could qualify no better than eighth, just one position ahead of his predecessor in the team, Briton Damon Hill.</p>
<p>Hill, who only just squeezed onto the grid for the season-opening Australian Grand Prix three weeks ago, was the top British qualifier in his much-improved Arrows car.</p>
</text>
<copyright>(c) Reuters Limited 1997</copyright>
<metadata>
<codes class="bip:countries:1.0">
  <code code="BRAZ">
    <editdetail attribution="Reuters BIP Coding Group" action="confirmed" date="1997-03-29"/>
  </code>
  <code code="CANA">
    <editdetail attribution="Reuters BIP Coding Group" action="confirmed" date="1997-03-29"/>
  </code>
</codes>
<codes class="bip:topics:1.0">
  <code code="GCAT">
    <editdetail attribution="Reuters BIP Coding Group" action="confirmed" date="1997-03-29"/>
  </code>
  <code code="GSPO">
    <editdetail attribution="Reuters BIP Coding Group" action="confirmed" date="1997-03-29"/>
  </code>
</codes>
<dc element="dc.date.created" value="1997-03-29"/>
<dc element="dc.publisher" value="Reuters Holdings Plc"/>
<dc element="dc.date.published" value="1997-03-29"/>
<dc element="dc.source" value="Reuters"/>
<dc element="dc.creator.location" value="SAO PAULO"/>
<dc element="dc.creator.location.country.name" value="BRAZIL"/>
<dc element="dc.source" value="Reuters"/>
</metadata>
</newsitem>
