<?xml version="1.0" encoding="iso-8859-1" ?>
<newsitem itemid="475114" id="root" date="1997-03-29" xml:lang="en">
<title>UK: SOCCER-SCOTLAND V ESTONIA WORLD CUP TEAMS.</title>
<headline>SOCCER-SCOTLAND V ESTONIA WORLD CUP TEAMS.</headline>
<dateline>KILMARNOCK, Scotland 1997-03-29</dateline>
<text>
<p>Teams for the World Cup group four soccer qualifier on Saturday between Scotland and Estonia.</p>
<p>Scotland: 1-Jim Leighton, 2-Craig Burley, 3-Tom Boyd, 4-Colin Calderwood, 5-Colin Hendry, 6-Tosh McKinlay, 7-Scot Gemmill, 8-Paul McStay, 9-Darren Jackson, 10-Gary McAllister (captain), 11-Kevin Gallacher.</p>
<p>Estonia: 1-Mart Poom, 2-Marek Lemsalu, 3-Udmas Kirs, 4-Sergei Hohlov-Simson, 5-Indrek Zelinski, 7-Janek Meet, 8-Mati Pari, 9-Marko Kristl, 10-Martin Reim, 11-Andres Oper, 17-Kristen Viikmae.</p>
<p>Referee: Bernd  Heynemann (Germany).</p>
</text>
<copyright>(c) Reuters Limited 1997</copyright>
<metadata>
<codes class="bip:countries:1.0">
  <code code="ESTNIA">
    <editdetail attribution="Reuters BIP Coding Group" action="confirmed" date="1997-03-29"/>
  </code>
  <code code="UK">
    <editdetail attribution="Reuters BIP Coding Group" action="confirmed" date="1997-03-29"/>
  </code>
</codes>
<codes class="bip:topics:1.0">
  <code code="GCAT">
    <editdetail attribution="Reuters BIP Coding Group" action="confirmed" date="1997-03-29"/>
  </code>
  <code code="GSPO">
    <editdetail attribution="Reuters BIP Coding Group" action="confirmed" date="1997-03-29"/>
  </code>
</codes>
<dc element="dc.date.created" value="1997-03-29"/>
<dc element="dc.publisher" value="Reuters Holdings Plc"/>
<dc element="dc.date.published" value="1997-03-29"/>
<dc element="dc.source" value="Reuters"/>
<dc element="dc.creator.location" value="KILMARNOCK, Scotland"/>
<dc element="dc.creator.location.country.name" value="UK"/>
<dc element="dc.source" value="Reuters"/>
</metadata>
</newsitem>
