<?xml version="1.0" encoding="iso-8859-1" ?>
<newsitem itemid="475177" id="root" date="1997-03-29" xml:lang="en">
<title>USA: NBA BASKETBALL-FRIDAY'S RESULTS.</title>
<headline>NBA BASKETBALL-FRIDAY'S RESULTS.</headline>
<dateline>NEW YORK 1997-03-29</dateline>
<text>
<p>Results of National</p>
<p>Basketball Association games on Friday (home team in CAPS):</p>
<p> DETROIT		 113  La Clippers	85</p>
<p> MIAMI		    83  Cleveland	  79</p>
<p> NEW JERSEY	     92  New York	   86</p>
<p> PHILADELPHIA	  113  Boston	    105</p>
<p> WASHINGTON	    113  Toronto	    86</p>
<p> Indiana		 116  CHARLOTTE	 115</p>
<p> PHOENIX		 122  Golden State    115</p>
<p> UTAH		    101  Milwaukee	  96</p>
<p> PORTLAND		115  Vancouver	  81</p>
<p> SEATTLE		  92  Minnesota	  81</p>
</text>
<copyright>(c) Reuters Limited 1997</copyright>
<metadata>
<codes class="bip:countries:1.0">
  <code code="CANA">
    <editdetail attribution="Reuters BIP Coding Group" action="confirmed" date="1997-03-29"/>
  </code>
  <code code="USA">
    <editdetail attribution="Reuters BIP Coding Group" action="confirmed" date="1997-03-29"/>
  </code>
</codes>
<codes class="bip:topics:1.0">
  <code code="GCAT">
    <editdetail attribution="Reuters BIP Coding Group" action="confirmed" date="1997-03-29"/>
  </code>
  <code code="GSPO">
    <editdetail attribution="Reuters BIP Coding Group" action="confirmed" date="1997-03-29"/>
  </code>
</codes>
<dc element="dc.date.created" value="1997-03-29"/>
<dc element="dc.publisher" value="Reuters Holdings Plc"/>
<dc element="dc.date.published" value="1997-03-29"/>
<dc element="dc.source" value="Reuters"/>
<dc element="dc.creator.location" value="NEW YORK"/>
<dc element="dc.creator.location.country.name" value="USA"/>
<dc element="dc.source" value="Reuters"/>
</metadata>
</newsitem>
