<?xml version="1.0" encoding="iso-8859-1" ?>
<newsitem itemid="475140" id="root" date="1997-03-29" xml:lang="en">
<title>SOUTH AFRICA: RUGBY UNION-MULLER SET FOR NATAL RETURN.</title>
<headline>RUGBY UNION-MULLER SET FOR NATAL RETURN.</headline>
<dateline>DURBAN 1997-03-29</dateline>
<text>
<p>Former Springbok centre Pieter Muller is set to return to the Natal side after two years of playing rugby league in Australia and rugby union for Toulouse.</p>
<p>Muller, who last wore Natal colours against England A at Durban's Kings Park in 1995, has been included in the Natal Super 12 squad to tour Australia and New Zealand from next weekend.</p>
<p>Although the strong-running centre has not yet been formally released by French club Toulouse, he was named in the Natal tour party announced on Saturday night after the South African province had beaten New South Wales 28-23 in a Super 12 match.</p>
<p>&quot;Pieter is basically in the Natal squad, although we are still completing negotiations with Toulouse. We hope to have finalised all the details with them by this Monday,&quot; Natal Rugby Union president Keith Parkinson said.</p>
<p>&quot;As matters stand, Pieter's contract with Toulouse expires at the end of May and obviously they would want some sort of compensation if he is to be released from it early,&quot; team director Craig Jameson explained.</p>
<p>He did not disclose what compensation Toulouse were seeking.</p>
<p>Muller, who switched back to rugby union with Toulouse after an injury-plagued sojourn with rugby league in Australia, established a reputation as a hard man during his 17 test appearances for South Africa.</p>
</text>
<copyright>(c) Reuters Limited 1997</copyright>
<metadata>
<codes class="bip:countries:1.0">
  <code code="AUSTR">
    <editdetail attribution="Reuters BIP Coding Group" action="confirmed" date="1997-03-29"/>
  </code>
  <code code="NZ">
    <editdetail attribution="Reuters BIP Coding Group" action="confirmed" date="1997-03-29"/>
  </code>
  <code code="SAARAB">
    <editdetail attribution="Reuters BIP Coding Group" action="confirmed" date="1997-03-29"/>
  </code>
  <code code="SAFR">
    <editdetail attribution="Reuters BIP Coding Group" action="confirmed" date="1997-03-29"/>
  </code>
  <code code="UK">
    <editdetail attribution="Reuters BIP Coding Group" action="confirmed" date="1997-03-29"/>
  </code>
</codes>
<codes class="bip:topics:1.0">
  <code code="GCAT">
    <editdetail attribution="Reuters BIP Coding Group" action="confirmed" date="1997-03-29"/>
  </code>
  <code code="GSPO">
    <editdetail attribution="Reuters BIP Coding Group" action="confirmed" date="1997-03-29"/>
  </code>
</codes>
<dc element="dc.date.created" value="1997-03-29"/>
<dc element="dc.publisher" value="Reuters Holdings Plc"/>
<dc element="dc.date.published" value="1997-03-29"/>
<dc element="dc.source" value="Reuters"/>
<dc element="dc.creator.location" value="DURBAN"/>
<dc element="dc.creator.location.country.name" value="SOUTH AFRICA"/>
<dc element="dc.source" value="Reuters"/>
</metadata>
</newsitem>
