<?xml version="1.0" encoding="iso-8859-1" ?>
<newsitem itemid="475122" id="root" date="1997-03-29" xml:lang="en">
<title>USA: GOLF-ROBBINS TAKES ONE-STROKE LEAD AT DINAH SHORE.</title>
<headline>GOLF-ROBBINS TAKES ONE-STROKE LEAD AT DINAH SHORE.</headline>
<dateline>RANCHO MIRAGE, California 1997-03-28</dateline>
<text>
<p>Kelly Robbins survived the gusts of wind to take a one-stroke lead at the midway point of the Nabisco Dinah Shore on Friday.</p>
<p>Through 36 holes, she is at seven-under par 137, one stroke ahead of Betsy King, who also shot a 67.</p>
<p>Britain's Laura Davies at one point in her round was tied for the lead. But she made three bogeys and no birdies on her last nine holes and finished three shots behind Robbins.</p>
<p>Robbins, who has five victories on the LPGA, shot a five-under par 67 in the second round on the Dinah Shore Tournament Course at Mission Hills Country Club.</p>
<p>&quot;Believe it or not I'm not hitting the ball all that great,&quot; Robbins said. &quot;But I'm getting it on the green and rolling the the ball really great. And I'm not making many mistakes, and when I do I take my medicine. I take my bogey and go on.</p>
<p>&quot;Fortunately I'm hitting it fairly solid, but I don't have the flight I look for. It's solid enough that I'm not losing anything with it. But it doesn't have the draw it normally has and I'm leaving it right. Maybe by Sunday I'll figure it out.&quot;</p>
<p>Robbins holed several long putts in equalling the low round of the day.</p>
<p>&quot;I'm probably putting better the last two months than I ever have on tour,&quot; she said.</p>
<p>King has 30 career victories, but none since the ShopRite LPGA Classic in 1995, the win that put her into the LPGA Hall of Fame.</p>
<p>&quot;Last year I basically struggled all year,&quot; she said. &quot;This is as well as I've played in the last year-and-a-half as far as hitting the ball. Obviously it played pretty tough out there with the wind, but I just played very well.&quot;</p>
<p>Fruhwirth, seeking her first LPGA victory, holed an 8-iron from 130 yards for an eagle 2 on the sixth hole, the critical shot in her round of two-under par 70.</p>
<p>&quot;That's a tough green to putt, but I didn't have to putt,&quot; she said.</p>
</text>
<copyright>(c) Reuters Limited 1997</copyright>
<metadata>
<codes class="bip:countries:1.0">
  <code code="USA">
    <editdetail attribution="Reuters BIP Coding Group" action="confirmed" date="1997-03-29"/>
  </code>
</codes>
<codes class="bip:topics:1.0">
  <code code="GCAT">
    <editdetail attribution="Reuters BIP Coding Group" action="confirmed" date="1997-03-29"/>
  </code>
  <code code="GSPO">
    <editdetail attribution="Reuters BIP Coding Group" action="confirmed" date="1997-03-29"/>
  </code>
</codes>
<dc element="dc.date.created" value="1997-03-28"/>
<dc element="dc.publisher" value="Reuters Holdings Plc"/>
<dc element="dc.date.published" value="1997-03-29"/>
<dc element="dc.source" value="Reuters"/>
<dc element="dc.creator.location" value="RANCHO MIRAGE, California"/>
<dc element="dc.creator.location.country.name" value="USA"/>
<dc element="dc.source" value="Reuters"/>
</metadata>
</newsitem>
