<?xml version="1.0" encoding="iso-8859-1" ?>
<newsitem itemid="475104" id="root" date="1997-03-29" xml:lang="en">
<title>FRANCE: CYCLING-FRENCHMAN BARTHE UPSETS FAVOURITES.</title>
<headline>CYCLING-FRENCHMAN BARTHE UPSETS FAVOURITES.</headline>
<dateline>RABASTENS, France 1997-03-29</dateline>
<text>
<p>Unheralded Frenchman Stephane Barthe surprised Italian sprinter Mario Traversoni to win Saturday's 188-kms first stage of the Criterium international cycling race.</p>
<p>Traversoni outpaced Frenchman Frederic Moncassin down the stretch and raised his arms five metres before the line, thinking he had won.</p>
<p>He did not notice Barthe on his left, who pipped him on the line to snatch his first ever professional victory in four hours 47 minutes and 28 seconds.</p>
<p>Thanks to time adjustments in intermediate sprints during the day, Barthe, who rides for Casino, took the overall lead with a seven-second lead over Traversoni.</p>
<p>But the young Frenchman, second in the Kurne-Brussels-Kurne race earlier this season, admitted he stood no chances in Sunday's 80-kms morning climb, which will be followed by an 8-kms time trial.</p>
<p>&quot;Without a lift, I will struggle,&quot; the 24-year-old said.</p>
<p>Race favourites should take over on Sunday after they left the underdogs to shine on a generally flat first stage.</p>
<p>Frenchmen Claude Lamour and Laurent Pilon led the day's main breakaways but the star of the stage was a horse, who left his field with 20 kms left to join the bunch, causing havoc among the riders. However, he could not hold the pace.</p>
</text>
<copyright>(c) Reuters Limited 1997</copyright>
<metadata>
<codes class="bip:countries:1.0">
  <code code="FRA">
    <editdetail attribution="Reuters BIP Coding Group" action="confirmed" date="1997-03-29"/>
  </code>
</codes>
<codes class="bip:topics:1.0">
  <code code="GCAT">
    <editdetail attribution="Reuters BIP Coding Group" action="confirmed" date="1997-03-29"/>
  </code>
  <code code="GSPO">
    <editdetail attribution="Reuters BIP Coding Group" action="confirmed" date="1997-03-29"/>
  </code>
</codes>
<dc element="dc.date.created" value="1997-03-29"/>
<dc element="dc.publisher" value="Reuters Holdings Plc"/>
<dc element="dc.date.published" value="1997-03-29"/>
<dc element="dc.source" value="Reuters"/>
<dc element="dc.creator.location" value="RABASTENS, France"/>
<dc element="dc.creator.location.country.name" value="FRANCE"/>
<dc element="dc.source" value="Reuters"/>
</metadata>
</newsitem>
