<?xml version="1.0" encoding="iso-8859-1" ?>
<newsitem itemid="475179" id="root" date="1997-03-29" xml:lang="en">
<title>USA: BOXING-CHAVEZ STILL HAS PLENTY OF FIGHT LEFT IN HIM SAYS MARTIN.</title>
<headline>BOXING-CHAVEZ STILL HAS PLENTY OF FIGHT LEFT IN HIM SAYS MARTIN.</headline>
<dateline>LAS VEGAS 1997-03-28</dateline>
<text>
<p>Julio Cesar Chavez still has a lot of fight left in him says Tony Martin, who clashes with the ageing superstar on Saturday.</p>
<p>&quot;I think he still brings a lot (to the ring),&quot; Martin said of the 34-year-old Chavez, a former six-time champion at a new conference earlier this week at the Las Vegas Hilton.</p>
<p>&quot;He is always dangerous,&quot; Martin said of Chavez, 98-2-1, 83KOs. &quot;He is a hell of a body puncher, he is strong, and gutsy.&quot;</p>
<p>Chavez dominated the middle weight divisions for years, holding world titles in the super lightweight,junior welterweight, lightweight and super featherweight divisions.</p>
<p>&quot;He is a legend, no doubt. I can't take anything from him,&quot; Martin said.</p>
<p>Chavez and Martin, 34-5-1, meet in a scheduled 10-round non-title  junior welterweight bout in the card for Michael Moorer's defence of his International Boxing Federation heavyweight crown against fellow American Vaughn Bean.</p>
<p>Moorer, 38-1, is a 6-to-1 betting favourite to beat the more inexperienced number five rated contender Bean, 27-0, 21 KOs.</p>
<p>&quot;I'm on a totally different level,&quot; Moorer has said of Bean. &quot;He has to step up to my level, which he has never done before and I'm going to put him right back down to the level where he belongs.&quot;</p>
<p>Chavez certainly belongs in the Hall of Fame when he retires. He is idolised by his countrymen, having once drawn a record 136,000 fans to watch him fight in Mexico City in 1993.</p>
<p>ButChavez has begun to show signs of slipping. He was badly bloodied and beaten by Oscar de la Hoya in four rounds to lose his World Boxing Council super lightweight title last June.</p>
<p>But instead of letting that defeat discourage him, Chavez has used it to motivate him to become a champion again.</p>
<p>&quot;A lot of negative things have been said about me being too old and over the hill,&quot; said Chavez, who is a 3-to-1 betting favourite against Martin. &quot;This Saturday everybody will be able to judge if I still have it.</p>
<p>&quot;God willing, I will be fighting for the title again. I will be champion again,&quot; Chavez said.</p>
<p>Martin is not surprised by Chavez's resiliency.</p>
<p>&quot;He is one of those guys who has to be convinced that he lost,&quot; said Martin, 36, who has won his last four fights. &quot;He still doesn't know how to lose and that is my job, to convince him that he is losing.</p>
<p>&quot;He is a guy who you just have to beat,&quot;said Martin.</p>
</text>
<copyright>(c) Reuters Limited 1997</copyright>
<metadata>
<codes class="bip:countries:1.0">
  <code code="USA">
    <editdetail attribution="Reuters BIP Coding Group" action="confirmed" date="1997-03-29"/>
  </code>
</codes>
<codes class="bip:topics:1.0">
  <code code="GCAT">
    <editdetail attribution="Reuters BIP Coding Group" action="confirmed" date="1997-03-29"/>
  </code>
  <code code="GSPO">
    <editdetail attribution="Reuters BIP Coding Group" action="confirmed" date="1997-03-29"/>
  </code>
</codes>
<dc element="dc.date.created" value="1997-03-28"/>
<dc element="dc.publisher" value="Reuters Holdings Plc"/>
<dc element="dc.date.published" value="1997-03-29"/>
<dc element="dc.source" value="Reuters"/>
<dc element="dc.creator.location" value="LAS VEGAS"/>
<dc element="dc.creator.location.country.name" value="USA"/>
<dc element="dc.source" value="Reuters"/>
</metadata>
</newsitem>
