<?xml version="1.0" encoding="iso-8859-1" ?>
<newsitem itemid="475116" id="root" date="1997-03-29" xml:lang="en">
<title>NEW ZEALAND: RUGBY UNION-CANTERBURY BEATS WAIKATO WITH 14 MEN.</title>
<headline>RUGBY UNION-CANTERBURY BEATS WAIKATO WITH 14 MEN.</headline>
<dateline>TIMARU, New Zealand 1997-03-29</dateline>
<text>
<p>The Canterbury Crusaders, down 10-6 at halftime and then playing with just 14 players, overcame the Waikato Chiefs 24-15 in a fiercely contested Super 12 match on Saturday.</p>
<p>Auckland referee Glen Wahlstrom sent off Canterbury hooker Mark Hammett for punching opponent Greg Smith 13 minutes into the second half of the floodlit match.</p>
<p>Though Hammett was replaced at hooker, the Crusaders had to lose one player and lock Mark Weedon was pulled off by coach Wayne Smith.</p>
<p>Despite the under-strength pack, Canterbury hit back hard with winger Daryl Gibson and prop Kevin Nepia scoring tries.</p>
<p>Paul Mitchell, a Waikato substitute, scored a try to close the gap to 21-15 but Andrew Mehrtens, who had kicked 11 points earlier, shot in a dropped goal to stretch the Crusaders lead to 24-15.</p>
<p>The Chiefs shocked the home side with a stunning try by half-back Rhys Duggan in the first minute of play.</p>
<p>Crusaders full-back Leon MacDonald took a high ball from Ian Foster and tried to set up play. But it appeared that his front rowers were too slow to provide him support and the ball popped out on the Chiefs side. Duggan picked up the ball and scooted to the left corner for a fine try. Matthew Cooper added the conversion.</p>
<p>Cooper missed two penalties before Mehrtens closed the gap with a penalty for the Crusaders, then whittled down the margin with a further penalty in the 32nd minute after missing one.</p>
<p>However, Cooper had the final say before halftime, lifting a fine shot at goal to give his team a 10-6 lead.</p>
<p>Teams:</p>
<p>Canterbury - Leon MacDonald, Daryl Gibson, Tabai Matson, Mark Mayerhofler, Paula Bale, Andrew Mehrtens, Justin Marshall, Clark McLeod, Angus Gardiner, Todd Blackadder, Mark Weedon, Norman Maxwell, Con Barrell, Mark Hammett, Kevin Nepia.</p>
<p>Waikato - Matthew Cooper, Eric Rush, Frank Bunce, Dion Mathews, Eric Rush, Walter Little, Ian Foster, Rhys Duggan, Errol Brain, Dean Anglesey, Ian Jones, Glenn Taylor, Michael Collins, Greg Smith, Lee Ligard.</p>
</text>
<copyright>(c) Reuters Limited 1997</copyright>
<metadata>
<codes class="bip:countries:1.0">
  <code code="NZ">
    <editdetail attribution="Reuters BIP Coding Group" action="confirmed" date="1997-03-29"/>
  </code>
</codes>
<codes class="bip:topics:1.0">
  <code code="GCAT">
    <editdetail attribution="Reuters BIP Coding Group" action="confirmed" date="1997-03-29"/>
  </code>
  <code code="GSPO">
    <editdetail attribution="Reuters BIP Coding Group" action="confirmed" date="1997-03-29"/>
  </code>
</codes>
<dc element="dc.date.created" value="1997-03-29"/>
<dc element="dc.publisher" value="Reuters Holdings Plc"/>
<dc element="dc.date.published" value="1997-03-29"/>
<dc element="dc.source" value="Reuters"/>
<dc element="dc.creator.location" value="TIMARU, New Zealand"/>
<dc element="dc.creator.location.country.name" value="NEW ZEALAND"/>
<dc element="dc.source" value="Reuters"/>
</metadata>
</newsitem>
