<?xml version="1.0" encoding="iso-8859-1" ?>
<newsitem itemid="475134" id="root" date="1997-03-29" xml:lang="en">
<title>UK: RUGBY UNION-STRANSKY BOOKS TWICKENHAM DATE.</title>
<headline>RUGBY UNION-STRANSKY BOOKS TWICKENHAM DATE.</headline>
<dateline>LONDON 1997-03-29</dateline>
<text>
<p>South African fly-half Joel Stransky kicked 21 points to hoist Leicester into their fourth Pilkington Cup final in five years on Saturday.</p>
<p>Stransky, who scored all his side's 18 points in the quarter-final, landed five penalties and two late drop-goals to set up a 26-13 win over a spirited Gloucester side and ensure a Twickenham final against Sale in May.</p>
<p>The Manchester-based club, coached by former Waikato stalwart John Mitchell, surprised Harlequins 26-16 to reach their first final in the competition's history. It was their third win over the cosmopolitan London side this season.</p>
</text>
<copyright>(c) Reuters Limited 1997</copyright>
<metadata>
<codes class="bip:countries:1.0">
  <code code="SAFR">
    <editdetail attribution="Reuters BIP Coding Group" action="confirmed" date="1997-03-29"/>
  </code>
  <code code="UK">
    <editdetail attribution="Reuters BIP Coding Group" action="confirmed" date="1997-03-29"/>
  </code>
</codes>
<codes class="bip:topics:1.0">
  <code code="GCAT">
    <editdetail attribution="Reuters BIP Coding Group" action="confirmed" date="1997-03-29"/>
  </code>
  <code code="GSPO">
    <editdetail attribution="Reuters BIP Coding Group" action="confirmed" date="1997-03-29"/>
  </code>
</codes>
<dc element="dc.date.created" value="1997-03-29"/>
<dc element="dc.publisher" value="Reuters Holdings Plc"/>
<dc element="dc.date.published" value="1997-03-29"/>
<dc element="dc.source" value="Reuters"/>
<dc element="dc.creator.location" value="LONDON"/>
<dc element="dc.creator.location.country.name" value="UK"/>
<dc element="dc.source" value="Reuters"/>
</metadata>
</newsitem>
