<?xml version="1.0" encoding="iso-8859-1" ?>
<newsitem itemid="475183" id="root" date="1997-03-29" xml:lang="en">
<title>ITALY: SOCCER-VIERI MARKS DEBUT WITH ITALY'S 1,000TH GOAL.</title>
<headline>SOCCER-VIERI MARKS DEBUT WITH ITALY'S 1,000TH GOAL.</headline>
<dateline>TRIESTE, Italy 1997-03-29</dateline>
<text>
<p>Christian Vieri celebrated his senior debut on Saturday by scoring his country's 1,000th international goal as Italy overcame Moldova 3-0 in a World Cup qualifier to go top of European group two.</p>
<p>The result in Trieste, the northeastern birthplace of Italian coach Cesare Maldini, left Italy with a maximum 12 points from their four matches and could only be depressing news for main group rivals England.</p>
<p>Itay are now three points clear of England who have nine from the same number of games.</p>
<p>Maldini's son Paolo gave his father a perfect homecoming present with a superb goal in the 24th minute.</p>
<p>Milan team mate Demetrio Albertini, near the corner flag to the left of goal, fed the ball to Maldini who threaded his way into the area past two defenders. He feinted past a third and slotted the ball diagonally past Denis Romanenco.</p>
<p>Chelsea striker Gianfranco Zola, who scored the winner against England at Wembley last month, scored the second a minute before half time when Romanenco, well out of goal, parried a shot from Dino Baggio.</p>
<p>The ball fell to Zola who had a simple shot.</p>
<p>Juventus striker Vieri struck four minutes into the second half with his left foot for the 1,000th goal scored by Italy since Pietro Lana grabbed their first 542 matches ago in a 6-2 win over France in Milan in 1910.</p>
</text>
<copyright>(c) Reuters Limited 1997</copyright>
<metadata>
<codes class="bip:countries:1.0">
  <code code="ITALY">
    <editdetail attribution="Reuters BIP Coding Group" action="confirmed" date="1997-03-29"/>
  </code>
  <code code="MOLDV">
    <editdetail attribution="Reuters BIP Coding Group" action="confirmed" date="1997-03-29"/>
  </code>
</codes>
<codes class="bip:topics:1.0">
  <code code="GCAT">
    <editdetail attribution="Reuters BIP Coding Group" action="confirmed" date="1997-03-29"/>
  </code>
  <code code="GSPO">
    <editdetail attribution="Reuters BIP Coding Group" action="confirmed" date="1997-03-29"/>
  </code>
</codes>
<dc element="dc.date.created" value="1997-03-29"/>
<dc element="dc.publisher" value="Reuters Holdings Plc"/>
<dc element="dc.date.published" value="1997-03-29"/>
<dc element="dc.source" value="Reuters"/>
<dc element="dc.creator.location" value="TRIESTE, Italy"/>
<dc element="dc.creator.location.country.name" value="ITALY"/>
<dc element="dc.source" value="Reuters"/>
</metadata>
</newsitem>
