<?xml version="1.0" encoding="iso-8859-1" ?>
<newsitem itemid="475172" id="root" date="1997-03-29" xml:lang="en">
<title>USA: NHL ICE HOCKEY-DUCKS EDGE BLACKHAWKS, DETROIT AND SAN JOSE WIN.</title>
<headline>NHL ICE HOCKEY-DUCKS EDGE BLACKHAWKS, DETROIT AND SAN JOSE WIN.</headline>
<dateline>CHICAGO 1997-03-29</dateline>
<text>
<p>Paul Kariya and J.J. Daigneault scored 59 seconds apart in the first period as the Mighty Ducks of Anaheim held on for a 4-3 victory over the Chicago Blackhawks on Friday.</p>
<p>Kariya had a goal and an assist, as did Mike LeClerc, who was playing his first NHL game.</p>
<p>Sergei Krivokrasov and Tony Amonte each had a goal and an assist for the Blackhawks, who remained tied with Calgary for the final playoff berth in the West.</p>
<p>In Detroit, Larry Murphy's point shot skipped through Steve Shields' pads 3:10 into the extra session, giving the Detroit Red Wings their second straight overtime win, 2-1, over the slumping Buffalo Sabres.</p>
<p>Matthew Barnaby's goal with 5:57 remaining sent the game to overtime. Buffalo continued to struggle on the power play, going 0-for-6 as it suffered its season-high third straight loss.</p>
<p>In San Jose, Owen Nolan and Darren Turcotte each scored twice and Ed Belfour made 22 saves as the San Jose Sharks snapped a three-game losing streak with a 4-3 victory over the Edmonton Oilers.</p>
<p>Nolan scored his 30th goal and added an assist and Doug Bodger collected two assists for the Sharks, who won for just the second time in 10 games.</p>
<p>Ryan Smyth, Mats Lindgren and Andrei Kovalenko scored for Edmonton.</p>
</text>
<copyright>(c) Reuters Limited 1997</copyright>
<metadata>
<codes class="bip:countries:1.0">
  <code code="USA">
    <editdetail attribution="Reuters BIP Coding Group" action="confirmed" date="1997-03-29"/>
  </code>
</codes>
<codes class="bip:topics:1.0">
  <code code="GCAT">
    <editdetail attribution="Reuters BIP Coding Group" action="confirmed" date="1997-03-29"/>
  </code>
  <code code="GSPO">
    <editdetail attribution="Reuters BIP Coding Group" action="confirmed" date="1997-03-29"/>
  </code>
</codes>
<dc element="dc.date.created" value="1997-03-29"/>
<dc element="dc.publisher" value="Reuters Holdings Plc"/>
<dc element="dc.date.published" value="1997-03-29"/>
<dc element="dc.source" value="Reuters"/>
<dc element="dc.creator.location" value="CHICAGO"/>
<dc element="dc.creator.location.country.name" value="USA"/>
<dc element="dc.source" value="Reuters"/>
</metadata>
</newsitem>
