<?xml version="1.0" encoding="iso-8859-1" ?>
<newsitem itemid="475147" id="root" date="1997-03-29" xml:lang="en">
<title>SOUTH AFRICA: CRICKET-BEVAN AND DALE EQUAL LAST WICKET RECORD STAND.</title>
<headline>CRICKET-BEVAN AND DALE EQUAL LAST WICKET RECORD STAND.</headline>
<dateline>EAST LONDON, South Africa 1997-03-29</dateline>
<text>
<p>A record-equalling last-wicket stand of 45 spared Australia's blushes as they made 223 for nine off their 50 overs in the first one-day match against South Africa on Saturday.</p>
<p>Michael Bevan (51 not out) and fast bowler Adam Dale, making his international debut, equalled the Australian 10th wicket limited overs record of 45 by Trevor Laughlin and Max Walker against England at Sydney in 1979-80.</p>
<p>Tigerish fielding from South Africa had contributed to a collapse in which seven wickets tumbled for 49, leaving the touring team on 178 for nine.</p>
<p>Stuart Law and Steve Waugh had earlier both made exactly 50 during a third-wicket stand of 97 that seemed to have laid the platform for a large total at 129 for two.</p>
<p>But they were dismissed within 10 deliveries of each other and the rot set in.</p>
<p>Law pulled off-spinner Pat Symcox to deep mid-wicket after reaching his seventh half-century in his 38th match from 65 deliveries, with six fours.</p>
<p>New batsman Greg Blewett then called Waugh for a quick single to Jonty Rhodes and was stranded a yard short of his crease by a direct hit.</p>
<p>Waugh's 27th 50 in his 212th match came from 61 balls and contained four boundaries.</p>
<p>Blewett (14) was run out by a direct hit from Hansie Cronje at long-on and Rhodes struck a third time with yet another direct hit that saw wicketkeeper Adam Gilchrist (1) run out by about five yards.</p>
<p>But Bevan reached his 10th half-century in his 50th one-day international from just 57 balls, with three fours and a six, and Dale showed he will not be batting at number 11 for long as he made 15 not out on a slow but blameless surface.</p>
<p>Mark Waugh was replaced in Australia's team just before the start by Tasmanian Michael DiVenuto, making his debut. Waugh had a stiff and sore back.</p>
<p>There are seven one-day games in the series.</p>
</text>
<copyright>(c) Reuters Limited 1997</copyright>
<metadata>
<codes class="bip:countries:1.0">
  <code code="AUSTR">
    <editdetail attribution="Reuters BIP Coding Group" action="confirmed" date="1997-03-29"/>
  </code>
  <code code="SAFR">
    <editdetail attribution="Reuters BIP Coding Group" action="confirmed" date="1997-03-29"/>
  </code>
</codes>
<codes class="bip:topics:1.0">
  <code code="GCAT">
    <editdetail attribution="Reuters BIP Coding Group" action="confirmed" date="1997-03-29"/>
  </code>
  <code code="GSPO">
    <editdetail attribution="Reuters BIP Coding Group" action="confirmed" date="1997-03-29"/>
  </code>
</codes>
<dc element="dc.date.created" value="1997-03-29"/>
<dc element="dc.publisher" value="Reuters Holdings Plc"/>
<dc element="dc.date.published" value="1997-03-29"/>
<dc element="dc.source" value="Reuters"/>
<dc element="dc.creator.location" value="EAST LONDON, South Africa"/>
<dc element="dc.creator.location.country.name" value="SOUTH AFRICA"/>
<dc element="dc.source" value="Reuters"/>
</metadata>
</newsitem>
