<?xml version="1.0" encoding="iso-8859-1" ?>
<newsitem itemid="475170" id="root" date="1997-03-29" xml:lang="en">
<title>DUBAI: HORSE RACING-DESERT STORM FORCES DUBAI WORLD CUP CANCELLATION.</title>
<headline>HORSE RACING-DESERT STORM FORCES DUBAI WORLD CUP CANCELLATION.</headline>
<dateline>DUBAI 1997-03-29</dateline>
<text>
<p>A thunderstorm and flash flood on Saturday forced the cancellation of the Dubai World Cup, the world's richest horse race.</p>
<p>The decision was made by Sheikh Mohammed bin Rashid al-Maktoum, host of the $4 million event after torrential rain at Dubai's Nad al-Sheba sand track.  </p>
<p>Race committee spokesman Brough Scott said: &quot;The race is off tonight.&quot;</p>
<p>He said Sheikh Mohammed had been walking on the race track to see what the options were and the trainers of the 13 horses entered for the race were discussing with him whether there was any way it could be held next week.</p>
<p>But organisers said it was unlikely the track would dry out in three or four days. Race officials said the annual event had cost about $10 million.</p>
</text>
<copyright>(c) Reuters Limited 1997</copyright>
<metadata>
<codes class="bip:countries:1.0">
  <code code="DUBAI">
    <editdetail attribution="Reuters BIP Coding Group" action="confirmed" date="1997-03-29"/>
  </code>
  <code code="UAE">
    <editdetail attribution="Reuters BIP Coding Group" action="confirmed" date="1997-03-29"/>
  </code>
</codes>
<codes class="bip:topics:1.0">
  <code code="GCAT">
    <editdetail attribution="Reuters BIP Coding Group" action="confirmed" date="1997-03-29"/>
  </code>
  <code code="GSPO">
    <editdetail attribution="Reuters BIP Coding Group" action="confirmed" date="1997-03-29"/>
  </code>
</codes>
<dc element="dc.date.created" value="1997-03-29"/>
<dc element="dc.publisher" value="Reuters Holdings Plc"/>
<dc element="dc.date.published" value="1997-03-29"/>
<dc element="dc.source" value="Reuters"/>
<dc element="dc.creator.location" value="DUBAI"/>
<dc element="dc.creator.location.country.name" value="DUBAI"/>
<dc element="dc.source" value="Reuters"/>
</metadata>
</newsitem>
