<?xml version="1.0" encoding="iso-8859-1" ?>
<newsitem itemid="475164" id="root" date="1997-03-29" xml:lang="en">
<title>BARBADOS: CRICKET-WEST INDIES 298 ALL OUT V INDIA.</title>
<headline>CRICKET-WEST INDIES 298 ALL OUT V INDIA.</headline>
<dateline>BRIDGETOWN, Barbados 1997-03-29</dateline>
<text>
<p>West Indies were 298 all out in 98.4 overs in the third day of the third test match against India on Saturday.</p>
<p>Scores: West Indies 298 in 98.4 overs (S.Chanderpaul 137 not out) v India.</p>
</text>
<copyright>(c) Reuters Limited 1997</copyright>
<metadata>
<codes class="bip:countries:1.0">
  <code code="BARB">
    <editdetail attribution="Reuters BIP Coding Group" action="confirmed" date="1997-03-29"/>
  </code>
  <code code="INDIA">
    <editdetail attribution="Reuters BIP Coding Group" action="confirmed" date="1997-03-29"/>
  </code>
  <code code="WEIND">
    <editdetail attribution="Reuters BIP Coding Group" action="confirmed" date="1997-03-29"/>
  </code>
</codes>
<codes class="bip:topics:1.0">
  <code code="GCAT">
    <editdetail attribution="Reuters BIP Coding Group" action="confirmed" date="1997-03-29"/>
  </code>
  <code code="GSPO">
    <editdetail attribution="Reuters BIP Coding Group" action="confirmed" date="1997-03-29"/>
  </code>
</codes>
<dc element="dc.date.created" value="1997-03-29"/>
<dc element="dc.publisher" value="Reuters Holdings Plc"/>
<dc element="dc.date.published" value="1997-03-29"/>
<dc element="dc.source" value="Reuters"/>
<dc element="dc.creator.location" value="BRIDGETOWN, Barbados"/>
<dc element="dc.creator.location.country.name" value="BARBADOS"/>
<dc element="dc.source" value="Reuters"/>
</metadata>
</newsitem>
