<?xml version="1.0" encoding="iso-8859-1" ?>
<newsitem itemid="475180" id="root" date="1997-03-29" xml:lang="en">
<title>USA: NCAA BASKETBALL-ARIZONA'S SIMON HAS DEAN SMITH REJECTION LETTER ON WALL.</title>
<headline>NCAA BASKETBALL-ARIZONA'S SIMON HAS DEAN SMITH REJECTION LETTER ON WALL.</headline>
<byline>Gary Hill</byline>
<dateline>INDIANAPOLIS, Indiana 1997-03-28</dateline>
<text>
<p>North Carolina coach Dean Smith, the all-time coaching wins leader, draws such respect that even a player he rejected keeps the letter on his bedroom wall as a fond souvenir.</p>
<p>Arizona Wildcats shooting guard and team leader Miles Simon grew up wanting to play for Smith and Carolina. Instead, he will play against them in the opening semifinal of the NCAA Final Four tournament Saturday night.</p>
<p>The Tar Heels were overloaded at his &quot;two guard&quot; position, Smith wrote Simon in a personal note.</p>
<p>&quot;It just told me that he wished me the best in my college career, he was sure that it was going to be successful but at that point in time they had Donald Williams and Dante Calabria at the two spot,&quot; Simon said Friday.</p>
<p>&quot;And I still have the letter up on my bulletin board in my bedroom right now.&quot;</p>
<p>Simon, from Fullerton, California, said: &quot;North Carolina has almost always been my favourite school. I wanted to go there. I was a kid growing up Carolina blue, you know, any time I could buy a hat or shirt or whatever that said North Carolina, I was going to get it.</p>
<p>&quot;And just having something from Dean Smith -- personalized signature. You get a lot of letters from coaches and it has their stamped signature on there. And he wrote a little note on the bottom to me, and it was just something that I can treasure.&quot;</p>
<p>Simon said: &quot;It's going to be a great honour to say I played against Dean Smith in the Final Four the year that he broke Adolph Rupp's (wins) record.</p>
<p>Told of Simon's remarks, Smith inquired wryly: &quot;Does that mean Miles isn't going to play hard? He always plays hard.</p>
<p>&quot;I did write him a letter and I seldom do that.&quot;</p>
<p>Smith explained: &quot;You just don't want to over-recruit. At least we haven't in our place. He might have been behind Williams or Calabria. But that's nice of Miles Simon and I have great respect for him. And I just wish he were ineligible like he was in November, for one game only.&quot;</p>
<p>Simon, Arizona's only returning starter, missed the first 11 games of the season -- including a win over North Carolina -- due to academic ineligibility. He feels it helped him mature.</p>
<p>&quot;Oh, definitely, because I think basketball was definitely first and foremost on my list, and it just got taken away in a matter of just a blink of an eye,&quot; said Simon.</p>
<p>&quot;And there was always the thought in the back of my mind, do they really need me or do they want me back, because they were playing so well at the time. But one thing, my teammates just supported me tremendously and I give thanks to them.&quot;</p>
<p>&quot;Obviously we needed Miles,&quot; said high-scoring forward Michael Dickerson. &quot;Miles was our leader. After he got ineligible, we didn't even know if we could compete. But we did and we came out and played as a team and we all believed in each other. But we're very happy to have Miles back.&quot;</p>
<p>&quot;It's tough when you add another person in there,&quot; said fast-developing big man A.J. Bramlett, &quot;but Miles is a great player, he's an all-around player, he plays defence, he's a great offensive scorer and he does the little things you need someone to do.</p>
<p>&quot;Once we got Miles in the flow and he started playing great basketball, that made our team more dangerous. Nobody could focus just on Michael Dickerson as our scorer.&quot;</p>
<p>Arizona coach Lute Olson got Simon after North Carolina passed, and he shares the player's admiration for Smith.</p>
<p>&quot;When he's referred to as the Michelangelo of coaching, I really think that's a very appropriate term,&quot; said Olson.</p>
<p>&quot;And the great thing about it is the humility of the man. I can remember when I was a high school coach attending a clinic and had a chance to say hello afterwards -- with Coach Smith, I think he's friendly and open to everybody, whether you're somebody or whether you're no one.</p>
<p>&quot;And I think that's a real true measure of the man, is the greatness and yet the humility that he shows.&quot;</p>
<p>Smith's players joined the chorus.</p>
<p>&quot;He's taught us how to conduct ourselves in public and how to treat people with respect,&quot; said Vince Carter.</p>
<p>&quot;It's just he's a great person and somebody to look up to. And we watch what he does and learn from him and he's made us better people.&quot;</p>
<p>&quot;Coach Smith has basically been a father to the majority of the guys that are here,&quot; added Shammond Williams.</p>
<p>Smith was asked to comment about the time in 1958 he took a black student into an all-white diner and other moves he made to encourage racial integration.</p>
<p>&quot;When you do something you think is right, you don't worry about it or you don't want, quote, credit for it, nor should you get, quote, credit for doing something that's right,&quot; said Smith.</p>
<p>How would he like to be remembered?</p>
<p>&quot;That I coached basketball and I cared about the kids and they graduated and they still like me when they're 50.&quot;</p>
</text>
<copyright>(c) Reuters Limited 1997</copyright>
<metadata>
<codes class="bip:countries:1.0">
  <code code="USA">
    <editdetail attribution="Reuters BIP Coding Group" action="confirmed" date="1997-03-29"/>
  </code>
</codes>
<codes class="bip:topics:1.0">
  <code code="GCAT">
    <editdetail attribution="Reuters BIP Coding Group" action="confirmed" date="1997-03-29"/>
  </code>
  <code code="GSPO">
    <editdetail attribution="Reuters BIP Coding Group" action="confirmed" date="1997-03-29"/>
  </code>
</codes>
<dc element="dc.date.created" value="1997-03-28"/>
<dc element="dc.publisher" value="Reuters Holdings Plc"/>
<dc element="dc.date.published" value="1997-03-29"/>
<dc element="dc.source" value="Reuters"/>
<dc element="dc.creator.location" value="INDIANAPOLIS, Indiana"/>
<dc element="dc.creator.location.country.name" value="USA"/>
<dc element="dc.source" value="Reuters"/>
</metadata>
</newsitem>
