<?xml version="1.0" encoding="iso-8859-1" ?>
<newsitem itemid="475148" id="root" date="1997-03-29" xml:lang="en">
<title>SOUTH AFRICA: CRICKET-AUSTRALIA V SOUTH AFRICA SCOREBOARD.</title>
<headline>CRICKET-AUSTRALIA V SOUTH AFRICA SCOREBOARD.</headline>
<dateline>EAST LONDON, South Africa 1997-03-29</dateline>
<text>
<p>Scoreboard</p>
<p>from the first one day international between Australian and</p>
<p>South Africa at Buffalo Park on Saturday.</p>
<p>Australia</p>
<p> M.Taylor c Rhodes b Pollock	     7</p>
<p> M.DiVenuto c Cullinan b Kallis	 23</p>
<p> S.Law c Kallis b Symcox		  50</p>
<p> S.Waugh run out (Rhodes)		 50</p>
<p> G.Blewett run out (Cronje)	     14</p>
<p> M.Bevan not out			    51</p>
<p> A.Gilchrist run out (Rhodes)	    1</p>
<p> S.Warne c Cullinan b Donald	     4</p>
<p> P.Reiffel b Klusener			1</p>
<p> J.Gillespie c Cullinan b Klusener     0</p>
<p> A.Dale not out			     15</p>
<p> Extras (6w 1lb)			     7</p>
<p>Total (for nine wickets in 50 overs)223</p>
<p>Fall of wickets: 1-26 2-32 3-129 4-134 5-163 6-169 7-176 8-178</p>
<p>9-178</p>
<p>Bowling: Pollock 10-1-36-1, Kallis 8-0-42-1 (2w), Donald</p>
<p>10-0-37-1, Klusener 6-1-29-2 (4w), Symcox 10-0-53-1, Cronje</p>
<p>6-0-25-0</p>
<p>South Africa  A.Bacher c Warne b Reiffel		27</p>
<p> H.Gibbs c Gilchrist b Dale		10</p>
<p> J.Kallis st Gilchrist b Warne	   63</p>
<p> L.Klusener b Warne			   0</p>
<p> D.Cullinan not out			  85</p>
<p> J.Rhodes not out			    24</p>
<p> Extras (4b 7lb 2nb 5w)		    18</p>
<p>Total (for four wickets in 47 overs) 227 Fall of wickets: 1-31 2-48 3-50 4-172 Did not bat: Hansie Cronje, Shaun Pollock, Pat Symcox, Dave Richardson, Allan Donald</p>
<p>Bowling: Reiffel 10-1-44-1 (1w 2nb), Dale 10-0-55-1, Warne 10-0-36-2 (3w), Gillespie 7-0-36-0, Bevan 10-0-45-0 (1w).</p>
<p>Result: South Africa won by six wickets</p>
</text>
<copyright>(c) Reuters Limited 1997</copyright>
<metadata>
<codes class="bip:countries:1.0">
  <code code="AUSTR">
    <editdetail attribution="Reuters BIP Coding Group" action="confirmed" date="1997-03-29"/>
  </code>
  <code code="SAFR">
    <editdetail attribution="Reuters BIP Coding Group" action="confirmed" date="1997-03-29"/>
  </code>
</codes>
<codes class="bip:topics:1.0">
  <code code="GCAT">
    <editdetail attribution="Reuters BIP Coding Group" action="confirmed" date="1997-03-29"/>
  </code>
  <code code="GSPO">
    <editdetail attribution="Reuters BIP Coding Group" action="confirmed" date="1997-03-29"/>
  </code>
</codes>
<dc element="dc.date.created" value="1997-03-29"/>
<dc element="dc.publisher" value="Reuters Holdings Plc"/>
<dc element="dc.date.published" value="1997-03-29"/>
<dc element="dc.source" value="Reuters"/>
<dc element="dc.creator.location" value="EAST LONDON, South Africa"/>
<dc element="dc.creator.location.country.name" value="SOUTH AFRICA"/>
<dc element="dc.source" value="Reuters"/>
</metadata>
</newsitem>
