<?xml version="1.0" encoding="iso-8859-1" ?>
<newsitem itemid="475279" id="root" date="1997-03-29" xml:lang="en">
<title>CHINA: Japan gains China backing on Hong Kong consulate.</title>
<headline>Japan gains China backing on Hong Kong consulate.</headline>
<dateline>BEIJING 1997-03-29</dateline>
<text>
<p>Japan and China signed on Saturday an agreement allowing Tokyo to maintain its consulate in Hong Kong after the territory reverts to Beijing rule later this year.</p>
<p>Japanese Foreign Minister Yukihiko Ikeda signed the accord with his Chinese counterpart Qian Qichen during his official visit to Beijing, Japanese Foreign Ministry spokesman Hidehiko Hamada told reporters.</p>
<p>China is to resume sovereignty over the British colony of Hong Kong on July 1 this year and a number of countries with consulates in the territory have been waiting for final word from Beijing on whether the offices can remain in place after the handover.</p>
<p>The United States won backing from Beijing earlier this week to keep its consulate during a visit to China by U.S. Vice-President Al Gore.</p>
</text>
<copyright>(c) Reuters Limited 1997</copyright>
<metadata>
<codes class="bip:countries:1.0">
  <code code="CHINA">
    <editdetail attribution="Reuters BIP Coding Group" action="confirmed" date="1997-03-29"/>
  </code>
  <code code="HKONG">
    <editdetail attribution="Reuters BIP Coding Group" action="confirmed" date="1997-03-29"/>
  </code>
  <code code="JAP">
    <editdetail attribution="Reuters BIP Coding Group" action="confirmed" date="1997-03-29"/>
  </code>
</codes>
<codes class="bip:topics:1.0">
  <code code="GCAT">
    <editdetail attribution="Reuters BIP Coding Group" action="confirmed" date="1997-03-29"/>
  </code>
  <code code="GDIP">
    <editdetail attribution="Reuters BIP Coding Group" action="confirmed" date="1997-03-29"/>
  </code>
</codes>
<dc element="dc.date.created" value="1997-03-29"/>
<dc element="dc.publisher" value="Reuters Holdings Plc"/>
<dc element="dc.date.published" value="1997-03-29"/>
<dc element="dc.source" value="Reuters"/>
<dc element="dc.creator.location" value="BEIJING"/>
<dc element="dc.creator.location.country.name" value="CHINA"/>
<dc element="dc.source" value="Reuters"/>
</metadata>
</newsitem>
