<?xml version="1.0" encoding="iso-8859-1" ?>
<newsitem itemid="475208" id="root" date="1997-03-29" xml:lang="en">
<title>USA: Capsized chemical barge righted on Mississippi.</title>
<headline>Capsized chemical barge righted on Mississippi.</headline>
<byline>Jua Nyla Hutcheson</byline>
<dateline>BATON ROUGE, La. 1997-03-28</dateline>
<text>
<p>A sky-blue chemical fog that intermittently plagued local residents near the Mississippi River for 11 days appeared to dissipate Friday after a capsized barge was righted, authorities said.</p>
<p>Coast Guard spokesman Chris Haley told Reuters the barge was righted without incident by two cranes brought downriver from Vicksburg, Miss. &quot;There has been vapor in the area around the barge but it hasn't spread to land,&quot; he said.  </p>
<p>The barge, containing a volatile mix of benzene and gasoline, overturned March 17 after a tugboat with 25 barges in tow hit a bridge while trying to negotiate a sharp curve in the river.</p>
<p>The fast river current, swollen to its fourth-highest level this century with flood waters from the Ohio Valley, was blamed in part for the incident and several other maritime accidents that have snarled marine traffic from Baton Rouge to the mouth of the river below New Orleans for almost two weeks, Coast Guard officials said.  </p>
<p>In West Baton Rouge Parish, where 65 people had been evacuated since the barge overturned, a deputy sheriff told Reuters late Friday, &quot;It's finally over, thank God! That sucker is right-side up and moving downriver, and our folks are going back home.&quot;</p>
<p>As authorities struggled for more than a week to unload the hazardous cargo safely, the fog, containing some benzene and hydrocarbon vapors, intermittently rolled across the Southern University campus and residential neighborhoods in the northern part of the city and communities on the west bank of the river.  </p>
<p>The campus was evacuated twice and other residents were ordered to stay inside with windows and doors closed.</p>
<p>More than 386 people were treated at local hospitals for nausea, headaches, respiratory problems and eye, nose and throat irritation, hospital officials said.</p>
<p>State authorities were forced to close highways and bridges whenever the blue clouds appeared, and twice evacuated state office buildings downtown. Thousands of students got an extra day or two of Easter holidays after city officials closed 37 schools they feared might be affected by the vapors.  </p>
<p>Ten lawsuits already have been filed in connection with the incident and the barge owners have petitioned in federal court to have their damages limited to the value of the barge and cargo, a provision written into law more than a century ago to protect the nation's fledgling maritime industry.</p>
<p>Corps of Engineers spokesman Rob Brown told Reuters the Mississippi River crested at Baton Rouge Thursday night slightly below the expected level. &quot;So far, all the levees have held, and we think the worst may be over -- for now,&quot; he said. &quot;We'll just have to wait and see what happens when we normally get high water in May.&quot;</p>
</text>
<copyright>(c) Reuters Limited 1997</copyright>
<metadata>
<codes class="bip:countries:1.0">
  <code code="USA">
    <editdetail attribution="Reuters BIP Coding Group" action="confirmed" date="1997-03-29"/>
  </code>
</codes>
<codes class="bip:industries:1.0">
  <code code="I72603">
    <editdetail attribution="Reuters BIP Coding Group" action="confirmed" date="1997-03-29"/>
  </code>
</codes>
<codes class="bip:topics:1.0">
  <code code="CCAT">
    <editdetail attribution="Reuters BIP Coding Group" action="confirmed" date="1997-03-29"/>
  </code>
  <code code="GCAT">
    <editdetail attribution="Reuters BIP Coding Group" action="confirmed" date="1997-03-29"/>
  </code>
  <code code="GDIS">
    <editdetail attribution="Reuters BIP Coding Group" action="confirmed" date="1997-03-29"/>
  </code>
  <code code="GENV">
    <editdetail attribution="Reuters BIP Coding Group" action="confirmed" date="1997-03-29"/>
  </code>
</codes>
<dc element="dc.date.created" value="1997-03-28"/>
<dc element="dc.publisher" value="Reuters Holdings Plc"/>
<dc element="dc.date.published" value="1997-03-29"/>
<dc element="dc.source" value="Reuters"/>
<dc element="dc.creator.location" value="BATON ROUGE, La."/>
<dc element="dc.creator.location.country.name" value="USA"/>
<dc element="dc.source" value="Reuters"/>
</metadata>
</newsitem>
