<?xml version="1.0" encoding="iso-8859-1" ?>
<newsitem itemid="475298" id="root" date="1997-03-29" xml:lang="en">
<title>MONGOLIA: Mongolia February inflation hits 5.6 percent.</title>
<headline>Mongolia February inflation hits 5.6 percent.</headline>
<dateline>ULAN BATOR 1997-03-29</dateline>
<text>
<p>Mongolia's consumer price inflation rose 3.2 percent in February over the previous month, the State Statistical Office said.</p>
<p>Inflation in January-February was up 5.6 percent from the beginning of the year, the office said in a report late on Friday.</p>
<p>Mongolia's consistently high inflation was caused by clumsy intervention in currency markets by the Bank of Mongolia, the central bank, a banking conference concluded on Friday.</p>
<p>The bank's failure to stop leaks of classified information about monetary policy were also factors in skyrocketing prices, one bank official who attended the meeting told Reuters.</p>
<p>The weakness of Mongolia's currency, the tugrik, has helped spur the rampant inflation, with the official exchange rate nearing 850 tugriks to the dollar against 680 to the dollar in early January.</p>
<p>Mongolia has set an annual inflation target of about 35 percent for 1997.</p>
<p>The State Statistical Office said that annual inflation for 1996 was 53.2 percent but the central bank estimated it at 58.7 percent.  </p>
<p>In 1995, prices rose by 53.1 percent, compared with 66.3 percent in 1994, 183 percent in 1993 and 325.5 percent in 1992, official figures show.</p>
<p>($1 = 850 tugriks)</p>
</text>
<copyright>(c) Reuters Limited 1997</copyright>
<metadata>
<codes class="bip:countries:1.0">
  <code code="MONGLA">
    <editdetail attribution="Reuters BIP Coding Group" action="confirmed" date="1997-03-29"/>
  </code>
</codes>
<codes class="bip:topics:1.0">
  <code code="E13">
    <editdetail attribution="Reuters BIP Coding Group" action="confirmed" date="1997-03-29"/>
  </code>
  <code code="E131">
    <editdetail attribution="Reuters BIP Coding Group" action="confirmed" date="1997-03-29"/>
  </code>
  <code code="ECAT">
    <editdetail attribution="Reuters BIP Coding Group" action="confirmed" date="1997-03-29"/>
  </code>
</codes>
<dc element="dc.date.created" value="1997-03-29"/>
<dc element="dc.publisher" value="Reuters Holdings Plc"/>
<dc element="dc.date.published" value="1997-03-29"/>
<dc element="dc.source" value="Reuters"/>
<dc element="dc.creator.location" value="ULAN BATOR"/>
<dc element="dc.creator.location.country.name" value="MONGOLIA"/>
<dc element="dc.source" value="Reuters"/>
</metadata>
</newsitem>
