<?xml version="1.0" encoding="iso-8859-1" ?>
<newsitem itemid="475223" id="root" date="1997-03-29" xml:lang="en">
<title>CANADA: Hizbollah has network in Canada - report.</title>
<headline>Hizbollah has network in Canada - report.</headline>
<dateline>TORONTO 1997-03-29</dateline>
<text>
<p>The fundamentalist group Hizbollah has a network in Canada designed to help members who want a safe haven in North America, a newspaper said on Saturday, quoting a Canadian spy agency document.</p>
<p>The document was filed with the Federal Court of Canada by the Canadian Security Intelligence Service to summarize evidence in a deportation case involving Saudi dissident Hani Abdel-Rahim al-Sayegh, the Globe and Mail reported.</p>
<p>CSIS alleged that Sayegh was involved in a bombing in Saudi Arabia last June that killed 19 U.S. airmen and wounded nearly 400 people. The agency said Sayegh conducted surveillance at the bomb site and drove a car that &quot;signaled the explosives-laden truck to enter the parking lot.&quot;</p>
<p>Sayegh was arrested in Ottawa on March 18 on the grounds that he represented a security threat to Canada.</p>
<p>According to CSIS, the bombing was the work of a militant Shiite Moslem fundamentalist group with ties to Hizbollah -- a group called the Saudi Hizbollah. CSIS has said the Saudis found a detonator at the site of the bombing similar to a kind used in the past by the Lebanese Hizbollah.</p>
<p>Sayegh is allegedly a member of the Saudi Hizbollah, whose terrorist actions are supported and assisted by the Lebanese-based Hizbollah group, the newspaper quoted the CSIS document as saying.</p>
<p>Hizbollah's stated objectives include the establishment of a Shiite Islamic state in Lebanon, the removal of non-Islamic influences from the area and the elimination of Israel.</p>
<p>The leader of the Saudi Hizbollah radical Shiite movement is Sheikh Jaafar Mubarak, now under arrest in Saudi Arabia, the newspaper said.</p>
<p>The CSIS document is quoted as saying Hizbollah members have established &quot;an infrastructure&quot; in Canada and &quot;receive and comply with direction from the Hizbollah leadership hierarchy in Lebanon.&quot; CSIS also cited the 1994 federal court case of Mohammed Hussein al-Husseini, another alleged Hizbollah terrorist living in Canada, the newspaper said.</p>
<p>&quot;Al-Husseini ultimately admitted to being a member of Hizbollah,&quot; it quoted the summary as saying. &quot;He further admitted that the terrorist group operates in Canada.&quot;</p>
<p>The man CSIS alleged masterminded the attack, Ahmed Ibrahim Ahmad Mughassil, is currently living in Iran under the protection of the government, according to a report in New York's Newsday newspaper on Saturday, citing unidentified sources.</p>
<p>The Saudi blast took place on June 25 at the Khobar Towers, a complex housing U.S. military personnel outside Dhahran in the oil-rich eastern part of the country. Sayegh has told reporters he was in Syria at the time.</p>
<p>He arrived in Canada requesting refugee status from Saudi Arabia because of the way the Sunni Moslem rulers treat Shiites.</p>
</text>
<copyright>(c) Reuters Limited 1997</copyright>
<metadata>
<codes class="bip:countries:1.0">
  <code code="CANA">
    <editdetail attribution="Reuters BIP Coding Group" action="confirmed" date="1997-03-29"/>
  </code>
  <code code="SAARAB">
    <editdetail attribution="Reuters BIP Coding Group" action="confirmed" date="1997-03-29"/>
  </code>
</codes>
<codes class="bip:topics:1.0">
  <code code="GCAT">
    <editdetail attribution="Reuters BIP Coding Group" action="confirmed" date="1997-03-29"/>
  </code>
  <code code="GVIO">
    <editdetail attribution="Reuters BIP Coding Group" action="confirmed" date="1997-03-29"/>
  </code>
</codes>
<dc element="dc.date.created" value="1997-03-29"/>
<dc element="dc.publisher" value="Reuters Holdings Plc"/>
<dc element="dc.date.published" value="1997-03-29"/>
<dc element="dc.source" value="Reuters"/>
<dc element="dc.creator.location" value="TORONTO"/>
<dc element="dc.creator.location.country.name" value="CANADA"/>
<dc element="dc.source" value="Reuters"/>
</metadata>
</newsitem>
