<?xml version="1.0" encoding="iso-8859-1" ?>
<newsitem itemid="475252" id="root" date="1997-03-29" xml:lang="en">
<title>UKRAINE: Pro-Russian Crimea to return to Ukrainian time.</title>
<headline>Pro-Russian Crimea to return to Ukrainian time.</headline>
<dateline>SIMFEROPOL, Ukraine 1997-03-29</dateline>
<text>
<p>Ukraine's pro-Russian Crimean peninsula will switch to Kiev time this weekend after three years of sticking to Moscow time, a local official said on Saturday.</p>
<p>Ukraine's autonomous region of Crimea, two-thirds of its 2.7 million population Russians, introduced Moscow time three years ago as a token of its opposition to Kiev rule.</p>
<p>But Ukraine has managed to reduce the influence of pro-Russian forces in the Crimea in the past two years. Last month the local parliament named a pro-Ukrainian politician as the region's new leader.</p>
</text>
<copyright>(c) Reuters Limited 1997</copyright>
<metadata>
<codes class="bip:countries:1.0">
  <code code="UKRN">
    <editdetail attribution="Reuters BIP Coding Group" action="confirmed" date="1997-03-29"/>
  </code>
</codes>
<codes class="bip:topics:1.0">
  <code code="GCAT">
    <editdetail attribution="Reuters BIP Coding Group" action="confirmed" date="1997-03-29"/>
  </code>
</codes>
<dc element="dc.date.created" value="1997-03-29"/>
<dc element="dc.publisher" value="Reuters Holdings Plc"/>
<dc element="dc.date.published" value="1997-03-29"/>
<dc element="dc.source" value="Reuters"/>
<dc element="dc.creator.location" value="SIMFEROPOL, Ukraine"/>
<dc element="dc.creator.location.country.name" value="UKRAINE"/>
<dc element="dc.source" value="Reuters"/>
</metadata>
</newsitem>
