<?xml version="1.0" encoding="iso-8859-1" ?>
<newsitem itemid="475248" id="root" date="1997-03-29" xml:lang="en">
<title>ALBANIA: Albania slams Italy over sinking of refugee boat.</title>
<headline>Albania slams Italy over sinking of refugee boat.</headline>
<dateline>TIRANA 1997-03-29</dateline>
<text>
<p>Albania, angry over the sinking of a refugee boat in the Adriatic, told Italy on Saturday that the accident could have been avoided and that the guilty should be revealed.</p>
<p>&quot;I appreciate Italian Prime Minister Romano Prodi's statement and I ask his cabinet to start investigations so that the guilty be identified. I still insist the tragedy should have been avoided,&quot; Albanian Prime Minister Bashkim Fino said on television.  </p>
<p>Albanian Deputy Foreign Minister Pavllo Zeri summoned the Italian ambassador, Paolo Foresti. Zeri told him the Italian government must take steps to prevent such tragedies in future.</p>
<p>Parliamentary speaker Pjeter Arbnori strongly criticised Italy's handling of the incident, saying: &quot;The boat should have been accompanied to Italy's coast instead of being blocked.&quot;</p>
<p>At least four people died when an illegal Albanian refugee boat sank after colliding with an Italian navy corvette. The Italian navy has been turning back Albanian refugees fleeing by boat across the Adriatic to escape unrest in their country.</p>
</text>
<copyright>(c) Reuters Limited 1997</copyright>
<metadata>
<codes class="bip:countries:1.0">
  <code code="ALB">
    <editdetail attribution="Reuters BIP Coding Group" action="confirmed" date="1997-03-29"/>
  </code>
  <code code="ITALY">
    <editdetail attribution="Reuters BIP Coding Group" action="confirmed" date="1997-03-29"/>
  </code>
</codes>
<codes class="bip:topics:1.0">
  <code code="GCAT">
    <editdetail attribution="Reuters BIP Coding Group" action="confirmed" date="1997-03-29"/>
  </code>
  <code code="GDIP">
    <editdetail attribution="Reuters BIP Coding Group" action="confirmed" date="1997-03-29"/>
  </code>
  <code code="GDIS">
    <editdetail attribution="Reuters BIP Coding Group" action="confirmed" date="1997-03-29"/>
  </code>
</codes>
<dc element="dc.date.created" value="1997-03-29"/>
<dc element="dc.publisher" value="Reuters Holdings Plc"/>
<dc element="dc.date.published" value="1997-03-29"/>
<dc element="dc.source" value="Reuters"/>
<dc element="dc.creator.location" value="TIRANA"/>
<dc element="dc.creator.location.country.name" value="ALBANIA"/>
<dc element="dc.source" value="Reuters"/>
</metadata>
</newsitem>
