<?xml version="1.0" encoding="iso-8859-1" ?>
<newsitem itemid="475271" id="root" date="1997-03-29" xml:lang="en">
<title>PERU: Peru Easter procession becomes pro-hostage march.</title>
<headline>Peru Easter procession becomes pro-hostage march.</headline>
<byline>David Haskel</byline>
<dateline>LIMA 1997-03-29</dateline>
<text>
<p>Thousands of Peruvians marched on Friday in an Easter procession devoted to hostages held by Marxist rebels for more than 100 days, as the 72 captives ate traditional fish meals and listened to radio messages from their families.</p>
<p>&quot;In the name of God, when are you going to free our brothers -- the hostages?,&quot; Monsignor Miguel Irizar, who presided over the Way of the Cross procession in the nearby port of Callao, asked the rebels.</p>
<p>The hostages spent Christmas and New Year's at the Japanese ambassador's house. On Friday, they began their third holiday period in captivity eating fish and listening to messages from their next of kin on the radio -- their only direct contact with the outside world.</p>
<p>&quot;With great affection Nandito, we hope that in this Holy Week the Lord hears our prayers so that this moment passes soon,&quot; said one relative who, like others, used a nickname so as not to identify the hostage.</p>
<p>&quot;I know that you have great strength,&quot; the message continued. &quot;This Good Friday all our children are here. I love you. Take care of yourself. Goodbye my dear.&quot;</p>
<p>Among the 72 men are cabinet ministers, generals, businessmen, the ambassadors of Bolivia and Japan, the brother of Peruvian President Alberto Fujimori and some two dozen other Japanese nationals.</p>
<p>Meanwhile, negotiations between Fujimori's government and the Tupac Amaru Revolutionary Movement (MRTA) rebels moved back and forth all week between optimism and doubt.</p>
<p>On Friday, hours after Fujimori said things were looking up, Japan's Primer Minister, Ryutaro Hashimoto, said in Tokyo: &quot;I am not optimistic.&quot; He did not elaborate.</p>
<p>The MRTA also sent mixed signals, fluctuating from displays of flexibility to warnings that all their 450 jailed comrades must be released before they free any hostages.</p>
<p>Early on Saturday, rebels went to the residence's roof and placed a banner saying, &quot;We shall defend with our lives the freedom of our jailed (comrades).&quot;</p>
<p>The recent signs of flexibility on both sides, including reports that the rebels were ready to accept a Cuban offer for political asylum, sent diplomatic and media circles into an optimistic mood.</p>
<p>Government and rebels had not met directly since March 12, but were believed to be nearing agreement on some points of a proposal put forward by a three-man guarantors team overseeing negotiations.</p>
<p>Face-to-face talks between government negotiator Domingo Palermo and MRTA leader Nestor Cerpa were expected to resume on Monday or Tuesday.</p>
<p>Two of the guarantors mediating the crisis, Red Cross representative Michel Minnig and Canadian ambassador Anthony Vincent, entered the residence on Friday to continue talks with MRTA leaders but made no comments to reporters when they left the compound.</p>
<p>Media and diplomatic circles said there was still no agreement over the rebels' principal demand for the release of jailed comrades.</p>
<p>An intelligence report said the MRTA has shipped 70 fighters to Lima since October to back up their comrades. The report, dated March 12, said the MRTA ferried personnel and weapons to form &quot;External Support Groups&quot; in case talks went into a dead end.</p>
<p>An opinion poll conducted last week and published on Friday showed rising disenchantment with the way Fujimori was handling the longest hostage siege in Latin America's history.</p>
<p>It found approval for his crisis management shrinking 6.5 points to 56.5 percent. The private poll showed 32 percent felt the government caused talks to stall while 24 percent said the MRTA was at fault and 41 percent blamed both sides.</p>
</text>
<copyright>(c) Reuters Limited 1997</copyright>
<metadata>
<codes class="bip:countries:1.0">
  <code code="PERU">
    <editdetail attribution="Reuters BIP Coding Group" action="confirmed" date="1997-03-29"/>
  </code>
</codes>
<codes class="bip:topics:1.0">
  <code code="GCAT">
    <editdetail attribution="Reuters BIP Coding Group" action="confirmed" date="1997-03-29"/>
  </code>
  <code code="GVIO">
    <editdetail attribution="Reuters BIP Coding Group" action="confirmed" date="1997-03-29"/>
  </code>
</codes>
<dc element="dc.date.created" value="1997-03-29"/>
<dc element="dc.publisher" value="Reuters Holdings Plc"/>
<dc element="dc.date.published" value="1997-03-29"/>
<dc element="dc.source" value="Reuters"/>
<dc element="dc.creator.location" value="LIMA"/>
<dc element="dc.creator.location.country.name" value="PERU"/>
<dc element="dc.source" value="Reuters"/>
</metadata>
</newsitem>
