<?xml version="1.0" encoding="iso-8859-1" ?>
<newsitem itemid="475230" id="root" date="1997-03-29" xml:lang="en">
<title>COTE D'IVOIRE: Clemency for Ivorian soldiers held for plotting.</title>
<headline>Clemency for Ivorian soldiers held for plotting.</headline>
<dateline>ABIDJAN 1997-03-29</dateline>
<text>
<p>Ivory Coast's government has ordered the release of seven soldiers detained pending investigation of coup plot allegations, according to a statement from Defence Minister Bandama N'Gatta.</p>
<p>The statement, published in the government newspaper Fraternite Matin on Saturday, said that the release order came after President Henri Konan Bedie accorded them clemency as part of efforts to build &quot;a society based on peace and tolerance&quot;.</p>
<p>The soldiers have all been dismissed from the army. That sanction remains.</p>
<p>The coup plot allegations date back to Bedie's October 1995 election, a poll boycotted by the main opposition and surrounded by ethnic and political unrest which killed 35 people.</p>
<p>General Robert Guei was sacked as army chief of staff on the eve of the poll after not ordering the army on to the streets. He was dismissed from the army last January 29 after a military enquiry accused him of serious faults of discipline.</p>
<p>Guei, who served as sports minister in Bedie's government after being sacked, has never been formally arrested.</p>
</text>
<copyright>(c) Reuters Limited 1997</copyright>
<metadata>
<codes class="bip:countries:1.0">
  <code code="ICST">
    <editdetail attribution="Reuters BIP Coding Group" action="confirmed" date="1997-03-29"/>
  </code>
</codes>
<codes class="bip:topics:1.0">
  <code code="GCAT">
    <editdetail attribution="Reuters BIP Coding Group" action="confirmed" date="1997-03-29"/>
  </code>
  <code code="GCRIM">
    <editdetail attribution="Reuters BIP Coding Group" action="confirmed" date="1997-03-29"/>
  </code>
  <code code="GVIO">
    <editdetail attribution="Reuters BIP Coding Group" action="confirmed" date="1997-03-29"/>
  </code>
</codes>
<dc element="dc.date.created" value="1997-03-29"/>
<dc element="dc.publisher" value="Reuters Holdings Plc"/>
<dc element="dc.date.published" value="1997-03-29"/>
<dc element="dc.source" value="Reuters"/>
<dc element="dc.creator.location" value="ABIDJAN"/>
<dc element="dc.creator.location.country.name" value="COTE D'IVOIRE"/>
<dc element="dc.source" value="Reuters"/>
</metadata>
</newsitem>
