<?xml version="1.0" encoding="iso-8859-1" ?>
<newsitem itemid="475276" id="root" date="1997-03-29" xml:lang="en">
<title>JAPAN: North Korean rulers report rift with military.</title>
<headline>North Korean rulers report rift with military.</headline>
<byline>Brian Williams</byline>
<dateline>TOKYO 1997-03-29</dateline>
<text>
<p>North Korean rulers have revealed to a visiting U.S. Senate delegation that there is a rift with their own powerful military over holding peace talks before more international aid arrives in the famine-hit nation.</p>
<p>The issue, involving supply of 1.5 million tonnes of grain outside of immediate humanitarian food aid, has become the last hurdle to starting talks to formally close down the world's final Cold War frontier and officially end the 1950-53 Korean war.</p>
<p>Members of the delegation told a news conference in Tokyo on Saturday that top North Korean officials were surprisingly frank in warning military opposition could scuttle the talks between the two Koreas, the United States and China.</p>
<p>Stalinist North Korea has been devastated by two years of floods, creating serious food shortages which aid agencies say places it just weeks away from disaster.</p>
<p>But the delegation said the sticking point was not immediate food supplies but military unhappiness that aid has not arrived which North Korea says was promised in a 1994 pact which persuaded Pyongyang to end a nuclear weapons programme.</p>
<p>&quot;Our hosts in North Korea stressed their concerns that insufficient progress had been made in fulfilling the terms of the 1994 agreed framework,&quot; the senators said in a statement.</p>
<p>The senators met in Pyongyang on Friday with North Korean First Vice Foreign Minister Kang Sok-ju and Kim Kye Gwan, a member of the Foreign Affairs Committee. Both men are regarded as close to North Korean leader Kim Jong-il.</p>
<p>However military officials snubbed the group of five, which was led by Ted Stevens (R-Alaska), chairman of the Senate Appropriations Committee, a key player in U.S. aid efforts.</p>
<p>The other senators, all members of the committee, were Daniel Inouye (D-Hawaii), Thad Cochran (R-Mississippi), Pete Domenici (R-New Mexico) and Pat Roberts (R-Kansas)</p>
<p>&quot;We regret that we did not meet with officials of the Korean People's Army,&quot; the senators said in a statement. &quot;Failure by the North Korean military to support and participate in the negotiations .... could pose an insurmountable obstacle.&quot;</p>
<p>There have regular reports of a power struggle involving the military, which analysts believe does not fully back apparent efforts by Kim Jong-il to end North Korea's isolation.</p>
<p>&quot;I think that we were led to believe that there is a rift. The military is disturbed that the civilian authorities have not been able to obtain the food and fuel they'd been told they'd get,&quot; Stevens said.</p>
<p>&quot;I don't know if that was just rattling the cage for us or whether it was stated as a fear, he said. &quot;But it was a flat statement that they were worried about the reaction of their military if we were unable to assure them that they would receive the assistance they sought.&quot;</p>
<p>Domenici said the officials were open and forthright in saying &quot;they were not sure how the military would respond to participation in the peace talks.&quot;</p>
<p>&quot;It wasn't anything said secretly,&quot; Domenici said.</p>
<p>In Seoul on Saturday, U.S. Vice-President Al Gore also discussed ways to convince North Korea to join the talks with South Korean President Kim Young-sam after a visit to China where he discussed the issue with Chinese President Jiang Zemin.</p>
<p>In agreeing to discuss possible peace talks, Pyongyang has insisted that as a pre-condition the United States and South Korea promise first to supply substantial food aid.</p>
<p>But the United States has firmly rejected pre-conditions while promising &quot;good things will happen&quot; once talks start.</p>
<p>Inouye, the delegation's only Democrat, said North Korean officials indicated once the issue of the 1.5 million tonnes was cleared up, a definite date could be set for the start of talks.</p>
</text>
<copyright>(c) Reuters Limited 1997</copyright>
<metadata>
<codes class="bip:countries:1.0">
  <code code="JAP">
    <editdetail attribution="Reuters BIP Coding Group" action="confirmed" date="1997-03-29"/>
  </code>
  <code code="NKOREA">
    <editdetail attribution="Reuters BIP Coding Group" action="confirmed" date="1997-03-29"/>
  </code>
  <code code="SKOREA">
    <editdetail attribution="Reuters BIP Coding Group" action="confirmed" date="1997-03-29"/>
  </code>
  <code code="USA">
    <editdetail attribution="Reuters BIP Coding Group" action="confirmed" date="1997-03-29"/>
  </code>
</codes>
<codes class="bip:topics:1.0">
  <code code="E51">
    <editdetail attribution="Reuters BIP Coding Group" action="confirmed" date="1997-03-29"/>
  </code>
  <code code="ECAT">
    <editdetail attribution="Reuters BIP Coding Group" action="confirmed" date="1997-03-29"/>
  </code>
  <code code="GCAT">
    <editdetail attribution="Reuters BIP Coding Group" action="confirmed" date="1997-03-29"/>
  </code>
  <code code="GDEF">
    <editdetail attribution="Reuters BIP Coding Group" action="confirmed" date="1997-03-29"/>
  </code>
  <code code="GDIP">
    <editdetail attribution="Reuters BIP Coding Group" action="confirmed" date="1997-03-29"/>
  </code>
  <code code="GVIO">
    <editdetail attribution="Reuters BIP Coding Group" action="confirmed" date="1997-03-29"/>
  </code>
</codes>
<dc element="dc.date.created" value="1997-03-29"/>
<dc element="dc.publisher" value="Reuters Holdings Plc"/>
<dc element="dc.date.published" value="1997-03-29"/>
<dc element="dc.source" value="Reuters"/>
<dc element="dc.creator.location" value="TOKYO"/>
<dc element="dc.creator.location.country.name" value="JAPAN"/>
<dc element="dc.source" value="Reuters"/>
</metadata>
</newsitem>
