<?xml version="1.0" encoding="iso-8859-1" ?>
<newsitem itemid="475215" id="root" date="1997-03-29" xml:lang="en">
<title>UK: UK sailor who rescued rival gets hero's welcome.</title>
<headline>UK sailor who rescued rival gets hero's welcome.</headline>
<dateline>PLYMOUTH, England 1997-03-29</dateline>
<text>
<p>British round the world yachtsman Pete Goss arrived home on Saturday to a hero's welcome for abandoning the race to rescue a French rival midway through the voyage.</p>
<p>Six Royal Marine trumpeters sounded a fanfare as Goss's yacht entered Plymouth harbour on Britain's south coast accompanied by an armada of small boats and tugs, and some 5,000 people turned out to cheer the local sailor.</p>
<p>Last weekend an estimated 150,000 people cheered Goss into the French port Le Sables D'Olonne. France has awarded him one of its highest civilian honours, the Legion d'Honneur, for abandoning his chances of winning the race by going to the rescue of stricken 25-year-old French racer Raphael Dinelli, whose yacht had capsized about 1,000 miles (1,600 km) south of Australia.</p>
<p>&quot;Life comes first. It is a rule of the sea. We all have to help each other,&quot; Goss told reporters on Saturday.</p>
<p>After the rescue Goss had to carry out surgery on his own infected elbow after receiving instructions by satellite.</p>
<p>Goss ended the Vendee Globe race fifth out of six finishers. After rescuing Dinelli, he had to restart the 22,000-mile race from Tasmania but was credited with the time taken up with the rescue.</p>
</text>
<copyright>(c) Reuters Limited 1997</copyright>
<metadata>
<codes class="bip:countries:1.0">
  <code code="FRA">
    <editdetail attribution="Reuters BIP Coding Group" action="confirmed" date="1997-03-29"/>
  </code>
  <code code="UK">
    <editdetail attribution="Reuters BIP Coding Group" action="confirmed" date="1997-03-29"/>
  </code>
</codes>
<codes class="bip:topics:1.0">
  <code code="GCAT">
    <editdetail attribution="Reuters BIP Coding Group" action="confirmed" date="1997-03-29"/>
  </code>
  <code code="GPRO">
    <editdetail attribution="Reuters BIP Coding Group" action="confirmed" date="1997-03-29"/>
  </code>
</codes>
<dc element="dc.date.created" value="1997-03-29"/>
<dc element="dc.publisher" value="Reuters Holdings Plc"/>
<dc element="dc.date.published" value="1997-03-29"/>
<dc element="dc.source" value="Reuters"/>
<dc element="dc.creator.location" value="PLYMOUTH, England"/>
<dc element="dc.creator.location.country.name" value="UK"/>
<dc element="dc.source" value="Reuters"/>
</metadata>
</newsitem>
