<?xml version="1.0" encoding="iso-8859-1" ?>
<newsitem itemid="475284" id="root" date="1997-03-29" xml:lang="en">
<title>JAPAN: U.S. senators find N.Korean capital a &quot;drab&quot; place.</title>
<headline>U.S. senators find N.Korean capital a &quot;drab&quot; place.</headline>
<byline>Brian Williams</byline>
<dateline>TOKYO 1997-03-29</dateline>
<text>
<p>Five U.S. senators just back from North Korea on Saturday portrayed the capital of Pyongyang as a &quot;very drab&quot; place where you can't get a warm room.</p>
<p>They also said that in their brief 24-hour visit they did not see a live chicken, pig, duck or goose, symbolising famine conditions in a nation of 22 million after two years of floods.</p>
<p>But the senators saw no sign of malnutrition and officials they spoke to rejected notions of a power struggle.</p>
<p>The visit was made as North Korea edges towards joining peace talks with South Korea, China, and the United States about formally ending the 1950-53 Korean War.</p>
<p>As part of the welcome for U.S. decision-makers making a rare visit to the world's last Stalinist state, the senators ran into a full-scale military mobilisation, apparently staged for their benefit. Residents told them it was the biggest in 18 months.</p>
<p>&quot;I saw their city as a very drab place,&quot; Senator Pete Domenici (R-New Mexico), told a news conference in Tokyo when the five arrived from Pyongyang on a U.S. Air Force plane.</p>
<p>&quot;It seemed to me they live in a very different reality than we do,&quot; he said, pointing to what he felt were exaggerated fears of an attack by U.S.-backed military forces in South Korea.</p>
<p>The group -- Domenici, Ted Stevens (R-Alaska), Daniel Inouye (D-Hawaii), Thad Cochran (R-Mississippi), and Pat Roberts (R-Kansas) -- are all members of the powerful Senate Appropriations Committee, a key player in U.S. aid efforts.</p>
<p>Stevens, chairman of the committee and leader of the delegation, said he was struck by how North Korea's fuel shortages have turned the capital into a frigid zone.</p>
<p>&quot;We weren't in a heated building the whole time it seemed to me,&quot; said Stevens, whose Alaska State is one of the coldest places in the United States.</p>
<p>Domenici was amazed by the lack of cars in the capital and even more bemused by camouflage netting that covered nearly every vehicle because of the mobilisation.</p>
<p>&quot;The streets of that city are spacious but there's hardly a car around,&quot; he said. &quot;We hardly saw one vehicle that didn't have camouflage on it.&quot;</p>
<p>Domenici said that during the visit the city was gripped by a &quot;total mobilization.&quot;</p>
<p>&quot;We were told that they had been through an exercise in having their population go into underground tunnels and shelters,&quot; he added.</p>
<p>The senators said one foreign resident told them that for the first time in 18 months two waves of North Korean jet fighters also flew over the capital.</p>
<p>In the only visit outside Pyongyang to a nearby cooperative farm, the senators were shocked to see no livestock production.</p>
<p>&quot;There was not a chicken, there was not a pig, there was not a duck, there was not a goose and it did not seem to us that there were ready foodstuffs of that nature,&quot; said Roberts.</p>
<p>But he added:&quot;We didn't see evidence of malnutrition.&quot;</p>
<p>Roberts found &quot;very outdated&quot; machinery during the visit to the Chilgol Branch farm which is run by 1,400 workers.</p>
<p>&quot;It's obvious that this country, to become self-reliant, will have to make great progress....,&quot; he said.</p>
<p>However, like the other senators, Roberts said there seemed no morale problems in the officials they met.</p>
<p>&quot;They are quite forceful in saying their system is not collapsing and that the people are not mad with the leadership,&quot; he said.</p>
</text>
<copyright>(c) Reuters Limited 1997</copyright>
<metadata>
<codes class="bip:countries:1.0">
  <code code="CHINA">
    <editdetail attribution="Reuters BIP Coding Group" action="confirmed" date="1997-03-29"/>
  </code>
  <code code="JAP">
    <editdetail attribution="Reuters BIP Coding Group" action="confirmed" date="1997-03-29"/>
  </code>
  <code code="NKOREA">
    <editdetail attribution="Reuters BIP Coding Group" action="confirmed" date="1997-03-29"/>
  </code>
  <code code="SKOREA">
    <editdetail attribution="Reuters BIP Coding Group" action="confirmed" date="1997-03-29"/>
  </code>
  <code code="USA">
    <editdetail attribution="Reuters BIP Coding Group" action="confirmed" date="1997-03-29"/>
  </code>
</codes>
<codes class="bip:topics:1.0">
  <code code="GCAT">
    <editdetail attribution="Reuters BIP Coding Group" action="confirmed" date="1997-03-29"/>
  </code>
  <code code="GDIP">
    <editdetail attribution="Reuters BIP Coding Group" action="confirmed" date="1997-03-29"/>
  </code>
</codes>
<dc element="dc.date.created" value="1997-03-29"/>
<dc element="dc.publisher" value="Reuters Holdings Plc"/>
<dc element="dc.date.published" value="1997-03-29"/>
<dc element="dc.source" value="Reuters"/>
<dc element="dc.creator.location" value="TOKYO"/>
<dc element="dc.creator.location.country.name" value="JAPAN"/>
<dc element="dc.source" value="Reuters"/>
</metadata>
</newsitem>
