<?xml version="1.0" encoding="iso-8859-1" ?>
<newsitem itemid="475260" id="root" date="1997-03-29" xml:lang="en">
<title>PERU: Peru's MRTA toughens stand ahead of new talks.</title>
<headline>Peru's MRTA toughens stand ahead of new talks.</headline>
<byline>David Haskel</byline>
<dateline>LIMA 1997-03-29</dateline>
<text>
<p>Peruvian Marxist rebels holding 72 hostages at the Japanese ambassador's house for 102 days denied on Saturday they had agreed to accept asylum abroad and reiterated their demand that jailed comrades be freed.</p>
<p>Toughening their position ahead of an expected resumption of direct talks with the government next week, the Tupac Amaru Revolutionary Movement (MRTA) rebels said reports of their likely political asylum in Cuba were false.</p>
<p>&quot;These and other declarations repeatedly made to the press are government lies which only seek to add to the confusion and hamper a political solution,&quot; said a statement issued on the MRTA's Internet web site.</p>
<p>Reinforcing the point, rebels inside the mansion scampered across the roof of the building before dawn to drape a banner from the rooftop saying, &quot;We shall defend with our lives the freedom of our jailed (comrades).&quot;</p>
<p>In another sign of possible new snags, Archbishop Juan Luis Cipriani, one of three guarantors mediating in the crisis, hurried back unexpectedly from his Andean highland diocese of Ayacucho ahead of Easter Sunday.</p>
<p>He had not been expected back until Monday, after the religious celebrations, but landed at Lima's airport shortly after midday and headed for the Vatican's offices here without speaking to reporters.</p>
<p>At the residence, hostage and Peruvian Foreign Minister Francisco Tudela made his first appearance in weeks. He was glimpsed on Saturday morning looking out a window that had been blocked by a branch cut down early in the morning by rebels.</p>
<p>Later, Japanese ambassador Morihisa Aoki and another unidentified hostage also appeared at the window.</p>
<p>The rebel's Internet statement and the banner poured cold water on speculation in the local media that the two sides had reached a partial deal. According to the reports, the captors had agreed to accept safe haven in Cuba and authorities had agreed to free some but not all of the jailed rebels.</p>
<p>The release of 450 imprisoned MRTA members was the main demand made by the MRTA after rebels stormed the diplomatic residence on Dec. 17, taking hundreds of hostages.</p>
<p>Most of the hostages were released in the first weeks of the crisis. The MRTA still holds its most prized bargaining chips, including two cabinet ministers, generals, businessmen, President Alberto Fujimori's brother Pedro, the ambassadors of Bolivia and Japan, and two dozen Japanese nationals.</p>
<p>The MRTA's muscle flexing was the latest in a series of fluctuations in the negotiations, which moved back and forth all week between optimism and doubt.</p>
<p>On Friday, hours after Fujimori said things were looking up, Japanese Prime Minister Ryutaro Hashimoto said in Tokyo: &quot;I am not optimistic.&quot; He did not elaborate.</p>
<p>The hostages, who spent Christmas and New Year's at the residence, spent Good Friday eating traditional fish dishes and listening to messages from their families on the radio -- their only direct contact with the outside world.</p>
<p>In the nearby port of Callao, thousands of Peruvians marched in an Easter procession devoted to the captives.</p>
<p>&quot;In the name of God, when are you going to free our brothers -- the hostages?,&quot; Bishop Miguel Irizar, who presided over the Via Crucis (Way of the Cross) procession, asked the rebels.</p>
<p>Face-to-face talks between government negotiator Domingo Palermo and MRTA leader Nestor Cerpa, last held on March 12, were expected to resume on Monday or Tuesday.</p>
<p>Peruvian officials, while saying an agreement was nearer, admit the main obstacle continues to be the demand for the release of imprisoned rebels.</p>
<p>In a separate statement, rebels expressed concern about the deteriorating health of women comrades on a hunger strike at Lima's Chorrillos prison, who they said were suffering from illnesses worsened by alleged torture and bad conditions.</p>
</text>
<copyright>(c) Reuters Limited 1997</copyright>
<metadata>
<codes class="bip:countries:1.0">
  <code code="JAP">
    <editdetail attribution="Reuters BIP Coding Group" action="confirmed" date="1997-03-29"/>
  </code>
  <code code="PERU">
    <editdetail attribution="Reuters BIP Coding Group" action="confirmed" date="1997-03-29"/>
  </code>
</codes>
<codes class="bip:topics:1.0">
  <code code="GCAT">
    <editdetail attribution="Reuters BIP Coding Group" action="confirmed" date="1997-03-29"/>
  </code>
  <code code="GVIO">
    <editdetail attribution="Reuters BIP Coding Group" action="confirmed" date="1997-03-29"/>
  </code>
</codes>
<dc element="dc.date.created" value="1997-03-29"/>
<dc element="dc.publisher" value="Reuters Holdings Plc"/>
<dc element="dc.date.published" value="1997-03-29"/>
<dc element="dc.source" value="Reuters"/>
<dc element="dc.creator.location" value="LIMA"/>
<dc element="dc.creator.location.country.name" value="PERU"/>
<dc element="dc.source" value="Reuters"/>
</metadata>
</newsitem>
