<?xml version="1.0" encoding="iso-8859-1" ?>
<newsitem itemid="475238" id="root" date="1997-03-29" xml:lang="en">
<title>KENYA: Zairean troops abandon town ahead of rebel advance.</title>
<headline>Zairean troops abandon town ahead of rebel advance.</headline>
<dateline>NAIROBI 1997-03-29</dateline>
<text>
<p>Zairean soldiers have fled the town of Kasenga after clashes with the local population in support of rebel leader Laurent Kabila but the rebels have not entered the town, a regional military source said on Saturday.</p>
<p>The source, who closely monitors the war between Kabila's Alliance of Democratic Forces for the Liberation of Congo-Zaire (ADFL) and Zaire's ragged army, said the troops looted and rampaged through Kasenga as they fled an angry population early on Friday.  </p>
<p>The source spoke a day after expatriates and local sources in the Shaba capital Lubumbashi told Reuters that Kasenga, a tiny fishing town within 220 km (135 miles) reach of Lubumbashi, had been captured by Kabila's rebels.</p>
<p>&quot;Our latest intelligence is that the rebels have not actually entered Kasenga,&quot; the source said. &quot;The Zairean soldiers abandoned the town after being attacked by the local population in support of Kabila.&quot;</p>
<p>He added: &quot;The skirmishes were serious and a number of people were injured. The population says it is waiting for Kabila's arrival.&quot;</p>
<p>A defence ministry official in Kinshasa denied on Friday that Kasenga had fallen. But the source said the town was now being controlled by civilian defence units awaiting the arrival of Kabila's forces said to be advancing towards Kasenga on the Zambian border.</p>
</text>
<copyright>(c) Reuters Limited 1997</copyright>
<metadata>
<codes class="bip:countries:1.0">
  <code code="KENYA">
    <editdetail attribution="Reuters BIP Coding Group" action="confirmed" date="1997-03-29"/>
  </code>
  <code code="ZAIRE">
    <editdetail attribution="Reuters BIP Coding Group" action="confirmed" date="1997-03-29"/>
  </code>
</codes>
<codes class="bip:topics:1.0">
  <code code="GCAT">
    <editdetail attribution="Reuters BIP Coding Group" action="confirmed" date="1997-03-29"/>
  </code>
  <code code="GVIO">
    <editdetail attribution="Reuters BIP Coding Group" action="confirmed" date="1997-03-29"/>
  </code>
</codes>
<dc element="dc.date.created" value="1997-03-29"/>
<dc element="dc.publisher" value="Reuters Holdings Plc"/>
<dc element="dc.date.published" value="1997-03-29"/>
<dc element="dc.source" value="Reuters"/>
<dc element="dc.creator.location" value="NAIROBI"/>
<dc element="dc.creator.location.country.name" value="KENYA"/>
<dc element="dc.source" value="Reuters"/>
</metadata>
</newsitem>
