<?xml version="1.0" encoding="iso-8859-1" ?>
<newsitem itemid="475207" id="root" date="1997-03-29" xml:lang="en">
<title>USA: Rubin sees solid U.S. growth, low inflation.</title>
<headline>Rubin sees solid U.S. growth, low inflation.</headline>
<dateline>WASHINGTON 1997-03-28</dateline>
<text>
<p>Treasury Secretary Robert Rubin on Friday said he foresaw more solid growth for the U.S. economy with low inflation.</p>
<p>Interviewed on CNN's &quot;Moneyline&quot; television program, Rubin also repeated his assertion that he backed a strong dollar and that the currency had been strong for some time now.</p>
<p>&quot;We have had a very strong dollar for some time ... I do feel very strongly that the strong dollar has served our nation's interest and promoted economic growth and job creation,&quot; he said.</p>
<p>Rubin in the interview said Japan has had slow growth for most of the last five years and &quot;the imbalance in respect to growth may be beginning to increase Japan's trade surplus with the United States, and I think it is very important both for Japan and for the world trading community, including the United States, that Japan have solid growth and macroeconomic policy that produces demand-led growth.&quot;</p>
<p>Rubin said he thought it was very likely a balanced budget agreement will be achieved this year. &quot;I think it is at least possible that the deficit this year will be below last year's,&quot; he said.</p>
</text>
<copyright>(c) Reuters Limited 1997</copyright>
<metadata>
<codes class="bip:countries:1.0">
  <code code="USA">
    <editdetail attribution="Reuters BIP Coding Group" action="confirmed" date="1997-03-29"/>
  </code>
</codes>
<codes class="bip:topics:1.0">
  <code code="E11">
    <editdetail attribution="Reuters BIP Coding Group" action="confirmed" date="1997-03-29"/>
  </code>
  <code code="E13">
    <editdetail attribution="Reuters BIP Coding Group" action="confirmed" date="1997-03-29"/>
  </code>
  <code code="E131">
    <editdetail attribution="Reuters BIP Coding Group" action="confirmed" date="1997-03-29"/>
  </code>
  <code code="ECAT">
    <editdetail attribution="Reuters BIP Coding Group" action="confirmed" date="1997-03-29"/>
  </code>
</codes>
<dc element="dc.date.created" value="1997-03-28"/>
<dc element="dc.publisher" value="Reuters Holdings Plc"/>
<dc element="dc.date.published" value="1997-03-29"/>
<dc element="dc.source" value="Reuters"/>
<dc element="dc.creator.location" value="WASHINGTON"/>
<dc element="dc.creator.location.country.name" value="USA"/>
<dc element="dc.source" value="Reuters"/>
</metadata>
</newsitem>
