<?xml version="1.0" encoding="iso-8859-1" ?>
<newsitem itemid="475213" id="root" date="1997-03-29" xml:lang="en">
<title>UK: Lonrho denies story of secret sell-offs.</title>
<headline>Lonrho denies story of secret sell-offs.</headline>
<dateline>LONDON 1997-03-29</dateline>
<text>
<p>British conglomerate Lonrho Plc on Saturday denied it had drawn up a secret list of businesses to sell after it separates its mining rump from the group's African trading interests later this year.</p>
<p>The Observer newspaper said the British businesses tipped for disposal included loss-making building and engineering contractor Sunley Turriff Holdings, Lloyd's insurance broker FE Wright Group and Cramlington Textiles.</p>
<p>&quot;The story is nonsense. There is no secret list,&quot; a spokesman for Lonrho said by telephone.</p>
<p>&quot;There are no plans for further disposals.&quot;</p>
<p>Lonrho announced over a year ago it would hive off its African trading operations to enable it to concentrate on its mining activities.</p>
</text>
<copyright>(c) Reuters Limited 1997</copyright>
<metadata>
<codes class="bip:countries:1.0">
  <code code="UK">
    <editdetail attribution="Reuters BIP Coding Group" action="confirmed" date="1997-03-29"/>
  </code>
</codes>
<codes class="bip:industries:1.0">
  <code code="I63000">
    <editdetail attribution="Reuters BIP Coding Group" action="confirmed" date="1997-03-29"/>
  </code>
</codes>
<codes class="bip:topics:1.0">
  <code code="C11">
    <editdetail attribution="Reuters BIP Coding Group" action="confirmed" date="1997-03-29"/>
  </code>
  <code code="C18">
    <editdetail attribution="Reuters BIP Coding Group" action="confirmed" date="1997-03-29"/>
  </code>
  <code code="C181">
    <editdetail attribution="Reuters BIP Coding Group" action="confirmed" date="1997-03-29"/>
  </code>
  <code code="CCAT">
    <editdetail attribution="Reuters BIP Coding Group" action="confirmed" date="1997-03-29"/>
  </code>
</codes>
<dc element="dc.date.created" value="1997-03-29"/>
<dc element="dc.publisher" value="Reuters Holdings Plc"/>
<dc element="dc.date.published" value="1997-03-29"/>
<dc element="dc.source" value="Reuters"/>
<dc element="dc.creator.location" value="LONDON"/>
<dc element="dc.creator.location.country.name" value="UK"/>
<dc element="dc.source" value="Reuters"/>
</metadata>
</newsitem>
