<?xml version="1.0" encoding="iso-8859-1" ?>
<newsitem itemid="475225" id="root" date="1997-03-29" xml:lang="en">
<title>ZAIRE: Zaire's army chief says Kasenga has not fallen.</title>
<headline>Zaire's army chief says Kasenga has not fallen.</headline>
<dateline>KINSHASA 1997-03-29</dateline>
<text>
<p>Zaire's army chief of staff, General Mahele Lieko Bokoungo, issued a formal denial on Saturday that the Shaba town of Kasenga had fallen and said that the army still controlled the town.</p>
<p>Mahele's denial, in the form of a statement, followed a report from a regional military source who said that rebels had not yet entered the town but that soldiers had fled after Friday clashes with residents who supported the rebellion.</p>
<p>A Zairean Defence Ministry official, like Mahele speaking in advance of possible talks between the two sides, said that the army had attacked the rebel-held town of Moba on Lake Tanganyika last night after arriving by boat.</p>
<p>&quot;The chief of staff of the Zairean armed forces issues the most rigourous denial information that the locality of Kasenga... has fallen to the aggressors,&quot; Mahele said.</p>
<p>He denounced what he called &quot;the propagation of this kind of information&quot; as part of &quot;a media campaign orchestrated by those allied to Zaire's enemies&quot;.</p>
<p>Kasenga is a small town on a river on the Zambian border with an airstrip and little else.</p>
<p>Expatriates and local sources in Lubumbashi, capital of the mining province of Shaba and a declared rebel target, said on Friday that Kasenga had fallen.</p>
<p>In Lubumbashi, the governor of Shaba province Kyungu wa Kumwanza said on Saturday that Zairean troops were firmly in control of Kasenga, 220 km (135 miles) to the north east.</p>
</text>
<copyright>(c) Reuters Limited 1997</copyright>
<metadata>
<codes class="bip:countries:1.0">
  <code code="ZAIRE">
    <editdetail attribution="Reuters BIP Coding Group" action="confirmed" date="1997-03-29"/>
  </code>
</codes>
<codes class="bip:topics:1.0">
  <code code="GCAT">
    <editdetail attribution="Reuters BIP Coding Group" action="confirmed" date="1997-03-29"/>
  </code>
  <code code="GVIO">
    <editdetail attribution="Reuters BIP Coding Group" action="confirmed" date="1997-03-29"/>
  </code>
</codes>
<dc element="dc.date.created" value="1997-03-29"/>
<dc element="dc.publisher" value="Reuters Holdings Plc"/>
<dc element="dc.date.published" value="1997-03-29"/>
<dc element="dc.source" value="Reuters"/>
<dc element="dc.creator.location" value="KINSHASA"/>
<dc element="dc.creator.location.country.name" value="ZAIRE"/>
<dc element="dc.source" value="Reuters"/>
</metadata>
</newsitem>
