<?xml version="1.0" encoding="iso-8859-1" ?>
<newsitem itemid="475280" id="root" date="1997-03-29" xml:lang="en">
<title>CHINA: China welcomes human rights decision by France.</title>
<headline>China welcomes human rights decision by France.</headline>
<dateline>BEIJING 1997-03-29</dateline>
<text>
<p>China on Saturday welcomed a decision by France not to co-sponsor a U.N. motion criticising Beijing's human rights record, and slammed supporters of the resolution as trying to meddle in its internal affairs.</p>
<p>&quot;China welcomes and appreciates France's decision that it will not participate this year in a United Nations human rights conference motion which will be directed against China's human rights conditions,&quot; the Xinhua news agency quoted a Foreign Ministry spokesman as saying.</p>
<p>Paris announced on Friday it would not co-sponsor a motion at the United Nations Human Rights Convention in Geneva, citing what it said was progress by China on fundamental freedoms.</p>
<p>The United States has said it plans to go ahead with the resolution, which has been put forward with the European Union every year since China crushed pro-democracy protests in Beijing's Tiananmen Square in June 1989.</p>
<p>&quot;Their purpose of making anti-China motions is not a 'real concern' about human rights, but is to exert pressure on China and interfere in China's internal affairs under the pretext of human rights,&quot; the spokesman said.</p>
<p>China has so far escaped official censure by mustering support from developing nations, and the European Union is divided this year on whether to support the motion.</p>
<p>&quot;We hope the other Western countries will reconsider their stance and refrain from making confrontation on the human rights issue,&quot; the spokesman said.</p>
<p>Japanese Foreign Minister Yukihiko Ikeda told his Chinese counterpart in talks on Saturday that Tokyo was considering dropping its co-sponsorship of the motion.</p>
</text>
<copyright>(c) Reuters Limited 1997</copyright>
<metadata>
<codes class="bip:countries:1.0">
  <code code="CHINA">
    <editdetail attribution="Reuters BIP Coding Group" action="confirmed" date="1997-03-29"/>
  </code>
  <code code="FRA">
    <editdetail attribution="Reuters BIP Coding Group" action="confirmed" date="1997-03-29"/>
  </code>
  <code code="UN">
    <editdetail attribution="Reuters BIP Coding Group" action="confirmed" date="1997-03-29"/>
  </code>
</codes>
<codes class="bip:topics:1.0">
  <code code="GCAT">
    <editdetail attribution="Reuters BIP Coding Group" action="confirmed" date="1997-03-29"/>
  </code>
  <code code="GDIP">
    <editdetail attribution="Reuters BIP Coding Group" action="confirmed" date="1997-03-29"/>
  </code>
  <code code="GPOL">
    <editdetail attribution="Reuters BIP Coding Group" action="confirmed" date="1997-03-29"/>
  </code>
</codes>
<dc element="dc.date.created" value="1997-03-29"/>
<dc element="dc.publisher" value="Reuters Holdings Plc"/>
<dc element="dc.date.published" value="1997-03-29"/>
<dc element="dc.source" value="Reuters"/>
<dc element="dc.creator.location" value="BEIJING"/>
<dc element="dc.creator.location.country.name" value="CHINA"/>
<dc element="dc.source" value="Reuters"/>
</metadata>
</newsitem>
