<?xml version="1.0" encoding="iso-8859-1" ?>
<newsitem itemid="475204" id="root" date="1997-03-29" xml:lang="en">
<title>GERMANY: SOCCER-GERMAN LEAGUE CHAMPIONSHIP RESULTS/STANDINGS.</title>
<headline>SOCCER-GERMAN LEAGUE CHAMPIONSHIP RESULTS/STANDINGS.</headline>
<dateline>BONN 1997-03-29</dateline>
<text>
<p>Results of soccer matches played</p>
<p>in the German league championship on Saturday:</p>
<p> Bayern Munich		  1 Werder Bremen	   0</p>
<p> Arminia Bielefeld	    1 Karlsruhe		 2</p>
<p> Bayer Leverkusen	     2 Schalke		   0</p>
<p> Hansa Rostock		  3 Freiburg		  1</p>
<p> Borussia Moenchengladbach  2 Fortuna Duesseldorf   0</p>
<p>Played on Thursay:</p>
<p> Duisburg			 1 Hamburg		   1</p>
<p> St Pauli			 0 Borussia Dortmund     1</p>
<p> VfB Stuttgart		  1 1860 Munich	     1</p>
<p> Bochum			   2 Cologne		   2</p>
<p>Bundesliga standings after Saturday's games:</p>
<p>				    P     W   D   L     F   A   Pts</p>
<p> Bayern Munich		 25    15   7   3    44  24    52</p>
<p> Bayer Leverkusen	    25    15   5   5    50  31    50</p>
<p> Borussia Dortmund	   25    15   4   6    51  30    49</p>
<p> VfB Stuttgart		 25    14   6   5    60  26    48</p>
<p> Karlsruhe		     25    10   7   8    42  33    37</p>
<p> Bochum			  24     9  10   5    36  35    37</p>
<p> Schalke			 25    10   7   8    31  31    37</p>
<p> 1860 Munich		   25     9   8   8    42  41    35</p>
<p> Cologne			 25    10   4  11    40  42    34</p>
<p> Borussia Moenchengladbach 25     9   5  11    27  29    32</p>
<p> Werder Bremen		 25     9   5  11    38  41    32</p>
<p> Hamburg			 25     7   9   9    37  40    30</p>
<p> Arminia Bielefeld	   25     8   6  11    29  36    30</p>
<p> Duisburg			25     7   8  10    25  36    29</p>
<p> Fortuna Duesseldorf	 25     7   4  14    19  41    25</p>
<p> Hansa Rostock		 25     6   6  13    27  36    24</p>
<p> St Pauli			24     6   5  13    29  44    23</p>
<p> Freiburg			25     4   2  19    26  57    14</p>
</text>
<copyright>(c) Reuters Limited 1997</copyright>
<metadata>
<codes class="bip:countries:1.0">
  <code code="GFR">
    <editdetail attribution="Reuters BIP Coding Group" action="confirmed" date="1997-03-29"/>
  </code>
</codes>
<codes class="bip:topics:1.0">
  <code code="GCAT">
    <editdetail attribution="Reuters BIP Coding Group" action="confirmed" date="1997-03-29"/>
  </code>
  <code code="GSPO">
    <editdetail attribution="Reuters BIP Coding Group" action="confirmed" date="1997-03-29"/>
  </code>
</codes>
<dc element="dc.date.created" value="1997-03-29"/>
<dc element="dc.publisher" value="Reuters Holdings Plc"/>
<dc element="dc.date.published" value="1997-03-29"/>
<dc element="dc.source" value="Reuters"/>
<dc element="dc.creator.location" value="BONN"/>
<dc element="dc.creator.location.country.name" value="GERMANY"/>
<dc element="dc.source" value="Reuters"/>
</metadata>
</newsitem>
