<?xml version="1.0" encoding="iso-8859-1" ?>
<newsitem itemid="475228" id="root" date="1997-03-29" xml:lang="en">
<title>KENYA: Rwandan president sacks three ministers, one quits.</title>
<headline>Rwandan president sacks three ministers, one quits.</headline>
<byline>Buchizya Mseteka</byline>
<dateline>NAIROBI 1997-03-29</dateline>
<text>
<p>Rwandan President Pasteur Bizimungu has fired three cabinet ministers and demoted his finance minister while the powerful Hutu interior minister has resigned, a presidential aide said on Saturday.</p>
<p>Joseph Bideri told Reuters by telephone from the capital Kigali that Deputy Prime Minister and Interior Minister Colonel Alexis Kanyarengwe resigned late on Friday.</p>
<p>Kanyarengwe, a Hutu, is also chairman of the ruling Rwanda Patriotic Front and led the Tutsi-dominated RPF into victory in 1994 after many years in exile that began when he fell out with the administration of late Hutu strongman Juvenal Habyarimana.</p>
<p>The Hutus fled in 1994 during civil war in fear of reprisals for the three-month mass slaughter of an estimated 800,000 Tutsis and Hutu moderates by Hutu troops, militiamen and mobs that followed Habyarimana's death when his plane was shot down.</p>
<p>The RPF first invaded the tiny Central African nation in 1990 from Uganda where commanders such as military supremo and Vice-President Major-General Paul Kagame served in the army.</p>
<p>Bideri said Kanyarengwe resigned of his own accord: &quot;It was his own decision because he wants to concentrate on his other jobs.&quot;</p>
<p>But political analysts expressed surprise at the departure of the ambitious Kanyarengwe. &quot;It is a surprise move because in essence it takes a lot of clout from him,&quot; said an exiled influential member of Rwanda's Hutu community.</p>
<p>Finance Minister Marc Rugenera was demoted to the handicraft, mining and tourism post. Little-known Jean Birara was appointed finance minister with economist Donat Kaberuka as his minister of state.</p>
<p>Kaberuka has worked at the Abidjan-based Inter-African Coffee Organisation as chief economist for the last 10 years.</p>
<p>Bideri cautioned against reading too much into the changes, saying the &quot;whole exercise is a normal one. Kanyarengwe wants to concentrate on other jobs he occupies.&quot;</p>
<p>Bideri said Bizimungu, also a Hutu, had retained Kagame as vice-president and defence minister. Kagame is also chairman of the military high command, which makes him the most powerful politician in Rwanda.</p>
<p>Prime Minister Pierre Celestin Rwigema and Foreign Affairs Minister Anastase Gasana kept their jobs.</p>
<p>Bideri said Transport and Telecommunications Minister Charles Muligande, Social Affairs Minister Pie Mugabo and Industry and Commerce Minister Prosper Higiro had been fired.</p>
<p>The new interior minister is Sheikh Abdulkarim Harelimana, previously public service minister, while Joseph Nsengimana was moved from higher education to public service. Charles Ntakirutinka was named minister of communications and Bonaventure Niyibizi commerce minister.</p>
<p>Health Minister Joseph Karemera was moved to the education post while Vincent Biruta was named health minister and Jean Nayinzira was appointed information minister.</p>
<p>The rehabilitation ministry has been abolished and its minister Patrick Mazimhaka was named minister in the presidency.</p>
</text>
<copyright>(c) Reuters Limited 1997</copyright>
<metadata>
<codes class="bip:countries:1.0">
  <code code="KENYA">
    <editdetail attribution="Reuters BIP Coding Group" action="confirmed" date="1997-03-29"/>
  </code>
  <code code="RWANDA">
    <editdetail attribution="Reuters BIP Coding Group" action="confirmed" date="1997-03-29"/>
  </code>
</codes>
<codes class="bip:topics:1.0">
  <code code="GCAT">
    <editdetail attribution="Reuters BIP Coding Group" action="confirmed" date="1997-03-29"/>
  </code>
  <code code="GPOL">
    <editdetail attribution="Reuters BIP Coding Group" action="confirmed" date="1997-03-29"/>
  </code>
</codes>
<dc element="dc.date.created" value="1997-03-29"/>
<dc element="dc.publisher" value="Reuters Holdings Plc"/>
<dc element="dc.date.published" value="1997-03-29"/>
<dc element="dc.source" value="Reuters"/>
<dc element="dc.creator.location" value="NAIROBI"/>
<dc element="dc.creator.location.country.name" value="KENYA"/>
<dc element="dc.source" value="Reuters"/>
</metadata>
</newsitem>
