<?xml version="1.0" encoding="iso-8859-1" ?>
<newsitem itemid="475232" id="root" date="1997-03-29" xml:lang="en">
<title>SUDAN: Sudan extends general mobilisation to face attacks.</title>
<headline>Sudan extends general mobilisation to face attacks.</headline>
<dateline>KHARTOUM 1997-03-29</dateline>
<text>
<p>Sudan's National Defence Council has extended the general mobilisation President Omar Hassan al-Bashir called for to counter fighting in the east and south, state radio reported on Saturday.</p>
<p>It said the council, headed by Bashir, added that the mobilisation would continue as long as the &quot;series of plots&quot; against Sudan were in action.</p>
<p>Bashir called for the general mobilisation in January to face attacks by rebels and on Thursday renewed the call to counter what Khartoum said was Eritrean shelling of Sudanese army posts near the border.</p>
<p>&quot;The presidency announced... A full state of mobilization of all sectors of the Sudanese people to face up to the aggression,&quot; state television said.</p>
<p>&quot;No matter from where the aggression comes -- from the remote border areas in the east, or deep in the south, the people had rallied and will always be in full alert to defy and repulse the aggression,&quot; it added.</p>
<p>Sudan says neighbours Ethiopia, Eritrea and Uganda are fighting with the rebels who want to overthrow the government. All three countries deny the charges.</p>
<p>The military campaign against the Islamist government shifted earlier this month to the far south, where the SPLA captured the town of Yei and began to advance towards the town of Juba, the largest in the whole of the south.</p>
<p>Northern rebels of the National Democratic Alliance (NDA) attacked the army on the Sudanese side of the Eritrean border in January but the offensive failed to win much territory.</p>
<p>Rebel units further south, led by the southern-based Sudan People's Liberation Army (SPLA), captured the Sudanese towns of Kurmuk and Qeissan on the Ethiopian border in an attack coordinated with that of the northerners.</p>
</text>
<copyright>(c) Reuters Limited 1997</copyright>
<metadata>
<codes class="bip:countries:1.0">
  <code code="SUDAN">
    <editdetail attribution="Reuters BIP Coding Group" action="confirmed" date="1997-03-29"/>
  </code>
</codes>
<codes class="bip:topics:1.0">
  <code code="GCAT">
    <editdetail attribution="Reuters BIP Coding Group" action="confirmed" date="1997-03-29"/>
  </code>
  <code code="GVIO">
    <editdetail attribution="Reuters BIP Coding Group" action="confirmed" date="1997-03-29"/>
  </code>
</codes>
<dc element="dc.date.created" value="1997-03-29"/>
<dc element="dc.publisher" value="Reuters Holdings Plc"/>
<dc element="dc.date.published" value="1997-03-29"/>
<dc element="dc.source" value="Reuters"/>
<dc element="dc.creator.location" value="KHARTOUM"/>
<dc element="dc.creator.location.country.name" value="SUDAN"/>
<dc element="dc.source" value="Reuters"/>
</metadata>
</newsitem>
