<?xml version="1.0" encoding="iso-8859-1" ?>
<newsitem itemid="475206" id="root" date="1997-03-29" xml:lang="en">
<title>USA: California ordered to hire welfare recipients.</title>
<headline>California ordered to hire welfare recipients.</headline>
<dateline>SACRAMENTO 1997-03-28</dateline>
<text>
<p>California Governor Pete Wilson on Friday ordered state agencies and departments to hire more welfare recipients.</p>
<p>Wilson's executive order directs all state agencies, departments, boards and commissions &quot;to maximise the employment of welfare recipients,&quot; and to ensure they have the opportunity to compete for state jobs.</p>
<p>In January, the Republican governor unveiled his welfare reform plans. In line with federal reforms, Wilson's plan sets a state lifetime limit of five years on aid.</p>
<p>But under his plan, starting from 1998, able-bodied people currently on welfare may only receive aid for a total of 24 months during any 36-month period. New recipients may only receive aid for 12 months during any 24 month period.</p>
<p>Democratic legislators have criticised Wilson's plan, accusing him of not doing enough to find jobs for welfare recipients who will be cut off from aid.</p>
</text>
<copyright>(c) Reuters Limited 1997</copyright>
<metadata>
<codes class="bip:countries:1.0">
  <code code="USA">
    <editdetail attribution="Reuters BIP Coding Group" action="confirmed" date="1997-03-29"/>
  </code>
</codes>
<codes class="bip:topics:1.0">
  <code code="E41">
    <editdetail attribution="Reuters BIP Coding Group" action="confirmed" date="1997-03-29"/>
  </code>
  <code code="ECAT">
    <editdetail attribution="Reuters BIP Coding Group" action="confirmed" date="1997-03-29"/>
  </code>
  <code code="GCAT">
    <editdetail attribution="Reuters BIP Coding Group" action="confirmed" date="1997-03-29"/>
  </code>
  <code code="GJOB">
    <editdetail attribution="Reuters BIP Coding Group" action="confirmed" date="1997-03-29"/>
  </code>
  <code code="GPOL">
    <editdetail attribution="Reuters BIP Coding Group" action="confirmed" date="1997-03-29"/>
  </code>
  <code code="GWELF">
    <editdetail attribution="Reuters BIP Coding Group" action="confirmed" date="1997-03-29"/>
  </code>
</codes>
<dc element="dc.date.created" value="1997-03-28"/>
<dc element="dc.publisher" value="Reuters Holdings Plc"/>
<dc element="dc.date.published" value="1997-03-29"/>
<dc element="dc.source" value="Reuters"/>
<dc element="dc.creator.location" value="SACRAMENTO"/>
<dc element="dc.creator.location.country.name" value="USA"/>
<dc element="dc.source" value="Reuters"/>
</metadata>
</newsitem>
