<?xml version="1.0" encoding="iso-8859-1" ?>
<newsitem itemid="475241" id="root" date="1997-03-29" xml:lang="en">
<title>ZAIRE: Zaire jungle reveals more human misery.</title>
<headline>Zaire jungle reveals more human misery.</headline>
<byline>Richard Meares</byline>
<dateline>LUBUMBASHI, Zaire 1997-03-29</dateline>
<text>
<p>The jungle offered up more haunting visions of human misery from Zaire's civil war, whose end still looked as likely through a rebel military victory as through peace talks.</p>
<p>In north Zaire, exhausted Rwandan Hutu refugees on the move since the rebels overran their camps last year collapsed and died along a railway. Journalists saw a baby die in its mother's arms.</p>
<p>In the south of the country, expatriate sources said the rebels, fresh from agreeing to talks with the government, had seized the small town of Kasenga on the Zambian border.</p>
<p>The capture, which would bring them within a 10-hour truck drive of Zaire's second city Lubumbashi in the southern copper belt, was denied by defence ministry officials.</p>
<p>Reports of Kasenga's fall came the morning after Laurent Kabila's rebels and the crumbling government of President Mobutu Sese Seko agreed to meet for their first peace talks.</p>
<p>The agreement, reached at an African summit in Togo, was immediately fraught with trouble.</p>
<p>The rebels reject a truce before talks, which they say must discuss not whether the ailing 66-year-old Mobutu transfers power, but how and when.</p>
<p>&quot;Rebel strategy centres around talking while fighting and fighting while talking,&quot; a regional military source said.</p>
<p>Rebels said the talks would start on Easter Monday or a day later and a government source in South Africa confirmed a meeting there was on the cards.</p>
<p>But in Kinshasa, Mobutu's spokesman rejected the rebel agenda and denied a firm date for talks had yet been agreed.</p>
<p>In and around Ubilo, a village 82 km (50 miles) south of rebel-held Kisangani in northeastern Zaire, aid workers and journalists saw the appalling plight of about 75,000 of the Rwandan Hutu refugees trapped in the war zone.</p>
<p>At least 500 have been buried since March 16 at Ubilo, according to Lubinga Nganda, head of a Zairean Red Cross team.</p>
<p>More than a million Hutus fled camps on the Rwandan and Burundian border last October and November at the start of a campaign by rebels fighting the Zairean army.</p>
<p>Around 600,000 returned to Rwanda in November but hundreds of thousands more, some armed, fled west into the jungle.</p>
<p>Emaciated refugees, some almost skeletal, were attempting to walk towards aid at Kisangani but those too weak to start the trek lay dead and dying within the abandoned Ubilo camp.</p>
<p>Some huddled by a railway were dying of malaria, dysentery, fatigue and malnutrition, a Zaire Red Cross nurse said.</p>
<p>&quot;There has been a selection. The fittest make it but the unfit die,&quot; said Kilian Kleinschmidt, a U.N. emergency officer.</p>
</text>
<copyright>(c) Reuters Limited 1997</copyright>
<metadata>
<codes class="bip:countries:1.0">
  <code code="ZAIRE">
    <editdetail attribution="Reuters BIP Coding Group" action="confirmed" date="1997-03-29"/>
  </code>
</codes>
<codes class="bip:topics:1.0">
  <code code="GCAT">
    <editdetail attribution="Reuters BIP Coding Group" action="confirmed" date="1997-03-29"/>
  </code>
  <code code="GVIO">
    <editdetail attribution="Reuters BIP Coding Group" action="confirmed" date="1997-03-29"/>
  </code>
</codes>
<dc element="dc.date.created" value="1997-03-29"/>
<dc element="dc.publisher" value="Reuters Holdings Plc"/>
<dc element="dc.date.published" value="1997-03-29"/>
<dc element="dc.source" value="Reuters"/>
<dc element="dc.creator.location" value="LUBUMBASHI, Zaire"/>
<dc element="dc.creator.location.country.name" value="ZAIRE"/>
<dc element="dc.source" value="Reuters"/>
</metadata>
</newsitem>
