<?xml version="1.0" encoding="iso-8859-1" ?>
<newsitem itemid="475224" id="root" date="1997-03-29" xml:lang="en">
<title>ZAIRE: Hutu refugees die in Zaire, no date yet for talks.</title>
<headline>Hutu refugees die in Zaire, no date yet for talks.</headline>
<byline>Matthew Bigg</byline>
<dateline>GOMA, Zaire 1997-03-29</dateline>
<text>
<p>Rwandan Hutu refugees stranded around a railway line in Zaire's war zone are dropping and dying for lack of food, water and medicine while unburied bodies lie in the remote rain forest, aid agencies say.</p>
<p>The U.N. refugee agency UNHCR said on Saturday it was trying to negotiate an emergency relief plan with Laurent Kabila's rebels and devising ways to repatriate the Hutus -- many of whom have been begging to return home.</p>
<p>It said the rebels had blocked an attempt to deliver aid to 20,000 refugees in a make-shift camp at Lula outside Zaire's rebel-held third city of Kisangani but that a second train-load of aid left on Saturday for two points south of Lula.</p>
<p>&quot;Without the crucial elements (of this plan) the people will start dying in very large numbers. Many have already died,&quot; Filippo Grandi, the agency's representative in Goma, said.</p>
<p>&quot;There is a risk of serious epidemics if we don't bring water very quickly,&quot; he told Reuters.</p>
<p>Tens of thousands of refugees are stranded along a railway line south of Kisangani, which rebels captured on March 15.</p>
<p>UNHCR regional spokesman Paul Stromberg said by telephone from Kisangani that the rebels wanted the refugees to move further south before receiving aid.</p>
<p>&quot;They are completely exhausted. They are dying like flies,&quot; said Marcel van Soest, head of Doctors Without Borders (MSF) in Goma.</p>
<p>The Zairean Red Cross says 500 people have been buried and bodies litter the surrounding countryside.</p>
<p>On the battle front, Zaire's army chief of staff, General Mahele Lieko Bokoungo, said his forces still held the Shaba town of Kasenga -- dismissing reports that it had fallen to rebels.</p>
<p>A defence ministry official said the army had attacked rebels holding the town of Moba on Lake Tanganyika after approaching by boat.</p>
<p>A spokesman for Kabila's rebels said negotiations with envoys of ailing president Mobutu Sese Seko would start early next week probably in South Africa but there was no confirmation of any firm date.</p>
<p>The U.N. World Food Programme, UNHCR and the Zairean Red Cross sent the first train-load of 120 tonnes of food and medicine to the refugees on Thursday and Friday.</p>
<p>Emaciated refugees, some almost skeletal, awaited the train. Some were trying to walk to Kisangani while those too weak to start the trek lay dead and dying within an abandoned camp at Ubilo, a village 82 km (51 miles) south of Kisangani.</p>
<p>&quot;If they can get through to Kisangani there may be some hope but if they have to go back to Ubundu (125 km, 78 miles south of Kisangani) then half of them could die,&quot; MSF's van Soest said.</p>
<p>More than a million Hutus fled camps on the Rwandan and Burundian border last October and November after the rebels took up arms in the area vowing to topple Mobutu, who has dominated Zaire since a 1965 military coup.</p>
<p>Around 600,000 returned to Rwanda in November via Goma but hundreds of thousands more fled west into the jungle with former Rwandan government soldiers and militias held responsible for massacres during Rwanda's 1994 genocide of minority Tutsis.</p>
<p>Since then the refugees have set up a series of makeshift camps and fled before advancing rebels, many of them Tutsis, in a trek that has hampered relief efforts.</p>
</text>
<copyright>(c) Reuters Limited 1997</copyright>
<metadata>
<codes class="bip:countries:1.0">
  <code code="RWANDA">
    <editdetail attribution="Reuters BIP Coding Group" action="confirmed" date="1997-03-29"/>
  </code>
  <code code="UN">
    <editdetail attribution="Reuters BIP Coding Group" action="confirmed" date="1997-03-29"/>
  </code>
  <code code="ZAIRE">
    <editdetail attribution="Reuters BIP Coding Group" action="confirmed" date="1997-03-29"/>
  </code>
</codes>
<codes class="bip:topics:1.0">
  <code code="GCAT">
    <editdetail attribution="Reuters BIP Coding Group" action="confirmed" date="1997-03-29"/>
  </code>
  <code code="GPOL">
    <editdetail attribution="Reuters BIP Coding Group" action="confirmed" date="1997-03-29"/>
  </code>
  <code code="GVIO">
    <editdetail attribution="Reuters BIP Coding Group" action="confirmed" date="1997-03-29"/>
  </code>
</codes>
<dc element="dc.date.created" value="1997-03-29"/>
<dc element="dc.publisher" value="Reuters Holdings Plc"/>
<dc element="dc.date.published" value="1997-03-29"/>
<dc element="dc.source" value="Reuters"/>
<dc element="dc.creator.location" value="GOMA, Zaire"/>
<dc element="dc.creator.location.country.name" value="ZAIRE"/>
<dc element="dc.source" value="Reuters"/>
</metadata>
</newsitem>
