<?xml version="1.0" encoding="iso-8859-1" ?>
<newsitem itemid="475283" id="root" date="1997-03-29" xml:lang="en">
<title>SOUTH KOREA: Gore, in S. Korea, says North Korea collapsing.</title>
<headline>Gore, in S. Korea, says North Korea collapsing.</headline>
<byline>Andrew Browne</byline>
<dateline>SEOUL 1997-03-29</dateline>
<text>
<p>U.S. Vice President Al Gore, injecting urgency into a mission to bring Pyongyang into peace talks, declared during a visit to South Korea on Saturday the communist North was near collapse.</p>
<p>Meanwhile, North Korea turned up the heat on its demands for food in return for peace talks.</p>
<p>Communist leaders, apparently using a well-tried tactic by raising the spectre of a military menace, told visiting U.S. senators unless aid was forthcoming the powerful military could block the latest moves towards detente.</p>
<p>On the second day of his visit to South Korea, Gore toured the heavily fortified Demilitarized Zone that splits the Korean peninsula under an armistice agreement that ended the 1950-53 Korean War.</p>
<p>Gazing into North Korea, where international aid agencies report famine is just weeks away, he was asked about tensions with one of the world's last communist outposts.</p>
<p>&quot;It's still real here,&quot; he said. &quot;The Cold War survives but perhaps not for long because their system is collapsing.&quot;</p>
<p>Gore inspected border sites protected by units of the 37,000-strong U.S. military force in South Korea after meeting President Kim Young-sam to hone a joint strategy on dealing with the impoverished North.</p>
<p>Kim and U.S. President Bill Clinton jointly proposed four-way peace talks, also including China, last April in an effort to engineer a peace mechanism to replace a truce that has frozen the two Koreas in hostile confrontation.</p>
<p>Seoul officials reported North Korea offered its first response to the proposal on Wednesday by demanding substantial food aid at a meeting in New York.</p>
<p>The United States and South Korea insisted there could be no preconditions to the talks but suggested more aid could flow once talks began.</p>
<p>At a news conference in Tokyo, five members of a U.S. Senate team that spent 24 hours in Pyongyang reported a rift between civilian rulers and the military over the talks.</p>
<p>&quot;I think that we were led to believe that there is a rift,&quot; said delegation leader Ted Stevens (R-Alaska), chairman of the Senate Appropriations Committee, a key player in U.S. aid efforts.</p>
<p>&quot;The military is disturbed that the civilian authorities have not been able to obtain the food and fuel they'd been told they'd get.&quot;</p>
<p>The sticking point was 1.5 million tonnes of food which North Korea says was promised in a 1994 pact with the United States under which it froze its nuclear arms programme.</p>
<p>&quot;Our hosts in North Korea stressed their concerns that insufficient progress had been made in fulfilling the terms of the 1994 agreed framework,&quot; the senators said in a statement.</p>
<p>The senators met North Korean First Vice Foreign Minister Kang Sok-ju and Kim Kye Gwan, a member of the Foreign Affairs Committee. Both men are regarded as close to North Korean leader Kim Jong-il.</p>
<p>Military officials snubbed the group of five.</p>
<p>&quot;We regret that we did not meet with officials of the Korean People's Army,&quot; the statement said.</p>
<p>&quot;Failure by the North Korean military to support and participate in the negotiations .... could pose an insurmountable obstacle.&quot;</p>
<p>Stevens said it was not clear whether the talk of a rift &quot;was just rattling the cage for us or whether it was stated as a fear&quot;.</p>
<p>&quot;But it was a flat statement that they were worried about the reaction of their military if we were unable to assure them that they would receive the assistance they sought.&quot;</p>
<p>The other senators, all members of the appropriations committee, were Daniel Inouye (D-Hawaii), Thad Cochran (R-Mississippi), Pete Domenici (R-New Mexico) and Pat Roberts (R-Kansas).</p>
<p>Gore arrived in South Korea on Friday from China, where he raised the issue of peace talks with President Jiang Zemin. He left Seoul after his border tour on Saturday.</p>
</text>
<copyright>(c) Reuters Limited 1997</copyright>
<metadata>
<codes class="bip:countries:1.0">
  <code code="NKOREA">
    <editdetail attribution="Reuters BIP Coding Group" action="confirmed" date="1997-03-29"/>
  </code>
  <code code="SKOREA">
    <editdetail attribution="Reuters BIP Coding Group" action="confirmed" date="1997-03-29"/>
  </code>
  <code code="USA">
    <editdetail attribution="Reuters BIP Coding Group" action="confirmed" date="1997-03-29"/>
  </code>
</codes>
<codes class="bip:topics:1.0">
  <code code="GCAT">
    <editdetail attribution="Reuters BIP Coding Group" action="confirmed" date="1997-03-29"/>
  </code>
  <code code="GDIP">
    <editdetail attribution="Reuters BIP Coding Group" action="confirmed" date="1997-03-29"/>
  </code>
</codes>
<dc element="dc.date.created" value="1997-03-29"/>
<dc element="dc.publisher" value="Reuters Holdings Plc"/>
<dc element="dc.date.published" value="1997-03-29"/>
<dc element="dc.source" value="Reuters"/>
<dc element="dc.creator.location" value="SEOUL"/>
<dc element="dc.creator.location.country.name" value="SOUTH KOREA"/>
<dc element="dc.source" value="Reuters"/>
</metadata>
</newsitem>
