<?xml version="1.0" encoding="iso-8859-1" ?>
<newsitem itemid="475294" id="root" date="1997-03-29" xml:lang="en">
<title>TAIWAN: Taiwan hog markets reopen after epidemic.</title>
<headline>Taiwan hog markets reopen after epidemic.</headline>
<byline>James Peng</byline>
<dateline>TAIPEI 1997-03-29</dateline>
<text>
<p>Taiwan on Saturday reopened hog trading at 19 of the island's 22 major wholesale centres which were closed for five days as troops slaughtered pigs infected with highly contagious foot and mouth disease.</p>
<p>Several county hog trading associations held parties on Saturday to give citizens a free lunch of pork as a promotion to attract back consumers.</p>
<p>State television showed dozens of people in the central city of Taichung lining up and struggling to get a free lunch box of pig's trotter and noodles, until staff ran out after handing out several hundred.</p>
<p>&quot;If it is cooked it can be eaten. There is nothing to be afraid of,&quot; a male citizen said on televison.</p>
<p>Officials took the lead in eating pork at the parties.</p>
<p>&quot;Starting today, don't be afraid, let's eat pork together,&quot; said Taichung's acting mayor Lin Hsueh-cheng, who was eating pig's trotter with a smile.</p>
<p>Officials said shoppers can ask pork vendors to show a certificate proving the pork they are buying is not contaminated by the disease.</p>
<p>&quot;All the pork now available in markets is fit for human consumption,&quot; an official at the provincial government's sanitary department said.</p>
<p>The fast-moving foot and mouth epidemic spread to more than 1,000 breeding centres, from nine when the outbreak was confirmed on March 20, officials said on Friday.</p>
<p>The mass slaughter of pigs -- healthy or otherwise -- at all farms struck by the deadly contagion continued with experts reporting that over 886,000 would have to be destroyed, the cabinet's Council of Agriculture said.</p>
<p>As of late on Friday, the virus had been detected on 1,008 of Taiwan's 25,000 hog farms, though only 160,315 pigs had been slaughtered, official statistics showed. Some 46,500 pigs had died of the disease, officials said.</p>
<p>Industry sources quoted by the ruling Nationalist Party on Wednesday estimated that about 15 percent of Taiwan's 11 million swine -- or 1.6 million animals -- would be affected directly.</p>
<p>The farm council banned all pork exports after confirming the outbreak on March 20.</p>
<p>The crisis threatened to slow the island's gathering economic recovery, battered the stock market and threatened tens of thousands of jobs in the huge feedlot and meat-packing sectors, which employ 700,000.</p>
<p>The crisis reduced local demand for animal feed, forcing cancellations of tenders for nearly 200,000 tonnes of corn and soy since March 20 and, on Friday, the first voiding of a contract -- one to import 25,000 tonnes of corn.</p>
<p>Taiwan corn buyers estimated the crisis would slash the island's feed corn imports by about one-fifth.</p>
<p>A Reuters survey of five major grain importers found that all expected significant reductions in corn imports, with most estimating the downturn at about 1.2 million tonnes of the island's annual imports of 6.5 million tonnes.</p>
</text>
<copyright>(c) Reuters Limited 1997</copyright>
<metadata>
<codes class="bip:countries:1.0">
  <code code="TAIWAN">
    <editdetail attribution="Reuters BIP Coding Group" action="confirmed" date="1997-03-29"/>
  </code>
</codes>
<codes class="bip:industries:1.0">
  <code code="I01001">
    <editdetail attribution="Reuters BIP Coding Group" action="confirmed" date="1997-03-29"/>
  </code>
  <code code="I0100119">
    <editdetail attribution="Reuters BIP Coding Group" action="confirmed" date="1997-03-29"/>
  </code>
  <code code="I41220">
    <editdetail attribution="Reuters BIP Coding Group" action="confirmed" date="1997-03-29"/>
  </code>
</codes>
<codes class="bip:topics:1.0">
  <code code="C13">
    <editdetail attribution="Reuters BIP Coding Group" action="confirmed" date="1997-03-29"/>
  </code>
  <code code="C31">
    <editdetail attribution="Reuters BIP Coding Group" action="confirmed" date="1997-03-29"/>
  </code>
  <code code="CCAT">
    <editdetail attribution="Reuters BIP Coding Group" action="confirmed" date="1997-03-29"/>
  </code>
  <code code="M14">
    <editdetail attribution="Reuters BIP Coding Group" action="confirmed" date="1997-03-29"/>
  </code>
  <code code="M141">
    <editdetail attribution="Reuters BIP Coding Group" action="confirmed" date="1997-03-29"/>
  </code>
  <code code="MCAT">
    <editdetail attribution="Reuters BIP Coding Group" action="confirmed" date="1997-03-29"/>
  </code>
</codes>
<dc element="dc.date.created" value="1997-03-29"/>
<dc element="dc.publisher" value="Reuters Holdings Plc"/>
<dc element="dc.date.published" value="1997-03-29"/>
<dc element="dc.source" value="Reuters"/>
<dc element="dc.creator.location" value="TAIPEI"/>
<dc element="dc.creator.location.country.name" value="TAIWAN"/>
<dc element="dc.source" value="Reuters"/>
</metadata>
</newsitem>
