<?xml version="1.0" encoding="iso-8859-1" ?>
<newsitem itemid="475262" id="root" date="1997-03-29" xml:lang="en">
<title>PERU: Peru rebels harden stand ahead of new crisis talks.</title>
<headline>Peru rebels harden stand ahead of new crisis talks.</headline>
<byline>David Haskel</byline>
<dateline>LIMA 1997-03-29</dateline>
<text>
<p>Peruvian Marxist rebels holding 72 hostages at the Japanese ambassador's house for 102 days denied on Saturday that they had accepted asylum abroad and reiterated their demand that jailed comrades be freed.</p>
<p>Toughening their position ahead of an expected resumption of direct talks with the government next week, the Tupac Amaru Revolutionary Movement (MRTA) rebels said reports of their likely acceptance of political asylum in Cuba were false.</p>
<p>&quot;These and other declarations repeatedly made to the press are government lies which only seek to add to the confusion and hamper a political solution,&quot; said a statement issued on the MRTA's Internet web site.</p>
<p>Reinforcing the point, rebels inside the mansion scampered across the roof of the building before dawn to drape a banner from the rooftop saying, &quot;We shall defend with our lives the freedom of our jailed (comrades).&quot;</p>
<p>&quot;For now, this is our response to what the government's been saying,&quot; one of the hostage-takers told Reuters by radio.</p>
<p>The rebel's Internet statement and the banner poured cold water on speculation in the local press that the two sides had reached a partial deal. According to the reports, the captors had accepted safe haven in Cuba and authorities agreed to free some but not all of the jailed rebels.</p>
<p>The release of 450 imprisoned MRTA members was the main demand made by the MRTA after rebels stormed the diplomatic residence on Dec. 17, taking hundreds of hostages.</p>
<p>Most of the hostages were released in the first weeks of the crisis. The MRTA still holds its most prized bargaining chips, including two cabinet ministers, generals, businessmen, President Alberto Fujimori's brother Pedro, the ambassadors of Bolivia and Japan, and two dozen Japanese nationals.</p>
<p>The MRTA's muscle flexing was the latest in a series of fluctuations in the negotiations, which moved back and forth all week between optimism and doubt.</p>
<p>On Friday, hours after Fujimori said things were looking up, Japanese Prime Minister Ryutaro Hashimoto said in Tokyo: &quot;I am not optimistic.&quot; He did not elaborate.</p>
<p>The hostages, who spent Christmas and New Year's at the residence, spent Good Friday eating traditional fish dishes and listening to messages from their families on the radio -- their only direct contact with the outside world.</p>
<p>&quot;With great affection Nandito, we hope that in this Holy Week the Lord hears our prayers so that this moment passes soon,&quot; said one relative who, like others, used a nickname so as not to identify the hostage.</p>
<p>&quot;I know that you have great strength,&quot; the message continued. &quot;This Good Friday all our children are here. I love you. Take care of yourself. Goodbye my dear.&quot;</p>
<p>In the nearby port of Callao, thousands of Peruvians marched in an Easter procession devoted to the captives.</p>
<p>&quot;In the name of God, when are you going to free our brothers -- the hostages?,&quot; Bishop Miguel Irizar, who presided over the Via Crucis (Way of the Cross) procession, asked the rebels.</p>
<p>Face-to-face talks between government negotiator Domingo Palermo and MRTA leader Nestor Cerpa, broken off on March 12, were expected to resume on Monday or Tuesday.</p>
<p>Two of three guarantors mediating in the crisis met with MRTA leaders but made no comments afterward.</p>
<p>Peruvian officials, while saying an agreement was nearer, admit the main obstacle continues to be the demand for the release of imprisoned rebels.</p>
<p>In a separate statement, rebels expressed concern about the deteriorating health of women comrades on a hunger strike at Lima's Chorrillos prison, who they said were suffering from illnesses worsened by alleged torture and bad conditions.</p>
<p>A poll found that 84 percent of Peruvians favour improving jail conditions for those held on terrorism and treason convictions in exchange for the hostages' freedom.</p>
<p>The survey by local pollster Imasen also said 89 percent opposed freedom for jailed rebels and 75.5 percent felt the captors should leave Peru as part of a deal to end the crisis.</p>
</text>
<copyright>(c) Reuters Limited 1997</copyright>
<metadata>
<codes class="bip:countries:1.0">
  <code code="JAP">
    <editdetail attribution="Reuters BIP Coding Group" action="confirmed" date="1997-03-29"/>
  </code>
  <code code="PERU">
    <editdetail attribution="Reuters BIP Coding Group" action="confirmed" date="1997-03-29"/>
  </code>
</codes>
<codes class="bip:topics:1.0">
  <code code="GCAT">
    <editdetail attribution="Reuters BIP Coding Group" action="confirmed" date="1997-03-29"/>
  </code>
  <code code="GVIO">
    <editdetail attribution="Reuters BIP Coding Group" action="confirmed" date="1997-03-29"/>
  </code>
</codes>
<dc element="dc.date.created" value="1997-03-29"/>
<dc element="dc.publisher" value="Reuters Holdings Plc"/>
<dc element="dc.date.published" value="1997-03-29"/>
<dc element="dc.source" value="Reuters"/>
<dc element="dc.creator.location" value="LIMA"/>
<dc element="dc.creator.location.country.name" value="PERU"/>
<dc element="dc.source" value="Reuters"/>
</metadata>
</newsitem>
