<?xml version="1.0" encoding="iso-8859-1" ?>
<newsitem itemid="475267" id="root" date="1997-03-29" xml:lang="en">
<title>COLOMBIA: Landslide kills three in Colombian squatter camp.</title>
<headline>Landslide kills three in Colombian squatter camp.</headline>
<dateline>BOGOTA 1997-03-29</dateline>
<text>
<p>A landslide killed three people and injured at least three others in a squatters' settlement in southwest Colombia early on Saturday, Red Cross officials said.</p>
<p>Rescue workers said more people could be buried under huge piles of mud and rock, which destroyed two shacks on an illegally occupied plot of land on the outskirts of Cali, Colombia's second largest city. The cause of the landslide was not immediately known, a Red Cross spokesman said.</p>
</text>
<copyright>(c) Reuters Limited 1997</copyright>
<metadata>
<codes class="bip:countries:1.0">
  <code code="COL">
    <editdetail attribution="Reuters BIP Coding Group" action="confirmed" date="1997-03-29"/>
  </code>
</codes>
<codes class="bip:topics:1.0">
  <code code="GCAT">
    <editdetail attribution="Reuters BIP Coding Group" action="confirmed" date="1997-03-29"/>
  </code>
  <code code="GDIS">
    <editdetail attribution="Reuters BIP Coding Group" action="confirmed" date="1997-03-29"/>
  </code>
</codes>
<dc element="dc.date.created" value="1997-03-29"/>
<dc element="dc.publisher" value="Reuters Holdings Plc"/>
<dc element="dc.date.published" value="1997-03-29"/>
<dc element="dc.source" value="Reuters"/>
<dc element="dc.creator.location" value="BOGOTA"/>
<dc element="dc.creator.location.country.name" value="COLOMBIA"/>
<dc element="dc.source" value="Reuters"/>
</metadata>
</newsitem>
