<?xml version="1.0" encoding="iso-8859-1" ?>
<newsitem itemid="475287" id="root" date="1997-03-29" xml:lang="en">
<title>PHILIPPINES: Bre-X geologist's brother makes clear-up pledge.</title>
<headline>Bre-X geologist's brother makes clear-up pledge.</headline>
<dateline>MANILA 1997-03-29</dateline>
<text>
<p>The brother of the late chief Filipino geologist for a Canadian firm that reported a gold strike in Indonesia said on Saturday &quot;everything will be cleared up&quot; after the funeral.</p>
<p>The family of Michael de Guzman flew his body to Manila from Jakarta 11 days after he fell from a helicopter while returning to the Busang gold find he helped to discover in Indonesia's East Kalimantan province for Calgary-headquartered Bre-X Minerals Ltd.</p>
<p>Some Indonesian officials have called de Guzman's death a suicide as the helicopter was in good condition and one of the letters they said de Guzman left behind said he was suffering from acute hepatitis.</p>
<p>&quot;We would like to bury my brother first,&quot; Simplicio (Jojo) de Guzman, who accompanied Michael de Guzman's body from Jakarta, told reporters at the airport. &quot;After that, we will probably have a press conference.&quot;</p>
<p>&quot;I wouldn't like to comment on anything at the moment,&quot; he said, when asked about reports that his brother killed himself.</p>
<p>Queried on letters reported to have been left behind by the geologist, Simplicio said: &quot;Everything will be cleared up after my brother is buried.&quot;</p>
<p>&quot;If there is anything in this world, one thing I can tell you is that my brother is not a liar,&quot; Simplicio said when asked if his brother left any note that said something about the Busang gold find.</p>
<p>&quot;If he is living right now, he can tell you the gold is there.&quot;</p>
<p>The penny-stock Bre-X company became a darling of the Toronto Stock Exchange after it reported the Busang gold strike, which was initially touted as the biggest single find since gold was discovered on South Africa's Witwatersrand late in the 19th century.</p>
<p>Bre-X said early this year the Busang deposit held at least 71 million ounces of gold, worth about $20 billion at current gold prices.</p>
<p>But Bre-X shares were hit after news that de Guzman had fallen out of a helicopter on his way to the Busang property and after a company official said the deposit might not be nearly as big as projected.</p>
<p>&quot;My brother is a very methodical person,&quot; Simplicio de Guzman said. &quot;He is very analytical... All these speculations of the gold not being there, it's unthinkable.&quot;</p>
<p>Michael De Guzman's wife, Teresa, who was among the family members who accompanied her husband's body on the flight to Manila, was unavailable for comment.</p>
</text>
<copyright>(c) Reuters Limited 1997</copyright>
<metadata>
<codes class="bip:countries:1.0">
  <code code="CANA">
    <editdetail attribution="Reuters BIP Coding Group" action="confirmed" date="1997-03-29"/>
  </code>
  <code code="INDON">
    <editdetail attribution="Reuters BIP Coding Group" action="confirmed" date="1997-03-29"/>
  </code>
  <code code="PHLNS">
    <editdetail attribution="Reuters BIP Coding Group" action="confirmed" date="1997-03-29"/>
  </code>
</codes>
<codes class="bip:industries:1.0">
  <code code="I21000">
    <editdetail attribution="Reuters BIP Coding Group" action="confirmed" date="1997-03-29"/>
  </code>
</codes>
<codes class="bip:topics:1.0">
  <code code="C41">
    <editdetail attribution="Reuters BIP Coding Group" action="confirmed" date="1997-03-29"/>
  </code>
  <code code="CCAT">
    <editdetail attribution="Reuters BIP Coding Group" action="confirmed" date="1997-03-29"/>
  </code>
  <code code="GCAT">
    <editdetail attribution="Reuters BIP Coding Group" action="confirmed" date="1997-03-29"/>
  </code>
  <code code="GOBIT">
    <editdetail attribution="Reuters BIP Coding Group" action="confirmed" date="1997-03-29"/>
  </code>
  <code code="GPRO">
    <editdetail attribution="Reuters BIP Coding Group" action="confirmed" date="1997-03-29"/>
  </code>
</codes>
<dc element="dc.date.created" value="1997-03-29"/>
<dc element="dc.publisher" value="Reuters Holdings Plc"/>
<dc element="dc.date.published" value="1997-03-29"/>
<dc element="dc.source" value="Reuters"/>
<dc element="dc.creator.location" value="MANILA"/>
<dc element="dc.creator.location.country.name" value="PHILIPPINES"/>
<dc element="dc.source" value="Reuters"/>
</metadata>
</newsitem>
