<?xml version="1.0" encoding="iso-8859-1" ?>
<newsitem itemid="475264" id="root" date="1997-03-29" xml:lang="en">
<title>COLOMBIA: Colombian death squad kills four peasants.</title>
<headline>Colombian death squad kills four peasants.</headline>
<dateline>BOGOTA 1997-03-29</dateline>
<text>
<p>A right-wing death squad killed four peasants on Saturday and threatened to murder others if they did not abandon a village in northern Colombia, military sources said.</p>
<p>Witnesses said a gang of heavily-armed men dragged the victims from their homes in Puerto Coca, in Bolivar province, and riddled them with bullets, an army spokesman said.</p>
<p>The gunmen, claiming to be members of the Peasant Self-Defence Group of Cordoba and Sucre, ransacked a number of small shops and then threatened to slay anybody left in the village in 30 days time, the spokesman said.</p>
<p>The raid was the latest in a string of copycat attacks across northern Colombia by paramilitary groups, all of which appear to be tied to the most-feared death squad, the Peasant Self-Defence Group of Cordoba and Uraba, headed by rancher Carlos Castano.</p>
<p>Human rights groups accuse the army of sponsoring and helping organise the death squads to wage a scorched earth policy against leftist guerrillas and their suspected sympathisers, in which they carry out extrajudicial killings and clear entire villages.</p>
<p>The army has denied any institutional links, although military chiefs have admitted that some lower-ranking officers may have forged personal ties with paramilitary groups.</p>
</text>
<copyright>(c) Reuters Limited 1997</copyright>
<metadata>
<codes class="bip:countries:1.0">
  <code code="COL">
    <editdetail attribution="Reuters BIP Coding Group" action="confirmed" date="1997-03-29"/>
  </code>
</codes>
<codes class="bip:topics:1.0">
  <code code="GCAT">
    <editdetail attribution="Reuters BIP Coding Group" action="confirmed" date="1997-03-29"/>
  </code>
  <code code="GVIO">
    <editdetail attribution="Reuters BIP Coding Group" action="confirmed" date="1997-03-29"/>
  </code>
</codes>
<dc element="dc.date.created" value="1997-03-29"/>
<dc element="dc.publisher" value="Reuters Holdings Plc"/>
<dc element="dc.date.published" value="1997-03-29"/>
<dc element="dc.source" value="Reuters"/>
<dc element="dc.creator.location" value="BOGOTA"/>
<dc element="dc.creator.location.country.name" value="COLOMBIA"/>
<dc element="dc.source" value="Reuters"/>
</metadata>
</newsitem>
