<?xml version="1.0" encoding="iso-8859-1" ?>
<newsitem itemid="475205" id="root" date="1997-03-29" xml:lang="en">
<title>GERMANY: SOCCER-GERMAN LEAGUE CHAMPIONSHIP RESULTS.</title>
<headline>SOCCER-GERMAN LEAGUE CHAMPIONSHIP RESULTS.</headline>
<dateline>BONN 1997-03-29</dateline>
<text>
<p>Results of soccer matches played</p>
<p>in the German league championship on Saturday:</p>
<p> Bayern Munich		  1 Werder Bremen	   0</p>
<p> Arminia Bielefeld	    1 Karlsruhe		 2</p>
<p> Bayer Leverkusen	     2 Schalke		   0</p>
<p> Hansa Rostock		  3 Freiburg		  1</p>
<p> Borussia Moenchengladbach  2 Fortuna Duesseldorf   0</p>
<p>Played on Thursay:</p>
<p> Duisburg			 1 Hamburg		   1</p>
<p> St Pauli			 0 Borussia Dortmund     1</p>
<p> VfB Stuttgart		  1 1860 Munich	     1</p>
<p> Bochum			   2 Cologne		   2</p>
</text>
<copyright>(c) Reuters Limited 1997</copyright>
<metadata>
<codes class="bip:countries:1.0">
  <code code="GFR">
    <editdetail attribution="Reuters BIP Coding Group" action="confirmed" date="1997-03-29"/>
  </code>
</codes>
<codes class="bip:topics:1.0">
  <code code="GCAT">
    <editdetail attribution="Reuters BIP Coding Group" action="confirmed" date="1997-03-29"/>
  </code>
  <code code="GSPO">
    <editdetail attribution="Reuters BIP Coding Group" action="confirmed" date="1997-03-29"/>
  </code>
</codes>
<dc element="dc.date.created" value="1997-03-29"/>
<dc element="dc.publisher" value="Reuters Holdings Plc"/>
<dc element="dc.date.published" value="1997-03-29"/>
<dc element="dc.source" value="Reuters"/>
<dc element="dc.creator.location" value="BONN"/>
<dc element="dc.creator.location.country.name" value="GERMANY"/>
<dc element="dc.source" value="Reuters"/>
</metadata>
</newsitem>
