<?xml version="1.0" encoding="iso-8859-1" ?>
<newsitem itemid="475247" id="root" date="1997-03-29" xml:lang="en">
<title>CROATIA: Croatia to import 53,000 tons of meat - paper.</title>
<headline>Croatia to import 53,000 tons of meat - paper.</headline>
<dateline>ZAGREB 1997-03-29</dateline>
<text>
<p>Croatia will this year import some 53,000 tonnes of meat, including beef, pork and lamb, ahead of the summer tourist season, a newspaper reported on Saturday.</p>
<p>Zagreb daily Vjesnik quoted cattle-raisers' guild Croatiastocar as saying domestic production of meat could not meet the country's annual consumption, estimated at 273,000 tonnes.</p>
<p>The daily did not say who would import the meat or where from.</p>
<p>The government has also vowed to grant some 70 million kuna ($11.5 million) loans at favourable terms for purchasing extra 7,800 tonnes of meat, required for the tourist season, which begins at Easter and peaks in the summer.</p>
<p>Croatiastocar said the country has all the facilities to produce all the meat it needs.</p>
<p>However, uncontrolled import and lack of consistent subsidies to farmers has forced Croatia to import about a half of its annual pork and beef consumption, it said. -- Metka Jelenc, Zagreb Newsroom, 385-1-4557075</p>
</text>
<copyright>(c) Reuters Limited 1997</copyright>
<metadata>
<codes class="bip:countries:1.0">
  <code code="CRTIA">
    <editdetail attribution="Reuters BIP Coding Group" action="confirmed" date="1997-03-29"/>
  </code>
</codes>
<codes class="bip:industries:1.0">
  <code code="I41220">
    <editdetail attribution="Reuters BIP Coding Group" action="confirmed" date="1997-03-29"/>
  </code>
</codes>
<codes class="bip:topics:1.0">
  <code code="C31">
    <editdetail attribution="Reuters BIP Coding Group" action="confirmed" date="1997-03-29"/>
  </code>
  <code code="C311">
    <editdetail attribution="Reuters BIP Coding Group" action="confirmed" date="1997-03-29"/>
  </code>
  <code code="CCAT">
    <editdetail attribution="Reuters BIP Coding Group" action="confirmed" date="1997-03-29"/>
  </code>
  <code code="M14">
    <editdetail attribution="Reuters BIP Coding Group" action="confirmed" date="1997-03-29"/>
  </code>
  <code code="M141">
    <editdetail attribution="Reuters BIP Coding Group" action="confirmed" date="1997-03-29"/>
  </code>
  <code code="MCAT">
    <editdetail attribution="Reuters BIP Coding Group" action="confirmed" date="1997-03-29"/>
  </code>
</codes>
<dc element="dc.date.created" value="1997-03-29"/>
<dc element="dc.publisher" value="Reuters Holdings Plc"/>
<dc element="dc.date.published" value="1997-03-29"/>
<dc element="dc.source" value="Reuters"/>
<dc element="dc.creator.location" value="ZAGREB"/>
<dc element="dc.creator.location.country.name" value="CROATIA"/>
<dc element="dc.source" value="Reuters"/>
</metadata>
</newsitem>
