<?xml version="1.0" encoding="iso-8859-1" ?>
<newsitem itemid="475263" id="root" date="1997-03-29" xml:lang="en">
<title>PERU: Peru hostages begin Easter weekend awaiting news.</title>
<headline>Peru hostages begin Easter weekend awaiting news.</headline>
<byline>Andrew Cawthorne</byline>
<dateline>LIMA 1997-03-28</dateline>
<text>
<p>Hostages held captive by Peru's Tupac Amaru rebels spent the Good Friday holiday eating traditional fish meals and listening to local radio for news of their fate and messages from their families.</p>
<p>Friday marked the 101st day of captivity for the 72 male hostages in the besieged Japanese ambassador's residence, where they were captured by the Marxist rebel group during a pre-Christmas party.</p>
<p>After a week that saw growing hopes for a solution to the crisis, there was a lull in expectations on Friday as Peruvians began their long Easter holiday weekend.</p>
<p>Government offices were closed and Roman Catholic churches held Good Friday masses including prayers for the captives.</p>
<p>At the neighbouring port Callao, thousands of Peruvians took part in a Via Crucis (Way of the Cross) procession in honour of the captives.</p>
<p>&quot;Brothers of the MRTA,&quot; Callao's Bishop, Monsignor Miguel Irizar told the rebels referring to their group by its acronym, &quot;In the name of God -- when are you going to free our brothers the hostages?&quot;</p>
<p>&quot;Let it be soon, do not prolongue their long Via Crucis. We ask you this on this Good Friday night.&quot;</p>
<p>At the residence, the Red Cross delivered fish lunches for the hostages and rebels alike and prepared for a special mass and distribution of chocolate Easter eggs on Sunday.</p>
<p>In contrast with the optimism earlier this week in Lima, Japanese Prime Minister Ryutaro Hashimoto said on Friday he did not foresee dramatic progress soon in talks between the government and the MRTA. &quot;I can't say with confidence that there will be significant progress,&quot; he told reporters in Tokyo. &quot;I am not optimistic,&quot; he added without elaborating.</p>
<p>The two sides have not met directly since March 12, but are believed to be nearing agreement on some points of a proposal to end the crisis put forward by a three-man guarantors commission overseeing negotiations.</p>
<p>Face-to-face talks between government negotiator Domingo Palermo and MRTA leader Nestor Cerpa are expected to resume on Monday or Tuesday.</p>
<p>Two of the guarantors -- Red Cross representative Michel Minnig and Canadian ambassador Anthony Vincent -- entered the residence in the afternoon to continue talks with the MRTA leaders. They made no comment as they left the compound.</p>
<p>Diplomatic sources say the hostage-takers have provisionally agreed to take asylum in Cuba, but there is still no agreement over their principal demand for the release of jailed comrades.</p>
<p>Media and diplomatic circles have been awash with speculation of a possible ransom payment to the MRTA and the release of some, lower-ranking prisoners to partially meet their demand.</p>
<p>President Alberto Fujimori said on Thursday a peaceful solution was in sight but he warned that obstacles remain. The MRTA also confirmed the two sides had moved closer but called news reports of an imminent deal &quot;simple speculation,&quot; adding that major issues remained to be resolved.</p>
<p>An opinion poll showed growing discontent with the way Fujimori was handling the crisis. Although he enjoyed an early surge in popularity, the trend soon changed. The latest poll, taken last week, found approval for his handling of the longest hostage siege in Latin America's history shrinking 6.5 percentage points to 56.5 percent.</p>
<p>The survey by pollster Imasen, published on Friday in the daily Gestion, said 32.7 percent feel the government caused peace talks to stall during March while 24.9 percent say the MRTA is at fault and 41.6 percent blame both sides.</p>
<p>Relatives of the captives sought to cheer them up on Friday with songs and messages broadcast on local radio -- the hostages' only source of news from outside.</p>
<p>&quot;With great affection Nandito, we hope that in this Holy Week the Lord hears our prayers so that this moment passes soon,&quot; said one relative, who, like others, used a nickname so as not to identify the hostage.</p>
<p>&quot;I know that you have great strength,&quot; the message continued. &quot;This Good Friday all our children are here. I love you. Take care of yourself. Goodbye my dear.&quot;</p>
</text>
<copyright>(c) Reuters Limited 1997</copyright>
<metadata>
<codes class="bip:countries:1.0">
  <code code="JAP">
    <editdetail attribution="Reuters BIP Coding Group" action="confirmed" date="1997-03-29"/>
  </code>
  <code code="PERU">
    <editdetail attribution="Reuters BIP Coding Group" action="confirmed" date="1997-03-29"/>
  </code>
</codes>
<codes class="bip:topics:1.0">
  <code code="GCAT">
    <editdetail attribution="Reuters BIP Coding Group" action="confirmed" date="1997-03-29"/>
  </code>
  <code code="GVIO">
    <editdetail attribution="Reuters BIP Coding Group" action="confirmed" date="1997-03-29"/>
  </code>
</codes>
<dc element="dc.date.created" value="1997-03-28"/>
<dc element="dc.publisher" value="Reuters Holdings Plc"/>
<dc element="dc.date.published" value="1997-03-29"/>
<dc element="dc.source" value="Reuters"/>
<dc element="dc.creator.location" value="LIMA"/>
<dc element="dc.creator.location.country.name" value="PERU"/>
<dc element="dc.source" value="Reuters"/>
</metadata>
</newsitem>
