<?xml version="1.0" encoding="iso-8859-1" ?>
<newsitem itemid="475273" id="root" date="1997-03-29" xml:lang="en">
<title>PAPUA NEW GUINEA: PNG leader says confident of army loyalty.</title>
<headline>PNG leader says confident of army loyalty.</headline>
<byline>Terry Friel</byline>
<dateline>PORT MORESBY 1997-03-29</dateline>
<text>
<p>Papua New Guinea's new leader on Saturday declared confidence in the army's loyalty, just days after rebel troops blockaded parliament and forced prime minister Sir Julius Chan to stand aside.</p>
<p>Caretaker Prime Minister and Defence Minister John Giheno said relations between the government and the army had been damaged by the political crisis over Chan's plan to use mercenaries to quell a secessionist rebellion.</p>
<p>But he believed the tensions could be resolved.</p>
<p>&quot;We have every confidence in the military for them to do the right thing,&quot; Giheno, who was sworn in on Thursday, told Reuters.</p>
<p>&quot;I will try to ease the situation as fast as possible to restore (good relations).&quot;</p>
<p>Giheno said he would talk soon with sacked military chief Brigadier-General Jerry Singirok, who sparked the crisis earlier this month by condemning the $36 million mercenary contract and demanding Chan's resignation.</p>
<p>But Giheno said he would leave acting defence force commander Colonel Jack Tuat in charge until either Chan returned to office or a new government was elected at regular national elections in June.</p>
<p>&quot;I think it would be better to leave (a decision on the post),&quot; he said.</p>
<p>Chan, who had already suspended the contract with British-based Sandline International and ordered an inquiry into the awarding of the contract, stepped aside pending the outcome of the probe, in the face of widespread civil and military opposition to his rule.</p>
<p>Although he can resume the prime ministership if the inquiry clears him before the election, most analysts believe there is not enough time before polling starts on June 14.</p>
<p>The decision of Chan, Finance Minister Chris Haiveta and Defence Minister Mathias Ijape, to stand aside defused the worst political crisis in the South Pacific nation's 22 years of independence.</p>
<p>The 10 days of turmoil, in which thousands of protesters took to the streets, climaxed on Tuesday night when rebel troops laid siege to parliament house, trapping about 100 politicians inside after they voted in support of Chan's leadership.</p>
<p>Giheno has described the soldiers' actions as mutiny and said they should be charged. But he said cabinet would decide, possibly next week, if the troops should be prosecuted or if they should be pardoned in line with a request by Singirok.</p>
<p>The cabinet will also consider the fate of a planeload of weapons and equipment diverted to Australia at Port Moresby's request.</p>
<p>Giheno said some of the helicopters and weapons, destined for the mercenary operation against secessionist rebels on Bougainville island, may be given to the ill-equipped police and the rest could be sold.</p>
<p>&quot;It will be up to cabinet to decide,&quot; he said.</p>
<p>The leader of the ill-fated mercenary force, former British Colonel Tim Spicer, remains in Port Moresby, where he is due to go on trial on two illegal firearms charges next month.</p>
<p>Australia said on Thursday it had diverted an Antonov 124 plane carrying military supplies to an airforce base near the northern city of Darwin.</p>
<p>&quot;The PNG government was concerned about the delivery of this material to PNG in the uncertain circumstances and asked Australia to receive it and store it. We have agreed to do so,&quot; a spokesman for Defence Minister Ian McLachlan said.</p>
<p>Australian government sources said the arsenal included two helicopter gunships, two transport helicopters, military vehicles, assault rifles, about 500 cases of ammunition and explosives, rockets and heat-seeking missiles.</p>
<p>Giheno on Saturday also joined moves by the central bank and the Commerce Department to reassure foreign investors wary of the climate here after the instability.</p>
<p>&quot;I would urge foreign firms should not think for one moment that the stability of the government is questioned,&quot; he said.</p>
<p>&quot;We have demonstrated that.&quot;</p>
<p>The central bank, the Bank of Papua New Guinea, and the Commerce Department said in a joint statement on Friday the business climate was recovering after the crisis, which had wiped millions of dollars off the value of listed firms with exposure to PNG.</p>
</text>
<copyright>(c) Reuters Limited 1997</copyright>
<metadata>
<codes class="bip:countries:1.0">
  <code code="PAPNG">
    <editdetail attribution="Reuters BIP Coding Group" action="confirmed" date="1997-03-29"/>
  </code>
</codes>
<codes class="bip:topics:1.0">
  <code code="GCAT">
    <editdetail attribution="Reuters BIP Coding Group" action="confirmed" date="1997-03-29"/>
  </code>
  <code code="GDEF">
    <editdetail attribution="Reuters BIP Coding Group" action="confirmed" date="1997-03-29"/>
  </code>
  <code code="GPOL">
    <editdetail attribution="Reuters BIP Coding Group" action="confirmed" date="1997-03-29"/>
  </code>
  <code code="GVIO">
    <editdetail attribution="Reuters BIP Coding Group" action="confirmed" date="1997-03-29"/>
  </code>
</codes>
<dc element="dc.date.created" value="1997-03-29"/>
<dc element="dc.publisher" value="Reuters Holdings Plc"/>
<dc element="dc.date.published" value="1997-03-29"/>
<dc element="dc.source" value="Reuters"/>
<dc element="dc.creator.location" value="PORT MORESBY"/>
<dc element="dc.creator.location.country.name" value="PAPUA NEW GUINEA"/>
<dc element="dc.source" value="Reuters"/>
</metadata>
</newsitem>
