<?xml version="1.0" encoding="iso-8859-1" ?>
<newsitem itemid="475227" id="root" date="1997-03-29" xml:lang="en">
<title>KENYA: Zairean troops said to abandon town after clashes.</title>
<headline>Zairean troops said to abandon town after clashes.</headline>
<byline>Buchizya Mseteka</byline>
<dateline>NAIROBI 1997-03-29</dateline>
<text>
<p>Zairean soldiers have fled the town of Kasenga after clashes with the local population in support of rebel leader Laurent Kabila but the rebels have not yet entered the town, a regional military source said on Saturday.</p>
<p>The source, who closely monitors the war between Kabila's Alliance of Democratic Forces for the Liberation of Congo-Zaire (ADFL) and Zaire's ragged army, spoke a day after expatriates and local sources in the town of Lubumbashi said Kasenga had fallen.</p>
<p>The source, who declined to be named, said Kasenga units of Zaire's undisciplined and fast retreating army looted and rampaged through the sleepy town on the river border with Zambia as they fled an angry population early on Friday.</p>
<p>In Lubumbashi, the governor of Shaba province Kyungu wa Kumwanza said that Zairean troops were on Saturday firmly in control of Kasenga.</p>
<p>&quot;My generals told me categorically and after checking that Kasenga is not in the hands of the rebels but of Zairean troops,&quot; he told reporters in Zaire's second largest city and mineral centre, 220 km (135 miles) from Kasenga and the rebels' next declared target.</p>
<p>Kasenga is a small town with an airstrip and little else. It supplies Lubumbashi with fish, caught in Lake Mweru.</p>
<p>&quot;Our latest intelligence is that the rebels have not actually entered Kasenga,&quot; the military source said. &quot;The Zairean soldiers abandoned the town after being attacked by the local population in support of Kabila.&quot;</p>
<p>He added: &quot;The skirmishes were serious and a number of people were injured. The population says it is waiting for Kabila's arrival.&quot;</p>
<p>The source said the town was now being controlled by civilian defence units awaiting the arrival of Kabila's forces.</p>
<p>&quot;The town is under the control of civilian defence units. This is a very interesting pointer to Kabila's popularity. Rebel units are still advancing towards Kasenga and will surely receive a heroes welcome on arrival,&quot; the source said.</p>
<p>Reports on Kasenga came a day after Kabila's rebels and the crumbling government of President Mobutu Sese Seko agreed to meet for their first peace talks.</p>
<p>The agreement, reached at a special summit in Togo of the Organisation of African Unity (OAU), was immediately hit by problems.</p>
<p>The rebels reject a truce before talks, which they say must discuss not whether the ailing 66-year-old Mobutu transfers power, but how and when.</p>
<p>&quot;Rebel strategy centres around talking while fighting and fighting while talking,&quot; the source said on Friday.</p>
<p>Rebels said the talks would start on Easter Monday or a day later and a government source in South Africa confirmed a meeting there was on the cards.</p>
<p>But in Kinshasa, Mobutu's spokesman rejected the rebel agenda and denied a firm date for talks had yet been agreed.</p>
<p>In north Zaire, exhausted Rwandan Hutu refugees on the move since the rebels overran their camps last year collapsed and died along a railway.</p>
<p>In and around Ubilo, a village 82 km (50 miles) south of rebel-held Kisangani, aid workers and journalists saw the appalling plight of about 75,000 of the refugees trapped in the war zone.</p>
<p>At least 500 have been buried since March 16 at Ubilo, according to Lubinga Nganda, head of a Zairean Red Cross team.</p>
</text>
<copyright>(c) Reuters Limited 1997</copyright>
<metadata>
<codes class="bip:countries:1.0">
  <code code="KENYA">
    <editdetail attribution="Reuters BIP Coding Group" action="confirmed" date="1997-03-29"/>
  </code>
  <code code="ZAIRE">
    <editdetail attribution="Reuters BIP Coding Group" action="confirmed" date="1997-03-29"/>
  </code>
</codes>
<codes class="bip:topics:1.0">
  <code code="GCAT">
    <editdetail attribution="Reuters BIP Coding Group" action="confirmed" date="1997-03-29"/>
  </code>
  <code code="GVIO">
    <editdetail attribution="Reuters BIP Coding Group" action="confirmed" date="1997-03-29"/>
  </code>
</codes>
<dc element="dc.date.created" value="1997-03-29"/>
<dc element="dc.publisher" value="Reuters Holdings Plc"/>
<dc element="dc.date.published" value="1997-03-29"/>
<dc element="dc.source" value="Reuters"/>
<dc element="dc.creator.location" value="NAIROBI"/>
<dc element="dc.creator.location.country.name" value="KENYA"/>
<dc element="dc.source" value="Reuters"/>
</metadata>
</newsitem>
