<?xml version="1.0" encoding="iso-8859-1" ?>
<newsitem itemid="475203" id="root" date="1997-03-29" xml:lang="en">
<title>GERMANY: SOCCER-LIGHTNING GOAL PUTS BAYERN TOP OF BUNDESLIGA.</title>
<headline>SOCCER-LIGHTNING GOAL PUTS BAYERN TOP OF BUNDESLIGA.</headline>
<dateline>BONN 1997-03-29</dateline>
<text>
<p>A lightning strike from Alexander Zickler after just 15 seconds gave Bayern Munich a 1-0 win over Werder Bremen on Saturday and catapulted them back to the top of the Bundesliga.</p>
<p>Ruggiero Rizzitelli provided the perfect cross for Zickler, who headed past Bremen goalkeeper Oliver Reck to notch his third goal in a week.</p>
<p>The win moved Bayern above Borussia Dortmund, who had gone top on Thursday after beating St Pauli 1-0.</p>
<p>Bayer Leverkusen also moved above Dortmund and into second place thanks to a 2-0 win over UEFA Cup semifinalists Schalke. Leverkusen are two points behind Bayern and a point ahead of Dortmund.</p>
</text>
<copyright>(c) Reuters Limited 1997</copyright>
<metadata>
<codes class="bip:countries:1.0">
  <code code="GFR">
    <editdetail attribution="Reuters BIP Coding Group" action="confirmed" date="1997-03-29"/>
  </code>
</codes>
<codes class="bip:topics:1.0">
  <code code="GCAT">
    <editdetail attribution="Reuters BIP Coding Group" action="confirmed" date="1997-03-29"/>
  </code>
  <code code="GSPO">
    <editdetail attribution="Reuters BIP Coding Group" action="confirmed" date="1997-03-29"/>
  </code>
</codes>
<dc element="dc.date.created" value="1997-03-29"/>
<dc element="dc.publisher" value="Reuters Holdings Plc"/>
<dc element="dc.date.published" value="1997-03-29"/>
<dc element="dc.source" value="Reuters"/>
<dc element="dc.creator.location" value="BONN"/>
<dc element="dc.creator.location.country.name" value="GERMANY"/>
<dc element="dc.source" value="Reuters"/>
</metadata>
</newsitem>
