<?xml version="1.0" encoding="iso-8859-1" ?>
<newsitem itemid="475217" id="root" date="1997-03-29" xml:lang="en">
<title>UK: Britain's Labour urges IRA truce now, then talks.</title>
<headline>Britain's Labour urges IRA truce now, then talks.</headline>
<byline>Andrew Hill</byline>
<dateline>BELFAST 1997-03-29</dateline>
<text>
<p>Britain's opposition Labour party, which could assume responsibility for troubled Northern Ireland if it wins a general election on May 1, urged the IRA on Saturday to call a truce now to get its Sinn Fein spokesmen into peace talks.</p>
<p>Labour's spokeswoman on Northern Ireland, Mo Mowlam, told the British Broadasting Corporation that, if the Irish Republican Army called an immediate truce, Sinn Fein, its political wing, could take part in Belfast peace talks which resume on June 3.</p>
<p>She said such a truce would have to be called &quot;pretty speedily&quot; to allow time for the British government to verify that the Irish Republican Army (IRA) had ended all activities related to its war against British rule.</p>
<p>&quot;If they show by word and deed that they are committed to the democratic process then we think they ought to safely move into the talks process,&quot; she said.</p>
<p>Mowlam's statement was seen signifying that there would be little change to Britain's Northern Ireland policy if Labour beats Prime Minister John Major's Conservative party, which is faring badly in national public opinion polls, in May.</p>
<p>Major's government says Sinn Fein, which seeks to reunite Northern Ireland with the Irish republic, is welcome to the talks once a verifiable IRA ceasefire is in place. The IRA has rejected any preconditions.</p>
<p>Mowlam said a British government would be satisfied that the ceasefire was genuine if targeting, surveillance and training ended and if there was a halt to IRA vigilante-style &quot;punishment beatings&quot; of minority Roman Catholics in the British province.</p>
<p>She was speaking the day after the IRA claimed responsiblity for last Wednesday's twin bomb attacks on a railway network near Wilmslow in northwestern England which severely disrupted traffic but caused no casualties.</p>
<p>The attack, the first in mainland Britain since last year, was seen as an attempt by IRA to get Northern Ireland on the British election agenda, where it ranks scant attention.</p>
<p>The IRA ended a 17-month truce in February last year accusing the British government of placing impossible conditions on the entry of Sinn Fein into peace talks such as a commitment by the guerrillas to start disarming.</p>
<p>Pat Doherty, the Sinn Fein vice-president, told the BBC he welcomed Mowlam's remarks but he gave no hint of the likelihood of a new IRA truce.</p>
<p>Doherty said that he and party president Gerry Adams thought there could be a new IRA truce if the British government set a date for Sinn Fein's entry into peace talks with Protestant Unionists, who want the province to stay British.</p>
<p>He also repeated Sinn Fein's demands that a future British government set a time frame for the talks, drop all preconditions and authorise &quot;confidence-building measures&quot; thought to include the release of IRA prisoners.</p>
<p>Doherty called on the Labour party to meet Sinn Fein at official level, something the British and Irish governments refused to do until the IRA ends its war against British rule.</p>
</text>
<copyright>(c) Reuters Limited 1997</copyright>
<metadata>
<codes class="bip:countries:1.0">
  <code code="UK">
    <editdetail attribution="Reuters BIP Coding Group" action="confirmed" date="1997-03-29"/>
  </code>
</codes>
<codes class="bip:topics:1.0">
  <code code="GCAT">
    <editdetail attribution="Reuters BIP Coding Group" action="confirmed" date="1997-03-29"/>
  </code>
  <code code="GPOL">
    <editdetail attribution="Reuters BIP Coding Group" action="confirmed" date="1997-03-29"/>
  </code>
  <code code="GVIO">
    <editdetail attribution="Reuters BIP Coding Group" action="confirmed" date="1997-03-29"/>
  </code>
</codes>
<dc element="dc.date.created" value="1997-03-29"/>
<dc element="dc.publisher" value="Reuters Holdings Plc"/>
<dc element="dc.date.published" value="1997-03-29"/>
<dc element="dc.source" value="Reuters"/>
<dc element="dc.creator.location" value="BELFAST"/>
<dc element="dc.creator.location.country.name" value="UK"/>
<dc element="dc.source" value="Reuters"/>
</metadata>
</newsitem>
