<?xml version="1.0" encoding="iso-8859-1" ?>
<newsitem itemid="475288" id="root" date="1997-03-29" xml:lang="en">
<title>SINGAPORE: Malaysia Railway hands out S'pore eviction notices.</title>
<headline>Malaysia Railway hands out S'pore eviction notices.</headline>
<dateline>SINGAPORE 1997-03-29</dateline>
<text>
<p>The Malaysian railway company KTM Berhad said on Saturday it had issued 168 eviction notices against people occupying its land in Singapore.</p>
<p>The announcement followed news reports in Malaysia,  denied by the government, that Kuala Lumpur had decided to freeze all new bilateral dealings with Singapore.</p>
<p>The row stemmed from an affidavit by Singapore elder statesman Lee Kuan Yew calling a southern Malaysian state notorious for crime. Lee twice apologised for the accusation, but the issue has refused to go away.</p>
<p>&quot;We have since determined precisely the extent of illegal occupation on our property,&quot; the general manager of KTM's Property Management department, said in a statement.</p>
<p>The operation to issue the notices, which began on Thursday and ended on Saturday, was launched against private operators who used KTM's land as dumping grounds, storage yards, make-shift housing for foreign workers and as scrap metal yards.</p>
<p>The squatters were given seven days to leave the properties or face charges for damages, trespass and legal costs, the KTM statement said.</p>
<p>KTM owns more than 200 hectares (500 acres) of land in Singapore on a 999-year lease dating back to the time when both were still British colonies.</p>
</text>
<copyright>(c) Reuters Limited 1997</copyright>
<metadata>
<codes class="bip:countries:1.0">
  <code code="MALAY">
    <editdetail attribution="Reuters BIP Coding Group" action="confirmed" date="1997-03-29"/>
  </code>
  <code code="SINGP">
    <editdetail attribution="Reuters BIP Coding Group" action="confirmed" date="1997-03-29"/>
  </code>
</codes>
<codes class="bip:industries:1.0">
  <code code="I71000">
    <editdetail attribution="Reuters BIP Coding Group" action="confirmed" date="1997-03-29"/>
  </code>
  <code code="I85000">
    <editdetail attribution="Reuters BIP Coding Group" action="confirmed" date="1997-03-29"/>
  </code>
</codes>
<codes class="bip:topics:1.0">
  <code code="C12">
    <editdetail attribution="Reuters BIP Coding Group" action="confirmed" date="1997-03-29"/>
  </code>
  <code code="CCAT">
    <editdetail attribution="Reuters BIP Coding Group" action="confirmed" date="1997-03-29"/>
  </code>
  <code code="GCAT">
    <editdetail attribution="Reuters BIP Coding Group" action="confirmed" date="1997-03-29"/>
  </code>
  <code code="GCRIM">
    <editdetail attribution="Reuters BIP Coding Group" action="confirmed" date="1997-03-29"/>
  </code>
  <code code="GDIP">
    <editdetail attribution="Reuters BIP Coding Group" action="confirmed" date="1997-03-29"/>
  </code>
</codes>
<dc element="dc.date.created" value="1997-03-29"/>
<dc element="dc.publisher" value="Reuters Holdings Plc"/>
<dc element="dc.date.published" value="1997-03-29"/>
<dc element="dc.source" value="Reuters"/>
<dc element="dc.creator.location" value="SINGAPORE"/>
<dc element="dc.creator.location.country.name" value="SINGAPORE"/>
<dc element="dc.source" value="Reuters"/>
</metadata>
</newsitem>
