<?xml version="1.0" encoding="iso-8859-1" ?>
<newsitem itemid="475282" id="root" date="1997-03-29" xml:lang="en">
<title>SOUTH KOREA: Seoul Hanbo probe uncovers new suspicions.</title>
<headline>Seoul Hanbo probe uncovers new suspicions.</headline>
<dateline>SEOUL 1997-03-29</dateline>
<text>
<p>South Korean state prosecutors involved in the probe of a loans scandal surrounding the failed Hanbo Group said on Saturday they they suspected that the founder of the failed industrial conflomerate had embezzled about 30 billion won ($33.4 million).</p>
<p>Chung is already standing trial along with nine other people in connection with the scandal after he was arrested in February on charges of fraud and violating laws in issuing cheques and trust and savings companies.</p>
<p>&quot;Embezzlement of the money would be added to Chung's prior charges,&quot; a prosecutor said on Saturday.</p>
<p>Investigations were continuing on whether the money suspected of being diverted had been used as bribes to secure bank loans, he said.</p>
<p>On Friday, prosecutors arrested group chairman Chung Bo-keun, son of Chung Tae-soo, and accused him of pocketing about 37 billion won from the group's funds.</p>
<p>The junior Chung was also taken into custody in a Seoul detention centre after being questioned at the prosecutors' office.</p>
<p>The group's flagship Hanbo Steel Co collapsed in January under $5.8 billion in largely insecured loans.</p>
<p>The group, with 22 affiliate firms, is South Korea's 14th largest industrial conglomerate.</p>
<p>Prosecutors reopened their probe into the Hanbo scandal last Friday after the opposition attacked an earlier investigation as a whitewash which failed to bring to justice major players.</p>
<p>Prosecutors said they would seize the Chung family's assets to &quot;end the bad practice of the past when businessmen survived even when their businesses collapsed&quot;.</p>
<p>On Thursday, prosecutors said they had so far uncovered family assets of 344 billion won, which would be seized because of evidence the family evaded taxes of 432.7 billion won.</p>
<p>($1 = 897 won)</p>
</text>
<copyright>(c) Reuters Limited 1997</copyright>
<metadata>
<codes class="bip:countries:1.0">
  <code code="SKOREA">
    <editdetail attribution="Reuters BIP Coding Group" action="confirmed" date="1997-03-29"/>
  </code>
</codes>
<codes class="bip:topics:1.0">
  <code code="C12">
    <editdetail attribution="Reuters BIP Coding Group" action="confirmed" date="1997-03-29"/>
  </code>
  <code code="CCAT">
    <editdetail attribution="Reuters BIP Coding Group" action="confirmed" date="1997-03-29"/>
  </code>
  <code code="GCAT">
    <editdetail attribution="Reuters BIP Coding Group" action="confirmed" date="1997-03-29"/>
  </code>
  <code code="GCRIM">
    <editdetail attribution="Reuters BIP Coding Group" action="confirmed" date="1997-03-29"/>
  </code>
</codes>
<dc element="dc.date.created" value="1997-03-29"/>
<dc element="dc.publisher" value="Reuters Holdings Plc"/>
<dc element="dc.date.published" value="1997-03-29"/>
<dc element="dc.source" value="Reuters"/>
<dc element="dc.creator.location" value="SEOUL"/>
<dc element="dc.creator.location.country.name" value="SOUTH KOREA"/>
<dc element="dc.source" value="Reuters"/>
</metadata>
</newsitem>
