<?xml version="1.0" encoding="iso-8859-1" ?>
<newsitem itemid="475292" id="root" date="1997-03-29" xml:lang="en">
<title>HONG KONG: Cheung Kong offers extra Kingswood units.</title>
<headline>Cheung Kong offers extra Kingswood units.</headline>
<dateline>HONG KONG 1997-03-29</dateline>
<text>
<p>Cheung Kong (Holdings) Ltd said on Saturday it would offer an additional 64 units at its Kingswood Villa residential development for sale at HK$4,480 a square foot, versus an initial price of HK$4,089 per square foot.</p>
<p>Earlier, the property developer said the first batch of units on offer was 78 times subscribed at the close of a four-day registration period on Friday.</p>
<p>The flats would be sold by ballot on March 30, it said.</p>
<p>The units put up for sale were in the final phase of the development located in Tin Shui Wei in Hong Kong's New Territories, it said.</p>
<p>-- Hong Kong Newsroom (852) 2843 6441</p>
</text>
<copyright>(c) Reuters Limited 1997</copyright>
<metadata>
<codes class="bip:countries:1.0">
  <code code="HKONG">
    <editdetail attribution="Reuters BIP Coding Group" action="confirmed" date="1997-03-29"/>
  </code>
</codes>
<codes class="bip:industries:1.0">
  <code code="I85000">
    <editdetail attribution="Reuters BIP Coding Group" action="confirmed" date="1997-03-29"/>
  </code>
  <code code="I8500031">
    <editdetail attribution="Reuters BIP Coding Group" action="confirmed" date="1997-03-29"/>
  </code>
</codes>
<codes class="bip:topics:1.0">
  <code code="C31">
    <editdetail attribution="Reuters BIP Coding Group" action="confirmed" date="1997-03-29"/>
  </code>
  <code code="CCAT">
    <editdetail attribution="Reuters BIP Coding Group" action="confirmed" date="1997-03-29"/>
  </code>
</codes>
<dc element="dc.date.created" value="1997-03-29"/>
<dc element="dc.publisher" value="Reuters Holdings Plc"/>
<dc element="dc.date.published" value="1997-03-29"/>
<dc element="dc.source" value="Reuters"/>
<dc element="dc.creator.location" value="HONG KONG"/>
<dc element="dc.creator.location.country.name" value="HONG KONG"/>
<dc element="dc.source" value="Reuters"/>
</metadata>
</newsitem>
