<?xml version="1.0" encoding="iso-8859-1" ?>
<newsitem itemid="475245" id="root" date="1997-03-29" xml:lang="en">
<title>ALBANIA: Red Cross delivers Albania aid, queries U.N. force.</title>
<headline>Red Cross delivers Albania aid, queries U.N. force.</headline>
<byline>Alister Doyle</byline>
<dateline>LIBRAZHD, Albania 1997-03-29</dateline>
<text>
<p>A Red Cross truck delivered aid through bandit-ridden Albania without incident on Saturday and the head of the mission wondered if armed escorts from a planned multinational force would help.</p>
<p>The white truck unloaded food at the hospital at Librazhd, a government-controlled mountain town in central Albania, the last stop before Tirana 100 km (60 miles) away after passing through southern regions hit hardest by insurrection on Friday.</p>
<p>&quot;Our operation has gone without problems,&quot; said Darcy Christen, the Swiss head of the International Committee of the Red Cross in southern Albania outside the run-down hospital on a hillside in pine trees above the Librazhd.</p>
<p>Three hospital guards holding ageing rifles looked on nonchalantly as workers unloaded sacks of rice, pasta, beans, vegetable oil, jam, potatoes, tea, salt, sugar and detergent from the truck, which came via Greece.</p>
<p>Christen expressed wariness about the decision by the U.N. Security Council on Friday to approve an Italian-led force to help protect humanitarian supplies to the anarchic former communist state.</p>
<p>&quot;This was a successful test case for us. I wouldn't be too happy to have them (a force) with us,&quot; he said as sporadic gunfire crackled in the distance.</p>
<p>&quot;But what is fine today may not be so tomorrow,&quot; he said, adding that the Red Cross would discuss needs for armed escorts -- relief convoys accepted such protection from warring factions in Somalia or in the breakaway Russian republic of Chechnya.</p>
<p>He said the resolutely neutral Red Cross had set up good contacts in southern Albania, hardest hit by uprisings this month against President Sali Berisha triggered by the collapse of popular savings schemes in January.</p>
<p>Aid workers express concern that the U.N.-approved force, which is to co-operate with Albanian police, could end up identified with Berisha, lose neutrality and become a target for rebels. That might jeopardise rather than help aid.</p>
<p>Italy says any force, which Albania wants to secure ports, Tirana airport and protect aid shipments, would be about 2,500 strong with a similar number in reserve. France, Portugal, Spain, Greece, Turkey, Romania and Austria have expressed some willingness to take part.</p>
<p>Librazhd hospital doctors reckoned they had treated several dozen wounds from bullets and explosives in recent weeks.</p>
<p>In one ward, six-year-old Mario lay sobbing on a bed, his left hand heavily bandaged and blood spattered down his blue woollen trousers as his parents tried to console him.</p>
<p>&quot;He was playing in the yard by the house when he picked up something that exploded,&quot; his mother said. Two of Mario's fingers had been blown off by the blast. Doctors said they expected a third finger would have to be amputated.</p>
<p>Doctor Shpetim Qyra welcomed the Red Cross aid. &quot;We've had no food shortages yet, but stocks are running low. Food prices are rising and that makes everything harder,&quot; he said.</p>
<p>One metre (yard) cubes of concrete were dumped outside Librazhd, narrowing the road in a makeshift police checkpoint for cars, trucks and horse-drawn carts. In the nearby town of Elbasan, two Chinese-made tanks stood on the main square.</p>
<p>In total, the Red Cross truck is delivering 10 tonnes of food to hospitals, old people's homes and orphanages, including those in rebel-held Gjirokaster and Tepelene. Its final stop will be the port of Durres on Sunday.</p>
<p>&quot;People tell me I'm crazy because I don't get scared,&quot; said the truck's driver, Robin Creelman, a Canadian from Nova Scotia.</p>
</text>
<copyright>(c) Reuters Limited 1997</copyright>
<metadata>
<codes class="bip:countries:1.0">
  <code code="ALB">
    <editdetail attribution="Reuters BIP Coding Group" action="confirmed" date="1997-03-29"/>
  </code>
  <code code="UN">
    <editdetail attribution="Reuters BIP Coding Group" action="confirmed" date="1997-03-29"/>
  </code>
</codes>
<codes class="bip:topics:1.0">
  <code code="E51">
    <editdetail attribution="Reuters BIP Coding Group" action="confirmed" date="1997-03-29"/>
  </code>
  <code code="ECAT">
    <editdetail attribution="Reuters BIP Coding Group" action="confirmed" date="1997-03-29"/>
  </code>
  <code code="GCAT">
    <editdetail attribution="Reuters BIP Coding Group" action="confirmed" date="1997-03-29"/>
  </code>
  <code code="GDIP">
    <editdetail attribution="Reuters BIP Coding Group" action="confirmed" date="1997-03-29"/>
  </code>
  <code code="GVIO">
    <editdetail attribution="Reuters BIP Coding Group" action="confirmed" date="1997-03-29"/>
  </code>
</codes>
<dc element="dc.date.created" value="1997-03-29"/>
<dc element="dc.publisher" value="Reuters Holdings Plc"/>
<dc element="dc.date.published" value="1997-03-29"/>
<dc element="dc.source" value="Reuters"/>
<dc element="dc.creator.location" value="LIBRAZHD, Albania"/>
<dc element="dc.creator.location.country.name" value="ALBANIA"/>
<dc element="dc.source" value="Reuters"/>
</metadata>
</newsitem>
