<?xml version="1.0" encoding="iso-8859-1" ?>
<newsitem itemid="475291" id="root" date="1997-03-29" xml:lang="en">
<title>MALAYSIA: MAS to hold news conference on Sunday.</title>
<headline>MAS to hold news conference on Sunday.</headline>
<dateline>KUALA LUMPUR 1997-03-29</dateline>
<text>
<p>Malaysia Airline System Bhd (MAS) said on Saturday that it was calling for a news conference on Sunday to announce the &quot;latest development&quot; within the company.</p>
<p>In a statement, the national carrier said its chairman Tajudin Ramli will chair the meeting at 1000 local time (0200 GMT) at its headquarters.</p>
<p>Analysts said the company may be set to announce an expected restructuring which could involve its management team and its subsidiaries.</p>
<p>The restructuring may also involve another Tajudin-controlled firm, Technology Resources Industries Bhd (TRI), some analysts said.</p>
<p>Others said the company may be announcing a rights issue to help fund the purchase of its new aircraft.</p>
<p>MAS last year said it was buying 25 aircraft from Boeing at a cost of 10 billion ringgit.</p>
<p>&quot;They have to finance a lot of planes. There could be a management restructuring too,&quot; said an analyst at a European research house.</p>
<p>A company spokesman declined to comment on the reason for the news conference.</p>
</text>
<copyright>(c) Reuters Limited 1997</copyright>
<metadata>
<codes class="bip:countries:1.0">
  <code code="MALAY">
    <editdetail attribution="Reuters BIP Coding Group" action="confirmed" date="1997-03-29"/>
  </code>
</codes>
<codes class="bip:industries:1.0">
  <code code="I75000">
    <editdetail attribution="Reuters BIP Coding Group" action="confirmed" date="1997-03-29"/>
  </code>
  <code code="I79020">
    <editdetail attribution="Reuters BIP Coding Group" action="confirmed" date="1997-03-29"/>
  </code>
</codes>
<codes class="bip:topics:1.0">
  <code code="C11">
    <editdetail attribution="Reuters BIP Coding Group" action="confirmed" date="1997-03-29"/>
  </code>
  <code code="CCAT">
    <editdetail attribution="Reuters BIP Coding Group" action="confirmed" date="1997-03-29"/>
  </code>
</codes>
<dc element="dc.date.created" value="1997-03-29"/>
<dc element="dc.publisher" value="Reuters Holdings Plc"/>
<dc element="dc.date.published" value="1997-03-29"/>
<dc element="dc.source" value="Reuters"/>
<dc element="dc.creator.location" value="KUALA LUMPUR"/>
<dc element="dc.creator.location.country.name" value="MALAYSIA"/>
<dc element="dc.source" value="Reuters"/>
</metadata>
</newsitem>
