<?xml version="1.0" encoding="iso-8859-1" ?>
<newsitem itemid="475251" id="root" date="1997-03-29" xml:lang="en">
<title>RUSSIA: Yeltsin to visit Kiev in early June latest-agency.</title>
<headline>Yeltsin to visit Kiev in early June latest-agency.</headline>
<dateline>MOSCOW 1997-03-29</dateline>
<text>
<p>President Boris Yeltsin promised on Saturday to visit Ukraine in early June at the latest to end speculations about a growing rift between the two Slav neighbours, Interfax news agency said.</p>
<p>Interfax quoted Yeltsin as telling Ukrainian President Leonid Kuchma he would visit Ukraine irrespective of whether the political treaty which the two ex-Soviet republics want to sign is ready or not.</p>
<p>Moscow and Kiev are at loggerheads over division of the former Soviet Black Sea fleet and differ on where the Russian share of warships should be based.</p>
<p>Kiev has been alarmed by demands by some leading Russian politicians that Sevastopol, the current home base of the fleet in the Ukraine's Crimea peninsula, be designated for sole Russian use. Russia and Ukraine are also split on some economic and trade issues.</p>
<p>Moscow and Kiev have so far failed to agree on the terms of a friendship treaty which would sort out major problems existing between them.</p>
<p>Yeltsin has postponed his visit to Ukraine at least six times in the past two years.</p>
<p>&quot;I will visit Ukraine no matter whether the treaty is ready or not by then,&quot; Yeltsin told Kuchma.</p>
<p>Some Russian political analysts have suggested that a protracted row between Moscow and Kiev and mutual suspicion between them could prompt Ukraine, which has so far stuck to a political nutrality, to seek closer links with NATO.</p>
<p>Moscow, which protests against the western alliance's plans to grant membership to some Central and Eastern European countries, has been openly worried by a series of recent visits to Kiev by top NATO officials.</p>
<p>&quot;It's time to put an end (to Russian-Ukraine disputes) because the whole world is speculating about our relations,&quot; Yeltsin said.</p>
<p>&quot;Russia and Ukraine have good relations. You and I have good relations as well,&quot; he told Kuchma.</p>
<p>Ukraine's pro-Russian Crimean peninsula was switching to Kiev time this weekend after three years of sticking to Moscow time, in a sign of easing tensions over the region.</p>
<p>Ukraine's autonomous region of Crimea, two-thirds of its 2.7 million population Russians, introduced Moscow time three years ago as a token of its opposition to Kiev rule.</p>
<p>But Ukraine has managed to reduce the influence of pro-Russian forces in the Crimea in the past two years. Last month the local parliament named a pro-Ukrainian politician as the region's new leader</p>
</text>
<copyright>(c) Reuters Limited 1997</copyright>
<metadata>
<codes class="bip:countries:1.0">
  <code code="RUSS">
    <editdetail attribution="Reuters BIP Coding Group" action="confirmed" date="1997-03-29"/>
  </code>
  <code code="UKRN">
    <editdetail attribution="Reuters BIP Coding Group" action="confirmed" date="1997-03-29"/>
  </code>
</codes>
<codes class="bip:topics:1.0">
  <code code="GCAT">
    <editdetail attribution="Reuters BIP Coding Group" action="confirmed" date="1997-03-29"/>
  </code>
  <code code="GDIP">
    <editdetail attribution="Reuters BIP Coding Group" action="confirmed" date="1997-03-29"/>
  </code>
</codes>
<dc element="dc.date.created" value="1997-03-29"/>
<dc element="dc.publisher" value="Reuters Holdings Plc"/>
<dc element="dc.date.published" value="1997-03-29"/>
<dc element="dc.source" value="Reuters"/>
<dc element="dc.creator.location" value="MOSCOW"/>
<dc element="dc.creator.location.country.name" value="RUSSIA"/>
<dc element="dc.source" value="Reuters"/>
</metadata>
</newsitem>
