<?xml version="1.0" encoding="iso-8859-1" ?>
<newsitem itemid="475370" id="root" date="1997-03-29" xml:lang="en">
<title>ISRAEL: Arafat says U.S. against &quot;Judaizing&quot; Jerusalem.</title>
<headline>Arafat says U.S. against &quot;Judaizing&quot; Jerusalem.</headline>
<dateline>JERUSALEM 1997-03-29</dateline>
<text>
<p>Palestinian President Yasser Arafat said on his return to Gaza on Saturday that the United States was against the &quot;Judaization&quot; of Jerusalem.</p>
<p>Asked by reporters if U.S. peace envoy Dennis Ross had asked him to calm tensions in Palestinian Authority areas abutting Israeli army positions where there have been clashes since Israel broke ground on a new Jewish settlement, Arafat replied:</p>
<p>&quot;Yes, they are against the violence, especially the violence of settlement and the Judaization of Jerusalem.&quot;</p>
<p>Peace moves between the Palestinians and Israel plunged into crisis this month after Israel broke ground on a new Jewish settlement in Arab East Jerusalem and an Islamist suicide bombing in Tel Aviv that killed three Israelis.</p>
<p>Israel says Arafat gave militants the impression they had a green light to carry out attacks. The Authority denies the charge. Palestinians see building in Jerusalem as preempting negotiations that are to be held on its status in final peace talks which have yet to resume.</p>
<p>U.S. envoy Dennis Ross wound up a two-day emergency shuttle on Friday appealing for calm after finding Israelis and Palestinians in no mood for compromise.</p>
<p>He had met Arafat in Rabat and then Israeli Prime Minister Benjamin Netanyahu in Jerusalem. The White House called the mission &quot;constructive&quot; but said more work was needed.</p>
<p>Netanyahu said after meeting Ross that only a sustained Palestinian crackdown on &quot;terrorism&quot; -- not just a pledge to fight militants -- would salvage peacemaking.</p>
<p>Arafat told reporters in Gaza: &quot;Netanyahu's orders and decisions are escalating the situation in the whole area.&quot;</p>
<p>The Authority insists the only way out of the crisis is for Israel to order its bulldozers to stop ripping up an Arab East Jerusalem hillside to build the new Jewish settlement.</p>
<p>Arafat was to convene his cabinet in Gaza on Saturday night. He has been away for seven days on an Asian and African tour.</p>
<p>He returns as thousands of Israeli police, backed by tanks and helicopters in the West Bank, remained on high alert ahead of warnings of potential clashes on Sunday -- the annual &quot;Land Day&quot; when Israeli Arabs stage protests against government land confiscations.</p>
</text>
<copyright>(c) Reuters Limited 1997</copyright>
<metadata>
<codes class="bip:countries:1.0">
  <code code="ISRAEL">
    <editdetail attribution="Reuters BIP Coding Group" action="confirmed" date="1997-03-29"/>
  </code>
  <code code="USA">
    <editdetail attribution="Reuters BIP Coding Group" action="confirmed" date="1997-03-29"/>
  </code>
</codes>
<codes class="bip:topics:1.0">
  <code code="GCAT">
    <editdetail attribution="Reuters BIP Coding Group" action="confirmed" date="1997-03-29"/>
  </code>
  <code code="GDIP">
    <editdetail attribution="Reuters BIP Coding Group" action="confirmed" date="1997-03-29"/>
  </code>
  <code code="GPOL">
    <editdetail attribution="Reuters BIP Coding Group" action="confirmed" date="1997-03-29"/>
  </code>
</codes>
<dc element="dc.date.created" value="1997-03-29"/>
<dc element="dc.publisher" value="Reuters Holdings Plc"/>
<dc element="dc.date.published" value="1997-03-29"/>
<dc element="dc.source" value="Reuters"/>
<dc element="dc.creator.location" value="JERUSALEM"/>
<dc element="dc.creator.location.country.name" value="ISRAEL"/>
<dc element="dc.source" value="Reuters"/>
</metadata>
</newsitem>
