<?xml version="1.0" encoding="iso-8859-1" ?>
<newsitem itemid="475308" id="root" date="1997-03-29" xml:lang="en">
<title>JAPAN: U.S. senators say rift in North Korea leadership.</title>
<headline>U.S. senators say rift in North Korea leadership.</headline>
<dateline>TOKYO 1997-03-29</dateline>
<text>
<p>North Korea's civilian authorities believe there is a &quot;rift&quot; with the military about participation in Korean peace talks, a group of U.S. senators said on Saturday.</p>
<p>The five senators, who spent the last 24 hours in the North Korean capital Pyongyang, told a news conference in Tokyo that the North Korean officials were very open and forthright about the existence of a rift.  </p>
<p>The senators said the military was taking a hard line on the issue of whether the Stalinist nation should receive new food and other aid before agreeing to engage in peace talks with South Korea.</p>
<p>They said the civilian leadership appeared to be more flexible on whether the aid must precede any talks.</p>
<p>&quot;I think that we were led to believe that there is a rift. The military is disturbed that the civilian authorities have not been able to obtain the food and fuel they'd been told they'd get,&quot; said Senator Ted Stevens, Republican from Alaska and head of the delegation.</p>
<p>International aid agencies say North Korea, devastated by two consecutive years of floods, is only weeks away from starvation. North and South Korea are locked in a Cold War confrontation since a 1953 truce agreement ended their three-year war.</p>
</text>
<copyright>(c) Reuters Limited 1997</copyright>
<metadata>
<codes class="bip:countries:1.0">
  <code code="JAP">
    <editdetail attribution="Reuters BIP Coding Group" action="confirmed" date="1997-03-29"/>
  </code>
  <code code="NKOREA">
    <editdetail attribution="Reuters BIP Coding Group" action="confirmed" date="1997-03-29"/>
  </code>
  <code code="USA">
    <editdetail attribution="Reuters BIP Coding Group" action="confirmed" date="1997-03-29"/>
  </code>
</codes>
<codes class="bip:topics:1.0">
  <code code="E51">
    <editdetail attribution="Reuters BIP Coding Group" action="confirmed" date="1997-03-29"/>
  </code>
  <code code="ECAT">
    <editdetail attribution="Reuters BIP Coding Group" action="confirmed" date="1997-03-29"/>
  </code>
  <code code="GCAT">
    <editdetail attribution="Reuters BIP Coding Group" action="confirmed" date="1997-03-29"/>
  </code>
  <code code="GDEF">
    <editdetail attribution="Reuters BIP Coding Group" action="confirmed" date="1997-03-29"/>
  </code>
  <code code="GDIP">
    <editdetail attribution="Reuters BIP Coding Group" action="confirmed" date="1997-03-29"/>
  </code>
  <code code="GPOL">
    <editdetail attribution="Reuters BIP Coding Group" action="confirmed" date="1997-03-29"/>
  </code>
</codes>
<dc element="dc.date.created" value="1997-03-29"/>
<dc element="dc.publisher" value="Reuters Holdings Plc"/>
<dc element="dc.date.published" value="1997-03-29"/>
<dc element="dc.source" value="Reuters"/>
<dc element="dc.creator.location" value="TOKYO"/>
<dc element="dc.creator.location.country.name" value="JAPAN"/>
<dc element="dc.source" value="Reuters"/>
</metadata>
</newsitem>
