<?xml version="1.0" encoding="iso-8859-1" ?>
<newsitem itemid="475399" id="root" date="1997-03-29" xml:lang="en">
<title>USA: Chronology of Oklahoma City bombing.</title>
<headline>Chronology of Oklahoma City bombing.</headline>
<dateline>OKLAHOMA CITY 1997-03-29</dateline>
<text>
<p>The following is a chronology of events in the bombing of the Oklahoma City federal building, which killed 168 people. The trial of chief suspect Timothy McVeigh is to begin on Monday.</p>
<p>April 19, 1995 - Huge explosion destroys Alfred P. Murrah building in downtown Oklahoma City at 9:02 a.m. Less than 90 minutes later, Timothy McVeigh is stopped for driving with no license plate near Billings, Oklahoma, and jailed for carrying a concealed weapon. Official death toll on first day is 30.</p>
<p>April 20 - FBI releases sketches of two possible suspects dubbed John Doe No. 1 and No. 2; investigators conclude bomb was in a Ryder truck rented in Kansas. Death count at 52.</p>
<p>April 21 - Just before he is due to be released, McVeigh is recognised as a bombing suspect and turned over to FBI; he makes his first court appearance at federal prison in El Reno, Oklahoma. His former Army buddy Terry Nichols surrenders in Kansas and is held as material witnesses. Death toll 78.</p>
<p>April 23 - National day of mourning. President Bill Clinton attends emotional memorial service in Oklahoma City.</p>
<p>April 24 - McVeigh's two court-appointed attorneys ask to be removed from case. Death toll reaches 80.</p>
<p>May 4 - Search of Murrah building ends with death toll at 167, including 19 children and a nurse killed during rescue effort; toll later rises to 168 when man dies in hospital.</p>
<p>May 8 - Stephen Jones named as McVeigh's new attorney.</p>
<p>May 10 - Terry Nichols is charged in bombing.</p>
<p>May 12 - Michael Tigar appointed Terry Nichols' attorney.</p>
<p>May 24 - Bombed-out shell of Murrah building is destroyed in controlled explosion but most relatives and survivors say hopes that demolition would bring &quot;closure&quot; prove premature.</p>
<p>Aug. 9 - Michael Fortier, another Army buddy of McVeigh, agrees to testify against him in plea bargain deal that calls for pleading guilty to lesser charges.</p>
<p>Aug. 10 - McVeigh and Terry Nichols formally indicted for bombing. Fortier indicted separately for knowing of plan but concealing his knowledge from investigators.</p>
<p>1996</p>
<p>Feb. 20, 1996 - U.S. District Court Judge Richard Matsch moves trial to Denver to ensure fair hearing. The move draws bitter criticism from survivors and relatives of victims.</p>
<p>April 5 - Clinton and his wife Hillary in Good Friday visit to Oklahoma City; Clinton lays wreath at site of bombing and pays tribute to city's unity and spirit of renewal</p>
<p>April 18 - U.S. House of Representatives approves counter-terrorism bill in compromise deal rushed through ahead of first anniversary of bombing. It requires chemical &quot;tagging&quot; of plastic explosives so they can be traced, but expanded wiretap powers are stripped from original proposal.</p>
<p>April 19 - Thousands of mourners join tearful first anniversary ceremony and pay tribute to the 168 people killed. A moment of silence is observed across the United States.</p>
<p>April 24 - Clinton signs anti-terrorism bill into law.</p>
<p>June 26 - Judge Matsch rules victims and relatives can not sit in court during trial if they are to testify.</p>
<p>Oct. 25 - McVeigh and Nichols are handed major victory as Judge Matsch orders separate trials for the two men.</p>
<p>Nov. 15, 1996 - Judge Matsch sets March 31, 1997, as the start of McVeigh's trial.</p>
<p>1997</p>
<p>Jan. 29, 1997 - Judge Matsch rules that victims of bombing will be able to view trial on closed-circuit telecast at federal facility in Oklahoma City.</p>
<p>Feb. 28 - Dallas Morning News reports McVeigh admitted planting the bomb to defence team. Jones accuses newspaper of stealing documents and later says the &quot;confession&quot; was ruse to prompt a reluctant witness to speak with the defence. Jones insists his client has not confessed.</p>
<p>March 11 - Playboy Magazine publishes an article similar to that which appeared in Dallas Morning News.</p>
<p>March 14 - McVeigh's lawyers ask for charges against him to be dismissed, or the trial delayed for a year because of published articles saying McVeigh admitted planting the bomb.</p>
<p>March 17 - Judge Matsch denies defence requests, and Jones later takes plea to federal court of appeals.</p>
<p>March 25 - Judge Matsch reverses an earlier ruling and says he will allow victims of the bombing to view the proceedings even if they plan to testify in any penalty phase of trial.</p>
<p>March 28 - A federal appeals court denies requests by McVeigh's defence to postpone trial on grounds of prejudicial pre-trial publicity and other issues. The ruling clears way for trial to start as scheduled on March 31.</p>
</text>
<copyright>(c) Reuters Limited 1997</copyright>
<metadata>
<codes class="bip:countries:1.0">
  <code code="USA">
    <editdetail attribution="Reuters BIP Coding Group" action="confirmed" date="1997-03-29"/>
  </code>
</codes>
<codes class="bip:topics:1.0">
  <code code="GCAT">
    <editdetail attribution="Reuters BIP Coding Group" action="confirmed" date="1997-03-29"/>
  </code>
  <code code="GCRIM">
    <editdetail attribution="Reuters BIP Coding Group" action="confirmed" date="1997-03-29"/>
  </code>
  <code code="GVIO">
    <editdetail attribution="Reuters BIP Coding Group" action="confirmed" date="1997-03-29"/>
  </code>
</codes>
<dc element="dc.date.created" value="1997-03-29"/>
<dc element="dc.publisher" value="Reuters Holdings Plc"/>
<dc element="dc.date.published" value="1997-03-29"/>
<dc element="dc.source" value="Reuters"/>
<dc element="dc.creator.location" value="OKLAHOMA CITY"/>
<dc element="dc.creator.location.country.name" value="USA"/>
<dc element="dc.source" value="Reuters"/>
</metadata>
</newsitem>
