<?xml version="1.0" encoding="iso-8859-1" ?>
<newsitem itemid="475341" id="root" date="1997-03-29" xml:lang="en">
<title>ISRAEL: Israeli troops, Palestinians clash in West Bank.</title>
<headline>Israeli troops, Palestinians clash in West Bank.</headline>
<dateline>JERUSALEM 1997-03-29</dateline>
<text>
<p>Israeli troops clashed with Palestinians stoning them in the West Bank on Saturday in a 10th day of clashes spurred by Israel's building a settlement in Arab East Jerusalem, witnesses said.</p>
<p>Israeli radio stations said troops shooting rubber bullets wounded at least four Palestinians stoning their position at a Jewish shrine on the outskirts of Bethlehem West Bank enclave.</p>
<p>Witnesses said that demonstrators burned a doll with Prime Minister Benjamin Netanyahu's name scrawled on it during the Bethlehem clash.</p>
<p>At one point, Palestinians lobbed stones over a bus full of foreign tourists as it passed between them and the Israeli soldiers, witnesses said.</p>
<p>Israeli troops firing rubber bullets wounded two more Palestinians during clashes near Bir Zeit village north of Ramallah West Bank self-rule enclave, witnesses there said.</p>
<p>At the outskirts of Ramallah, Palestinian police used clubs to force back demonstrators trying to reach Israeli positions and held them back briefly. The Palestinian security forces linked arms forming a human barrier to block the protesters who eventually forced their way past and began hurling stones.</p>
<p>Peace moves between the Palestinians and Israel plunged into crisis this month after Israel broke ground on the settlement and an Islamist suicide bombing in Tel Aviv that killed three Israelis.</p>
</text>
<copyright>(c) Reuters Limited 1997</copyright>
<metadata>
<codes class="bip:countries:1.0">
  <code code="ISRAEL">
    <editdetail attribution="Reuters BIP Coding Group" action="confirmed" date="1997-03-29"/>
  </code>
</codes>
<codes class="bip:topics:1.0">
  <code code="GCAT">
    <editdetail attribution="Reuters BIP Coding Group" action="confirmed" date="1997-03-29"/>
  </code>
  <code code="GVIO">
    <editdetail attribution="Reuters BIP Coding Group" action="confirmed" date="1997-03-29"/>
  </code>
</codes>
<dc element="dc.date.created" value="1997-03-29"/>
<dc element="dc.publisher" value="Reuters Holdings Plc"/>
<dc element="dc.date.published" value="1997-03-29"/>
<dc element="dc.source" value="Reuters"/>
<dc element="dc.creator.location" value="JERUSALEM"/>
<dc element="dc.creator.location.country.name" value="ISRAEL"/>
<dc element="dc.source" value="Reuters"/>
</metadata>
</newsitem>
