<?xml version="1.0" encoding="iso-8859-1" ?>
<newsitem itemid="475365" id="root" date="1997-03-29" xml:lang="en">
<title>OMAN: Oman approves oil deal with Saudi firm.</title>
<headline>Oman approves oil deal with Saudi firm.</headline>
<dateline>MUSCAT 1997-03-29</dateline>
<text>
<p>Oman on Saturday approved a $50.5 million oil exploration deal the Gulf Arab state signed in January with  Nimir Petroleum Company Ltd. of Saudi Arabia, the official news agency ONA said.</p>
<p>Oman's head of state, Sultan Qaboos bin Said, issued a decree approving the concession covering an area of 15,000 square km (5,790 sq miles) in bloc three in northeast Oman, the agency said.</p>
<p>The Saudi company will conduct geophysical and geological studies in the first phase of the project before agreeing with the oil ministry on a location to drill two deep wells to look for oil and gas.</p>
<p>Oman produces 900,000 barrels per day of oil -- which accounts for nearly three-quarters of government revenue.</p>
</text>
<copyright>(c) Reuters Limited 1997</copyright>
<metadata>
<codes class="bip:countries:1.0">
  <code code="OMAN">
    <editdetail attribution="Reuters BIP Coding Group" action="confirmed" date="1997-03-29"/>
  </code>
  <code code="SAARAB">
    <editdetail attribution="Reuters BIP Coding Group" action="confirmed" date="1997-03-29"/>
  </code>
</codes>
<codes class="bip:industries:1.0">
  <code code="I13000">
    <editdetail attribution="Reuters BIP Coding Group" action="confirmed" date="1997-03-29"/>
  </code>
  <code code="I1300002">
    <editdetail attribution="Reuters BIP Coding Group" action="confirmed" date="1997-03-29"/>
  </code>
</codes>
<codes class="bip:topics:1.0">
  <code code="C13">
    <editdetail attribution="Reuters BIP Coding Group" action="confirmed" date="1997-03-29"/>
  </code>
  <code code="C24">
    <editdetail attribution="Reuters BIP Coding Group" action="confirmed" date="1997-03-29"/>
  </code>
  <code code="CCAT">
    <editdetail attribution="Reuters BIP Coding Group" action="confirmed" date="1997-03-29"/>
  </code>
</codes>
<dc element="dc.date.created" value="1997-03-29"/>
<dc element="dc.publisher" value="Reuters Holdings Plc"/>
<dc element="dc.date.published" value="1997-03-29"/>
<dc element="dc.source" value="Reuters"/>
<dc element="dc.creator.location" value="MUSCAT"/>
<dc element="dc.creator.location.country.name" value="OMAN"/>
<dc element="dc.source" value="Reuters"/>
</metadata>
</newsitem>
