<?xml version="1.0" encoding="iso-8859-1" ?>
<newsitem itemid="475378" id="root" date="1997-03-29" xml:lang="en">
<title>KUWAIT: Kuwait firm plans $50 mln Lebanon JV Islamic bank.</title>
<headline>Kuwait firm plans $50 mln Lebanon JV Islamic bank.</headline>
<dateline>KUWAIT 1997-03-29</dateline>
<text>
<p>Kuwait Finance House (KFH) and the Islamic Development Bank (IDB) plan to establish a $50 million joint venture Islamic bank in Lebanon, a newspaper reported on Saturday.</p>
<p>KFH, an Islamic finance institution that carries out banking activities, is waiting for the approval of the Lebanese parliamnet to start the project, a KFH official told al-Watan newspaper.</p>
<p>KFH plans to take 40 percent of the $50 million bank shares, IDB will take 20 percent and the rest will be put to a public offering, he said.</p>
<p>Islamic banking depends on profit sharing with depositors instead of paying interest, in line with the teachings of Islam which bars interest dealings.</p>
<p>The 50-member Saudi Arabia-based IDB was established in 1975 to promote trade exchanges between Islamic states.</p>
<p>The official said KFH was also considering a consumer finance firm in Lebanon. He did not elaborate.</p>
</text>
<copyright>(c) Reuters Limited 1997</copyright>
<metadata>
<codes class="bip:countries:1.0">
  <code code="KUWAIT">
    <editdetail attribution="Reuters BIP Coding Group" action="confirmed" date="1997-03-29"/>
  </code>
  <code code="LEBAN">
    <editdetail attribution="Reuters BIP Coding Group" action="confirmed" date="1997-03-29"/>
  </code>
  <code code="SAARAB">
    <editdetail attribution="Reuters BIP Coding Group" action="confirmed" date="1997-03-29"/>
  </code>
</codes>
<codes class="bip:industries:1.0">
  <code code="I81402">
    <editdetail attribution="Reuters BIP Coding Group" action="confirmed" date="1997-03-29"/>
  </code>
  <code code="I81501">
    <editdetail attribution="Reuters BIP Coding Group" action="confirmed" date="1997-03-29"/>
  </code>
  <code code="I8150106">
    <editdetail attribution="Reuters BIP Coding Group" action="confirmed" date="1997-03-29"/>
  </code>
</codes>
<codes class="bip:topics:1.0">
  <code code="C11">
    <editdetail attribution="Reuters BIP Coding Group" action="confirmed" date="1997-03-29"/>
  </code>
  <code code="CCAT">
    <editdetail attribution="Reuters BIP Coding Group" action="confirmed" date="1997-03-29"/>
  </code>
</codes>
<dc element="dc.date.created" value="1997-03-29"/>
<dc element="dc.publisher" value="Reuters Holdings Plc"/>
<dc element="dc.date.published" value="1997-03-29"/>
<dc element="dc.source" value="Reuters"/>
<dc element="dc.creator.location" value="KUWAIT"/>
<dc element="dc.creator.location.country.name" value="KUWAIT"/>
<dc element="dc.source" value="Reuters"/>
</metadata>
</newsitem>
