<?xml version="1.0" encoding="iso-8859-1" ?>
<newsitem itemid="475343" id="root" date="1997-03-29" xml:lang="en">
<title>ISRAEL: Palestinians reject Israeli demands.</title>
<headline>Palestinians reject Israeli demands.</headline>
<dateline>GAZA 1997-03-29</dateline>
<text>
<p>The Palestinian Authority on Saturday rejected Israeli conditions for resuming peace negotiations.</p>
<p>&quot;What is needed is the implementation of the agreements and the return to the negotiating table without any preconditions or restrictions,&quot; Palestinian President Yasser Arafat's adviser Nabil Abu Rdainah said in Gaza as Arafat returned from Cairo.</p>
<p>&quot;The new Israeli conditions are not acceptable.&quot;</p>
<p>Israeli Prime Minister Benjamin Netanyahu said after meeting U.S. peace envoy Dennis Ross on Friday that only a sustained Palestinian crackdown on &quot;terrorism&quot; -- not just a pledge to fight militants -- would salvage peacemaking.</p>
<p>Netanyahu demanded Arafat arrest militants, dismantle guerrilla groups and tighten cooperation between Israeli and Palestinian security forces. He denied Ross asked Israel to make any reciprocal gesture.</p>
<p>Peace moves between the Palestinians and Israel plunged into crisis this month after Israel broke ground on a new Jewish settlement in Arab East Jerusalem and an Islamist suicide bombing in Tel Aviv that killed three Israelis.</p>
<p>Israel says Arafat gave militants the impression they had a green light to carry out attacks. The Authority denies the charge.</p>
<p>Palestinians see building in Jerusalem as preempting negotiations that are to be held on its status in final peace talks which have yet to resume.</p>
<p>Arafat, asked by reporters if Ross in their meeting in Rabat on Thursday, had asked him to calm tensions in Authority areas abutting Israeli army positions where there have been clashes since Israel broke ground on the settlement, said:</p>
<p>&quot;Yes, they are against the violence, especially the violence of settlement and the Judaization of Jerusalem.&quot;</p>
</text>
<copyright>(c) Reuters Limited 1997</copyright>
<metadata>
<codes class="bip:countries:1.0">
  <code code="ISRAEL">
    <editdetail attribution="Reuters BIP Coding Group" action="confirmed" date="1997-03-29"/>
  </code>
</codes>
<codes class="bip:topics:1.0">
  <code code="GCAT">
    <editdetail attribution="Reuters BIP Coding Group" action="confirmed" date="1997-03-29"/>
  </code>
  <code code="GPOL">
    <editdetail attribution="Reuters BIP Coding Group" action="confirmed" date="1997-03-29"/>
  </code>
</codes>
<dc element="dc.date.created" value="1997-03-29"/>
<dc element="dc.publisher" value="Reuters Holdings Plc"/>
<dc element="dc.date.published" value="1997-03-29"/>
<dc element="dc.source" value="Reuters"/>
<dc element="dc.creator.location" value="GAZA"/>
<dc element="dc.creator.location.country.name" value="ISRAEL"/>
<dc element="dc.source" value="Reuters"/>
</metadata>
</newsitem>
