<?xml version="1.0" encoding="iso-8859-1" ?>
<newsitem itemid="475372" id="root" date="1997-03-29" xml:lang="en">
<title>TUNISIA: PRESS DIGEST - Tunisia - March 29.</title>
<headline>PRESS DIGEST - Tunisia - March 29.</headline>
<dateline>TUNIS 1997-03-29</dateline>
<text>
<p>These are the leading stories in the Tunisian press on Saturday. Reuters has not verified these stories and does not vouch for their accuracy.</p>
<p>LA PRESSE</p>
<p>- Visiting Palestinian President Yasser Arafat briefed President Ben Ali on the Middle East peace process crisis.</p>
<p>- Italian Industry Minister Pierluigi Bersani told La Presse an economic strategic alliance between Tunisia and Italy was needed.</p>
<p>LE TEMPS</p>
<p>- Palestinian President Yasser Arafat met with President Ben Ali and called for action by Arab and Moslem states against Jewish settlements in Jerusalem.</p>
<p>LE RENOUVEAU</p>
<p>- Prime Minister Hamed Karoui chaired the opening session of the Central committee of the RCD (ruling party). Karoui called for transparent elections within the party's structures. Among issues to be discussed was the draft for the next development plan 1997-2001.</p>
<p>- Tunisian Trade Minister Mondher Zenaidi received visiting Algerian Energy and Mining Minister Amar Makhloufi. They discussed ways to reinforce exchanges between the two countries.</p>
</text>
<copyright>(c) Reuters Limited 1997</copyright>
<metadata>
<codes class="bip:countries:1.0">
  <code code="TUNIS">
    <editdetail attribution="Reuters BIP Coding Group" action="confirmed" date="1997-03-29"/>
  </code>
</codes>
<codes class="bip:topics:1.0">
  <code code="GCAT">
    <editdetail attribution="Reuters BIP Coding Group" action="confirmed" date="1997-03-29"/>
  </code>
</codes>
<dc element="dc.date.created" value="1997-03-29"/>
<dc element="dc.publisher" value="Reuters Holdings Plc"/>
<dc element="dc.date.published" value="1997-03-29"/>
<dc element="dc.source" value="Reuters"/>
<dc element="dc.creator.location" value="TUNIS"/>
<dc element="dc.creator.location.country.name" value="TUNISIA"/>
<dc element="dc.source" value="Reuters"/>
</metadata>
</newsitem>
