<?xml version="1.0" encoding="iso-8859-1" ?>
<newsitem itemid="475307" id="root" date="1997-03-29" xml:lang="en">
<title>SOUTH KOREA: S.Korean stocks end higher on improving sentiment.</title>
<headline>S.Korean stocks end higher on improving sentiment.</headline>
<dateline>SEOUL 1997-03-29</dateline>
<text>
<p>Stocks closed higher on Saturday in active trading as sentiment improved on rising customer deposits with securities houses, brokers said.</p>
<p>&quot;More and more investors are coming back,&quot; said Yoo Jae-kyong of Daishin Securities. &quot;The impact of the Hanbo and Sammi failures has weakened.&quot;</p>
<p>The composite index closed 14.32 points higher at 667.19.</p>
<p>Customer deposits were estimated at around 3.2 trillion won, compared with 2.5 trillion loans for margin trading, brokers said. Talk that the government would act to revive the staggering economy helped boost sentiment.  </p>
<p>Volume totalled 26.59 million shares for Saturday's half-day trading, compared with 40.73 million on Friday.</p>
<p>Gainers outpaced losers 680 to 117 with 91 unchanged.</p>
<p>Brokers said financial shares soared on expectations that the government would accelerate reforms of the backward financial industry. The banking sub-index rose 5.39 percent to 349.48.</p>
<p>&quot;A rebound for banks was anticipated because had been hit hardest by the collapse of Hanbo and Sammi,&quot; said a Hyundai Securities broker.</p>
<p>--Kim Myong-hwan (822) 727 5645</p>
</text>
<copyright>(c) Reuters Limited 1997</copyright>
<metadata>
<codes class="bip:countries:1.0">
  <code code="SKOREA">
    <editdetail attribution="Reuters BIP Coding Group" action="confirmed" date="1997-03-29"/>
  </code>
</codes>
<codes class="bip:topics:1.0">
  <code code="M11">
    <editdetail attribution="Reuters BIP Coding Group" action="confirmed" date="1997-03-29"/>
  </code>
  <code code="MCAT">
    <editdetail attribution="Reuters BIP Coding Group" action="confirmed" date="1997-03-29"/>
  </code>
</codes>
<dc element="dc.date.created" value="1997-03-29"/>
<dc element="dc.publisher" value="Reuters Holdings Plc"/>
<dc element="dc.date.published" value="1997-03-29"/>
<dc element="dc.source" value="Reuters"/>
<dc element="dc.creator.location" value="SEOUL"/>
<dc element="dc.creator.location.country.name" value="SOUTH KOREA"/>
<dc element="dc.source" value="Reuters"/>
</metadata>
</newsitem>
