<?xml version="1.0" encoding="iso-8859-1" ?>
<newsitem itemid="475356" id="root" date="1997-03-29" xml:lang="en">
<title>ISRAEL: Israeli troops kill Palestinian in West Bank.</title>
<headline>Israeli troops kill Palestinian in West Bank.</headline>
<dateline>JERUSALEM 1997-03-29</dateline>
<text>
<p>Israeli troops shot and killed a Palestinian protester during clashes on the outskirts of the Palestinian-ruled West Bank enclave of Ramallah on Saturday, hospital officials said.</p>
<p>The Palestinian hospital officials said Abdullah Khalil Abdullah, 20, was shot in the back with live ammunition. He was the first Palestinian to be killed in 10 days of clashes spurred by Israel breaking ground this month for a Jewish settlement in Arab East Jerusalem.  </p>
<p>The officials said Abdullah was a resident of Beit Sahur, south of Jerusalem in the West Bank. He was a student at Bir Zeit University near Ramallah.</p>
<p>Palestinian-Israeli peace moves plunged into crisis this month after Israel began the settlement at a hilltop called Jabal Abu Ghneim in Arabic and Har Homa in Hebrew and after an Islamist suicide bombing in Tel Aviv that killed three Israelis.</p>
</text>
<copyright>(c) Reuters Limited 1997</copyright>
<metadata>
<codes class="bip:countries:1.0">
  <code code="ISRAEL">
    <editdetail attribution="Reuters BIP Coding Group" action="confirmed" date="1997-03-29"/>
  </code>
</codes>
<codes class="bip:topics:1.0">
  <code code="GCAT">
    <editdetail attribution="Reuters BIP Coding Group" action="confirmed" date="1997-03-29"/>
  </code>
  <code code="GVIO">
    <editdetail attribution="Reuters BIP Coding Group" action="confirmed" date="1997-03-29"/>
  </code>
</codes>
<dc element="dc.date.created" value="1997-03-29"/>
<dc element="dc.publisher" value="Reuters Holdings Plc"/>
<dc element="dc.date.published" value="1997-03-29"/>
<dc element="dc.source" value="Reuters"/>
<dc element="dc.creator.location" value="JERUSALEM"/>
<dc element="dc.creator.location.country.name" value="ISRAEL"/>
<dc element="dc.source" value="Reuters"/>
</metadata>
</newsitem>
