<?xml version="1.0" encoding="iso-8859-1" ?>
<newsitem itemid="475336" id="root" date="1997-03-29" xml:lang="en">
<title>YEMEN: Yemeni forces tighten grip on Germans' kidnappers.</title>
<headline>Yemeni forces tighten grip on Germans' kidnappers.</headline>
<dateline>SANAA 1997-03-29</dateline>
<text>
<p>Yemeni security forces on Saturday tightened their noose on tribesmen holding four German tourists hostage in the country's rugged interior, official sources said.</p>
<p>&quot;Security forces have been reinforced to tighten the military siege around the kidnappers in the area of Al-Mehjezah in the Marib region,&quot; an official told Reuters.</p>
<p>The mountainous Marib governorate is in eastern Yemen.</p>
<p>&quot;Additional forces were sent to the area from Marib itself as well as from Sanaa,&quot; he added.</p>
<p>The German foreign ministry on Friday said the four tourists -- two men and two women -- had been abducted on Thursday.</p>
<p>A Yemeni Interior Ministry official said they were kidnapped by &quot;destructive elements&quot; while returning from Marib to the capital Sanaa.</p>
<p>He stressed that the abductors were bent on tarnishing Yemen's image and said the authorities &quot;would not take it easy with these types of destructive element&quot;.</p>
<p>Earlier this month, a group of seven German tourists on a motorcycle tour in Yemen were also kidnapped. They were held hostage by Yemeni tribesmen and released unharmed after more than a week in captivity.</p>
<p>The German foreign ministry said crisis centres had been set up in Bonn and at the German embassy in Sanaa to deal with the latest kidnapping.</p>
<p>In recent years, Yemeni tribes with grievances against the government or foreign oil firms have kidnapped scores of tourists, diplomats and other foreigners to use as bargaining chips. The hostages were all released unharmed.</p>
<p>Marib has been the site of previous hostage takings. A U.S. engineer kidnapped by Yemeni tribemen in Marib was released in February after 16 days in captivity. A French diplomat was also kidnapped in Marib in October and set free two weeks later.</p>
</text>
<copyright>(c) Reuters Limited 1997</copyright>
<metadata>
<codes class="bip:countries:1.0">
  <code code="GFR">
    <editdetail attribution="Reuters BIP Coding Group" action="confirmed" date="1997-03-29"/>
  </code>
  <code code="YEMAR">
    <editdetail attribution="Reuters BIP Coding Group" action="confirmed" date="1997-03-29"/>
  </code>
</codes>
<codes class="bip:topics:1.0">
  <code code="GCAT">
    <editdetail attribution="Reuters BIP Coding Group" action="confirmed" date="1997-03-29"/>
  </code>
  <code code="GVIO">
    <editdetail attribution="Reuters BIP Coding Group" action="confirmed" date="1997-03-29"/>
  </code>
</codes>
<dc element="dc.date.created" value="1997-03-29"/>
<dc element="dc.publisher" value="Reuters Holdings Plc"/>
<dc element="dc.date.published" value="1997-03-29"/>
<dc element="dc.source" value="Reuters"/>
<dc element="dc.creator.location" value="SANAA"/>
<dc element="dc.creator.location.country.name" value="YEMEN"/>
<dc element="dc.source" value="Reuters"/>
</metadata>
</newsitem>
