<?xml version="1.0" encoding="iso-8859-1" ?>
<newsitem itemid="475367" id="root" date="1997-03-29" xml:lang="en">
<title>JORDAN: U.S. group calls for more press freedom in Jordan.</title>
<headline>U.S. group calls for more press freedom in Jordan.</headline>
<dateline>AMMAN 1997-03-29</dateline>
<text>
<p>A U.S. journalists' group has called on King Hussein of Jordan to halt arrests of writers who criticise his government and to repeal a press law which it said directly threatened journalistic freedom.</p>
<p>The Committee to Protect Journalists listed seven Jordanian journalists either facing trial or appealing sentences on charges of insulting the king, publishing false or inaccurate news and libelling a member of parliament.</p>
<p>It said the charges against them had &quot;contributed to a further deterioration of press freedoms in Jordan&quot;.</p>
<p>&quot;We view their arrest and prosecution as clear violations of the right to freedom of expression,&quot; the organisation said in an open letter to King Hussein ahead of his talks with President Bill Clinton in Washington next Tuesday.</p>
<p>&quot;These actions against press freedom call into question King Hussein's international image as a tolerant leader,&quot; CPJ executive director William Orme said in a statement faxed to Reuters with the letter.</p>
<p>The CPJ criticised Jordan's 1993 Press and Publications Law, which forbids journalists from publishing news which offends the king or the armed forces, reveals military information, contains contempt of religion, damages national unity, shakes confidence in the Jordanian dinar, insults officials of friendly nations, damages the dignity of an individual or violates public morals.</p>
<p>It said the law was &quot;restrictive and vaguely-worded&quot; and called on King Hussein to repeal articles &quot;that directly threaten press freedom and contravene international human rights standards for a free press&quot;.</p>
<p>CPJ said journalists Nahed Hattar and Abdullah Abou Rouman face up to three years in jail on charges of lese-majeste, or insulting the king. Hattar was charged for articles including criticism of the permanent settlement of Palestinian refugees in Jordan and Jordan's diplomatic relations with Israel, CPJ said.</p>
<p>Abou Rouman's charges were based mainly on unpublished articles confiscated from his office which criticised bread price increases last August which led to rioting, it said.</p>
<p>Jordanian journalists said in January Abdullah bin Issa was sentenced to six months in jail for publishing an interview which a court said propagated an outlawed Islamist party doctrine.</p>
<p>Also in January two editors were sentenced to eight and nine month jail terms. One was additionally fined 15,000 dinars ($21,200) for &quot;spreading false news and publishing pornographic material.&quot;</p>
<p>Journalists from the satirical Abed Rebbo are awaiting trial for labelling an Islamist member of parliament a hypocrite and accusing a former minister of corruption.</p>
</text>
<copyright>(c) Reuters Limited 1997</copyright>
<metadata>
<codes class="bip:countries:1.0">
  <code code="JORDAN">
    <editdetail attribution="Reuters BIP Coding Group" action="confirmed" date="1997-03-29"/>
  </code>
  <code code="USA">
    <editdetail attribution="Reuters BIP Coding Group" action="confirmed" date="1997-03-29"/>
  </code>
</codes>
<codes class="bip:topics:1.0">
  <code code="GCAT">
    <editdetail attribution="Reuters BIP Coding Group" action="confirmed" date="1997-03-29"/>
  </code>
  <code code="GDIP">
    <editdetail attribution="Reuters BIP Coding Group" action="confirmed" date="1997-03-29"/>
  </code>
  <code code="GPOL">
    <editdetail attribution="Reuters BIP Coding Group" action="confirmed" date="1997-03-29"/>
  </code>
</codes>
<dc element="dc.date.created" value="1997-03-29"/>
<dc element="dc.publisher" value="Reuters Holdings Plc"/>
<dc element="dc.date.published" value="1997-03-29"/>
<dc element="dc.source" value="Reuters"/>
<dc element="dc.creator.location" value="AMMAN"/>
<dc element="dc.creator.location.country.name" value="JORDAN"/>
<dc element="dc.source" value="Reuters"/>
</metadata>
</newsitem>
