<?xml version="1.0" encoding="iso-8859-1" ?>
<newsitem itemid="475319" id="root" date="1997-03-29" xml:lang="en">
<title>VIETNAM: Vietnam police officer killed by suspected burglar.</title>
<headline>Vietnam police officer killed by suspected burglar.</headline>
<dateline>HANOI 1997-03-29</dateline>
<text>
<p>An unarmed police officer was stabbed to death in Vietnam when he tried to arrest a man suspected of burglary, police in the northern port town of Haiphong said on Saturday.</p>
<p>A senior police officer said that Le Duc Quang, 28, plunged a 40-cm (15.75-inch) knife into the 41-year-old police captain's chest and stomach after a brief struggle on Thursday afternoon.</p>
<p>The captain, Le Thanh A, gave chase as Quang ran off but soon fell to the ground. He died on the way to hospital.</p>
<p>Quang was later captured by police.</p>
<p>A teenager who stabbed a policeman to death in Hanoi last year was sentenced to death.</p>
</text>
<copyright>(c) Reuters Limited 1997</copyright>
<metadata>
<codes class="bip:countries:1.0">
  <code code="VIETN">
    <editdetail attribution="Reuters BIP Coding Group" action="confirmed" date="1997-03-29"/>
  </code>
</codes>
<codes class="bip:topics:1.0">
  <code code="GCAT">
    <editdetail attribution="Reuters BIP Coding Group" action="confirmed" date="1997-03-29"/>
  </code>
  <code code="GCRIM">
    <editdetail attribution="Reuters BIP Coding Group" action="confirmed" date="1997-03-29"/>
  </code>
</codes>
<dc element="dc.date.created" value="1997-03-29"/>
<dc element="dc.publisher" value="Reuters Holdings Plc"/>
<dc element="dc.date.published" value="1997-03-29"/>
<dc element="dc.source" value="Reuters"/>
<dc element="dc.creator.location" value="HANOI"/>
<dc element="dc.creator.location.country.name" value="VIETNAM"/>
<dc element="dc.source" value="Reuters"/>
</metadata>
</newsitem>
