<?xml version="1.0" encoding="iso-8859-1" ?>
<newsitem itemid="475320" id="root" date="1997-03-29" xml:lang="en">
<title>MALAYSIA: Malaysia Ipmuda 1996 net up 45.7 pct.</title>
<headline>Malaysia Ipmuda 1996 net up 45.7 pct.</headline>
<dateline>KUALA LUMPUR 1997-03-29</dateline>
<text>
<p>Year to Dec 31, 1996</p>
<p>		   (in million ringgit unless stated)</p>
<p>    Net profit		   9.70   vs	   6.66</p>
<p>    Group shr (cents)	 13.9    vs	   9.5</p>
<p>    Turnover		   590.35   vs	 514.54</p>
<p>    Pre-tax profit	    17.89   vs	  13.15</p>
<p>    Minorities	   less  1.76   vs   less  0.84</p>
<p>    Extraordinaries    less  1.11   vs	   0.31</p>
<p>    Total Div (pct)	   30.0    vs	  10.0</p>
<p>NOTE - Ipmuda Bhd makes and trades building materials.</p>
<p>-- Kuala Lumpur newsroom (603-201 4813)</p>
</text>
<copyright>(c) Reuters Limited 1997</copyright>
<metadata>
<codes class="bip:countries:1.0">
  <code code="MALAY">
    <editdetail attribution="Reuters BIP Coding Group" action="confirmed" date="1997-03-29"/>
  </code>
</codes>
<codes class="bip:industries:1.0">
  <code code="I61000">
    <editdetail attribution="Reuters BIP Coding Group" action="confirmed" date="1997-03-29"/>
  </code>
</codes>
<codes class="bip:topics:1.0">
  <code code="C15">
    <editdetail attribution="Reuters BIP Coding Group" action="confirmed" date="1997-03-29"/>
  </code>
  <code code="C151">
    <editdetail attribution="Reuters BIP Coding Group" action="confirmed" date="1997-03-29"/>
  </code>
  <code code="C1511">
    <editdetail attribution="Reuters BIP Coding Group" action="confirmed" date="1997-03-29"/>
  </code>
  <code code="CCAT">
    <editdetail attribution="Reuters BIP Coding Group" action="confirmed" date="1997-03-29"/>
  </code>
</codes>
<dc element="dc.date.created" value="1997-03-29"/>
<dc element="dc.publisher" value="Reuters Holdings Plc"/>
<dc element="dc.date.published" value="1997-03-29"/>
<dc element="dc.source" value="Reuters"/>
<dc element="dc.creator.location" value="KUALA LUMPUR"/>
<dc element="dc.creator.location.country.name" value="MALAYSIA"/>
<dc element="dc.source" value="Reuters"/>
</metadata>
</newsitem>
