<?xml version="1.0" encoding="iso-8859-1" ?>
<newsitem itemid="475389" id="root" date="1997-03-29" xml:lang="en">
<title>USA: Court paves way for Oklahoma trial to start.</title>
<headline>Court paves way for Oklahoma trial to start.</headline>
<byline>Robert Boczkiewicz</byline>
<dateline>DENVER 1997-03-28</dateline>
<text>
<p>A federal appeals court on Friday denied three requests by Oklahoma City bombing defendant Timothy McVeigh to postpone his trial, clearing the way for it to start as scheduled on Monday.</p>
<p>The court said that the issues raised by McVeigh's lawyers can be taken up if he is convicted.</p>
<p>McVeigh and former army buddy Terry Nichols are charged in the April 19, 1995 bombing which killed 168 people. The attack on Oklahoma City's Alfred P. Murrah federal building was the largest such assault ever on U.S. soil.</p>
<p>The date for Nichols' trial has not yet been determined.</p>
<p>The court said McVeigh's attorneys were &quot;premature&quot; in seeking a delay on grounds of prejudicial pre-trial publicity linked to two reports published in the Dallas Morning News and Playboy Magazine containing purported confessions by McVeigh.</p>
<p>McVeigh's lawyers had complained that U.S. District Court Judge Richard Matsch was so intent on starting the trial on time that he was willing to sacrifice McVeigh's right to a fair trial.</p>
<p>McVeigh's lawyers said the Dallas Morning News article was &quot;devastating&quot; and that &quot;any flicker of hope that an impartial jury could be selected ... was finally extinguished&quot; when the Playboy article was published on the Internet.</p>
<p>McVeigh's lawyers said answers given by prospective jurors showed McVeigh will not be able to get a fair trial.</p>
<p>&quot;The responses contained within the juror questionnaires demonstrate that Mr. McVeigh simply cannot receive a fair trial under the circumstances as they presently exist,&quot; the lawyers said.</p>
<p>Some 1,000 notices went out to prospective jurors in Denver and 22 surrounding counties. Several hundred of them met with the judge and attorneys for both sides on March 19 where they filled out a questionnaire.</p>
<p>McVeigh's lawyers said that after they read the answers their fears were confirmed and that they asked the judge on Tuesday to delay the trial.</p>
<p>However, the judge refused their motion in a closed door hearing on Thursday, prompting them to rush to the appeals court after normal closing hours.</p>
<p>The appeal court also denied a request made on Tuesday to delay the trial to allow the court to consider a defence request for classified intelligence date from prosecutors.</p>
<p>The defence said it needed the material to investigate its theory that a foreign government, possibly Iraq, may have planned the bombing.</p>
<p>In a filing with the appeals court, prosecutors said the defence theory &quot;reads like a bad Hollywood script.&quot;</p>
<p>The appeals court also dismissed a request, filed on Wednesday, to delay the trial to give McVeigh an opportunity to challenge the constitutionality of a new law allowing victims to view the proceedings and testify at a penalty phase of the trial if McVeigh is convicted.</p>
<p>All three requests were petitions for extraordinary remedies, which are seldom granted.</p>
<p>McVeigh's attorneys said the trial judge's &quot;insistence that Mr. McVeigh's trial begin as scheduled, come hell or high water, has been obvious for some time.&quot;</p>
</text>
<copyright>(c) Reuters Limited 1997</copyright>
<metadata>
<codes class="bip:countries:1.0">
  <code code="USA">
    <editdetail attribution="Reuters BIP Coding Group" action="confirmed" date="1997-03-29"/>
  </code>
</codes>
<codes class="bip:topics:1.0">
  <code code="GCAT">
    <editdetail attribution="Reuters BIP Coding Group" action="confirmed" date="1997-03-29"/>
  </code>
  <code code="GCRIM">
    <editdetail attribution="Reuters BIP Coding Group" action="confirmed" date="1997-03-29"/>
  </code>
  <code code="GVIO">
    <editdetail attribution="Reuters BIP Coding Group" action="confirmed" date="1997-03-29"/>
  </code>
</codes>
<dc element="dc.date.created" value="1997-03-28"/>
<dc element="dc.publisher" value="Reuters Holdings Plc"/>
<dc element="dc.date.published" value="1997-03-29"/>
<dc element="dc.source" value="Reuters"/>
<dc element="dc.creator.location" value="DENVER"/>
<dc element="dc.creator.location.country.name" value="USA"/>
<dc element="dc.source" value="Reuters"/>
</metadata>
</newsitem>
