<?xml version="1.0" encoding="iso-8859-1" ?>
<newsitem itemid="475326" id="root" date="1997-03-29" xml:lang="en">
<title>TAIWAN: Taiwan to set up US$ bills market by end-1997.</title>
<headline>Taiwan to set up US$ bills market by end-1997.</headline>
<dateline>TAIPEI 1997-03-29</dateline>
<text>
<p>Taiwan's central bank and finance ministry said on Saturday they planned to set up a U.S. dollar-denominated bills market by the end of 1997 in a bid to develop Taiwan into a regional financial centre.</p>
<p>The two agencies said in a statement that they planned to allow banks to issue U.S. dollar-denominated negotiable certificates of deposits in June 1997.</p>
<p>The two proposed to allow businesses, based on actual trading needs, to issue U.S. dollar-denominated acceptance bills, the statement said, but they did not give a timetable for the move, saying they will do it in &quot;appropriate time.&quot;</p>
<p>The two will open bills finance firms, or money market brokers, to operate U.S. dollar-denominated acceptance bills and negotiable certificates of deposits by the end of 1997, the statement said.</p>
<p>The planned opening of the new business to bills finance firms suggests the central bank and finance ministry will allow businesses to issue U.S. dollar acceptance bills by end-1997.</p>
<p>-- Taipei Newsroom (5080815)</p>
</text>
<copyright>(c) Reuters Limited 1997</copyright>
<metadata>
<codes class="bip:countries:1.0">
  <code code="TAIWAN">
    <editdetail attribution="Reuters BIP Coding Group" action="confirmed" date="1997-03-29"/>
  </code>
</codes>
<codes class="bip:industries:1.0">
  <code code="I83100">
    <editdetail attribution="Reuters BIP Coding Group" action="confirmed" date="1997-03-29"/>
  </code>
</codes>
<codes class="bip:topics:1.0">
  <code code="C13">
    <editdetail attribution="Reuters BIP Coding Group" action="confirmed" date="1997-03-29"/>
  </code>
  <code code="CCAT">
    <editdetail attribution="Reuters BIP Coding Group" action="confirmed" date="1997-03-29"/>
  </code>
  <code code="M13">
    <editdetail attribution="Reuters BIP Coding Group" action="confirmed" date="1997-03-29"/>
  </code>
  <code code="M131">
    <editdetail attribution="Reuters BIP Coding Group" action="confirmed" date="1997-03-29"/>
  </code>
  <code code="MCAT">
    <editdetail attribution="Reuters BIP Coding Group" action="confirmed" date="1997-03-29"/>
  </code>
</codes>
<dc element="dc.date.created" value="1997-03-29"/>
<dc element="dc.publisher" value="Reuters Holdings Plc"/>
<dc element="dc.date.published" value="1997-03-29"/>
<dc element="dc.source" value="Reuters"/>
<dc element="dc.creator.location" value="TAIPEI"/>
<dc element="dc.creator.location.country.name" value="TAIWAN"/>
<dc element="dc.source" value="Reuters"/>
</metadata>
</newsitem>
