<?xml version="1.0" encoding="iso-8859-1" ?>
<newsitem itemid="475306" id="root" date="1997-03-29" xml:lang="en">
<title>HONG KONG: HK'S Tung backs plan to stabilise property prices.</title>
<headline>HK'S Tung backs plan to stabilise property prices.</headline>
<dateline>HONG KONG 1997-03-29</dateline>
<text>
<p>Hong Kong's future leader Tung Chee-hwa on Saturday supported moves by the territory's government to tackle sky-high housing prices.</p>
<p>&quot;If property prices in Hong Kong continue to go up like this, the economy and people's livelihood will be greatly affected,&quot; Tung told reporters after returning from a visit to Beijing.</p>
<p>&quot;Therefore, actions should be taken. I believe it is appropriate what the government is doing,&quot; he said.</p>
<p>The Hong Kong government announced on Wednesday measures to curb property prices. But the property sector criticised the plan, saying it was inappropriate in a free-wheeling society and also may not work.</p>
<p>The government's new regulations require developers to put unfinished flats on to the market earlier than before.</p>
<p>Private flats must now be put up for sale 15 months before they are ready instead of 12 months previously.</p>
<p>In addition, developers will have to put flats on to the market within six months of the government granting approval for them to sell, and to release no less than 20 percent of every batch of housing units that is built.</p>
<p>Hong Kong's property boom, which has not been threatened by the British territory's imminent handover to Chinese rule, was highlighted on Wednesday when developer Sino Land Co Ltd paid a record HK$11.82 billion for a residential site on Hong Kong island.</p>
</text>
<copyright>(c) Reuters Limited 1997</copyright>
<metadata>
<codes class="bip:countries:1.0">
  <code code="HKONG">
    <editdetail attribution="Reuters BIP Coding Group" action="confirmed" date="1997-03-29"/>
  </code>
</codes>
<codes class="bip:industries:1.0">
  <code code="I85000">
    <editdetail attribution="Reuters BIP Coding Group" action="confirmed" date="1997-03-29"/>
  </code>
  <code code="I8500031">
    <editdetail attribution="Reuters BIP Coding Group" action="confirmed" date="1997-03-29"/>
  </code>
</codes>
<codes class="bip:topics:1.0">
  <code code="C13">
    <editdetail attribution="Reuters BIP Coding Group" action="confirmed" date="1997-03-29"/>
  </code>
  <code code="C31">
    <editdetail attribution="Reuters BIP Coding Group" action="confirmed" date="1997-03-29"/>
  </code>
  <code code="CCAT">
    <editdetail attribution="Reuters BIP Coding Group" action="confirmed" date="1997-03-29"/>
  </code>
</codes>
<dc element="dc.date.created" value="1997-03-29"/>
<dc element="dc.publisher" value="Reuters Holdings Plc"/>
<dc element="dc.date.published" value="1997-03-29"/>
<dc element="dc.source" value="Reuters"/>
<dc element="dc.creator.location" value="HONG KONG"/>
<dc element="dc.creator.location.country.name" value="HONG KONG"/>
<dc element="dc.source" value="Reuters"/>
</metadata>
</newsitem>
