<?xml version="1.0" encoding="iso-8859-1" ?>
<newsitem itemid="475391" id="root" date="1997-03-29" xml:lang="en">
<title>USA: Ted Turner says cult suicide good end for &quot;nuts&quot;.</title>
<headline>Ted Turner says cult suicide good end for &quot;nuts&quot;.</headline>
<dateline>ATLANTA 1997-03-29</dateline>
<text>
<p>Outspoken Time Warner Vice Chairman and Atlanta Braves owner Ted Turner Saturday called the mass suicide in California &quot;a good way to get rid of a few nuts.&quot;</p>
<p>&quot;There are too many nuts running around anyway, right?&quot; Turner told reporters at a clubhouse news conference before the first professional exhibition baseball game at Turner Field. The stadium built for the 1996 Summer Olympics has been converted for use by the Braves and is named after the broadcasting executive.</p>
<p>&quot;It's a good way to get rid of a few nuts, you know, you gotta look at it that way,&quot; he said of the Heaven's Gate cult suicide. &quot;Well, they did it peacefully. At least they didn't do like these S.O.B.s that go to McDonald's or post offices and shoot a lot of innocent people and then shoot themselves. At least they went out and just did it to themselves.&quot;</p>
<p>Turner said he was trying to look at the bright side of the suicide by 39 people. &quot;Turning on the TV, all it is is one murder after another. There's hardly ever anything good,&quot; he said.</p>
<p>&quot;You know, 29 people, 39 people committed suicide to go up to the comet. Well, what about the other six billion that didn't, you know? That's a small percentage, 39 out of six billion,&quot; he said. &quot;That comet does look good. I've been looking at it. I would kinda to go up there myself. I mean, is it that much different from other religions that say you're going to heaven?&quot;</p>
<p>Turner also said he agreed with fans who were upset at increased concession stand prices and a policy that fans cannot bring food and drink into the new stadium.</p>
<p>&quot;Well, it's just the way it is, you know. They can bring it in in their tummies, eat it on the way down here if they want to,&quot; he said. &quot;And we got free water don't we? We got water fountains.&quot;</p>
<p>When told by Braves president Stan Kasten that a Coca-Cola soft drink would cost $3.50, Turner responded, &quot;Are you serious?&quot;</p>
<p>&quot;That's outrageous,&quot; Turner said. &quot;I think the fans are right. But they don't have to buy it and I won't and they shouldn't either. I'm drinking water. I'm not gonna drink, not at $3.50, that's too much.&quot;</p>
</text>
<copyright>(c) Reuters Limited 1997</copyright>
<metadata>
<codes class="bip:countries:1.0">
  <code code="USA">
    <editdetail attribution="Reuters BIP Coding Group" action="confirmed" date="1997-03-29"/>
  </code>
</codes>
<codes class="bip:topics:1.0">
  <code code="GCAT">
    <editdetail attribution="Reuters BIP Coding Group" action="confirmed" date="1997-03-29"/>
  </code>
  <code code="GPRO">
    <editdetail attribution="Reuters BIP Coding Group" action="confirmed" date="1997-03-29"/>
  </code>
</codes>
<dc element="dc.date.created" value="1997-03-29"/>
<dc element="dc.publisher" value="Reuters Holdings Plc"/>
<dc element="dc.date.published" value="1997-03-29"/>
<dc element="dc.source" value="Reuters"/>
<dc element="dc.creator.location" value="ATLANTA"/>
<dc element="dc.creator.location.country.name" value="USA"/>
<dc element="dc.source" value="Reuters"/>
</metadata>
</newsitem>
