<?xml version="1.0" encoding="iso-8859-1" ?>
<newsitem itemid="475345" id="root" date="1997-03-29" xml:lang="en">
<title>TUNISIA: Libya defies U.N. with pilgrim flight to Saudi.</title>
<headline>Libya defies U.N. with pilgrim flight to Saudi.</headline>
<dateline>TUNIS 1997-03-29</dateline>
<text>
<p>A Libyan Arab Airlines plane has landed at Jeddah airport carrying Moslem pilgrims to Saudi Arabia in defiance of United Nations sanctions.</p>
<p>The official Libyan news agency JANA said on Saturday the flight was the first of other departures planned from several Libyan airports to carry haj pilgrims.</p>
<p>The agency, monitored in Tunis, did not say when the aircraft landed.</p>
<p>Unauthorised flights to and from Libya are banned under U.N. sanctions imposed on Tripoli for its refusal to hand over for trial two suspects wanted in connection with the bombing of a U.S. airliner over Lockerbie, Scotland, in 1988.</p>
<p>On March 20, a U.N. sanctions committee said it had given permission for an Egyptian airline, EgyptAir, to make 45 return flights between Libya and Jeddah with Libyans making the annual pilgrimage.</p>
<p>The committee approved similar a arrangement last year. Last year also and the year before, Libya symbolically sent a Libyan plane with pilgrims, but the rest of the pilgrims' flights were provided by Egyptair under U.N. approval.</p>
</text>
<copyright>(c) Reuters Limited 1997</copyright>
<metadata>
<codes class="bip:countries:1.0">
  <code code="LIBYA">
    <editdetail attribution="Reuters BIP Coding Group" action="confirmed" date="1997-03-29"/>
  </code>
  <code code="SAARAB">
    <editdetail attribution="Reuters BIP Coding Group" action="confirmed" date="1997-03-29"/>
  </code>
  <code code="UN">
    <editdetail attribution="Reuters BIP Coding Group" action="confirmed" date="1997-03-29"/>
  </code>
</codes>
<codes class="bip:industries:1.0">
  <code code="I75000">
    <editdetail attribution="Reuters BIP Coding Group" action="confirmed" date="1997-03-29"/>
  </code>
</codes>
<codes class="bip:topics:1.0">
  <code code="C13">
    <editdetail attribution="Reuters BIP Coding Group" action="confirmed" date="1997-03-29"/>
  </code>
  <code code="CCAT">
    <editdetail attribution="Reuters BIP Coding Group" action="confirmed" date="1997-03-29"/>
  </code>
  <code code="GCAT">
    <editdetail attribution="Reuters BIP Coding Group" action="confirmed" date="1997-03-29"/>
  </code>
  <code code="GDIP">
    <editdetail attribution="Reuters BIP Coding Group" action="confirmed" date="1997-03-29"/>
  </code>
  <code code="GREL">
    <editdetail attribution="Reuters BIP Coding Group" action="confirmed" date="1997-03-29"/>
  </code>
</codes>
<dc element="dc.date.created" value="1997-03-29"/>
<dc element="dc.publisher" value="Reuters Holdings Plc"/>
<dc element="dc.date.published" value="1997-03-29"/>
<dc element="dc.source" value="Reuters"/>
<dc element="dc.creator.location" value="TUNIS"/>
<dc element="dc.creator.location.country.name" value="TUNISIA"/>
<dc element="dc.source" value="Reuters"/>
</metadata>
</newsitem>
