<?xml version="1.0" encoding="iso-8859-1" ?>
<newsitem itemid="475315" id="root" date="1997-03-29" xml:lang="en">
<title>MALAYSIA: Malaysia's FCW 6-mth net up fourfold.</title>
<headline>Malaysia's FCW 6-mth net up fourfold.</headline>
<dateline>KUALA LUMPUR 1997-03-29</dateline>
<text>
<p>Six months to Dec 31</p>
<p>		   (in million ringgit unless stated)</p>
<p>    Net profit		   4.90   vs	   1.12</p>
<p>    Group shr (cents)	  3.0    vs	   1.0</p>
<p>    Turnover		    42.60   vs	  63.01</p>
<p>    Pre-tax profit	     8.75   vs	   3.75</p>
<p>    Minorities	    less 0.58   vs    less 0.78</p>
<p>    Dividend			-     vs	    -</p>
<p>NOTE - Malaysia's FCW Holdings Bhd makes cables and is involved in telecommunications apart from other businesses.</p>
<p>-- Kuala Lumpur newsroom (603-201 4813)</p>
</text>
<copyright>(c) Reuters Limited 1997</copyright>
<metadata>
<codes class="bip:countries:1.0">
  <code code="MALAY">
    <editdetail attribution="Reuters BIP Coding Group" action="confirmed" date="1997-03-29"/>
  </code>
</codes>
<codes class="bip:industries:1.0">
  <code code="I45100">
    <editdetail attribution="Reuters BIP Coding Group" action="confirmed" date="1997-03-29"/>
  </code>
</codes>
<codes class="bip:topics:1.0">
  <code code="C15">
    <editdetail attribution="Reuters BIP Coding Group" action="confirmed" date="1997-03-29"/>
  </code>
  <code code="C151">
    <editdetail attribution="Reuters BIP Coding Group" action="confirmed" date="1997-03-29"/>
  </code>
  <code code="CCAT">
    <editdetail attribution="Reuters BIP Coding Group" action="confirmed" date="1997-03-29"/>
  </code>
</codes>
<dc element="dc.date.created" value="1997-03-29"/>
<dc element="dc.publisher" value="Reuters Holdings Plc"/>
<dc element="dc.date.published" value="1997-03-29"/>
<dc element="dc.source" value="Reuters"/>
<dc element="dc.creator.location" value="KUALA LUMPUR"/>
<dc element="dc.creator.location.country.name" value="MALAYSIA"/>
<dc element="dc.source" value="Reuters"/>
</metadata>
</newsitem>
