<?xml version="1.0" encoding="iso-8859-1" ?>
<newsitem itemid="475350" id="root" date="1997-03-29" xml:lang="en">
<title>YEMEN: Yemen's Saleh urges more security ahead of poll.</title>
<headline>Yemen's Saleh urges more security ahead of poll.</headline>
<dateline>SANAA 1997-03-29</dateline>
<text>
<p>Yemeni President Ali Abdullah Saleh on Saturday called on the interior ministry to beef up security measures ahead of parliamentary elections in April.</p>
<p>&quot;We urge everyone at the ministry of interior to be more alert...to further enhance security and stability,&quot; he said.</p>
<p>&quot;Election day is coming (on April 27) and there's no doubt each great accomplishment faces those who reject it...There are bad members of personnel who try to affect public security,&quot; Saleh said.</p>
<p>An official source at the ministry of interior said Friday's kidnapping of four German tourists in Yemen aimed at damaging the country's reputation and preparations for the elections.</p>
<p>In recent years, Yemeni tribes with grievances against the government or foreign oil firms have kidnapped scores of tourists, diplomats or other foreigners to use as bargaining chips. The hostages have all been released unharmed.</p>
</text>
<copyright>(c) Reuters Limited 1997</copyright>
<metadata>
<codes class="bip:countries:1.0">
  <code code="YEMAR">
    <editdetail attribution="Reuters BIP Coding Group" action="confirmed" date="1997-03-29"/>
  </code>
</codes>
<codes class="bip:topics:1.0">
  <code code="GCAT">
    <editdetail attribution="Reuters BIP Coding Group" action="confirmed" date="1997-03-29"/>
  </code>
  <code code="GPOL">
    <editdetail attribution="Reuters BIP Coding Group" action="confirmed" date="1997-03-29"/>
  </code>
  <code code="GVOTE">
    <editdetail attribution="Reuters BIP Coding Group" action="confirmed" date="1997-03-29"/>
  </code>
</codes>
<dc element="dc.date.created" value="1997-03-29"/>
<dc element="dc.publisher" value="Reuters Holdings Plc"/>
<dc element="dc.date.published" value="1997-03-29"/>
<dc element="dc.source" value="Reuters"/>
<dc element="dc.creator.location" value="SANAA"/>
<dc element="dc.creator.location.country.name" value="YEMEN"/>
<dc element="dc.source" value="Reuters"/>
</metadata>
</newsitem>
