<?xml version="1.0" encoding="iso-8859-1" ?>
<newsitem itemid="475382" id="root" date="1997-03-29" xml:lang="en">
<title>ISRAEL: Hamas wins professional poll in Gaza.</title>
<headline>Hamas wins professional poll in Gaza.</headline>
<dateline>GAZA 1997-03-29</dateline>
<text>
<p>Supporters of the militant Islamic Resistance Movement Hamas swept elections for the Engineering Association of Gaza and Hamas's co-founder now heads the group, association officials said on Saturday.</p>
<p>They said Hamas won eight seats, Palestinian President Yasser Arafat's mainstream PLO Fatah faction took two seats and one seat was won by an independent in the Friday poll.</p>
<p>Palestinians said the results reflected frustration with peace moves plunged into crisis this month by Israel breaking ground on a new Jewish settlement in Arab East Jerusalem.</p>
<p>Days after the groundbreaking, an Islamist suicide bomber killed three Israelis in Tel Aviv on March 21. A caller to Israeli police claimed Hamas was responsible for the attack.</p>
<p>Ismail Abu Shanab, who founded Hamas with Sheikh Ahmed Yassin in the 1980s and was released by Israel from prison several months ago after serving an eight-year sentence for Hamas affiliation, was now association chairman.</p>
<p>&quot;Many people are frustrated with the peace deal and disappointed at the Palestinians' situation,&quot; a Fatah member of the association said.</p>
<p>Pundits had expected Fatah would make a better showing.</p>
<p>In the last poll in 1993, seats on the group's board were split equally between Hamas and Fatah.</p>
<p>Arafat signed an interim peace deal with Israel in 1993 that provided limited Palestinian self-rule in much of Gaza and parts of the West Bank. Arafat's headquarters have been in Gaza since 1994.</p>
<p>Hamas opposed the peace deal. Its militants have killed scores of Israelis in attacks aimed at torpedoing it. Hamas has long had strong support in Gaza.</p>
</text>
<copyright>(c) Reuters Limited 1997</copyright>
<metadata>
<codes class="bip:countries:1.0">
  <code code="ISRAEL">
    <editdetail attribution="Reuters BIP Coding Group" action="confirmed" date="1997-03-29"/>
  </code>
</codes>
<codes class="bip:topics:1.0">
  <code code="GCAT">
    <editdetail attribution="Reuters BIP Coding Group" action="confirmed" date="1997-03-29"/>
  </code>
  <code code="GPOL">
    <editdetail attribution="Reuters BIP Coding Group" action="confirmed" date="1997-03-29"/>
  </code>
  <code code="GVOTE">
    <editdetail attribution="Reuters BIP Coding Group" action="confirmed" date="1997-03-29"/>
  </code>
</codes>
<dc element="dc.date.created" value="1997-03-29"/>
<dc element="dc.publisher" value="Reuters Holdings Plc"/>
<dc element="dc.date.published" value="1997-03-29"/>
<dc element="dc.source" value="Reuters"/>
<dc element="dc.creator.location" value="GAZA"/>
<dc element="dc.creator.location.country.name" value="ISRAEL"/>
<dc element="dc.source" value="Reuters"/>
</metadata>
</newsitem>
