<?xml version="1.0" encoding="iso-8859-1" ?>
<newsitem itemid="475313" id="root" date="1997-03-29" xml:lang="en">
<title>MALAYSIA: Malaysia Repco 6-mth net at 2.56 mln rgt.</title>
<headline>Malaysia Repco 6-mth net at 2.56 mln rgt.</headline>
<dateline>KUALA LUMPUR 1997-03-29</dateline>
<text>
<p>Six months to Dec 31</p>
<p>		   (in million ringgit unless stated)</p>
<p>    Net profit/(loss)		   2.56   vs    (0.38)</p>
<p>    Earnings/(loss) a shr (cents)  18.0    vs    (2.6)</p>
<p>    Turnover			    145.31   vs     6.09</p>
<p>    Pre-tax profit/(loss)	     5.85   vs    (0.36)</p>
<p>    Minorities		     less 1.32   vs	-</p>
<p>    Dividend				 -     vs	-</p>
<p>NOTE - Malaysia's Repco Holdings Bhd is in gaming and timber businesses.</p>
<p>-- Kuala Lumpur newsroom (603-201 4813)</p>
</text>
<copyright>(c) Reuters Limited 1997</copyright>
<metadata>
<codes class="bip:countries:1.0">
  <code code="MALAY">
    <editdetail attribution="Reuters BIP Coding Group" action="confirmed" date="1997-03-29"/>
  </code>
</codes>
<codes class="bip:industries:1.0">
  <code code="I61000">
    <editdetail attribution="Reuters BIP Coding Group" action="confirmed" date="1997-03-29"/>
  </code>
</codes>
<codes class="bip:topics:1.0">
  <code code="C15">
    <editdetail attribution="Reuters BIP Coding Group" action="confirmed" date="1997-03-29"/>
  </code>
  <code code="C151">
    <editdetail attribution="Reuters BIP Coding Group" action="confirmed" date="1997-03-29"/>
  </code>
  <code code="CCAT">
    <editdetail attribution="Reuters BIP Coding Group" action="confirmed" date="1997-03-29"/>
  </code>
</codes>
<dc element="dc.date.created" value="1997-03-29"/>
<dc element="dc.publisher" value="Reuters Holdings Plc"/>
<dc element="dc.date.published" value="1997-03-29"/>
<dc element="dc.source" value="Reuters"/>
<dc element="dc.creator.location" value="KUALA LUMPUR"/>
<dc element="dc.creator.location.country.name" value="MALAYSIA"/>
<dc element="dc.source" value="Reuters"/>
</metadata>
</newsitem>
