<?xml version="1.0" encoding="iso-8859-1" ?>
<newsitem itemid="475393" id="root" date="1997-03-29" xml:lang="en">
<title>USA: Gingrich urges China trust its own citizens.</title>
<headline>Gingrich urges China trust its own citizens.</headline>
<dateline>WASHINGTON 1997-03-29</dateline>
<text>
<p>House of Representatives Speaker Newt Gingrich called on China's government on Saturday to &quot;learn to trust the goodness of its own people.&quot;</p>
<p>In an Easter message released by his office as he toured China, the Georgia Republican said the Beijing government must do more than &quot;just cooperate with other countries.&quot;</p>
<p>&quot;It must learn to trust in the goodness of its own people,&quot; he said. &quot;As our world becomes closer and closer by the day, we realize that there is no place for abuse in what must be considered the Family of Mankind.</p>
<p>&quot;There is no place for torture and arbitrary detention. There is no place for forced confessions. There is no place for intolerance of dissent.&quot;</p>
<p>Gingrich said the freedom to speak, assemble and worship were the essential ingredients of &quot;a creative culture, an industrious peoople and a thriving society.&quot;</p>
<p>&quot;In this season of resurrection and renewal, Americans are thankful for the opportunity to share our experiences with the Chinese government and the Chinese people,&quot; he added.</p>
<p>In a speech to students at Beijing's Institute of Diplomacy on Saturday, Gingrich said the United States cannot remain silent about &quot;the basic lack of freedom -- speech, religion, assembly, the press -- in China.&quot;</p>
<p>&quot;In the most basic sense, we are simply asking the Chinese government to enforce its own constitution,&quot; he said, dismissing Beijing's criticism that such demands were interference in its internal affairs.</p>
</text>
<copyright>(c) Reuters Limited 1997</copyright>
<metadata>
<codes class="bip:countries:1.0">
  <code code="CHINA">
    <editdetail attribution="Reuters BIP Coding Group" action="confirmed" date="1997-03-29"/>
  </code>
  <code code="USA">
    <editdetail attribution="Reuters BIP Coding Group" action="confirmed" date="1997-03-29"/>
  </code>
</codes>
<codes class="bip:topics:1.0">
  <code code="GCAT">
    <editdetail attribution="Reuters BIP Coding Group" action="confirmed" date="1997-03-29"/>
  </code>
  <code code="GDIP">
    <editdetail attribution="Reuters BIP Coding Group" action="confirmed" date="1997-03-29"/>
  </code>
  <code code="GPOL">
    <editdetail attribution="Reuters BIP Coding Group" action="confirmed" date="1997-03-29"/>
  </code>
</codes>
<dc element="dc.date.created" value="1997-03-29"/>
<dc element="dc.publisher" value="Reuters Holdings Plc"/>
<dc element="dc.date.published" value="1997-03-29"/>
<dc element="dc.source" value="Reuters"/>
<dc element="dc.creator.location" value="WASHINGTON"/>
<dc element="dc.creator.location.country.name" value="USA"/>
<dc element="dc.source" value="Reuters"/>
</metadata>
</newsitem>
