<?xml version="1.0" encoding="iso-8859-1" ?>
<newsitem itemid="475344" id="root" date="1997-03-29" xml:lang="en">
<title>BAHRAIN: Bahrain jails 21 Shi'ite plot suspects.</title>
<headline>Bahrain jails 21 Shi'ite plot suspects.</headline>
<byline>Abbas Salman</byline>
<dateline>MANAMA 1997-03-29</dateline>
<text>
<p>Bahrain's State Security Court on Saturday sentenced 21 people accused of involvement in an alleged pro-Iranian plot to topple the government to prison terms ranging from three to seven years.</p>
<p>A government statement sent to Reuters said 12 other suspects were acquitted.</p>
<p>Six people were sentenced to seven years in jail, ten received five years and five suspects were jailed for three years.</p>
<p>Lawyers said earlier on Saturday that 22 people were sentenced to terms ranging from three to seven years in jail and 11 other suspects were acquitted.</p>
<p>The court, whose rulings cannot be appealed against, on Wednesday sentenced 15 people to prison terms ranging from three to 15 years in connection with the alleged plot.</p>
<p>They included two main suspects, Ali al-Mutqawi, who received 15 years jail and was fined 7,000 dinars ($18,568) and Sheikh Jassim al-Kayat, who was sentenced to 12 years and was fined 5,000 dinars.</p>
<p>The trial of 81 suspects -- 22 of them in absentia -- began on March 1. They were accused of joining the military wing of the Bahraini Hizbollah (Party of God), creating an organisation aimed at toppling the government, possessing weapons without permission and contacting a foreign country.</p>
<p>The suspects were divided into eight groups. Their lawyers and families attended the trial at the coast guard station in Muharraq, linked with the capital Manama by a three km (1.8 miles) causeway.</p>
<p>Lawyers had said the suspects could have faced the death penalty.</p>
<p>It was not clear what verdicts were delivered against those tried in absentia.</p>
<p>Bahrain last June accused Iran of an attempt to topple the island's government by force, a charge denied by Tehran.</p>
<p>The court, set up by the government in March last year to speed up rulings, passed the first verdicts on Wednesday which coincided with the first anniversary of the execution by firing squad of Isa Qamber for killing a policeman.</p>
<p>It has so far jailed about 220 people in connection with anti-government violence and protests in Bahrain, the Gulf's main financial and banking centre.</p>
<p>Another three suspects accused of an arson attack in which seven Bangladeshi restaurant workers were killed last year were condemned to death by the court, but the sentences have not been carried out.</p>
<p>Members of Bahrain's majority Shi'ite Moslem community have waged sporadic protests, bombings, arson attacks and violence since December 1994 to demand political and economic reforms from the largely Sunni government.</p>
<p>At least 28 people have been killed and hundreds arrested in the unrest in the Gulf Arab state.</p>
</text>
<copyright>(c) Reuters Limited 1997</copyright>
<metadata>
<codes class="bip:countries:1.0">
  <code code="BAHRN">
    <editdetail attribution="Reuters BIP Coding Group" action="confirmed" date="1997-03-29"/>
  </code>
</codes>
<codes class="bip:topics:1.0">
  <code code="GCAT">
    <editdetail attribution="Reuters BIP Coding Group" action="confirmed" date="1997-03-29"/>
  </code>
  <code code="GCRIM">
    <editdetail attribution="Reuters BIP Coding Group" action="confirmed" date="1997-03-29"/>
  </code>
  <code code="GVIO">
    <editdetail attribution="Reuters BIP Coding Group" action="confirmed" date="1997-03-29"/>
  </code>
</codes>
<dc element="dc.date.created" value="1997-03-29"/>
<dc element="dc.publisher" value="Reuters Holdings Plc"/>
<dc element="dc.date.published" value="1997-03-29"/>
<dc element="dc.source" value="Reuters"/>
<dc element="dc.creator.location" value="MANAMA"/>
<dc element="dc.creator.location.country.name" value="BAHRAIN"/>
<dc element="dc.source" value="Reuters"/>
</metadata>
</newsitem>
