<?xml version="1.0" encoding="iso-8859-1" ?>
<newsitem itemid="475384" id="root" date="1997-03-29" xml:lang="en">
<title>YEMEN: Yemeni forces surround area where Germans held.</title>
<headline>Yemeni forces surround area where Germans held.</headline>
<dateline>SANAA 1997-03-29</dateline>
<text>
<p>Yemen security forces trying to free four kidnapped German tourists have surrounded the area where they are being held, an Interior Ministry official said late on Friday.</p>
<p>&quot;Security forces are currently surrounding the area and are exerting efforts to free the German tourists and ensure their safety,&quot; the official SABA news agency quoted the official as saying.</p>
<p>The German foreign ministry on Friday said the four -- two men and two women -- had been abducted on Thursday.</p>
<p>The Yemeni Interior Ministry official said they were kidnapped by &quot;destructive elements&quot; while returning from the eastern Marib governorate to the Yemeni capital Sanaa.</p>
<p>He stressed that the abductors were bent on tarnishing Yemen's image and said the authorities ... &quot;would not take it easy with these types of destructive element...&quot;.</p>
<p>Earlier this month, a group of seven German tourists on a motorcycle tour in Yemen were also kidnapped. They were held hostage by Yemeni tribesmen and released unharmed after more than a week in captivity.</p>
<p>The German foreign ministry said crisis centres had been set up in Bonn and at the German embassy in Sanaa to deal with the latest kidnapping.</p>
<p>In recent years, Yemeni tribes with grievances against the government or foreign oil firms have kidnapped scores of tourists, diplomats or other foreigners to use as bargaining chips.</p>
<p>The hostages were all released unharmed.</p>
</text>
<copyright>(c) Reuters Limited 1997</copyright>
<metadata>
<codes class="bip:countries:1.0">
  <code code="GFR">
    <editdetail attribution="Reuters BIP Coding Group" action="confirmed" date="1997-03-29"/>
  </code>
  <code code="YEMAR">
    <editdetail attribution="Reuters BIP Coding Group" action="confirmed" date="1997-03-29"/>
  </code>
</codes>
<codes class="bip:topics:1.0">
  <code code="GCAT">
    <editdetail attribution="Reuters BIP Coding Group" action="confirmed" date="1997-03-29"/>
  </code>
  <code code="GDIP">
    <editdetail attribution="Reuters BIP Coding Group" action="confirmed" date="1997-03-29"/>
  </code>
  <code code="GVIO">
    <editdetail attribution="Reuters BIP Coding Group" action="confirmed" date="1997-03-29"/>
  </code>
</codes>
<dc element="dc.date.created" value="1997-03-29"/>
<dc element="dc.publisher" value="Reuters Holdings Plc"/>
<dc element="dc.date.published" value="1997-03-29"/>
<dc element="dc.source" value="Reuters"/>
<dc element="dc.creator.location" value="SANAA"/>
<dc element="dc.creator.location.country.name" value="YEMEN"/>
<dc element="dc.source" value="Reuters"/>
</metadata>
</newsitem>
