<?xml version="1.0" encoding="iso-8859-1" ?>
<newsitem itemid="475312" id="root" date="1997-03-29" xml:lang="en">
<title>MALAYSIA: Pacific Chemicals 1996 net down 21.1 pct.</title>
<headline>Pacific Chemicals 1996 net down 21.1 pct.</headline>
<dateline>KUALA LUMPUR 1997-03-29</dateline>
<text>
<p>Year to Dec 31, 1996</p>
<p>		   (in million ringgit unless stated)</p>
<p>    Net profit		 29.01   vs	36.79</p>
<p>    Group shr (cents)	26.3    vs	33.3</p>
<p>    Turnover		  141.97   vs    138.33</p>
<p>    Pre-tax profit	   39.48   vs     49.02</p>
<p>    Minorities		   -     vs	-</p>
<p>    Extraordinaries	    -     vs	-</p>
<p>    Dividend (percent)	8.0    vs	6.0</p>
<p>NOTE - Malaysia's Pacific Chemicals Bhd is involved in the trading of logs and production of sawn timber.</p>
<p>-- Kuala Lumpur newsroom (603-201 4813)</p>
</text>
<copyright>(c) Reuters Limited 1997</copyright>
<metadata>
<codes class="bip:countries:1.0">
  <code code="MALAY">
    <editdetail attribution="Reuters BIP Coding Group" action="confirmed" date="1997-03-29"/>
  </code>
</codes>
<codes class="bip:industries:1.0">
  <code code="I25000">
    <editdetail attribution="Reuters BIP Coding Group" action="confirmed" date="1997-03-29"/>
  </code>
</codes>
<codes class="bip:topics:1.0">
  <code code="C15">
    <editdetail attribution="Reuters BIP Coding Group" action="confirmed" date="1997-03-29"/>
  </code>
  <code code="C151">
    <editdetail attribution="Reuters BIP Coding Group" action="confirmed" date="1997-03-29"/>
  </code>
  <code code="C1511">
    <editdetail attribution="Reuters BIP Coding Group" action="confirmed" date="1997-03-29"/>
  </code>
  <code code="CCAT">
    <editdetail attribution="Reuters BIP Coding Group" action="confirmed" date="1997-03-29"/>
  </code>
</codes>
<dc element="dc.date.created" value="1997-03-29"/>
<dc element="dc.publisher" value="Reuters Holdings Plc"/>
<dc element="dc.date.published" value="1997-03-29"/>
<dc element="dc.source" value="Reuters"/>
<dc element="dc.creator.location" value="KUALA LUMPUR"/>
<dc element="dc.creator.location.country.name" value="MALAYSIA"/>
<dc element="dc.source" value="Reuters"/>
</metadata>
</newsitem>
