<?xml version="1.0" encoding="iso-8859-1" ?>
<newsitem itemid="475309" id="root" date="1997-03-29" xml:lang="en">
<title>THAILAND: Thai police arrest two tourists on drug charges.</title>
<headline>Thai police arrest two tourists on drug charges.</headline>
<dateline>BANGKOK 1997-03-29</dateline>
<text>
<p>Thai narcotics police have separately arrested two tourists -- one from Hong Kong and the other from Poland -- and charged them with possession of heroin and marijuana, customs officials said on Saturday.</p>
<p>Lee Wai Ming, 31, from Hong Kong was arrested on Friday with 4.2 kg (9.3 lb) of heroin at Bangkok International Airport when he was about to board a flight to Frankfurt, the officials said.</p>
<p>The drug which was hidden in his two overcoats could fetch $3.2 million in Europe, they said.</p>
<p>Separately, Andrzej Grabowski, 41, from Poland was arrested at the same airport on Friday when he was about to leave for Amsterdam after the police found six kg (13.3 lb) of marijuana wrapped around his body.</p>
<p>The marijuana was smuggled from Nepal and worth around five million baht ($190,000), the official said.</p>
<p>The maximum penalty for heroin trafficking in Thailand is death by firing squad but the sentence is typically commuted to a lengthy prison term.</p>
</text>
<copyright>(c) Reuters Limited 1997</copyright>
<metadata>
<codes class="bip:countries:1.0">
  <code code="HKONG">
    <editdetail attribution="Reuters BIP Coding Group" action="confirmed" date="1997-03-29"/>
  </code>
  <code code="POL">
    <editdetail attribution="Reuters BIP Coding Group" action="confirmed" date="1997-03-29"/>
  </code>
  <code code="THAIL">
    <editdetail attribution="Reuters BIP Coding Group" action="confirmed" date="1997-03-29"/>
  </code>
</codes>
<codes class="bip:topics:1.0">
  <code code="GCAT">
    <editdetail attribution="Reuters BIP Coding Group" action="confirmed" date="1997-03-29"/>
  </code>
  <code code="GCRIM">
    <editdetail attribution="Reuters BIP Coding Group" action="confirmed" date="1997-03-29"/>
  </code>
</codes>
<dc element="dc.date.created" value="1997-03-29"/>
<dc element="dc.publisher" value="Reuters Holdings Plc"/>
<dc element="dc.date.published" value="1997-03-29"/>
<dc element="dc.source" value="Reuters"/>
<dc element="dc.creator.location" value="BANGKOK"/>
<dc element="dc.creator.location.country.name" value="THAILAND"/>
<dc element="dc.source" value="Reuters"/>
</metadata>
</newsitem>
