<?xml version="1.0" encoding="iso-8859-1" ?>
<newsitem itemid="475360" id="root" date="1997-03-29" xml:lang="en">
<title>YEMEN: Yemen opens flood relief forum, calls for aid.</title>
<headline>Yemen opens flood relief forum, calls for aid.</headline>
<dateline>SANAA 1997-03-29</dateline>
<text>
<p>Yemen inaugurated a donor's forum on Saturday in support of a national flood relief programme launched after torrential rains in June killed more than 300 people and caused $1.2 billion in damages.</p>
<p>&quot;On behalf of the Yemeni government I call on all participants of this meeting to tell your governments about the impact of the floods and the extent of the disaster,&quot; Yemen's Prime Minister Abdul-Aziz Abdul-Ghani told delegates at the meeting of donor representatives.</p>
<p>A United Nations official working in Sanaa told Reuters the two-day meeting had been organised by Yemen's ministry of planning and development in coordination with the United Nations, the Dutch government and the World Bank.</p>
<p>&quot;The meeting's goal is to mobilise technical and material assistance from the traditional donors and to call on new donors and parties from east Asia, Scandinavia and Canada to help Yemen overcome the consequences of this disaster,&quot; he said.</p>
<p>Representatives from 55 countries in addition to 12 regional and international organisations are participating in the meeting.</p>
<p>Following the floods -- the worst seen in the impoverished Arab country for three decades -- Yemen issued an international appeal for emergency aid.</p>
<p>A number of countries in the Middle East, North America and Asia provided food supplies, medicine, blankets and tents. The United Nations estimated the cost of this assistance at more than $10 million.</p>
<p>The torrential rains killed about 340 people and caused $1.2 billion in damages. Hundreds of others died from disease, mostly malaria, after the floods.</p>
</text>
<copyright>(c) Reuters Limited 1997</copyright>
<metadata>
<codes class="bip:countries:1.0">
  <code code="YEMAR">
    <editdetail attribution="Reuters BIP Coding Group" action="confirmed" date="1997-03-29"/>
  </code>
</codes>
<codes class="bip:topics:1.0">
  <code code="E51">
    <editdetail attribution="Reuters BIP Coding Group" action="confirmed" date="1997-03-29"/>
  </code>
  <code code="ECAT">
    <editdetail attribution="Reuters BIP Coding Group" action="confirmed" date="1997-03-29"/>
  </code>
  <code code="GCAT">
    <editdetail attribution="Reuters BIP Coding Group" action="confirmed" date="1997-03-29"/>
  </code>
  <code code="GDIS">
    <editdetail attribution="Reuters BIP Coding Group" action="confirmed" date="1997-03-29"/>
  </code>
  <code code="GENV">
    <editdetail attribution="Reuters BIP Coding Group" action="confirmed" date="1997-03-29"/>
  </code>
</codes>
<dc element="dc.date.created" value="1997-03-29"/>
<dc element="dc.publisher" value="Reuters Holdings Plc"/>
<dc element="dc.date.published" value="1997-03-29"/>
<dc element="dc.source" value="Reuters"/>
<dc element="dc.creator.location" value="SANAA"/>
<dc element="dc.creator.location.country.name" value="YEMEN"/>
<dc element="dc.source" value="Reuters"/>
</metadata>
</newsitem>
