<?xml version="1.0" encoding="iso-8859-1" ?>
<newsitem itemid="475358" id="root" date="1997-03-29" xml:lang="en">
<title>JORDAN: Arab Bank drags down Jordan bourse.</title>
<headline>Arab Bank drags down Jordan bourse.</headline>
<dateline>AMMAN 1997-03-29</dateline>
<text>
<p>Jordan's bourse was dragged lower at the start of weekly trade on Saturday by investor dismay over delays at Arab Bank in setting a date of a promised bonus share, brokers said.</p>
<p>The official Amman Financial Market (AFM) index shed 0.56 percent to 152.86 points after shares worth 367,316 dinars ($518,807) changed hands.</p>
<p>Brokers said a bearish trend since last week continued to dominate investor sentiment as most investors and large institutional buyers steer away from the market, helping to drag it lower.</p>
<p>Arab Bank dropped 2.00 dinars to 254 dinars after the bank's chairman squashed investors' hopes at Friday's AGM of a definitive word on when the bank's board would offer a promised bonus share issue.</p>
<p>&quot;Investors had expected to get a direct answer on the timing of the capitalisation and bonus share, which the bank's board linked to the ratification of the law,&quot; said Ibrahim Odeh of Wataniyah brokerage firm.</p>
<p>The bank's management said the timing of a bonus share was linked with formal ratification of a recently passed law cancelling a 15 percent tax on capital increases.</p>
<p>Shares have fallen from 269 dinars two weeks ago on fears that the bonus share issue would be indefinitely delayed.</p>
<p>Housing Bank, which was last week's focus of investor interest, was unchanged at 4.80 dinars.</p>
<p>Only a handful of mainly industrial stock saw some activity: Jordan Industrial Resources and Jordan Petroleum Refinery which both shed 0.01 dinars and 0.08 dinars respectively.</p>
<p>Leading blue-chip drug firms Arab Pharmaceutical Maufacturing and Arab Pharmaceutical Chemical came under selling pressure.</p>
<p>-- Amman newsroom +9626 623776</p>
</text>
<copyright>(c) Reuters Limited 1997</copyright>
<metadata>
<codes class="bip:countries:1.0">
  <code code="JORDAN">
    <editdetail attribution="Reuters BIP Coding Group" action="confirmed" date="1997-03-29"/>
  </code>
</codes>
<codes class="bip:topics:1.0">
  <code code="M11">
    <editdetail attribution="Reuters BIP Coding Group" action="confirmed" date="1997-03-29"/>
  </code>
  <code code="MCAT">
    <editdetail attribution="Reuters BIP Coding Group" action="confirmed" date="1997-03-29"/>
  </code>
</codes>
<dc element="dc.date.created" value="1997-03-29"/>
<dc element="dc.publisher" value="Reuters Holdings Plc"/>
<dc element="dc.date.published" value="1997-03-29"/>
<dc element="dc.source" value="Reuters"/>
<dc element="dc.creator.location" value="AMMAN"/>
<dc element="dc.creator.location.country.name" value="JORDAN"/>
<dc element="dc.source" value="Reuters"/>
</metadata>
</newsitem>
