<?xml version="1.0" encoding="iso-8859-1" ?>
<newsitem itemid="475332" id="root" date="1997-03-29" xml:lang="en">
<title>HONG KONG: Cheung Kong Kingswood Villa 78X subscribed.</title>
<headline>Cheung Kong Kingswood Villa 78X subscribed.</headline>
<dateline>HONG KONG 1997-03-29</dateline>
<text>
<p>Property developer and real estate group Cheung Kong (Holdings) Ltd said its Kingswood Villa residential development was 78 times subscribed.</p>
<p>Cheung Kong said in a statement late on Friday there were 3,742 potential buyers registered at the close of a four-day registration on Friday. About 92 percent were registered under their own name with eight percent under company names.</p>
<p>The flats, priced up from HK$4,089 a square foot, would be sold through ballot on March 30, it said.</p>
<p>The units opened for sale were in the final phase on the company's Kingswood Villa development in Tin Shui Wei in Hong Kong's New Territories, it said.</p>
<p>-- Hong Kong Newsroom (852)2843 6441</p>
</text>
<copyright>(c) Reuters Limited 1997</copyright>
<metadata>
<codes class="bip:countries:1.0">
  <code code="HKONG">
    <editdetail attribution="Reuters BIP Coding Group" action="confirmed" date="1997-03-29"/>
  </code>
</codes>
<codes class="bip:industries:1.0">
  <code code="I85000">
    <editdetail attribution="Reuters BIP Coding Group" action="confirmed" date="1997-03-29"/>
  </code>
  <code code="I8500031">
    <editdetail attribution="Reuters BIP Coding Group" action="confirmed" date="1997-03-29"/>
  </code>
</codes>
<codes class="bip:topics:1.0">
  <code code="C31">
    <editdetail attribution="Reuters BIP Coding Group" action="confirmed" date="1997-03-29"/>
  </code>
  <code code="CCAT">
    <editdetail attribution="Reuters BIP Coding Group" action="confirmed" date="1997-03-29"/>
  </code>
</codes>
<dc element="dc.date.created" value="1997-03-29"/>
<dc element="dc.publisher" value="Reuters Holdings Plc"/>
<dc element="dc.date.published" value="1997-03-29"/>
<dc element="dc.source" value="Reuters"/>
<dc element="dc.creator.location" value="HONG KONG"/>
<dc element="dc.creator.location.country.name" value="HONG KONG"/>
<dc element="dc.source" value="Reuters"/>
</metadata>
</newsitem>
