<?xml version="1.0" encoding="iso-8859-1" ?>
<newsitem itemid="475376" id="root" date="1997-03-29" xml:lang="en">
<title>ISRAEL: Israel treasury official backs &quot;unity&quot; government.</title>
<headline>Israel treasury official backs &quot;unity&quot; government.</headline>
<dateline>JERUSALEM 1997-03-29</dateline>
<text>
<p>Israel's outgoing treasury director-general said on Saturday that a &quot;national unity&quot; government composed of the ruling Likud and the main opposition Labour party would be good for Israel.</p>
<p>&quot;For the economy, it is good,&quot; David Brodett, who leaves his post at the end of March, told Israel's army radio when asked for his opinion on such a government.</p>
<p>&quot;That is to say, without entering into other political considerations, it is good for the economy because it creates a larger, better political, parliamentary base and it is possible perhaps to pass better (economic) steps assuming that is part of the government's agenda.&quot;</p>
<p>Brodett said the Middle East peace process was vital but cautioned against making too much of a current crisis.</p>
<p>&quot;I do not see any substitute for peace but on the other hand it must be remembered that it is a process and in a process there are ups and downs ... if there would be a stop of the process I would be very sorry,&quot; he said.</p>
<p>Israel media this week speculated Prime Minister Benjamin Netanyahu might seek to form a national unity government to lift pressure directed at him by his current far-right coalition partners over Middle East peace negotiations.</p>
<p>Peace moves with the Palestinians plunged into crisis this month after Israel broke ground on a new Jewish settlement in Arab East Jerusalem and an Islamist suicide bombing in Tel Aviv that killed three Israelis.</p>
<p>U.S. peace envoy Dennis Ross, who wound up a two-day emergency shuttle on Friday in Jerusalem, appealed for calm after finding Israelis and Palestinians in no mood for compromise.</p>
</text>
<copyright>(c) Reuters Limited 1997</copyright>
<metadata>
<codes class="bip:countries:1.0">
  <code code="ISRAEL">
    <editdetail attribution="Reuters BIP Coding Group" action="confirmed" date="1997-03-29"/>
  </code>
</codes>
<codes class="bip:topics:1.0">
  <code code="GCAT">
    <editdetail attribution="Reuters BIP Coding Group" action="confirmed" date="1997-03-29"/>
  </code>
  <code code="GPOL">
    <editdetail attribution="Reuters BIP Coding Group" action="confirmed" date="1997-03-29"/>
  </code>
</codes>
<dc element="dc.date.created" value="1997-03-29"/>
<dc element="dc.publisher" value="Reuters Holdings Plc"/>
<dc element="dc.date.published" value="1997-03-29"/>
<dc element="dc.source" value="Reuters"/>
<dc element="dc.creator.location" value="JERUSALEM"/>
<dc element="dc.creator.location.country.name" value="ISRAEL"/>
<dc element="dc.source" value="Reuters"/>
</metadata>
</newsitem>
