<?xml version="1.0" encoding="iso-8859-1" ?>
<newsitem itemid="475324" id="root" date="1997-03-29" xml:lang="en">
<title>TAIWAN: U.S. agrees to Taiwan car tariff cut - paper.</title>
<headline>U.S. agrees to Taiwan car tariff cut - paper.</headline>
<dateline>TAIPEI 1997-03-29</dateline>
<text>
<p>The United States has agreed to Taiwan's proposal to cut passenger car import tariffs to 20 percent from 30 percent within nine years after entry into the World Trade Organisation, local media reported on Saturday.</p>
<p>The Commercial Times and Economic Daily News quoted economics ministry officials as saying Taiwan would allow imports of 160,000 U.S. cars in the first year after the island's WTO entry.</p>
<p>Taiwan still needs further talk with European countries about its entry into the WTO after reaching agreement with the United States and Japan, the papers said.</p>
<p>The car quota will grow by 20 percent each following year, with the tariffs being gradually lowered to 20 percent, the papers said.</p>
<p>Officials were not immediately available to comment.</p>
<p>Taiwan hopes to enter the WTO in 1997 but faces an obstacle from rival China which has said it must gain membership first.</p>
<p>Paul Chung, a director of the ministry's Industrial Development Bureau, said in early March that the 20 percent bottom line was a concession from an offer to lower passenger car tariffs to 25 percent five years after WTO entry.  </p>
<p>&quot;Despite this our counterparts still are not satisfied,&quot; Chung said then. &quot;They want a further cut to 15 percent. We will have to negotiate further about that.&quot;</p>
<p>In February, Taiwan lifted a longtime ban on car imports from Japan to conform with WTO's non-discriminatory principles, saying it would allow imports of 7,700 Japanese cars in 1997.</p>
<p>Taiwan would raise the annual quota for Japan to 10,000 cars after its entry into the WTO, officials said at the time. Cars are among one of Taiwan's most restricted industries, with the government maintaining high import tariffs to protect the island's 11 domestic carmakers.</p>
<p>In late 1996, Taiwan agreed to allow the import of 7,000 South Korean cars in 1997, a total that also would rise after Taiwan enters the WTO.</p>
<p>-- Taipei Newsroom (5080815)</p>
</text>
<copyright>(c) Reuters Limited 1997</copyright>
<metadata>
<codes class="bip:countries:1.0">
  <code code="TAIWAN">
    <editdetail attribution="Reuters BIP Coding Group" action="confirmed" date="1997-03-29"/>
  </code>
  <code code="USA">
    <editdetail attribution="Reuters BIP Coding Group" action="confirmed" date="1997-03-29"/>
  </code>
</codes>
<codes class="bip:industries:1.0">
  <code code="I35101">
    <editdetail attribution="Reuters BIP Coding Group" action="confirmed" date="1997-03-29"/>
  </code>
</codes>
<codes class="bip:topics:1.0">
  <code code="C13">
    <editdetail attribution="Reuters BIP Coding Group" action="confirmed" date="1997-03-29"/>
  </code>
  <code code="C31">
    <editdetail attribution="Reuters BIP Coding Group" action="confirmed" date="1997-03-29"/>
  </code>
  <code code="C311">
    <editdetail attribution="Reuters BIP Coding Group" action="confirmed" date="1997-03-29"/>
  </code>
  <code code="CCAT">
    <editdetail attribution="Reuters BIP Coding Group" action="confirmed" date="1997-03-29"/>
  </code>
  <code code="E51">
    <editdetail attribution="Reuters BIP Coding Group" action="confirmed" date="1997-03-29"/>
  </code>
  <code code="E512">
    <editdetail attribution="Reuters BIP Coding Group" action="confirmed" date="1997-03-29"/>
  </code>
  <code code="ECAT">
    <editdetail attribution="Reuters BIP Coding Group" action="confirmed" date="1997-03-29"/>
  </code>
</codes>
<dc element="dc.date.created" value="1997-03-29"/>
<dc element="dc.publisher" value="Reuters Holdings Plc"/>
<dc element="dc.date.published" value="1997-03-29"/>
<dc element="dc.source" value="Reuters"/>
<dc element="dc.creator.location" value="TAIPEI"/>
<dc element="dc.creator.location.country.name" value="TAIWAN"/>
<dc element="dc.source" value="Reuters"/>
</metadata>
</newsitem>
