<?xml version="1.0" encoding="iso-8859-1" ?>
<newsitem itemid="475342" id="root" date="1997-03-29" xml:lang="en">
<title>ISRAEL: Clashes as Palestinians reject Israeli demands.</title>
<headline>Clashes as Palestinians reject Israeli demands.</headline>
<byline>Nidal al-Mughrabi</byline>
<dateline>GAZA 1997-03-29</dateline>
<text>
<p>The Palestinian Authority on Saturday rejected Israeli conditions for resuming peace talks while demonstrators protesting at Israel's building a settlement in Arab East Jerusalem clashed for a tenth day with troops.</p>
<p>Witnesses said at least one Palestinian was wounded when Israeli troops guarding a Jewish shrine at the outskirts of the West Bank Palestinian self-rule enclave of Bethlehem, south of Jerusalem, fired rubber bullets at demonstrators stoning them.</p>
<p>During the protest, demonstrators burned a doll with Israeli Prime Minister Benjamin Netanyahu's name scrawled on it.</p>
<p>At the outskirts of Bir Zeit village north of the Ramallah West Bank enclave, Israeli soldiers fired tear gas to disperse Palestinians stoning their position.</p>
<p>Palestinian President Yasser Arafat told reporters in Gaza on his return from Cairo: &quot;Netanyahu's orders and decisions are escalating the situation in the whole area.&quot;</p>
<p>Arafat's adviser Nabil Abu Rdainah said:&quot;What is needed is the implementation of the agreements and the return to the negotiating table without any preconditions or restrictions.</p>
<p>&quot;The new Israeli conditions are not acceptable.&quot;</p>
<p>Netanyahu said after meeting U.S. peace envoy Dennis Ross on Friday that only a sustained Palestinian crackdown on &quot;terrorism&quot; -- not just a pledge to fight militants -- would salvage peacemaking.</p>
<p>Netanyahu demanded Arafat arrest militants, dismantle guerrilla groups and tighten cooperation between Israeli and Palestinian security forces. He denied Ross asked Israel to make any reciprocal gesture.</p>
<p>Israeli Internal Security Minister Avigdor Kahalani told Israel Television on Saturday that Israel should not rely on the Authority to provide it security.</p>
<p>&quot;Generally, the feeling that we are dependent on them is an awful feeling for the State of Israel -- the great, the grand, the strong -- which has made many wars here,&quot; Kahalani said.</p>
<p>Arafat, asked by reporters if Ross in their meeting in Rabat on Thursday, had asked him to calm tensions in Authority areas abutting Israeli army positions where there have been clashes said:</p>
<p>&quot;Yes, they are against the violence, especially the violence of settlement and the Judaization of Jerusalem.&quot;</p>
<p>Palestinian-Israeli peace moves plunged into crisis this month after Israel broke ground on the settlement at a hilltop called Jabal Abu Ghneim in Arabic and Har Homa in Hebrew and after an Islamist suicide bombing in Tel Aviv that killed three Israelis.</p>
<p>Israel says Arafat gave militants the impression they had a green light to carry out attacks. The Authority denies the charge.</p>
<p>Palestinians see building in Jerusalem as preempting negotiations that are to be held on its status in final peace talks which have yet to resume. They demand it be halted.</p>
<p>The White House said on Friday after Ross wound up his two-day emergency mission to the region that it had been &quot;constructive&quot; but that more work was needed to salvage crumbling peace moves.</p>
<p>Thousands of Israeli police, backed by tanks and helicopters, remained on high alert ahead of warnings unrest would peak on Sunday -- the annual &quot;Land Day&quot; when Israeli Arabs stage protests against government confiscation of lands.</p>
<p>Ross said he would report back to U.S. President Bill Clinton and Secretary of State Madeleine Albright before deciding how to tackle the crisis. He called for calm.</p>
</text>
<copyright>(c) Reuters Limited 1997</copyright>
<metadata>
<codes class="bip:countries:1.0">
  <code code="ISRAEL">
    <editdetail attribution="Reuters BIP Coding Group" action="confirmed" date="1997-03-29"/>
  </code>
</codes>
<codes class="bip:topics:1.0">
  <code code="GCAT">
    <editdetail attribution="Reuters BIP Coding Group" action="confirmed" date="1997-03-29"/>
  </code>
  <code code="GPOL">
    <editdetail attribution="Reuters BIP Coding Group" action="confirmed" date="1997-03-29"/>
  </code>
  <code code="GVIO">
    <editdetail attribution="Reuters BIP Coding Group" action="confirmed" date="1997-03-29"/>
  </code>
</codes>
<dc element="dc.date.created" value="1997-03-29"/>
<dc element="dc.publisher" value="Reuters Holdings Plc"/>
<dc element="dc.date.published" value="1997-03-29"/>
<dc element="dc.source" value="Reuters"/>
<dc element="dc.creator.location" value="GAZA"/>
<dc element="dc.creator.location.country.name" value="ISRAEL"/>
<dc element="dc.source" value="Reuters"/>
</metadata>
</newsitem>
