<?xml version="1.0" encoding="iso-8859-1" ?>
<newsitem itemid="475359" id="root" date="1997-03-29" xml:lang="en">
<title>KUWAIT: Kuwait '96/97 budget gap could be below previous.</title>
<headline>Kuwait '96/97 budget gap could be below previous.</headline>
<dateline>KUWAIT 1997-03-29</dateline>
<text>
<p>Kuwait's projected $4.0 billion 1996/97 (July-June) budget deficit may end up smaller than last year's mainly because of higher than expected oil prices, the country's largest commercial bank said.</p>
<p>&quot;The final 1996/97 deficit may even be lower than the actual 653 million dinars ($2.1 billion) deficit of the 1995/96 budget year,&quot; National Bank of Kuwait (NBK) said in a quarterly economic review.</p>
<p>&quot;The general budget for fiscal year 1996/97 is headed towards exceeding its projected oil revenues due to a higher than projected oil prices,&quot; the report said.</p>
<p>The state's budget is 4.2 billion dinars, using a conservative $13 per barrel price in its forecast.</p>
<p>The Gulf Arab state, with a crude output of about 2.0 million barrels per day, depends on oil for about 90 percent of its revenue. It has one tenth of global proven oil reserves.</p>
<p>However, the budget does not cover revenue from an overseas investment portfolio of about $40 billion, which the desert state built to support future generations when the oil runs.</p>
<p>Oil exports in the nine months to September earned Kuwait 2.997 billion dinars, almost matching total three billion dinars revenue forecast for the 1996/97 budget, official figures show.</p>
<p>&quot;The average price of Kuwait's (type of) crude in 1997 should be slightly lower than its 1996 average of $18.37 per barrel. However, it will most likely exceed the 1995 average of $15.91.&quot;</p>
<p>Oil Minister Isa al-Mazeedi said earlier this month oil prices could fall in the second quarter of 1997 due to weaker demand and OPEC overproduction.</p>
<p>Nominal GDP growth can be expected to match or exceed the 1995 growth rate of 8.2 percent, it said. Nominal GDP in 1995 was set at 7.952 billion dinars. More recent figures are not available.</p>
<p>Higher than expected oil prices were the main factor in helping Kuwait reduce its budget deficit to 653 million dinars from 1.32 billion in the 1995/96 budget.</p>
<p>Moving to another deficit cutting mechanism, the NBK said state spending in the first quarter of the 1996/97 fiscal year was less than projected on a pro-rated basis.</p>
<p>&quot;Government expenditure can be expected to remain steady which will keep the economy growing at a stable pace,&quot; it said</p>
<p>&quot;The government's concern for closing the budget gap promised earnest discussions of ways to achieve higher non-oil revenues, starting with the raising of user fees for public services and further privatisation of state-owned enterprises.&quot;</p>
<p>Officials say they plan to eliminate the deficit by 2000.</p>
<p>($1 = 0.303 dinar)</p>
<p>Kuwait newsroom, Inal Ersan +965-243-1920</p>
</text>
<copyright>(c) Reuters Limited 1997</copyright>
<metadata>
<codes class="bip:countries:1.0">
  <code code="KUWAIT">
    <editdetail attribution="Reuters BIP Coding Group" action="confirmed" date="1997-03-29"/>
  </code>
</codes>
<codes class="bip:topics:1.0">
  <code code="E21">
    <editdetail attribution="Reuters BIP Coding Group" action="confirmed" date="1997-03-29"/>
  </code>
  <code code="E211">
    <editdetail attribution="Reuters BIP Coding Group" action="confirmed" date="1997-03-29"/>
  </code>
  <code code="ECAT">
    <editdetail attribution="Reuters BIP Coding Group" action="confirmed" date="1997-03-29"/>
  </code>
</codes>
<dc element="dc.date.created" value="1997-03-29"/>
<dc element="dc.publisher" value="Reuters Holdings Plc"/>
<dc element="dc.date.published" value="1997-03-29"/>
<dc element="dc.source" value="Reuters"/>
<dc element="dc.creator.location" value="KUWAIT"/>
<dc element="dc.creator.location.country.name" value="KUWAIT"/>
<dc element="dc.source" value="Reuters"/>
</metadata>
</newsitem>
