<?xml version="1.0" encoding="iso-8859-1" ?>
<newsitem itemid="475387" id="root" date="1997-03-29" xml:lang="en">
<title>USA: Key items missing from Simpson home - Police.</title>
<headline>Key items missing from Simpson home - Police.</headline>
<dateline>LOS ANGELES 1997-03-28</dateline>
<text>
<p>Sheriff's deputies began removing about $400,000 worth of art, jewels and other items from O.J. Simpson's home on Friday, only to find some of the most expensive items missing.</p>
<p>On Thursday, a judge ordered Simpson to turn over the possessions to satisfy part of a $33.5 million civil award.</p>
<p>Police said Simpson's Heisman Trophy, awarded annually to the individual judged the best college football player in the nation, some expensive art work, a large vehicle and an expensive necklace were not in Simpson's home when deputies arrived with a moving van.</p>
<p>When asked where the missing articles were, police said Simpson told them he did not know.</p>
<p>A civil jury in February found Simpson liable for the deaths of his ex-wife, Nicole Brown Simpson, and her friend Ronald Goldman. It awarded $33.5 million in damages to the estate of Nicole Brown and Goldman's parents, Fred Goldman and Sharon Rufo.</p>
<p>Earlier, police said they had permission to remove possessions from Simpson's posh estate in Brentwood, including several pieces of football memorabilia, such as the Heisman Trophy, a Buffalo Bills football helmet, four football jerseys, and 10 commemorative footballs.</p>
<p>They were also taking a number of art works in the likeness of Simpson, including an Andy Warhol silkscreen entitled &quot;O.J. Simpson,&quot; a metal sculpture of the former football star and a large photograph.</p>
<p>However, when they finished going through the estate on Friday, the trophy, the Warhol silkscreen and a number of other items were not there. Also missing was a a 1996 Chevrolet Suburban.</p>
<p>Simpson has seven days to produce the items or tell Superior Court Judge Hiroshi Fujisaki where they are. Fujisaki entered the order this week after Fred Goldman submitted a list of more than 100 items he wanted turned over to the court to prevent Simpson from selling them.</p>
<p>Fujisaki ordered Simpson to surrender the property to the sheriff's department, and &quot;let the parties fight it out,&quot; over who gets what.</p>
</text>
<copyright>(c) Reuters Limited 1997</copyright>
<metadata>
<codes class="bip:countries:1.0">
  <code code="USA">
    <editdetail attribution="Reuters BIP Coding Group" action="confirmed" date="1997-03-29"/>
  </code>
</codes>
<codes class="bip:topics:1.0">
  <code code="GCAT">
    <editdetail attribution="Reuters BIP Coding Group" action="confirmed" date="1997-03-29"/>
  </code>
  <code code="GCRIM">
    <editdetail attribution="Reuters BIP Coding Group" action="confirmed" date="1997-03-29"/>
  </code>
</codes>
<dc element="dc.date.created" value="1997-03-28"/>
<dc element="dc.publisher" value="Reuters Holdings Plc"/>
<dc element="dc.date.published" value="1997-03-29"/>
<dc element="dc.source" value="Reuters"/>
<dc element="dc.creator.location" value="LOS ANGELES"/>
<dc element="dc.creator.location.country.name" value="USA"/>
<dc element="dc.source" value="Reuters"/>
</metadata>
</newsitem>
