<?xml version="1.0" encoding="iso-8859-1" ?>
<newsitem itemid="475327" id="root" date="1997-03-29" xml:lang="en">
<title>CHINA: Shanghai bourse orders re-audit of annual reports.</title>
<headline>Shanghai bourse orders re-audit of annual reports.</headline>
<dateline>SHANGHAI 1997-03-29</dateline>
<text>
<p>The Shanghai stock exchange has ordered a re-examination of the 1996 annual reports so far issued by listed firms to ensure they comply with new disclosure requirements, the Shanghai Securities News said on Saturday.</p>
<p>The newspaper said the order followed Friday's directive from the China Securities Regulatory Commission warning of harsh punishments for companies that included false information in their reports.</p>
<p>The newspaper said the Shanghai stock exchange had decided to strengthen supervision of the annual reports.</p>
<p>&quot;Staff have been organised to undertake a full re-audit of all indicators to ensure the full implementation of the directive,&quot; the newspaper said.</p>
<p>The newspaper said in a commentary that quite a few problems had been found in the annual reports issued so far, partly because of the large number of newly-listed companies reporting this year for the first time.</p>
<p>All Chinese firms listed on the Shanghai and Shenzhen stock exchanges are required by exchange rules to post their 1996 annual results before April 30. About 100 of the more than 500 firms have so far done so.</p>
</text>
<copyright>(c) Reuters Limited 1997</copyright>
<metadata>
<codes class="bip:countries:1.0">
  <code code="CHINA">
    <editdetail attribution="Reuters BIP Coding Group" action="confirmed" date="1997-03-29"/>
  </code>
</codes>
<codes class="bip:industries:1.0">
  <code code="I83100">
    <editdetail attribution="Reuters BIP Coding Group" action="confirmed" date="1997-03-29"/>
  </code>
</codes>
<codes class="bip:topics:1.0">
  <code code="C13">
    <editdetail attribution="Reuters BIP Coding Group" action="confirmed" date="1997-03-29"/>
  </code>
  <code code="C15">
    <editdetail attribution="Reuters BIP Coding Group" action="confirmed" date="1997-03-29"/>
  </code>
  <code code="C151">
    <editdetail attribution="Reuters BIP Coding Group" action="confirmed" date="1997-03-29"/>
  </code>
  <code code="CCAT">
    <editdetail attribution="Reuters BIP Coding Group" action="confirmed" date="1997-03-29"/>
  </code>
  <code code="M11">
    <editdetail attribution="Reuters BIP Coding Group" action="confirmed" date="1997-03-29"/>
  </code>
  <code code="MCAT">
    <editdetail attribution="Reuters BIP Coding Group" action="confirmed" date="1997-03-29"/>
  </code>
</codes>
<dc element="dc.date.created" value="1997-03-29"/>
<dc element="dc.publisher" value="Reuters Holdings Plc"/>
<dc element="dc.date.published" value="1997-03-29"/>
<dc element="dc.source" value="Reuters"/>
<dc element="dc.creator.location" value="SHANGHAI"/>
<dc element="dc.creator.location.country.name" value="CHINA"/>
<dc element="dc.source" value="Reuters"/>
</metadata>
</newsitem>
