<?xml version="1.0" encoding="iso-8859-1" ?>
<newsitem itemid="475381" id="root" date="1997-03-29" xml:lang="en">
<title>EGYPT: PRESS DIGEST - Egypt - March 29.</title>
<headline>PRESS DIGEST - Egypt - March 29.</headline>
<dateline>CAIRO 1997-03-29</dateline>
<text>
<p>These are the leading stories in the Egyptian press on Saturday. Reuters has not verified these stories and does not vouch for their accuracy.</p>
<p>AL-AHRAM</p>
<p>- Egyptian President Hosni Mubarak opens the sixth annual economic conference of the ruling National Democratic Party. During the two-day conference, 15 committees will discuss 40 researches on market economy and national projects.</p>
<p>- The ministerial committee of privatisation will study tomorrow the offering of 10 percent of five shipping firms for sale to the public through the stock exchange.</p>
<p>AKHBAR Al-Youm</p>
<p>- Mubarak to receive Ukrainian Prime Minister Pavlo Lazarenko. During the three-day visit, the two countries will sign five agreements on trade and investment cooperation.</p>
<p>- Italian Foreign Trade Augusto Fantozzi will arrive in Cairo on Tuesday, atop of an economic delegation of businessmen and representatives of the Italian industries federation. The delegation will discuss means of cementing economic and trade ties between the two countries and the Egyptian-European association agreement.</p>
<p>AL-GOMHURIA</p>
<p>- Ukrainian Prime Minister Pavlo Lazarenko hails the ties between Egypt and his country, saying &quot;our relations are excellent and we seek to achieve special association agreement with Egypt&quot;.</p>
<p>$1 = 3.395 pounds</p>
<p>-- Cairo newsroom +20 2 578 3290/1</p>
</text>
<copyright>(c) Reuters Limited 1997</copyright>
<metadata>
<codes class="bip:countries:1.0">
  <code code="EGYPT">
    <editdetail attribution="Reuters BIP Coding Group" action="confirmed" date="1997-03-29"/>
  </code>
</codes>
<codes class="bip:topics:1.0">
  <code code="GCAT">
    <editdetail attribution="Reuters BIP Coding Group" action="confirmed" date="1997-03-29"/>
  </code>
</codes>
<dc element="dc.date.created" value="1997-03-29"/>
<dc element="dc.publisher" value="Reuters Holdings Plc"/>
<dc element="dc.date.published" value="1997-03-29"/>
<dc element="dc.source" value="Reuters"/>
<dc element="dc.creator.location" value="CAIRO"/>
<dc element="dc.creator.location.country.name" value="EGYPT"/>
<dc element="dc.source" value="Reuters"/>
</metadata>
</newsitem>
