<?xml version="1.0" encoding="iso-8859-1" ?>
<newsitem itemid="475361" id="root" date="1997-03-29" xml:lang="en">
<title>YEMEN: Yemen delegation in Asia tour to market natgas.</title>
<headline>Yemen delegation in Asia tour to market natgas.</headline>
<dateline>SANAA 1997-03-29</dateline>
<text>
<p>A Yemeni delegation has started a tour of Japan, South Korea, Thailand and Turkey to market the Arab state's liquefied natural gas (LNG) project, an oil official said on Saturday.</p>
<p>The official said the delegation, headed by deputy oil minister Mohieddin al-Dhabi, began the tour two days ago and that talks &quot;will focus on explaining the Yemeni gas project and the prospect of marketing it to these countries&quot;.</p>
<p>Yemen's parliament earlier this month approved the $5 billion foreign-backed LNG project which was signed in January.</p>
<p>Under the agreement France's Total SA will take a 36 percent stake in the project, U.S. Exxon Corp jointly with Hunt Oil 30 percent, South Korea's Yukong eight percent and the Yemeni government 26 percent.</p>
<p>First exports from the Yemen Liquefied Natural Gas Co project are slated for 2001 and will have to compete against rival LNG projects in Qatar, Oman and Abu Dhabi for gas markets.</p>
<p>The company plans to produce an annual five million tonnes of LNG.</p>
<p>Presidential approval is required for the project's final go-ahead.</p>
<p>Yemen is a relatively small and independent oil producer.</p>
</text>
<copyright>(c) Reuters Limited 1997</copyright>
<metadata>
<codes class="bip:countries:1.0">
  <code code="YEMAR">
    <editdetail attribution="Reuters BIP Coding Group" action="confirmed" date="1997-03-29"/>
  </code>
</codes>
<codes class="bip:industries:1.0">
  <code code="I13000">
    <editdetail attribution="Reuters BIP Coding Group" action="confirmed" date="1997-03-29"/>
  </code>
  <code code="I1300003">
    <editdetail attribution="Reuters BIP Coding Group" action="confirmed" date="1997-03-29"/>
  </code>
  <code code="I1300014">
    <editdetail attribution="Reuters BIP Coding Group" action="confirmed" date="1997-03-29"/>
  </code>
  <code code="I14000">
    <editdetail attribution="Reuters BIP Coding Group" action="confirmed" date="1997-03-29"/>
  </code>
</codes>
<codes class="bip:topics:1.0">
  <code code="C24">
    <editdetail attribution="Reuters BIP Coding Group" action="confirmed" date="1997-03-29"/>
  </code>
  <code code="C31">
    <editdetail attribution="Reuters BIP Coding Group" action="confirmed" date="1997-03-29"/>
  </code>
  <code code="C312">
    <editdetail attribution="Reuters BIP Coding Group" action="confirmed" date="1997-03-29"/>
  </code>
  <code code="CCAT">
    <editdetail attribution="Reuters BIP Coding Group" action="confirmed" date="1997-03-29"/>
  </code>
</codes>
<dc element="dc.date.created" value="1997-03-29"/>
<dc element="dc.publisher" value="Reuters Holdings Plc"/>
<dc element="dc.date.published" value="1997-03-29"/>
<dc element="dc.source" value="Reuters"/>
<dc element="dc.creator.location" value="SANAA"/>
<dc element="dc.creator.location.country.name" value="YEMEN"/>
<dc element="dc.source" value="Reuters"/>
</metadata>
</newsitem>
