<?xml version="1.0" encoding="iso-8859-1" ?>
<newsitem itemid="475302" id="root" date="1997-03-29" xml:lang="en">
<title>INDONESIA: Rights group members says police beat E.Timorese.</title>
<headline>Rights group members says police beat E.Timorese.</headline>
<byline>Lewa Pardomuan</byline>
<dateline>JAKARTA 1997-03-29</dateline>
<text>
<p>A member of Indonesia's National Human Rights Commission on Saturday accused police of maltreating East Timorese protesters during a visit by U.N. special envoy Jamsheed Marker this week.</p>
<p>&quot;It's obvious the protesters have been beaten. They have swollen eyes, mouths, backs and chests. Some haven't eaten for four days because they can't do it as the result of the beating,&quot; commission member Clementino Dos Reis Amaral, a native of East Timor, told Reuters by telephone.</p>
<p>East Timor deputy police chief Lieutenant-Colonel Atok Rismanto said police sought only to disperse the protesters. &quot;What police did was dispersing the protesters ... not killing them,&quot; he said from Dili, capital of East Timor, without giving other details.</p>
<p>Amaral, who visited East Timor with colleague Albert Hasibuan this week, was referring to 24 East Timorese who were arrested on charges of publicly showing hatred against the Indonesian government during Sunday's protest in the lobby of Mahkota hotel in Dili where Marker was staying.</p>
<p>Indonesia invaded East Timor in 1975 and annexed it the following year in a move not recognised by the United Nations.</p>
<p>&quot;There is an evidence the 24 people have experienced some kind of torture. Police attacked the protesters with sticks and also kicked and punched them,&quot; said Amaral, adding that the suspects were held at the Becora prison in Dili.</p>
<p>He said 11 other East Timorese were still being treated at a military hospital after a clash with police who tried to quell the protest. He added two other women were also detained at the police station.</p>
<p>&quot;The two women were beaten ... Their eyes are swollen,&quot; Amaral said. &quot;In total, we have found out there are 37 protesters who have been injured during the protest.&quot;</p>
<p>Amaral said he and his colleage met the detainees, adding their visit to East Timor, which lasted from Tuesday to Thursday, was a routine one. The Human Rights Commission has an office in Dili.</p>
<p>Hasibuan was not available for comment on Saturday, but the Jakarta Post newspaper quoted him as saying authorities should not have taken the law into their hands.</p>
<p>Marker, who flew back to Jakarta on Monday after a three-day visit in East Timor, said he was in his room at the time of the demonstration and did not see what happened.</p>
<p>Residents said demonstrators tried to meet Marker after they felt frustrated that he was meeting only government officials and Nobel Peace laureate Bishop Carlos Belo.</p>
<p>Marker denied he had refused to meet the students, saying they had not asked for a meeting.</p>
</text>
<copyright>(c) Reuters Limited 1997</copyright>
<metadata>
<codes class="bip:countries:1.0">
  <code code="INDON">
    <editdetail attribution="Reuters BIP Coding Group" action="confirmed" date="1997-03-29"/>
  </code>
  <code code="TIMOR">
    <editdetail attribution="Reuters BIP Coding Group" action="confirmed" date="1997-03-29"/>
  </code>
  <code code="UN">
    <editdetail attribution="Reuters BIP Coding Group" action="confirmed" date="1997-03-29"/>
  </code>
</codes>
<codes class="bip:topics:1.0">
  <code code="GCAT">
    <editdetail attribution="Reuters BIP Coding Group" action="confirmed" date="1997-03-29"/>
  </code>
  <code code="GPOL">
    <editdetail attribution="Reuters BIP Coding Group" action="confirmed" date="1997-03-29"/>
  </code>
  <code code="GVIO">
    <editdetail attribution="Reuters BIP Coding Group" action="confirmed" date="1997-03-29"/>
  </code>
</codes>
<dc element="dc.date.created" value="1997-03-29"/>
<dc element="dc.publisher" value="Reuters Holdings Plc"/>
<dc element="dc.date.published" value="1997-03-29"/>
<dc element="dc.source" value="Reuters"/>
<dc element="dc.creator.location" value="JAKARTA"/>
<dc element="dc.creator.location.country.name" value="INDONESIA"/>
<dc element="dc.source" value="Reuters"/>
</metadata>
</newsitem>
