<?xml version="1.0" encoding="iso-8859-1" ?>
<newsitem itemid="475385" id="root" date="1997-03-29" xml:lang="en">
<title>USA: Tornadoes hit Tennessee, Kentucky, 2 feared dead.</title>
<headline>Tornadoes hit Tennessee, Kentucky, 2 feared dead.</headline>
<dateline>CHICAGO 1997-03-29</dateline>
<text>
<p>One person was killed and another feared dead after more than a dozen tornadoes touched down in Tennessee and Kentucky late Friday and early Saturday, state emergency officials said.</p>
<p>One man was killed in Hammonville, Kentucky, as up to five tornadoes ploughed through the western half of the state, according to Hart County Judge Executive Terry Shelton.</p>
<p>Another man was feared dead near Chattanooga after 11 tornadoes ripped through Tennessee, said Tom Womack, spokesman for the Tennessee Emergency Management Agency.</p>
<p>&quot;We had reports of one fatality but that has not been confirmed,&quot; he said. &quot;As many as 50 people were hospitalized, 19 to 20 are still in the hospital and at least two are in critical condition.&quot;</p>
<p>The worst damage was reported near Chattanooga where a tornado cut a mile-wide swath through the city and suburbs and struck two apartment complexes housing about 3,000 people.</p>
<p>At least 60 people sought emergency shelter overnight and about 20,000 were without power early Saturday, Womack said. East Brainerd, a suburb of Chattanooga, was the hardest hit.</p>
<p>&quot;As far as we can determine, a single tornado touched down in East Brainerd and apparently travelled about eight miles with the width of the damage being one mile wide,&quot; Womack said.</p>
<p>Federal emergency management agency officials, already in Tennessee for flood relief efforts, were helping state teams but there had been no official request for federal assistance, said Karen Grossman, media affairs officer with the federal emergency management agency in Nashville.</p>
<p>Meteorologists said the worst weather had passed and forecasts called for only isolated storms across Kentucky on Sunday.</p>
</text>
<copyright>(c) Reuters Limited 1997</copyright>
<metadata>
<codes class="bip:countries:1.0">
  <code code="USA">
    <editdetail attribution="Reuters BIP Coding Group" action="confirmed" date="1997-03-29"/>
  </code>
</codes>
<codes class="bip:topics:1.0">
  <code code="GCAT">
    <editdetail attribution="Reuters BIP Coding Group" action="confirmed" date="1997-03-29"/>
  </code>
  <code code="GDIS">
    <editdetail attribution="Reuters BIP Coding Group" action="confirmed" date="1997-03-29"/>
  </code>
</codes>
<dc element="dc.date.created" value="1997-03-29"/>
<dc element="dc.publisher" value="Reuters Holdings Plc"/>
<dc element="dc.date.published" value="1997-03-29"/>
<dc element="dc.source" value="Reuters"/>
<dc element="dc.creator.location" value="CHICAGO"/>
<dc element="dc.creator.location.country.name" value="USA"/>
<dc element="dc.source" value="Reuters"/>
</metadata>
</newsitem>
