<?xml version="1.0" encoding="iso-8859-1" ?>
<newsitem itemid="475460" id="root" date="1997-03-29" xml:lang="en">
<title>INDIA: Indian gur &amp; sugar prices - Delhi - March 29.</title>
<headline>Indian gur &amp; sugar prices - Delhi - March 29.</headline>
<text>
<p>Rates supplied by Asian News International, New Delhi</p>
<p>    Time: 291338     Tel: 011 331 2724</p>
<p>				   indicative		previous</p>
<p>Gur &amp; Sugar			opening		   close</p>
<p>		 (in rupees per 100 kg. unless stated)</p>
<p>--------------------------------------------------------------</p>
<p>Gur Dhaiya (New)	     700-725		   700-725</p>
<p>Gur Peri			 725-750		   725-750</p>
<p>Khandsari		     1300-1330		 1300-1330</p>
<p>Sugar Ready(M)		1280-1400		 1280-1400</p>
<p>Sugar Ready(S)		1240-1275		 1240-1275</p>
<p>Sugar Mill Delivery(M)    1090-1325		 1090-1325</p>
<p>Sugar Mill Delivery(S)    1050-1142		 1050-1142</p>
<p>.</p>
<p>Source: Delhi gur &amp; sugar market traders</p>
<p>To contribute to this daily table of indicative market rates, please fax Delhi on 011-332 0841, attention Subhash Chopra &amp; Satish Sharma</p>
</text>
<copyright>(c) Reuters Limited 1997</copyright>
<metadata>
<codes class="bip:countries:1.0">
  <code code="INDIA">
    <editdetail attribution="Reuters BIP Coding Group" action="confirmed" date="1997-03-29"/>
  </code>
</codes>
<codes class="bip:topics:1.0">
  <code code="M14">
    <editdetail attribution="Reuters BIP Coding Group" action="confirmed" date="1997-03-29"/>
  </code>
  <code code="M141">
    <editdetail attribution="Reuters BIP Coding Group" action="confirmed" date="1997-03-29"/>
  </code>
  <code code="MCAT">
    <editdetail attribution="Reuters BIP Coding Group" action="confirmed" date="1997-03-29"/>
  </code>
</codes>
<dc element="dc.publisher" value="Reuters Holdings Plc"/>
<dc element="dc.date.published" value="1997-03-29"/>
<dc element="dc.source" value="Reuters"/>
<dc element="dc.creator.location.country.name" value="INDIA"/>
<dc element="dc.source" value="Reuters"/>
</metadata>
</newsitem>
