<?xml version="1.0" encoding="iso-8859-1" ?>
<newsitem itemid="475423" id="root" date="1997-03-29" xml:lang="en">
<title>GERMANY: Bonn wants to improve Bosnian refugees' treatment.</title>
<headline>Bonn wants to improve Bosnian refugees' treatment.</headline>
<dateline>BONN 1997-03-29</dateline>
<text>
<p>Foreign Minister Klaus Kinkel, responding to tough criticism of Germany's repatriation of Bosnian refugees, said on Saturday he would visit the Balkan country to discuss the policy.</p>
<p>Kinkel said he would go to Bosnia with European Union commissioner Hans van den Broek soon to try to improve the way refugees were dealt with when they returned home.</p>
<p>&quot;Let's not forget we are talking about people, some of whom have lived with us for many years. We can't just send them back overnight by a mechanical process,&quot; he said in a statement.</p>
<p>The only way to ensure the return of the refugees went smoothly was to have comprehensive information of every refugee's ethnic group, home town and religion, he said.</p>
<p>This could only take place in Germany, he said, adding he had discussed this with Interior Minister Manfred Kanther and representatives from Germany's regional states.</p>
<p>Kinkel's predecessor, Hans-Dietrich Genscher, and other public figures appealed on Friday for changes in the practice of forcibly repatriating Bosnian refugees.</p>
<p>They said the current policy could lead to increased tensions in Bosnia and was damaging Germany's international image.</p>
<p>They singled out the deportation this week of a group of Bosnian refugees from Berlin and Bavaria for criticism.</p>
<p>&quot;Among those deported were pregnant women, patients receiving treatment for heart illness and other people whose deportation is incomprehensibe,&quot; they said.</p>
<p>They also said Germany was deporting people back to the Bosnian Serb entity, Republika Srpska, which they described as being &quot;controlled by radical forces.&quot;</p>
<p>Even refugees from Srebrenica, a Moslem enclave overrun in 1995 by Serbs who expelled some 40,000 people and where 8,000 men remain unaccounted for, were being sent home, they said.</p>
<p>The United Nations refugee agency UNHCR has also criticised the criteria for deciding which refugees should go home first.</p>
<p>German officials have decided to send back single people and those without children first but the UNHCR has said a refugee's home region should be the most important factor.</p>
<p>Germany took in more than 300,000 Bosnian refugees, more than the rest of the European Union put together.</p>
</text>
<copyright>(c) Reuters Limited 1997</copyright>
<metadata>
<codes class="bip:countries:1.0">
  <code code="BSHZG">
    <editdetail attribution="Reuters BIP Coding Group" action="confirmed" date="1997-03-29"/>
  </code>
  <code code="EEC">
    <editdetail attribution="Reuters BIP Coding Group" action="confirmed" date="1997-03-29"/>
  </code>
  <code code="GFR">
    <editdetail attribution="Reuters BIP Coding Group" action="confirmed" date="1997-03-29"/>
  </code>
</codes>
<codes class="bip:topics:1.0">
  <code code="G15">
    <editdetail attribution="Reuters BIP Coding Group" action="confirmed" date="1997-03-29"/>
  </code>
  <code code="G158">
    <editdetail attribution="Reuters BIP Coding Group" action="confirmed" date="1997-03-29"/>
  </code>
  <code code="GCAT">
    <editdetail attribution="Reuters BIP Coding Group" action="confirmed" date="1997-03-29"/>
  </code>
  <code code="GDIP">
    <editdetail attribution="Reuters BIP Coding Group" action="confirmed" date="1997-03-29"/>
  </code>
</codes>
<dc element="dc.date.created" value="1997-03-29"/>
<dc element="dc.publisher" value="Reuters Holdings Plc"/>
<dc element="dc.date.published" value="1997-03-29"/>
<dc element="dc.source" value="Reuters"/>
<dc element="dc.creator.location" value="BONN"/>
<dc element="dc.creator.location.country.name" value="GERMANY"/>
<dc element="dc.source" value="Reuters"/>
</metadata>
</newsitem>
