<?xml version="1.0" encoding="iso-8859-1" ?>
<newsitem itemid="475489" id="root" date="1997-03-29" xml:lang="en">
<title>PAKISTAN: Pakistani cotton closes steady, seen stable.</title>
<headline>Pakistani cotton closes steady, seen stable.</headline>
<dateline>KARACHI, Pakistan 1997-03-29</dateline>
<text>
<p>Pakistani cotton rates closed unchanged on Saturday owing to low buying by spinners, dealers at the private Karachi Cotton Association (KCA) said.</p>
<p>The rates fluctuated in the kerb market where mills with cash bought cotton cheaper than the rates quoted at the KCA, one dealer said.</p>
<p>In the kerb market, the NIAB-78 variety was quoted between 2,100 and 2,250 rupees per maund (37.32 kg), the K-68 between 2,450 and 2,475 and the MNH-93 between 2,460 and 2,485, he said. The prices were likely to open unchanged on Monday.  </p>
<p>KCA official spot rates in rupees per maund:</p>
<p>				     Saturday	   March 28</p>
<p>    NIAB-78			2,278.50	   2,278.50</p>
<p>    K-68			   2,493		2,493</p>
<p>    MNH-93			 2,503		2,503</p>
<p>($1 = 40.22 rupees) -- Ibrahim Khan 9221-5685192</p>
</text>
<copyright>(c) Reuters Limited 1997</copyright>
<metadata>
<codes class="bip:countries:1.0">
  <code code="PAKIS">
    <editdetail attribution="Reuters BIP Coding Group" action="confirmed" date="1997-03-29"/>
  </code>
</codes>
<codes class="bip:topics:1.0">
  <code code="M14">
    <editdetail attribution="Reuters BIP Coding Group" action="confirmed" date="1997-03-29"/>
  </code>
  <code code="M141">
    <editdetail attribution="Reuters BIP Coding Group" action="confirmed" date="1997-03-29"/>
  </code>
  <code code="MCAT">
    <editdetail attribution="Reuters BIP Coding Group" action="confirmed" date="1997-03-29"/>
  </code>
</codes>
<dc element="dc.date.created" value="1997-03-29"/>
<dc element="dc.publisher" value="Reuters Holdings Plc"/>
<dc element="dc.date.published" value="1997-03-29"/>
<dc element="dc.source" value="Reuters"/>
<dc element="dc.creator.location" value="KARACHI, Pakistan"/>
<dc element="dc.creator.location.country.name" value="PAKISTAN"/>
<dc element="dc.source" value="Reuters"/>
</metadata>
</newsitem>
