<?xml version="1.0" encoding="iso-8859-1" ?>
<newsitem itemid="475481" id="root" date="1997-03-29" xml:lang="en">
<title>PAKISTAN: Pakistan money rates slip at end on liquidity.</title>
<headline>Pakistan money rates slip at end on liquidity.</headline>
<dateline>KARACHI, Pakistan 1997-03-29</dateline>
<text>
<p>Pakistan's money market rates slipped on Saturday amid volatile trading on excess funds and are likely to remain low in next trading week beginning on Monday, dealers said.</p>
<p>&quot;The rates maintained their volatility from the start of the trading hour,&quot; a dealer said. &quot;Early deals were struck around 15 percent, which later slipped to 12.5 percent. The lenders, however, managed to push the rates back to 17 percent. But the rates tumbled again and finished at 10 percent on excess funds.&quot;  </p>
<p>Dealers said one-week borrowers could not cover their positions around 12.50 percent as offers remained 15 percent.</p>
<p>-- Amir Zia 9221-5685192</p>
</text>
<copyright>(c) Reuters Limited 1997</copyright>
<metadata>
<codes class="bip:countries:1.0">
  <code code="PAKIS">
    <editdetail attribution="Reuters BIP Coding Group" action="confirmed" date="1997-03-29"/>
  </code>
</codes>
<codes class="bip:topics:1.0">
  <code code="M13">
    <editdetail attribution="Reuters BIP Coding Group" action="confirmed" date="1997-03-29"/>
  </code>
  <code code="M131">
    <editdetail attribution="Reuters BIP Coding Group" action="confirmed" date="1997-03-29"/>
  </code>
  <code code="MCAT">
    <editdetail attribution="Reuters BIP Coding Group" action="confirmed" date="1997-03-29"/>
  </code>
</codes>
<dc element="dc.date.created" value="1997-03-29"/>
<dc element="dc.publisher" value="Reuters Holdings Plc"/>
<dc element="dc.date.published" value="1997-03-29"/>
<dc element="dc.source" value="Reuters"/>
<dc element="dc.creator.location" value="KARACHI, Pakistan"/>
<dc element="dc.creator.location.country.name" value="PAKISTAN"/>
<dc element="dc.source" value="Reuters"/>
</metadata>
</newsitem>
