<?xml version="1.0" encoding="iso-8859-1" ?>
<newsitem itemid="475438" id="root" date="1997-03-29" xml:lang="en">
<title>GERMANY: German interior minister opposes immigration bill.</title>
<headline>German interior minister opposes immigration bill.</headline>
<dateline>BONN 1997-03-29</dateline>
<text>
<p>Interior Minister Manfred Kanther on Saturday rejected calls from members of Germany's ruling coalition for an immigration law setting quotas on the number of foreigners allowed into the country.</p>
<p>&quot;Germany's capacity to take in foreigners through immigration policy is already exhausted. We don't require immigration now or in the next few years,&quot; Kanther said.</p>
<p>The liberal Free Democrats (FDP), junior partners in Chancellor Helmut Kohl's coalition, said this week they would present a bill which would allow a set number of foreigners into Germany each year according to the country's needs.</p>
<p>The FDP's bill is also likely to extend citizenship automatically to many foreigners born in Germany. The current rules for citizenship rely overwhelmingly on blood lines.</p>
<p>Kanther's comments, released by the Bild am Sonntag newspaper ahead of publication on Sunday, indicated that the draft law faces stiff resistance from within the coalition.</p>
<p>&quot;We already have more than seven million foreigners and we have 4.7 million unemployed, who find it more and more difficult to get into the jobs market, and there are half a million foreigners among them,&quot; Kanther said.</p>
<p>Under the FDP's plans, Germany would select immigrants according to its needs, giving preference to people who could do particular jobs or who were from a certain age group. Kanther said the plans were too vague.</p>
<p>&quot;No one has convincingly answered the question of which criteria would be applied in the selection process,&quot; he said.</p>
<p>Officially, Germany does not accept immigration by foreigners from outside the European Union. But every year it takes in tens of thousands of asylum seekers, and people of German descent from former Soviet republics and eastern Europe.</p>
</text>
<copyright>(c) Reuters Limited 1997</copyright>
<metadata>
<codes class="bip:countries:1.0">
  <code code="GFR">
    <editdetail attribution="Reuters BIP Coding Group" action="confirmed" date="1997-03-29"/>
  </code>
</codes>
<codes class="bip:topics:1.0">
  <code code="GCAT">
    <editdetail attribution="Reuters BIP Coding Group" action="confirmed" date="1997-03-29"/>
  </code>
  <code code="GDIP">
    <editdetail attribution="Reuters BIP Coding Group" action="confirmed" date="1997-03-29"/>
  </code>
  <code code="GPOL">
    <editdetail attribution="Reuters BIP Coding Group" action="confirmed" date="1997-03-29"/>
  </code>
</codes>
<dc element="dc.date.created" value="1997-03-29"/>
<dc element="dc.publisher" value="Reuters Holdings Plc"/>
<dc element="dc.date.published" value="1997-03-29"/>
<dc element="dc.source" value="Reuters"/>
<dc element="dc.creator.location" value="BONN"/>
<dc element="dc.creator.location.country.name" value="GERMANY"/>
<dc element="dc.source" value="Reuters"/>
</metadata>
</newsitem>
