<?xml version="1.0" encoding="iso-8859-1" ?>
<newsitem itemid="475478" id="root" date="1997-03-29" xml:lang="en">
<title>INDIA: Blast in India's Kashmir, several feared dead--PTI.</title>
<headline>Blast in India's Kashmir, several feared dead--PTI.</headline>
<dateline>NEW DELHI 1997-03-29</dateline>
<text>
<p>Several people were feared killed on Saturday when a bomb exploded in a bus in India's Jammu and Kashmir state, the Press Trust of India (PTI) news agency said.</p>
<p>It said three buses were engulfed in flames when the bomb exploded in Jammu, the winter capital of the state.  </p>
<p>PTI said more details of the blast were not immediately available.</p>
<p>The blast occurred on the second day of crucial talks between senior Indian and Pakistani diplomats in New Delhi, the first in three years between the bitter rivals.</p>
<p>The last round of talks in January 1994 collapsed over Kashmir, where a separatist Moslem revolt has been raging since 1980 in the part of the Himalayan territory controlled by India. Pakistan rules one-third of the Kashmir valley and India the rest.</p>
<p>PTI said separatist guerrillas and security forces exchanged fire earlier on Saturday at Bohrikadal, a suburb of Srinagar, Jammu and Kashmir's summer capital.</p>
</text>
<copyright>(c) Reuters Limited 1997</copyright>
<metadata>
<codes class="bip:countries:1.0">
  <code code="INDIA">
    <editdetail attribution="Reuters BIP Coding Group" action="confirmed" date="1997-03-29"/>
  </code>
</codes>
<codes class="bip:topics:1.0">
  <code code="GCAT">
    <editdetail attribution="Reuters BIP Coding Group" action="confirmed" date="1997-03-29"/>
  </code>
  <code code="GVIO">
    <editdetail attribution="Reuters BIP Coding Group" action="confirmed" date="1997-03-29"/>
  </code>
</codes>
<dc element="dc.date.created" value="1997-03-29"/>
<dc element="dc.publisher" value="Reuters Holdings Plc"/>
<dc element="dc.date.published" value="1997-03-29"/>
<dc element="dc.source" value="Reuters"/>
<dc element="dc.creator.location" value="NEW DELHI"/>
<dc element="dc.creator.location.country.name" value="INDIA"/>
<dc element="dc.source" value="Reuters"/>
</metadata>
</newsitem>
