<?xml version="1.0" encoding="iso-8859-1" ?>
<newsitem itemid="475408" id="root" date="1997-03-29" xml:lang="en">
<title>FRANCE: Protests as French far right maps election plan.</title>
<headline>Protests as French far right maps election plan.</headline>
<byline>Irwin Arieff</byline>
<dateline>STRASBOURG, France 1997-03-29</dateline>
<text>
<p>Tens of thousands of opponents of France's far-right National Front marched through Strasbourg on Saturday as the party, describing voters for mainstream parties as cuckolds, met to plan a 1998 general election breakthrough.</p>
<p>Hundreds of police, backed by the Front's own burly security guards, sealed off the congress building where leader Jean-Marie Le Pen told delegates: &quot;We'll conquer power not by force but through attractive ideas.&quot;</p>
<p>The Front's General Secretary Bruno Gollnisch, calling the meeting &quot;the congress of the great alternative,&quot; said in his opening speech: &quot;Let us continue on our great ascent, to the beat of the drums of those who believe they are fighting us.&quot;</p>
<p>Strasbourg city hall said the march and rally was one of the biggest since the city was liberated from Nazi troops in 1944 and attracted 50,000 demonstrators from across France and various European countries. Police put the figure at 34,000.</p>
<p>Witnesses said three policemen were injured by stonethrowers who tried to march towards the congress building. Police responded with tear gas and made seven arrests.</p>
<p>One demonstrator wore the infamous yellow star which Nazis forced Jews to wear. Others waved &quot;No Pasaran&quot; (They will not pass) banners of the Spanish civil war.</p>
<p>Gollnisch criticised Germans who joined the march, saying: &quot;Those who call themselves our enemies...are calling for help against the National Front -- the German Reds and Greens, all the thugs from across the Rhine, international socialists like their fathers were national socialists.&quot;</p>
<p>The feisty Le Pen, who won 15 percent of the vote in the 1995 presidential poll, said the political establishment was intolerant and corrupt and the French had nothing to fear but everything to hope from the Front.</p>
<p>&quot;The danger does not come from the Front but from the other side,&quot; he told delegates.</p>
<p>Gollnisch said: &quot;We believe that if the French people still vote for the Socialists or the (ruling Gaullist) RPR, it is their absolute right, as after all cuckolds have the right to be happy with their misfortunes.&quot;</p>
<p>The Front was buoyed by winning power in Vitrolles in a municipal election last month and now controls four towns in southern France.</p>
<p>Le Pen's deputy Bruno Megret said the three-day congress was a decisive step in the Front's march to power and he rejected Socialist and Communist charges that it was racist, anti-Semitic, xenophobic and fascist.</p>
<p>&quot;Our criterion is not race. Our criterion is nation,&quot; Megret told reporters. He said the congress would add a clause to the Front's statutes saying it was committed to democracy and French nationals whatever their race, origin or creed.</p>
<p>The Front wants immigrants to be sent home and says French nationals should get preference in jobs and social benefits.</p>
<p>Many protesters arrived in chartered &quot;freedom trains&quot;, some of them delayed by bomb threats. Front leaders advised the 2,200 delegates to remain closeted in the congress and said the authorities would responsible for any violence.</p>
<p>A red flag with a swastika was briefly hoisted on the spire of the towering Gothic cathedral as local officials visited the site of a synagogue burnt down by the Nazis in World War Two.</p>
<p>The anti-racist group MRAP laid a wreath at the nearby site of the Struthof Nazi concentration camp where some 25,000 died. Protesters, &quot;mourning democracy&quot;, painted black bands on street signs and blindfolded statues in black.</p>
<p>The Strasbourg march capped a groundswell of opposition to Le Pen which was fuelled by the Vitrolles election and charges that a hardline anti-immigration law pandered to him.</p>
<p>But delegates sounded confident that it could ride to power on record 12.8 percent unemployment and simmering resentment at North African immigrants and political corruption.</p>
<p>A survey in the weekly Le Point said the Front would win 15 percent of the vote, up from 12.5 percent in 1993, but would remain out of parliament if the 1998 poll was held now.</p>
<p>The congress is to re-elect Le Pen as president, choose a central committee and draft an election platform and campaign strategy. Le Pen, the party's founder, is unopposed and has refused to discuss a successor.</p>
</text>
<copyright>(c) Reuters Limited 1997</copyright>
<metadata>
<codes class="bip:countries:1.0">
  <code code="FRA">
    <editdetail attribution="Reuters BIP Coding Group" action="confirmed" date="1997-03-29"/>
  </code>
</codes>
<codes class="bip:topics:1.0">
  <code code="GCAT">
    <editdetail attribution="Reuters BIP Coding Group" action="confirmed" date="1997-03-29"/>
  </code>
  <code code="GPOL">
    <editdetail attribution="Reuters BIP Coding Group" action="confirmed" date="1997-03-29"/>
  </code>
  <code code="GVIO">
    <editdetail attribution="Reuters BIP Coding Group" action="confirmed" date="1997-03-29"/>
  </code>
</codes>
<dc element="dc.date.created" value="1997-03-29"/>
<dc element="dc.publisher" value="Reuters Holdings Plc"/>
<dc element="dc.date.published" value="1997-03-29"/>
<dc element="dc.source" value="Reuters"/>
<dc element="dc.creator.location" value="STRASBOURG, France"/>
<dc element="dc.creator.location.country.name" value="FRANCE"/>
<dc element="dc.source" value="Reuters"/>
</metadata>
</newsitem>
