<?xml version="1.0" encoding="iso-8859-1" ?>
<newsitem itemid="475440" id="root" date="1997-03-29" xml:lang="en">
<title>NORWAY: Loadings resume at Statfjord, Gullfaks and Snorre.</title>
<headline>Loadings resume at Statfjord, Gullfaks and Snorre.</headline>
<dateline>OSLO 1997-03-29</dateline>
<text>
<p>Oil production at the North Sea Statfjord, Gullfaks and Snorre platforms was returning to normal on Saturday after the resumption of offshore loadings, Den norske stats oljeselskap AS (Statoil) said.</p>
<p>&quot;We started loading again during the night,&quot; Statoil spokesman Lars Gunnar Dahle said. &quot;This morning there were tankers at all five loading buoys. Another five tankers were waiting for their turn.&quot;</p>
<p>&quot;We expect to back at full production today at Statfjord, Gullfaks and Snorre. These things go quickly once loadings resume,&quot; he said. &quot;The weather outlook looks alright.&quot;</p>
<p>Stormy weather forced Statfjord and Snorre to curb output on Tuesday and Wednesday because of disruptions to loadings and burgeoning storage and were followed early on Thursday by Gullfaks.</p>
<p>On Thursday, with waves rising to about eight metres, output at the fields was down to 425,000 barrels per day, roughly one third of normal levels.</p>
<p>The maximum permitted wave height for shuttle tankers to moor at offshore loading buoys is 4.5 metres.</p>
<p>Statfjord alone pumps about 380,000 barrels per day (bpd) and processes oil from the Statfjord East and North satellites and the nearby Snorre development.</p>
</text>
<copyright>(c) Reuters Limited 1997</copyright>
<metadata>
<codes class="bip:countries:1.0">
  <code code="NORW">
    <editdetail attribution="Reuters BIP Coding Group" action="confirmed" date="1997-03-29"/>
  </code>
</codes>
<codes class="bip:industries:1.0">
  <code code="I13000">
    <editdetail attribution="Reuters BIP Coding Group" action="confirmed" date="1997-03-29"/>
  </code>
  <code code="I1300003">
    <editdetail attribution="Reuters BIP Coding Group" action="confirmed" date="1997-03-29"/>
  </code>
</codes>
<codes class="bip:topics:1.0">
  <code code="C21">
    <editdetail attribution="Reuters BIP Coding Group" action="confirmed" date="1997-03-29"/>
  </code>
  <code code="C24">
    <editdetail attribution="Reuters BIP Coding Group" action="confirmed" date="1997-03-29"/>
  </code>
  <code code="CCAT">
    <editdetail attribution="Reuters BIP Coding Group" action="confirmed" date="1997-03-29"/>
  </code>
</codes>
<dc element="dc.date.created" value="1997-03-29"/>
<dc element="dc.publisher" value="Reuters Holdings Plc"/>
<dc element="dc.date.published" value="1997-03-29"/>
<dc element="dc.source" value="Reuters"/>
<dc element="dc.creator.location" value="OSLO"/>
<dc element="dc.creator.location.country.name" value="NORWAY"/>
<dc element="dc.source" value="Reuters"/>
</metadata>
</newsitem>
