<?xml version="1.0" encoding="iso-8859-1" ?>
<newsitem itemid="475414" id="root" date="1997-03-29" xml:lang="en">
<title>GREECE: Albanian PM Fino to visit Greece.</title>
<headline>Albanian PM Fino to visit Greece.</headline>
<dateline>ATHENS 1997-03-29</dateline>
<text>
<p>Albanian Prime Minister Bashkim Fino is due in Athens on Wednesday for talks with Greek government officials, Deputy Foreign Minister George Papandreou said.</p>
<p>&quot;Mr. Fino will visit Athens on Wednesday,&quot; Papandreou told state-run television ET-1 on Friday.</p>
<p>Fino was expected to meet Prime Minister Costas Simitis but no other details were available.</p>
<p>Greece, concerned at the continuing crisis in its northern neighbour, has said it will grant Albania a 20-billion-drachma ($75.3 million) loan as soon as the political situation has stabilised and has promised to participate in a multinational protection force to be sent to the strife-torn country.</p>
<p>A Greek Air Force C-130 carrying 19 tonnes of medicine and food to be distributed by the Albanian authorities was due in Tirana on Saturday. ($ = 265.4 Greek Drachmas)</p>
</text>
<copyright>(c) Reuters Limited 1997</copyright>
<metadata>
<codes class="bip:countries:1.0">
  <code code="ALB">
    <editdetail attribution="Reuters BIP Coding Group" action="confirmed" date="1997-03-29"/>
  </code>
  <code code="GREECE">
    <editdetail attribution="Reuters BIP Coding Group" action="confirmed" date="1997-03-29"/>
  </code>
</codes>
<codes class="bip:topics:1.0">
  <code code="GCAT">
    <editdetail attribution="Reuters BIP Coding Group" action="confirmed" date="1997-03-29"/>
  </code>
  <code code="GDIP">
    <editdetail attribution="Reuters BIP Coding Group" action="confirmed" date="1997-03-29"/>
  </code>
</codes>
<dc element="dc.date.created" value="1997-03-29"/>
<dc element="dc.publisher" value="Reuters Holdings Plc"/>
<dc element="dc.date.published" value="1997-03-29"/>
<dc element="dc.source" value="Reuters"/>
<dc element="dc.creator.location" value="ATHENS"/>
<dc element="dc.creator.location.country.name" value="GREECE"/>
<dc element="dc.source" value="Reuters"/>
</metadata>
</newsitem>
