<?xml version="1.0" encoding="iso-8859-1" ?>
<newsitem itemid="475471" id="root" date="1997-03-29" xml:lang="en">
<title>PAKISTAN: Afghan woman stoned to death for adultery - radio.</title>
<headline>Afghan woman stoned to death for adultery - radio.</headline>
<dateline>ISLAMABAD 1997-03-29</dateline>
<text>
<p>A woman has been stoned to death in the eastern Afghan province of Laghman after Islamic judges found her guilty of adultery, Afghanistan's official Kabul radio said on Saturday.</p>
<p>The broadcast, monitored in Islamabad, did not give the date of the execution of Jamila, who it said was sentenced after her husband, Aminullah, caught her while trying to flee with a stranger, Abdullah, to another district in Laghman.</p>
<p>Aminullah killed Abdullah and was sentenced to 12 years in jail, said the radio, controlled by the Taleban Islamic movement which rules more than two-thirds of Afghanistan, including Laghman.</p>
<p>&quot;Jamila was stoned to death on the charge of adultery,&quot; the radio said. It did not say who did the stoning or whether it was carried out in public.</p>
<p>The Taleban, which captured Kabul last September after ousting president Burhanuddin Rabbani, has enforced strict Islamic laws in areas under its control, including a ban on women going out without wearing an all-embracing Burqa veil and curbs on their right to education and work.</p>
<p>The Taleban is fighting an alliance of forces loyal to Rabbani and Uzbek chief General Abdul Rashid Rashid Dostum.</p>
</text>
<copyright>(c) Reuters Limited 1997</copyright>
<metadata>
<codes class="bip:countries:1.0">
  <code code="AFGH">
    <editdetail attribution="Reuters BIP Coding Group" action="confirmed" date="1997-03-29"/>
  </code>
</codes>
<codes class="bip:topics:1.0">
  <code code="GCAT">
    <editdetail attribution="Reuters BIP Coding Group" action="confirmed" date="1997-03-29"/>
  </code>
  <code code="GCRIM">
    <editdetail attribution="Reuters BIP Coding Group" action="confirmed" date="1997-03-29"/>
  </code>
  <code code="GREL">
    <editdetail attribution="Reuters BIP Coding Group" action="confirmed" date="1997-03-29"/>
  </code>
</codes>
<dc element="dc.date.created" value="1997-03-29"/>
<dc element="dc.publisher" value="Reuters Holdings Plc"/>
<dc element="dc.date.published" value="1997-03-29"/>
<dc element="dc.source" value="Reuters"/>
<dc element="dc.creator.location" value="ISLAMABAD"/>
<dc element="dc.creator.location.country.name" value="PAKISTAN"/>
<dc element="dc.source" value="Reuters"/>
</metadata>
</newsitem>
