<?xml version="1.0" encoding="iso-8859-1" ?>
<newsitem itemid="475430" id="root" date="1997-03-29" xml:lang="en">
<title>GERMANY: Waigel - strict adherence to EMU criteria crucial.</title>
<headline>Waigel - strict adherence to EMU criteria crucial.</headline>
<dateline>FRANKFURT 1997-03-29</dateline>
<text>
<p>German Finance Minister Theo Waigel said strict adherence to the criteria which countries must fulfil to launch Europe's planned common currency was crucial for a stable euro.</p>
<p>&quot;Strict adherence  to the stability criteria is a decisive prerequisite for a strong euro,&quot; Waigel told the Welt am Sonntag newspaper. A copy of the article to be published on Sunday was released in advance.</p>
<p>Waigel also said Germany would make every effort to meet the criteria and the chances it would do so were good.  </p>
<p>&quot;Germans will only accept the common European currency if it is just as strong as the mark. Therefore I stand by my statement -- convergence determines the timetable,&quot; Waigel said.</p>
<p>Talk of a laxity on the Maastricht criteria risked ruining confidence in the euro and supporters of a delayed euro launch &quot;added to disturbances on financial markets,&quot; Waigel said.</p>
<p>The Maastricht Treaty calls on contenders for Economic and Monetary Union (EMU) to keep their budget deficits at or below three percent of gross domestic product (GDP) and says debt levels should not exceed 60 percent of GDP.</p>
<p>There has been mounting concern that Germany will not meet the budget criteria as it wrestles with record unemployment levels which are sapping tax returns and inflating social security spending.</p>
<p>Earlier, top economic institute DIW urged Bonn to take advantage of the leeway allowed for in the Maastricht Treaty to ensure EMU goes ahead on time.</p>
<p>Waigel said that he was still determined to achieve more cuts in social welfare spending. &quot;Budgetary consolidation is a very serious issue for me,&quot; he said.</p>
<p>This was &quot;not a duty exercise for Maastricht but is happening in our own interests,&quot; he said. Structural reforms were essential in order to secure more growth, spending and create jobs.</p>
<p>--Frankfurt Newsroom, +49 69 756525</p>
</text>
<copyright>(c) Reuters Limited 1997</copyright>
<metadata>
<codes class="bip:countries:1.0">
  <code code="EEC">
    <editdetail attribution="Reuters BIP Coding Group" action="confirmed" date="1997-03-29"/>
  </code>
  <code code="GFR">
    <editdetail attribution="Reuters BIP Coding Group" action="confirmed" date="1997-03-29"/>
  </code>
</codes>
<codes class="bip:topics:1.0">
  <code code="E12">
    <editdetail attribution="Reuters BIP Coding Group" action="confirmed" date="1997-03-29"/>
  </code>
  <code code="ECAT">
    <editdetail attribution="Reuters BIP Coding Group" action="confirmed" date="1997-03-29"/>
  </code>
  <code code="G15">
    <editdetail attribution="Reuters BIP Coding Group" action="confirmed" date="1997-03-29"/>
  </code>
  <code code="G154">
    <editdetail attribution="Reuters BIP Coding Group" action="confirmed" date="1997-03-29"/>
  </code>
  <code code="GCAT">
    <editdetail attribution="Reuters BIP Coding Group" action="confirmed" date="1997-03-29"/>
  </code>
  <code code="M13">
    <editdetail attribution="Reuters BIP Coding Group" action="confirmed" date="1997-03-29"/>
  </code>
  <code code="M132">
    <editdetail attribution="Reuters BIP Coding Group" action="confirmed" date="1997-03-29"/>
  </code>
  <code code="MCAT">
    <editdetail attribution="Reuters BIP Coding Group" action="confirmed" date="1997-03-29"/>
  </code>
</codes>
<dc element="dc.date.created" value="1997-03-29"/>
<dc element="dc.publisher" value="Reuters Holdings Plc"/>
<dc element="dc.date.published" value="1997-03-29"/>
<dc element="dc.source" value="Reuters"/>
<dc element="dc.creator.location" value="FRANKFURT"/>
<dc element="dc.creator.location.country.name" value="GERMANY"/>
<dc element="dc.source" value="Reuters"/>
</metadata>
</newsitem>
