<?xml version="1.0" encoding="iso-8859-1" ?>
<newsitem itemid="475488" id="root" date="1997-03-29" xml:lang="en">
<title>INDIA: India SBI ties up with GE Capital.</title>
<headline>India SBI ties up with GE Capital.</headline>
<dateline>BOMBAY 1997-03-29</dateline>
<text>
<p>India's biggest commercial bank, State Bank of India (SBI) said on Saturday it signed an agreement with GE Capital Services, a unit of U.S.-based General Electric to set up a credit card joint venture.</p>
<p>&quot;Through this agreement GE Capital ... will provide SBI with appropriate technology, products and processing capability that will enable us develop payment card business,&quot; SBI chairman P.G. Kakodkar told reporters.</p>
<p>State-run SBI has more than 8,900 branches in India and abroad.</p>
<p>&quot;Our target will be to have at least two million cards ... at the end of three years of operation,&quot; Kakodkar said.</p>
<p>SBI Credit Cards Ltd will have a capital of one billion rupees, and the holdings of both partners will be worked out in a month's time, he said.</p>
<p>--Bombay Newsroom +91-22-265-9000</p>
</text>
<copyright>(c) Reuters Limited 1997</copyright>
<metadata>
<codes class="bip:countries:1.0">
  <code code="INDIA">
    <editdetail attribution="Reuters BIP Coding Group" action="confirmed" date="1997-03-29"/>
  </code>
</codes>
<codes class="bip:industries:1.0">
  <code code="I34000">
    <editdetail attribution="Reuters BIP Coding Group" action="confirmed" date="1997-03-29"/>
  </code>
  <code code="I81402">
    <editdetail attribution="Reuters BIP Coding Group" action="confirmed" date="1997-03-29"/>
  </code>
  <code code="I81501">
    <editdetail attribution="Reuters BIP Coding Group" action="confirmed" date="1997-03-29"/>
  </code>
  <code code="I8150108">
    <editdetail attribution="Reuters BIP Coding Group" action="confirmed" date="1997-03-29"/>
  </code>
</codes>
<codes class="bip:topics:1.0">
  <code code="C11">
    <editdetail attribution="Reuters BIP Coding Group" action="confirmed" date="1997-03-29"/>
  </code>
  <code code="CCAT">
    <editdetail attribution="Reuters BIP Coding Group" action="confirmed" date="1997-03-29"/>
  </code>
</codes>
<dc element="dc.date.created" value="1997-03-29"/>
<dc element="dc.publisher" value="Reuters Holdings Plc"/>
<dc element="dc.date.published" value="1997-03-29"/>
<dc element="dc.source" value="Reuters"/>
<dc element="dc.creator.location" value="BOMBAY"/>
<dc element="dc.creator.location.country.name" value="INDIA"/>
<dc element="dc.source" value="Reuters"/>
</metadata>
</newsitem>
