<?xml version="1.0" encoding="iso-8859-1" ?>
<newsitem itemid="475434" id="root" date="1997-03-29" xml:lang="en">
<title>NETHERLANDS: Duisenberg warns of costs of EMU delay.</title>
<headline>Duisenberg warns of costs of EMU delay.</headline>
<dateline>AMSTERDAM 1997-03-29</dateline>
<text>
<p>Dutch central bank president Wim Duisenberg said on Saturday that a delay to the start of European Economic and Monetary Union (EMU) was unfeasible because of the huge investments already made in the process.</p>
<p>Duisenberg, who takes over in July as chief of the European Monetary Institute (EMI), said in an interview with Dutch newspaper Het Parool that governments could be even exposed to damages claims if the project was held back.</p>
<p>Banks and capital markets were geared toward the genesis of the single currency on January 1, 1999 -- when central bank operations and sovereign debt issuance will be in euros -- and had laid out large sums to prepare themselves for it, he said.</p>
<p>&quot;Everyone has made massive investments to make that possible...an operation you must not underestimate,&quot; he said.</p>
<p>&quot;There are even jurists who come to me and say: 'consider that governments could be held liable for damages suffered if the EMU is postponed.' They took the responsibility for EMU by signing the Maastricht treaty.&quot;</p>
<p>Duisenberg said the treaty's convergence criteria should be strictly applied in determining the countries initially admitted to the single currency.</p>
<p>&quot;Countries that...can not take part, I say,  must not take part. They should themselves not even want to,&quot; he said. &quot;We must do all we can so that they can take part one, two or three years later.&quot;</p>
<p>Sustainable fiscal discipline was also vital for the infant euro, he emphasized.</p>
<p>&quot;Everyone always forgets that aside from the accounting criteria, this will also be taken into consideration in the judgement of the economic position of a country.&quot;</p>
<p>Duisenberg is widely tipped to be the first head of the supra-national European Central Bank which will take over from the EMI in Frankfurt.</p>
<p>He told Het Parool he had found an apartment in the city on which he had a nine-year lease.</p>
<p>&quot;One year EMI. And the term of office for central bank presidents is eight years. One plus eight is nine.&quot;</p>
<p>-- Amsterdam newsroom +31 20 504 5000, Fax +31 20 504 5040</p>
</text>
<copyright>(c) Reuters Limited 1997</copyright>
<metadata>
<codes class="bip:countries:1.0">
  <code code="EEC">
    <editdetail attribution="Reuters BIP Coding Group" action="confirmed" date="1997-03-29"/>
  </code>
  <code code="NETH">
    <editdetail attribution="Reuters BIP Coding Group" action="confirmed" date="1997-03-29"/>
  </code>
</codes>
<codes class="bip:topics:1.0">
  <code code="E12">
    <editdetail attribution="Reuters BIP Coding Group" action="confirmed" date="1997-03-29"/>
  </code>
  <code code="ECAT">
    <editdetail attribution="Reuters BIP Coding Group" action="confirmed" date="1997-03-29"/>
  </code>
  <code code="G15">
    <editdetail attribution="Reuters BIP Coding Group" action="confirmed" date="1997-03-29"/>
  </code>
  <code code="G154">
    <editdetail attribution="Reuters BIP Coding Group" action="confirmed" date="1997-03-29"/>
  </code>
  <code code="GCAT">
    <editdetail attribution="Reuters BIP Coding Group" action="confirmed" date="1997-03-29"/>
  </code>
</codes>
<dc element="dc.date.created" value="1997-03-29"/>
<dc element="dc.publisher" value="Reuters Holdings Plc"/>
<dc element="dc.date.published" value="1997-03-29"/>
<dc element="dc.source" value="Reuters"/>
<dc element="dc.creator.location" value="AMSTERDAM"/>
<dc element="dc.creator.location.country.name" value="NETHERLANDS"/>
<dc element="dc.source" value="Reuters"/>
</metadata>
</newsitem>
