<?xml version="1.0" encoding="iso-8859-1" ?>
<newsitem itemid="475456" id="root" date="1997-03-29" xml:lang="en">
<title>INDIA: India, Pakistan officials talk; blasts kill five.</title>
<headline>India, Pakistan officials talk; blasts kill five.</headline>
<byline>Alistair Lyon</byline>
<dateline>NEW DELHI 1997-03-29</dateline>
<text>
<p>Indian and Pakistani officials ended a second day of talks on Saturday but declined comment on whether they had narrowed their differences over the volatile Himalayan territory of Kashmir.</p>
<p>The talks coincided with two explosions at the central bus station in Jammu, the winter capital of India's Jammu and Kashmir state, in which at least five people were killed and several wounded, the United News of India (UNI) news agency said. There was no immediate word on who was behind the blasts.</p>
<p>In Srinagar, the state's summer capital, police said they fired warning shots in the air to disperse a small group of Kashmiri separatists, protesting at the India-Pakistan talks.</p>
<p>Pakistan's foreign secretary Shamshad Ahmad and his Indian opposite number Salman Haidar made only brief comments after their three rounds of talks, including one over lunch.</p>
<p>&quot;I shall rapidly withdraw from the realm of forecasting,&quot; Haidar told reporters when asked if he expected a breakthrough.</p>
<p>Asked if he was optimistic about the outcome, Ahmad said: &quot;We diplomats are always hopeful.&quot;</p>
<p>Pakistan's foreign ministry spokesman, Khalid Saleem, said the delegations would meet for a third day on Sunday.</p>
<p>&quot;All substantive issues came in for further discussion,&quot; he said. &quot;Kashmir is an integral part of the discussions.&quot;</p>
<p>Earlier on Saturday Indian Prime Minister H.D. Deve Gowda briefly met negotiators from both sides at his residence.</p>
<p>The two sides have pledged to make no public comment until their discussions, due to end on Monday, are over.</p>
<p>But the Press Trust of India (PTI) news agency said Ahmad had told Deve Gowda Pakistan would not put the thorny Kashmir dispute on hold while the two countries tackle other problems.</p>
<p>&quot;There has to be some meaningful progress on the core issue of Kashmir before we address other matters,&quot; PTI quoted Ahmad as telling Deve Gowda. His reported remarks could not be confirmed.</p>
<p>PTI said the Indian delegation had stressed New Delhi's refusal to consider anything that would disturb India's secular unity and jeopardise its sovereignty (over Kashmir).</p>
<p>The talks are the first since January, 1994, when a dialogue foundered on Kashmir. Tension over the disputed Himalayan region sparked two of the three wars the two countries, now threshold nuclear powers, have fought since independence in 1947.</p>
<p>India accuses Pakistan of arming Moslem rebels fighting in the two thirds of Kashmir under Indian control.</p>
<p>Pakistan, which holds the rest of Kashmir, denies the charge, but says it supports the Kashmiris politicallly.</p>
<p>Mirwaiz Omar Farooq, leader of Kashmir's All Parties Hurriyat (freedom) Conference, criticised India and Pakistan for keeping Kashmiris out of any discussions on their future.</p>
<p>&quot;We don't see this as a bilateral issue,&quot; he told Reuters by telephone. &quot;It's not a territorial or regional dispute they can discuss by themselves...The Kashmiris must be involved.&quot;</p>
<p>Farooq was among a dozen Hurriyat leaders held for five hours in Delhi on Friday to block a protest against the talks.</p>
<p>The governor of Jammu and Kashmir, K.V. Krishna Rao, said Pakistan should show its sincerity by reining in the guerrillas.</p>
<p>&quot;Pakistan should stop infiltrating militants into Kashmir and hand over the Kashmiri youths undergoing training in Pakistan-occupied Kashmir to India to give peace a chance to flourish,&quot; PTI quoted him as telling 200 former militants who have joined the paramilitary border security force.</p>
<p>More than 20,000 people have been killed in Kashmir since the start of an armed revolt there in January 1990.</p>
<p>Hindu migrants from Kashmir staged noisy protests in New Delhi on Saturday against last week's killings of seven members of their community by unidentified gunmen, witnesses said.</p>
<p>Twelve Hindu families left their homes in the Moslem-dominated Kashmir Valley on Friday and arrived in Jammu, where they told reporters they feared for their lives after the killings in Sangrampur, a village in Budgam district.</p>
</text>
<copyright>(c) Reuters Limited 1997</copyright>
<metadata>
<codes class="bip:countries:1.0">
  <code code="INDIA">
    <editdetail attribution="Reuters BIP Coding Group" action="confirmed" date="1997-03-29"/>
  </code>
  <code code="PAKIS">
    <editdetail attribution="Reuters BIP Coding Group" action="confirmed" date="1997-03-29"/>
  </code>
</codes>
<codes class="bip:topics:1.0">
  <code code="GCAT">
    <editdetail attribution="Reuters BIP Coding Group" action="confirmed" date="1997-03-29"/>
  </code>
  <code code="GDIP">
    <editdetail attribution="Reuters BIP Coding Group" action="confirmed" date="1997-03-29"/>
  </code>
  <code code="GVIO">
    <editdetail attribution="Reuters BIP Coding Group" action="confirmed" date="1997-03-29"/>
  </code>
</codes>
<dc element="dc.date.created" value="1997-03-29"/>
<dc element="dc.publisher" value="Reuters Holdings Plc"/>
<dc element="dc.date.published" value="1997-03-29"/>
<dc element="dc.source" value="Reuters"/>
<dc element="dc.creator.location" value="NEW DELHI"/>
<dc element="dc.creator.location.country.name" value="INDIA"/>
<dc element="dc.source" value="Reuters"/>
</metadata>
</newsitem>
