<?xml version="1.0" encoding="iso-8859-1" ?>
<newsitem itemid="475442" id="root" date="1997-03-29" xml:lang="en">
<title>SWITZERLAND: Swiss leader confident gold foundation to get nod.</title>
<headline>Swiss leader confident gold foundation to get nod.</headline>
<dateline>ZURICH 1997-03-29</dateline>
<text>
<p>Swiss President Arnold Koller was quoted on Saturday as saying he was confident voters would back a bold plan to create a humanitarian foundation that would sell official gold reserves to help victims of poverty and catastrophes.</p>
<p>Critics have blasted the plan as a misguided giveaway of national wealth to appease critics who accuse Switzerland of cynically profiting from World War Two. They have urged Swiss voters to block the idea in a referendum next year.</p>
<p>Koller said in an interview approval of the seven billion Swiss franc ($4.8 billion) Solidarity Foundation hinged on convincing Swiss the foundation was part of the country's humanitarian tradition and that money would be spent wisely.</p>
<p>&quot;It is clear that there is still a lot of work to do to inform and persuade people. The circle of recipients in Switzerland and abroad must also be clearly defined, as well as the mechanism for handling the gold,&quot; he told the Journal de Geneve newspaper.</p>
<p>&quot;But I am confident. The initial reaction has been positive for the most part.&quot;</p>
<p>Opinion polls show most Swiss back the plan -- which Koller unveiled in a speech to parliament this month -- to use part of Switzerland's vast but undervalued gold reserves to finance aid to the poor and victims of disasters and human rights outrages.</p>
<p>Koller said he had received around 400 letters suggesting ways the foundation could spend the roughly 350 million Swiss francs it would distribute each year, half in Switzerland and half abroad.</p>
<p>&quot;We have received a lot of ideas. Someone told me, for example, it would be possible to eradicate leprosy on the panet with the amount of money envisaged,&quot; he said.</p>
<p>The foundation could also provide quick help to victims of natural disasters by cutting through red tape, he said.</p>
<p>&quot;We want to have very spontaneous assistance without bureaucracy. We will certainly also have talks with the ICRC,&quot; he said, referring to the Swiss-based International Committee of the Red Cross, which Berne already helps finance.</p>
<p>Koller dismissed suggestions the foundation plan aimed to buy off neutral Switzerland's critics, especially those who condemn its close wartime economic ties to Nazi Germany.</p>
<p>&quot;This is not at all a question of buying something, but of giving new content to our tradition of solidarity,&quot; he said.</p>
<p>He also made clear the foundation was not designed solely to help victims of the Holocaust, although they too might qualify. A separate fund financed by banks and private businesses will deal exclusively with Holocaust victims, he said. $ = 1.45 Swiss Francs)</p>
</text>
<copyright>(c) Reuters Limited 1997</copyright>
<metadata>
<codes class="bip:countries:1.0">
  <code code="SWITZ">
    <editdetail attribution="Reuters BIP Coding Group" action="confirmed" date="1997-03-29"/>
  </code>
</codes>
<codes class="bip:topics:1.0">
  <code code="GCAT">
    <editdetail attribution="Reuters BIP Coding Group" action="confirmed" date="1997-03-29"/>
  </code>
  <code code="GDIP">
    <editdetail attribution="Reuters BIP Coding Group" action="confirmed" date="1997-03-29"/>
  </code>
  <code code="GPOL">
    <editdetail attribution="Reuters BIP Coding Group" action="confirmed" date="1997-03-29"/>
  </code>
</codes>
<dc element="dc.date.created" value="1997-03-29"/>
<dc element="dc.publisher" value="Reuters Holdings Plc"/>
<dc element="dc.date.published" value="1997-03-29"/>
<dc element="dc.source" value="Reuters"/>
<dc element="dc.creator.location" value="ZURICH"/>
<dc element="dc.creator.location.country.name" value="SWITZERLAND"/>
<dc element="dc.source" value="Reuters"/>
</metadata>
</newsitem>
