<?xml version="1.0" encoding="iso-8859-1" ?>
<newsitem itemid="475426" id="root" date="1997-03-29" xml:lang="en">
<title>FRANCE: March against far-right overwhelms French city.</title>
<headline>March against far-right overwhelms French city.</headline>
<byline>Irwin Arieff</byline>
<dateline>STRASBOURG, France 1997-03-29</dateline>
<text>
<p>Foes of the French extreme right virtually took over the city of Strasbourg on Saturday in a massive display of anger over the rise of the National Front and its feisty leader Jean-Marie Le Pen.</p>
<p>Youths masquerading as corpses mourning &quot;the death of democracy&quot; marched alongside rock bands and the children of Jews deported to Nazi death camps in a sobering yet exuberant march as the Front opened a three-day congress in the city.</p>
<p>Police said the crowd reached 34,000 while the Strasbourg city hall estimated that 50,000 took part. All agreed the turnout was one of the largest in the city since Strasbourg's citizens celebrated the end of World War Two.</p>
<p>Marchers followed a twisting eight-km (five-mile) route that encircled and then criss-crossed the entire city, which is home to the European parliament and the Council of Europe, set up after the war to champion democracy and human rights.</p>
<p>Demonstrators were still lining up to leave the Place de l'Etoile, where the protest began, when those who led the march arrived at its end point at the Saint-Pierre Le Jeune church.</p>
<p>To prevent clashes between protesters and the 2,200 delegates to the Front meeting, squads of riot police sealed off all accesses to the city's convention centre where it was held.</p>
<p>At the end of the march, a few dozen youths hurled stones at police who stopped them marching to the conference hall. Police responded with tear gas. Witnesses said three policemen were injured and seven people arrested.</p>
<p>The Front's own security forces supplemented police with multiple rings of physical barriers and badge checks to prevent unauthorised outsiders from getting in.</p>
<p>&quot;Don't wear your conference badge into the city centre. It's dangerous,&quot; a National Front security guard warned delegates as they left the building at the end of the day.</p>
<p>The protest attracted marchers from Switzerland, Begium, Italy, Spain and Germany as well as France.</p>
<p>While most were young, others displayed their age like a badge of courage, such as those marching under a banner reading: &quot;Sons and daughters of deported French Jews.&quot;</p>
<p>One man wore a bright yellow Jewish star on his chest and carried a sign reading simply:&quot;Never again,&quot;</p>
<p>Some were on stilts. Many dressed as corpses or as if in mourning, in keeping with organisers' belief that the Front's growing popularity in France signals &quot;the death of democracy.&quot;</p>
<p>One young woman portrayed a concentration camp victim of the future, screaming sadly at the top of her lungs for what must have been hours.</p>
<p>Others took a decidedly lighter approach, dancing to Caribbean rhythms, rap or rock and roll supplied by bands playing from flatbed trucks.</p>
<p>Rap bands, whose members are often of North African origin, were particularly in evidence as the Front denounces them as decadent symbols of France's immigrant population, which it blames for high unemployment and urban crime.</p>
<p>Marchers also blew whistles and beat on drums in time to their anti-Front slogans.</p>
<p>Le Pen dismissed the protest, saying that more Strasbourg residents voted for him in 1995 presidential elections than demonstrated against him. He won 26 percent of the vote in Strasbourg and a national score of 15 percent.</p>
</text>
<copyright>(c) Reuters Limited 1997</copyright>
<metadata>
<codes class="bip:countries:1.0">
  <code code="FRA">
    <editdetail attribution="Reuters BIP Coding Group" action="confirmed" date="1997-03-29"/>
  </code>
</codes>
<codes class="bip:topics:1.0">
  <code code="GCAT">
    <editdetail attribution="Reuters BIP Coding Group" action="confirmed" date="1997-03-29"/>
  </code>
  <code code="GPOL">
    <editdetail attribution="Reuters BIP Coding Group" action="confirmed" date="1997-03-29"/>
  </code>
  <code code="GVIO">
    <editdetail attribution="Reuters BIP Coding Group" action="confirmed" date="1997-03-29"/>
  </code>
</codes>
<dc element="dc.date.created" value="1997-03-29"/>
<dc element="dc.publisher" value="Reuters Holdings Plc"/>
<dc element="dc.date.published" value="1997-03-29"/>
<dc element="dc.source" value="Reuters"/>
<dc element="dc.creator.location" value="STRASBOURG, France"/>
<dc element="dc.creator.location.country.name" value="FRANCE"/>
<dc element="dc.source" value="Reuters"/>
</metadata>
</newsitem>
