<?xml version="1.0" encoding="iso-8859-1" ?>
<newsitem itemid="475407" id="root" date="1997-03-29" xml:lang="en">
<title>FRANCE: French airline hopes restore traffic after strike.</title>
<headline>French airline hopes restore traffic after strike.</headline>
<dateline>PARIS 1997-03-29</dateline>
<text>
<p>State-owned airline Air France Europe said it expected traffic to return to normal on Sunday after a ground staff strike forced it to cancel all flights from Paris' Orly airport on Saturday.</p>
<p>The stoppage, which had also forced many cancellations on Friday evening, caused misery for many travellers who found their Easter holiday weekend in tatters.</p>
<p>A company spokeswoman said some 250 flights from Orly, south of Paris, were cancelled but 89 flights from Charles de Gaulle airport, north of the capital, and flights between provincial cities were going ahead.</p>
<p>The airline said management would discuss union demands next week and delay until May 1st a disputed new working schedule.</p>
<p>Ground workers were protesting against the unifying of their pay and employment terms with those of parent company Air France in a merger between the two airlines.</p>
<p>Air France Europe pilots and flight crew have called a two-day strike over pay and conditions for next Monday and Tuesday but the company said all flights would take place.</p>
<p>Pilots and ground staff at British Airways Plc's French subsidiary TAT European Airlines staged a 24-hour strike against restructuring plans on Friday, forcing the cancellation of about three-quarters of the airline's 180 scheduled flights.</p>
</text>
<copyright>(c) Reuters Limited 1997</copyright>
<metadata>
<codes class="bip:countries:1.0">
  <code code="FRA">
    <editdetail attribution="Reuters BIP Coding Group" action="confirmed" date="1997-03-29"/>
  </code>
</codes>
<codes class="bip:industries:1.0">
  <code code="I75000">
    <editdetail attribution="Reuters BIP Coding Group" action="confirmed" date="1997-03-29"/>
  </code>
</codes>
<codes class="bip:topics:1.0">
  <code code="C21">
    <editdetail attribution="Reuters BIP Coding Group" action="confirmed" date="1997-03-29"/>
  </code>
  <code code="C42">
    <editdetail attribution="Reuters BIP Coding Group" action="confirmed" date="1997-03-29"/>
  </code>
  <code code="CCAT">
    <editdetail attribution="Reuters BIP Coding Group" action="confirmed" date="1997-03-29"/>
  </code>
  <code code="E41">
    <editdetail attribution="Reuters BIP Coding Group" action="confirmed" date="1997-03-29"/>
  </code>
  <code code="ECAT">
    <editdetail attribution="Reuters BIP Coding Group" action="confirmed" date="1997-03-29"/>
  </code>
  <code code="GCAT">
    <editdetail attribution="Reuters BIP Coding Group" action="confirmed" date="1997-03-29"/>
  </code>
  <code code="GJOB">
    <editdetail attribution="Reuters BIP Coding Group" action="confirmed" date="1997-03-29"/>
  </code>
</codes>
<dc element="dc.date.created" value="1997-03-29"/>
<dc element="dc.publisher" value="Reuters Holdings Plc"/>
<dc element="dc.date.published" value="1997-03-29"/>
<dc element="dc.source" value="Reuters"/>
<dc element="dc.creator.location" value="PARIS"/>
<dc element="dc.creator.location.country.name" value="FRANCE"/>
<dc element="dc.source" value="Reuters"/>
</metadata>
</newsitem>
