<?xml version="1.0" encoding="iso-8859-1" ?>
<newsitem itemid="475410" id="root" date="1997-03-29" xml:lang="en">
<title>ITALY: Italy says no hope of more Albanian ship survivors.</title>
<headline>Italy says no hope of more Albanian ship survivors.</headline>
<byline>Alan Baldwin</byline>
<dateline>ROME 1997-03-29</dateline>
<text>
<p>Italy said on Saturday there was no hope of finding any more survivors from an Albanian refugee boat that sank after a collision with a navy ship in the Adriatic, killing at least four people.</p>
<p>&quot;There are no longer plausible possibilities of finding people alive,&quot; Vice-Admiral Alfeo Battelli told reporters in the southern Italian port of Brindisi. &quot;Our ships will continue the search for the eventual recovery of bodies.&quot;</p>
<p>Some of the 34 survivors said more than 100 refugees may have been on the ancient Russian-made harbour patrol craft when it went down on Friday night after colliding with a navy ship trying to prevent it entering Italian waters.</p>
<p>They feared many had died and said those on board included children. Four bodies have been recovered so far.</p>
<p>The Italian news agency Ansa, in a report from Vlore, the Albanian port from where the boat left, quoted witnesses as saying that there were &quot;no fewer than 120 people&quot; on board.</p>
<p>&quot;More than 50 of us died,&quot; one Albanian man shouted to reporters on the dock in Brindisi on Friday.</p>
<p>Italy's top navy official said that while he could not exclude that more than four people had died, he believed the boat was too small to have contained many people below deck.</p>
<p>&quot;I can't believe that there were that many people on board ... it seems exaggerated to me that there could have been 100...,&quot; Admiral Angelo Mariani said in Rome.</p>
<p>&quot;I cannot exclude unfortunately that there were other people on board but I don't think there could have been too many more below deck,&quot; Mariani said.</p>
<p>Prime Minister Romano Prodi said the navy operation to patrol the Adriatic and stem a tide of refugees would continue because it had Albanian government approval.</p>
<p>&quot;This event shows that the international operation to help Albania has to begin as soon as possible,&quot; Prodi said.</p>
<p>The U.N. Security Council has authorised an international mission to help the country recover from violence and anarchy.</p>
<p>However Albania said later that the accident could have been avoided and asked Prodi to open an investigation.</p>
<p>The navy said it had opened an administrative enquiry while magistrates in Brindisi were also investigating the causes of the sinking.</p>
<p>Albanian parliamentary speaker Pjeter Arbnori slammed Italy's handling of the incident, saying &quot;the boat should have been accompanied to Italy's coast instead of being blocked&quot;.</p>
<p>Defence Minister Beniamino Andreatta sent a letter of condolences to Albanian counterpart Shaqir Vukaj, expressing his and the Italian armed forces' sadness at the tragedy.</p>
<p>The Italian navy said the Albanian boat was hit after it had cut across the bows of the corvette Sibilla.</p>
<p>&quot;As far as we are concerned, it was they who hit us,&quot; Mariani said. &quot;The accident happened because the Albanian ship behaved in an unpredictable and irresponsible way.&quot;</p>
<p>He said Tirana had told Italy that the Albanian boat was piloted by &quot;local criminals&quot;.</p>
<p>Italy, concerned that many Albanian refugees are looking for a better life abroad rather than fleeing real danger, has ordered the navy to try to halt the flow.</p>
<p>The operation involves intercepting Albanian ships outside Italian waters and advising them to turn back.</p>
<p>More than 13,000 Albanians have reached Italy over the past two weeks on a flotilla of ancient boats after rebels in the south took control of towns in an armed insurrection.</p>
</text>
<copyright>(c) Reuters Limited 1997</copyright>
<metadata>
<codes class="bip:countries:1.0">
  <code code="ALB">
    <editdetail attribution="Reuters BIP Coding Group" action="confirmed" date="1997-03-29"/>
  </code>
  <code code="ITALY">
    <editdetail attribution="Reuters BIP Coding Group" action="confirmed" date="1997-03-29"/>
  </code>
</codes>
<codes class="bip:topics:1.0">
  <code code="GCAT">
    <editdetail attribution="Reuters BIP Coding Group" action="confirmed" date="1997-03-29"/>
  </code>
  <code code="GDIP">
    <editdetail attribution="Reuters BIP Coding Group" action="confirmed" date="1997-03-29"/>
  </code>
  <code code="GDIS">
    <editdetail attribution="Reuters BIP Coding Group" action="confirmed" date="1997-03-29"/>
  </code>
</codes>
<dc element="dc.date.created" value="1997-03-29"/>
<dc element="dc.publisher" value="Reuters Holdings Plc"/>
<dc element="dc.date.published" value="1997-03-29"/>
<dc element="dc.source" value="Reuters"/>
<dc element="dc.creator.location" value="ROME"/>
<dc element="dc.creator.location.country.name" value="ITALY"/>
<dc element="dc.source" value="Reuters"/>
</metadata>
</newsitem>
