<?xml version="1.0" encoding="iso-8859-1" ?>
<newsitem itemid="475401" id="root" date="1997-03-29" xml:lang="en">
<title>USA: No Ramsey family representative to view DNA test.</title>
<headline>No Ramsey family representative to view DNA test.</headline>
<dateline>BOULDER, Colo 1997-03-28</dateline>
<text>
<p>Attorneys for the parents of slain six-year-old beauty pageant winner JonBenet Ramsey have decided not to have a representative present when DNA tests are conducted on evidence, the family said on Friday.</p>
<p>A brief statement issued by Ramsey family spokesman Pat Korten said the family's lawyers had determined that it was &quot;unnecessary&quot; to have an observer present.</p>
<p>Officials said Thursday the DNA testing at the Cellmark Diagnostics Laboratory in Maryland had not begun because the Ramsey family had not yet accepted an offer to have a representative present.</p>
<p>The DNA testing will take about six weeks.</p>
<p>Officials said last week that a family representative would be allowed to view the testing, but did not say why. They described the offer as a &quot;conservative&quot; approach by the district attorney.</p>
<p>Suspects charged with a crime in Colorado are allowed to view DNA testing because a sample could be destroyed, making further testing impossible.</p>
<p>The girl's body was found Dec. 26 in a basement in the family's home in Boulder by her father, John Ramsey, some eight hours after her mother said she found a ransom note demanding $118,000.</p>
<p>No arrests have been made and no suspects have been named in the 13-week-old murder investigation.</p>
</text>
<copyright>(c) Reuters Limited 1997</copyright>
<metadata>
<codes class="bip:countries:1.0">
  <code code="USA">
    <editdetail attribution="Reuters BIP Coding Group" action="confirmed" date="1997-03-29"/>
  </code>
</codes>
<codes class="bip:topics:1.0">
  <code code="GCAT">
    <editdetail attribution="Reuters BIP Coding Group" action="confirmed" date="1997-03-29"/>
  </code>
  <code code="GCRIM">
    <editdetail attribution="Reuters BIP Coding Group" action="confirmed" date="1997-03-29"/>
  </code>
</codes>
<dc element="dc.date.created" value="1997-03-28"/>
<dc element="dc.publisher" value="Reuters Holdings Plc"/>
<dc element="dc.date.published" value="1997-03-29"/>
<dc element="dc.source" value="Reuters"/>
<dc element="dc.creator.location" value="BOULDER, Colo"/>
<dc element="dc.creator.location.country.name" value="USA"/>
<dc element="dc.source" value="Reuters"/>
</metadata>
</newsitem>
