<?xml version="1.0" encoding="iso-8859-1" ?>
<newsitem itemid="475479" id="root" date="1997-03-29" xml:lang="en">
<title>PAKISTAN: Pakistani Central Depository Co to start in May.</title>
<headline>Pakistani Central Depository Co to start in May.</headline>
<dateline>KARACHI, Pakistan 1997-03-29</dateline>
<text>
<p>The Central Depository Co of Pakistan Ltd (CDC), which will computerise share deals, will start work in May, CDC chairman Arif Habib said on Saturday.</p>
<p>The CDC project, estimated to cost 180 million rupees, will be functional by May and it will facilitate scrip handling, he told a seminar on the working of the central depository system.</p>
<p>&quot;Our mandate is to provide a transparent and efficient market place,&quot; said Habib, who is also the president of Pakistan's main Karachi Stock Exchange (KSE).</p>
<p>A member of a brokerage house said the CDC was expected to boost trading and investment in stocks by overseas investors because of the system's reliability, integrity and confidentiality.</p>
<p>The benefits of the CDC are efficient delivery, settlement, transfer of securities and transactions through the computerised book entry system, the member said.</p>
<p>-- Karachi newsroom 9221-5685192</p>
</text>
<copyright>(c) Reuters Limited 1997</copyright>
<metadata>
<codes class="bip:countries:1.0">
  <code code="PAKIS">
    <editdetail attribution="Reuters BIP Coding Group" action="confirmed" date="1997-03-29"/>
  </code>
</codes>
<codes class="bip:industries:1.0">
  <code code="I83100">
    <editdetail attribution="Reuters BIP Coding Group" action="confirmed" date="1997-03-29"/>
  </code>
</codes>
<codes class="bip:topics:1.0">
  <code code="C13">
    <editdetail attribution="Reuters BIP Coding Group" action="confirmed" date="1997-03-29"/>
  </code>
  <code code="C22">
    <editdetail attribution="Reuters BIP Coding Group" action="confirmed" date="1997-03-29"/>
  </code>
  <code code="CCAT">
    <editdetail attribution="Reuters BIP Coding Group" action="confirmed" date="1997-03-29"/>
  </code>
  <code code="M11">
    <editdetail attribution="Reuters BIP Coding Group" action="confirmed" date="1997-03-29"/>
  </code>
  <code code="MCAT">
    <editdetail attribution="Reuters BIP Coding Group" action="confirmed" date="1997-03-29"/>
  </code>
</codes>
<dc element="dc.date.created" value="1997-03-29"/>
<dc element="dc.publisher" value="Reuters Holdings Plc"/>
<dc element="dc.date.published" value="1997-03-29"/>
<dc element="dc.source" value="Reuters"/>
<dc element="dc.creator.location" value="KARACHI, Pakistan"/>
<dc element="dc.creator.location.country.name" value="PAKISTAN"/>
<dc element="dc.source" value="Reuters"/>
</metadata>
</newsitem>
