<?xml version="1.0" encoding="iso-8859-1" ?>
<newsitem itemid="475415" id="root" date="1997-03-29" xml:lang="en">
<title>ITALY: Italy navy says unlikely many Albanians drowned.</title>
<headline>Italy navy says unlikely many Albanians drowned.</headline>
<dateline>BRINDISI, Italy 1997-03-29</dateline>
<text>
<p>Italy said on Saturday that it was possible more than four people had died when an Albanian boat collided with a navy corvette and sank in the Adriatic but it doubted survivors' accounts that up to 100 may have perished.</p>
<p>Admiral Angelo Mariani, the navy chief of staff, told a news conference in Rome that four Albanians -- three women and a man -- had died in the incident in international waters on Friday evening and 34 people had been rescued.</p>
<p>He said the search for survivors was continuing.</p>
<p>&quot;I cannot exclude unfortunately that there were other people on board but I don't think there could have been too many more below deck,&quot; Mariani said. &quot;It seems exaggerated to me that there could have been 100 people on board.&quot;</p>
<p>Survivors arriving in the southern port of Brindisi during the night feared many more had perished.</p>
<p>&quot;More than 50 of us died,&quot; one Albanian man shouted to reporters gathered on the dock.</p>
<p>Mariani said that such a figure was unlikely since the boat, an ageing Russian-built harbour patrol craft, was about 20 metres long and had limited space below deck.</p>
<p>He added that the ship had stayed afloat for about an hour before sinking.</p>
<p>In response to a question, he acknowledged that people with no seafaring experience caught below deck could have have had difficulties reaching the surface.</p>
<p>Officers on the corvette Sibilla had seen no sign of passengers below deck through the boat's portholes.</p>
<p>Survivors taken to Brindisi told reporters variously that there were between 70 and more than 100 people on the ship at the time. A number of passengers were children, they said.</p>
<p>The Albanian boat sank after being approached by the Sibilla which was seeking to head it off from Italian waters in accordance with government orders.</p>
<p>The defence ministry said on Friday that the Albanian boat, with about 30 people visible on deck, had collided with the Sibilla after cutting across its bows abruptly.</p>
<p>Italy, concerned that many Albanian refugees are looking for a better life abroad rather than fleeing real danger, has ordered the navy to patrol the Adriatic to halt the flow.</p>
<p>The deterrence operation, introduced on Monday, involves intercepting Albanian ships before they enter Italian waters and then advising them to turn back for home.</p>
<p>Mariani defended the navy action and the Sibilla's captain Fabrizio Laudadio, saying the patrols would continue.</p>
<p>&quot;As far as we are concerned, it was they who hit us,&quot; the admiral said of the incident.</p>
<p>&quot;The accident happened because the Albanian ship behaved in an unpredictable and irresponsible way.&quot;</p>
<p>Mariani, who met the Albanian ambassador to Rome, said Tirana had informed Italy that the Albanian boat was piloted by &quot;local criminals&quot; with no seafaring experience.</p>
<p>&quot;Obviously the person at the helm did not know what he was doing or he made a big error of evaluation to think that he could cut off the corvette,&quot; he said.</p>
<p>Some politicians criticised the navy actions while others pointed the finger at Albania. Fringe groups called for the resignation of Defence Minister Beniamino Andreatta.</p>
<p>Cosmo Ruppi, the Roman Catholic archbishop of the southern Italian town of Lecce, said the tragedy &quot;weighed on the consciences of men&quot; and could have been avoided.</p>
<p>More than 13,000 Albanians have reached Italy in the past two weeks on a flotilla of ancient and rusty boats after rebels in the impoverished Balkan country took control of towns in the south in an armed insurrection.</p>
<p>The sinking was the first incident involving fatalities since the exodus of Albanians began on March 13.</p>
</text>
<copyright>(c) Reuters Limited 1997</copyright>
<metadata>
<codes class="bip:countries:1.0">
  <code code="ALB">
    <editdetail attribution="Reuters BIP Coding Group" action="confirmed" date="1997-03-29"/>
  </code>
  <code code="ITALY">
    <editdetail attribution="Reuters BIP Coding Group" action="confirmed" date="1997-03-29"/>
  </code>
</codes>
<codes class="bip:topics:1.0">
  <code code="GCAT">
    <editdetail attribution="Reuters BIP Coding Group" action="confirmed" date="1997-03-29"/>
  </code>
  <code code="GDIP">
    <editdetail attribution="Reuters BIP Coding Group" action="confirmed" date="1997-03-29"/>
  </code>
  <code code="GDIS">
    <editdetail attribution="Reuters BIP Coding Group" action="confirmed" date="1997-03-29"/>
  </code>
</codes>
<dc element="dc.date.created" value="1997-03-29"/>
<dc element="dc.publisher" value="Reuters Holdings Plc"/>
<dc element="dc.date.published" value="1997-03-29"/>
<dc element="dc.source" value="Reuters"/>
<dc element="dc.creator.location" value="BRINDISI, Italy"/>
<dc element="dc.creator.location.country.name" value="ITALY"/>
<dc element="dc.source" value="Reuters"/>
</metadata>
</newsitem>
