<?xml version="1.0" encoding="iso-8859-1" ?>
<newsitem itemid="475445" id="root" date="1997-03-29" xml:lang="en">
<title>ITALY: Italy says unlikely many died on Albanian ship.</title>
<headline>Italy says unlikely many died on Albanian ship.</headline>
<dateline>ROME 1997-03-28</dateline>
<text>
<p>The Italian navy said on Saturday it was possible that more than four people had died after a boat of Albanian refugees sank in the Adriatic but it doubted much higher estimates given by some survivors.</p>
<p>&quot;It seems exaggerated to me that there could have been 100 people on board,&quot; said Admiral Angelo Mariani. &quot;I can't exclude unfortunately that there were other people on board but I don't think there could have been too many more below deck.&quot;  </p>
<p>Mariani, the navy's chief of staff, told a news conference in Rome that the Albanian vessel was an ageing Russian-built harbour patrol craft, about 20 metres (65 ft) long and with limited space below deck for a crew of eight.</p>
<p>He said the below-deck area consisted of small sleeping quarters and another cramped space towards the bow. No military personnel were on board and the boat was piloted by inexperienced people.</p>
<p>Mariani said officers on the Italian corvette Sibilla, involved in a collision with the boat, had seen no sign of any passengers through the portholes before it sank. Four bodies have been recovered and 34 people rescued so far.</p>
<p>The admiral, who defended the navy's actions, added that the Albanian vessel had remained afloat for about an hour between capsizing and sinking. He said this suggested there would have been time for anyone below deck to be saved.</p>
</text>
<copyright>(c) Reuters Limited 1997</copyright>
<metadata>
<codes class="bip:countries:1.0">
  <code code="ALB">
    <editdetail attribution="Reuters BIP Coding Group" action="confirmed" date="1997-03-29"/>
  </code>
  <code code="ITALY">
    <editdetail attribution="Reuters BIP Coding Group" action="confirmed" date="1997-03-29"/>
  </code>
</codes>
<codes class="bip:topics:1.0">
  <code code="GCAT">
    <editdetail attribution="Reuters BIP Coding Group" action="confirmed" date="1997-03-29"/>
  </code>
  <code code="GDIP">
    <editdetail attribution="Reuters BIP Coding Group" action="confirmed" date="1997-03-29"/>
  </code>
  <code code="GDIS">
    <editdetail attribution="Reuters BIP Coding Group" action="confirmed" date="1997-03-29"/>
  </code>
</codes>
<dc element="dc.date.created" value="1997-03-28"/>
<dc element="dc.publisher" value="Reuters Holdings Plc"/>
<dc element="dc.date.published" value="1997-03-29"/>
<dc element="dc.source" value="Reuters"/>
<dc element="dc.creator.location" value="ROME"/>
<dc element="dc.creator.location.country.name" value="ITALY"/>
<dc element="dc.source" value="Reuters"/>
</metadata>
</newsitem>
