<?xml version="1.0" encoding="iso-8859-1" ?>
<newsitem itemid="475484" id="root" date="1997-03-29" xml:lang="en">
<title>BANGLADESH: Bangladesh former president Ershad ill.</title>
<headline>Bangladesh former president Ershad ill.</headline>
<dateline>DHAKA 1997-03-29</dateline>
<text>
<p>Former Bangladesh president Hossain Mohammad Ershad is suffering from chest pains and has cancelled a four-day tour of northern districts, his brother said on Saturday.</p>
<p>G.M. Quader told reporters that the Jatiya Party chief had fallen sick on Friday night and was being flown to Dhaka for treatment.</p>
<p>Doctors in Rangpur, his northern home town, advised Ershad, 68, to take complete rest. The cause of the chest pains was not immediately clear.</p>
<p>Ershad, a retired general, seized power in a 1982 bloodless coup but was deposed in a popular uprising in December 1990.</p>
<p>In 1991 he was jailed for 13 years on charges of corruption and illegal possession of arms while in power, and served more than five years before his release on bail in January.</p>
<p>He had meanwhile been elected to parliament in the June 1996 general election which he contested from his jail cell.</p>
<p>Last week Ershad hit the headlines with reports that his wife had briefly left him in a row over his alleged relationship with Zinat Mosharraf, a Jatiya Party woman legislator.</p>
<p>Newspapers said his wife, Begum Roushan, had gone to live with her sister but Ershad had persuaded her to return home.</p>
<p>They quoted the president, however, as denying there had been any family crisis. His wife was unavailable for comment.</p>
</text>
<copyright>(c) Reuters Limited 1997</copyright>
<metadata>
<codes class="bip:countries:1.0">
  <code code="BANDH">
    <editdetail attribution="Reuters BIP Coding Group" action="confirmed" date="1997-03-29"/>
  </code>
</codes>
<codes class="bip:topics:1.0">
  <code code="GCAT">
    <editdetail attribution="Reuters BIP Coding Group" action="confirmed" date="1997-03-29"/>
  </code>
  <code code="GPOL">
    <editdetail attribution="Reuters BIP Coding Group" action="confirmed" date="1997-03-29"/>
  </code>
  <code code="GPRO">
    <editdetail attribution="Reuters BIP Coding Group" action="confirmed" date="1997-03-29"/>
  </code>
</codes>
<dc element="dc.date.created" value="1997-03-29"/>
<dc element="dc.publisher" value="Reuters Holdings Plc"/>
<dc element="dc.date.published" value="1997-03-29"/>
<dc element="dc.source" value="Reuters"/>
<dc element="dc.creator.location" value="DHAKA"/>
<dc element="dc.creator.location.country.name" value="BANGLADESH"/>
<dc element="dc.source" value="Reuters"/>
</metadata>
</newsitem>
