<?xml version="1.0" encoding="iso-8859-1" ?>
<newsitem itemid="475466" id="root" date="1997-03-29" xml:lang="en">
<title>PAKISTAN: PRESS DIGEST - Pakistan - March 29.</title>
<headline>PRESS DIGEST - Pakistan - March 29.</headline>
<text>
<p>These are the leading stories in the Pakistani press on Saturday. Reuters has not verified these stories and does not vouch for their accuracy.</p>
<p>DAWN</p>
<p>- The government on Friday launched its economic reforms package announcing substantial cuts in tariffs, personal and corporate taxes, general sales tax and abolished regulatory duty. But some economists say the package is likely to widen budget deficit.</p>
<p>- Prime Minister Nawaz Sharif has ordered the authorities to hold an inquiry into the wheat flour shortage and find out its causes.</p>
<p>- Businessmen and industrialists expect a price cut of about five to 10 percent following substantial decline in import and local tariffs announced by the government on Friday.</p>
<p>- Prime Minister Nawaz Sharif has said the government will consult traders and businessmen to work out a system for imposing three percent general sales tax at the retail level from July 1.</p>
<p>BUSINESS RECORDER</p>
<p>- The economic package will reduce the upfront investment cost of projects by 25 to 30 percent.</p>
<p>FINANCIAL POST</p>
<p>- The International Monetary Fund has endorsed the economic reforms programme, Sartaj Aziz said.</p>
<p>THE NEWS</p>
<p>- Foreign secretaries level talks between India and Pakistan have started in New Delhi on an optimistic note.</p>
<p>- The Senate (upper house) was assured by the government that the wheat crises will be over within a couple of days as ships were unloading wheat at Karachi port.</p>
<p>--Islamabad newsroom 9251-274757</p>
</text>
<copyright>(c) Reuters Limited 1997</copyright>
<metadata>
<codes class="bip:countries:1.0">
  <code code="PAKIS">
    <editdetail attribution="Reuters BIP Coding Group" action="confirmed" date="1997-03-29"/>
  </code>
</codes>
<codes class="bip:topics:1.0">
  <code code="GCAT">
    <editdetail attribution="Reuters BIP Coding Group" action="confirmed" date="1997-03-29"/>
  </code>
</codes>
<dc element="dc.publisher" value="Reuters Holdings Plc"/>
<dc element="dc.date.published" value="1997-03-29"/>
<dc element="dc.source" value="Reuters"/>
<dc element="dc.creator.location.country.name" value="PAKISTAN"/>
<dc element="dc.source" value="Reuters"/>
</metadata>
</newsitem>
