<?xml version="1.0" encoding="iso-8859-1" ?>
<newsitem itemid="475474" id="root" date="1997-03-29" xml:lang="en">
<title>INDIA: India to set up oil refinery in Orissa - minister.</title>
<headline>India to set up oil refinery in Orissa - minister.</headline>
<dateline>NEW DELHI 1997-03-29</dateline>
<text>
<p>India's junior Petroleum Minister T.R. Balu was quoted on Saturday as saying an oil refinery costing an estimated 85 billion rupees ($2.4 billion) would to be set up in the eastern state of Orissa.</p>
<p>The Press Trust of India (PTI) quoted Balu as saying the proposed refinery would be commissioned near the port town of Paradip during the ninth five-year plan period beginning on April 1, 1997.</p>
<p>The news agency quoted Balu as saying the refinery would be set up by the state-run Indian Oil Corp (IOC) in a joint venture with the Kuwait Oil Corp.</p>
<p>Both IOC and Kuwait Oil Corp will hold an equity of 26 percent. The rest would be raised through market borrowing, Balu said.</p>
<p>Balu was speaking at a news conference in Orissa's state capital Bhubaneshwar.</p>
<p>He said the the annual capacity of the refinery will be increased to nine million tonnes from six million planned earlier.</p>
<p>&quot;The change in capacity has been approved by the IOC board last week and I will get it approved in the cabinet soon,&quot; PTI quoted Balu as saying.</p>
<p>He said an investment of 106.31 billion rupees has been envisaged for the devlopment of Orissa's oil sector during the ninth plan.</p>
<p>Apart from the refinery, the other projects that would be taken up in Orissa include three petroleum storage tanks and a 390 km pipeline from Paradip in Orissa to Ranchi in the neighbouring Bihar state.</p>
<p>A liquefied petroleum gas (LPG) import facility at Paradip and two LPG bottling plants would be set up during the ninth plan, Balu added. ($1 = 35.8 rupees)</p>
<p>-- New Delhi newsroom +91-11 301 2024</p>
</text>
<copyright>(c) Reuters Limited 1997</copyright>
<metadata>
<codes class="bip:countries:1.0">
  <code code="INDIA">
    <editdetail attribution="Reuters BIP Coding Group" action="confirmed" date="1997-03-29"/>
  </code>
  <code code="KUWAIT">
    <editdetail attribution="Reuters BIP Coding Group" action="confirmed" date="1997-03-29"/>
  </code>
</codes>
<codes class="bip:industries:1.0">
  <code code="I13000">
    <editdetail attribution="Reuters BIP Coding Group" action="confirmed" date="1997-03-29"/>
  </code>
  <code code="I14000">
    <editdetail attribution="Reuters BIP Coding Group" action="confirmed" date="1997-03-29"/>
  </code>
</codes>
<codes class="bip:topics:1.0">
  <code code="C11">
    <editdetail attribution="Reuters BIP Coding Group" action="confirmed" date="1997-03-29"/>
  </code>
  <code code="C24">
    <editdetail attribution="Reuters BIP Coding Group" action="confirmed" date="1997-03-29"/>
  </code>
  <code code="CCAT">
    <editdetail attribution="Reuters BIP Coding Group" action="confirmed" date="1997-03-29"/>
  </code>
</codes>
<dc element="dc.date.created" value="1997-03-29"/>
<dc element="dc.publisher" value="Reuters Holdings Plc"/>
<dc element="dc.date.published" value="1997-03-29"/>
<dc element="dc.source" value="Reuters"/>
<dc element="dc.creator.location" value="NEW DELHI"/>
<dc element="dc.creator.location.country.name" value="INDIA"/>
<dc element="dc.source" value="Reuters"/>
</metadata>
</newsitem>
