<?xml version="1.0" encoding="iso-8859-1" ?>
<newsitem itemid="475492" id="root" date="1997-03-29" xml:lang="en">
<title>AFGHANISTAN: Taleban seek world's purest Islamic state.</title>
<headline>Taleban seek world's purest Islamic state.</headline>
<byline>Tim Johnston</byline>
<dateline>KABUL 1997-03-29</dateline>
<text>
<p>The head of the Taleban's religious police said on Saturday that they wanted to establish the world's purest Islamic state and re-establish Afghan culture.</p>
<p>&quot;Ultimately we want to establish the purest Islamic state in the world,&quot; Maulawi Rafiullah Muazin, head of the Department for Promoting Virtue and Preventing Vice, told reporters.</p>
<p>Since the Taleban took over Kabul six months ago they have ordered men to grow their beards and wear traditional Afghan dress. They have driven women from the workplace and made the burqa, a shroud-like head-to-toe veil with a small hexagonal patch of gauze over the eyes, mandatory dress for all women outside the home.</p>
<p>Muazin said that a final decision on women's rights to work would have to wait until the whole of Afghanistan was under Taleban control.</p>
<p>&quot;The government is paying those women who used to work in the ministries. They will have to sit in their homes until an Islamic government is established throughout Afghanistan, and then a decision will be made about their status by Islamic scholars.&quot;</p>
<p>Muazin added that Afghanistan's Islamic culture had been altered over the last half-century, particularly in the urban centres, and had only remained pure in the villages. He said that the Taleban were trying to redress the balance.</p>
<p>&quot;Our culture has been greatly changed over the past 40 or 50 years, particularly in Kabul. In the villages the culture has not changed much. For example, allowing women to go to work is a change in culture,&quot; he said.</p>
<p>&quot;The Taleban are trying to purify our culture. We are trying to re-establish a purist Islamic culture and tradition.&quot;</p>
<p>Muazin defended the Taleban's policy of punishing those who trimmed their beards.</p>
<p>&quot;There can be no question that trimming beards is unIslamic.&quot; he said.</p>
<p>Muazin said that his department, which reports directly to the head of the Taleban movement, Mullah Mohammed Omar, had dismissed almost 100 people, including deputy ministers and heads of department, from government posts over the past few days for trimming their beards.</p>
<p>&quot;Even deputy ministers have been dismissed for trimming their beards, and I have told them that there is no chance of getting their jobs back. We have been telling them for three or four months not to trim their beards and now they have no excuse,&quot; he said.</p>
<p>Muazin defended the work of his department in forcing people to pray five times daily and grow their beards, saying that their decrees were for the spiritual welfare of the population.</p>
<p>&quot;By forcing people to pray five times a day and grow their beards, we are not being cruel; it is for their benefit in the next world,&quot; he said.</p>
<p>Muazin accused the West of hypocracy in its reaction to the Taleban's attempts to bring Afghanistan back to its roots.</p>
<p>&quot;In the time of King Zahir Shah (who was deposed in 1973), Afghans were not allowed into certain buildings in Kabul if they were not wearing Western dress, but no one complained about that,&quot; he said.</p>
<p>Muazin said that despite their intention to re-impose a purified culture on Afghanistan, the Taleban were not against progress, as long as it conformed to their strict interpretation of Islamic law.</p>
<p>&quot;We are not against progress. For instance we are not against rockets going into space, but we are against a man and a woman who are not married sharing the rocket,&quot; he said.</p>
</text>
<copyright>(c) Reuters Limited 1997</copyright>
<metadata>
<codes class="bip:countries:1.0">
  <code code="AFGH">
    <editdetail attribution="Reuters BIP Coding Group" action="confirmed" date="1997-03-29"/>
  </code>
</codes>
<codes class="bip:topics:1.0">
  <code code="GCAT">
    <editdetail attribution="Reuters BIP Coding Group" action="confirmed" date="1997-03-29"/>
  </code>
  <code code="GCRIM">
    <editdetail attribution="Reuters BIP Coding Group" action="confirmed" date="1997-03-29"/>
  </code>
  <code code="GPOL">
    <editdetail attribution="Reuters BIP Coding Group" action="confirmed" date="1997-03-29"/>
  </code>
  <code code="GREL">
    <editdetail attribution="Reuters BIP Coding Group" action="confirmed" date="1997-03-29"/>
  </code>
</codes>
<dc element="dc.date.created" value="1997-03-29"/>
<dc element="dc.publisher" value="Reuters Holdings Plc"/>
<dc element="dc.date.published" value="1997-03-29"/>
<dc element="dc.source" value="Reuters"/>
<dc element="dc.creator.location" value="KABUL"/>
<dc element="dc.creator.location.country.name" value="AFGHANISTAN"/>
<dc element="dc.source" value="Reuters"/>
</metadata>
</newsitem>
