<?xml version="1.0" encoding="iso-8859-1" ?>
<newsitem itemid="475459" id="root" date="1997-03-29" xml:lang="en">
<title>INDIA: Indian oils &amp; oilseeds  prices-Delhi-March 29.</title>
<headline>Indian oils &amp; oilseeds  prices-Delhi-March 29.</headline>
<text>
<p>Time: 291338  - Tel: 011 331 2724</p>
<p>				    Indicative		 Previous</p>
<p>Oilseeds			    opening		   close</p>
<p>		    (in rupees per 100 kg. unless stated)</p>
<p>----------------------------------------------------------------</p>
<p>-</p>
<p>Mustard			     1160-1180		  1180-1200</p>
<p>Cottonseed			   950-1100		   950-1120</p>
<p>Sesame				1300-1500		  1300-1500</p>
<p>Groundnut			   1500-1770		  1500-1770</p>
<p>Sunflower			   1025-1180		  1025-1180</p>
<p>Linseed				900-920		    900-920</p>
<p>-----------</p>
<p>Edible oils</p>
<p>-----------</p>
<p>Vanaspati   (15 kg)		520-540		    520-540</p>
<p>G.nut Solv. Ref.  (15 kg)	545-600		    545-600</p>
<p>Mustard Pk. ghani (15 kg)	420-430		    415-425</p>
<p>Mustard Ka. ghani (15 kg)	455-525		    450-520</p>
<p>Groundnut (mill delivery)     3300			 3250</p>
<p>Sesame   (mill delivery)	2950			 2900</p>
<p>Soyabean  (mill delivery)     2650			 2650</p>
<p>Cottonseed(mill delivery)     2750			 2750</p>
<p>.</p>
<p>Source: Delhi oilseeds market traders</p>
<p>To contribute to this daily table of indicative market rates, please fax Delhi on 011-332 0841, attention Subhash Chopra &amp; Satish Sharma.</p>
</text>
<copyright>(c) Reuters Limited 1997</copyright>
<metadata>
<codes class="bip:countries:1.0">
  <code code="INDIA">
    <editdetail attribution="Reuters BIP Coding Group" action="confirmed" date="1997-03-29"/>
  </code>
</codes>
<codes class="bip:topics:1.0">
  <code code="M14">
    <editdetail attribution="Reuters BIP Coding Group" action="confirmed" date="1997-03-29"/>
  </code>
  <code code="M141">
    <editdetail attribution="Reuters BIP Coding Group" action="confirmed" date="1997-03-29"/>
  </code>
  <code code="MCAT">
    <editdetail attribution="Reuters BIP Coding Group" action="confirmed" date="1997-03-29"/>
  </code>
</codes>
<dc element="dc.publisher" value="Reuters Holdings Plc"/>
<dc element="dc.date.published" value="1997-03-29"/>
<dc element="dc.source" value="Reuters"/>
<dc element="dc.creator.location.country.name" value="INDIA"/>
<dc element="dc.source" value="Reuters"/>
</metadata>
</newsitem>
