<?xml version="1.0" encoding="iso-8859-1" ?>
<newsitem itemid="475413" id="root" date="1997-03-29" xml:lang="en">
<title>ITALY: Italy says shipwreck makes Albanian mission urgent.</title>
<headline>Italy says shipwreck makes Albanian mission urgent.</headline>
<byline>Philip Pullella</byline>
<dateline>ROME 1997-03-29</dateline>
<text>
<p>Italian Prime Minister Romano Prodi said on Saturday that the sinking of a refugee boat had made an international mission to help Albania more urgent as a row raged over the number of people who may have died.</p>
<p>Prodi also told reporters that a navy operation to patrol the southern Adriatic and stem a tide of refugees would continue because it had Albanian government approval.</p>
<p>&quot;This event shows that the international operation to help Albania has to begin as soon as possible,&quot; Prodi said.</p>
<p>The U.N. Security Council late on Friday authorised the mission to help the country recover from violence and anarchy.</p>
<p>Franz Vranitzky, the envoy of Europe's top security body the OSCE, said an Italian-led force to guard aid deliveries could be dispatched within two weeks.</p>
<p>Survivors of the sinking accident said more than 100 refugees may have been on the ageing Russian-made harbour patrol craft when it went down on Friday night after colliding with a navy vessel patrolling the Adriatic.</p>
<p>Italy's top navy official said that while he could not exclude that more than four people had died, he believed the boat was too small to have contained many people below deck.</p>
<p>Admiral Angelo Mariani told a news conference that 34 people were rescued after the accident in international waters between Italy and Albania and four bodies had been recovered.</p>
<p>&quot;I cannot exclude unfortunately that there were other people on board but I don't think there could have been too many more below deck,&quot; Mariani said.</p>
<p>Coastguards said the search for survivors or bodies was being hampered by bad weather at sea.</p>
<p>Survivors among the rescued passengers arriving in the southern port of Brindisi during the night feared many more than four had perished. Most placed the number of passengers at between 70 and more than 100, a number of them children.</p>
<p>&quot;More than 50 of us died,&quot; one Albanian man shouted to reporters gathered on the dock.</p>
<p>The Italian news agency Ansa, in a report from Vlore, the Albanian port from where the boat left, quoted witnesses as saying that there were &quot;no fewer than 120 people&quot; on board.</p>
<p>&quot;I can't believe that there were that many people on board ... it seems exaggerated to me that there could have been 100...,&quot; Mariani said in response to questions.</p>
<p>Mariani said he believed that such a figure was unlikely since the boat was about 20 metres long, usually carried a crew of eight, and had limited passenger space below deck.</p>
<p>The navy said there were some 30 people on the deck when the boat capsized. Officers on the corvette Sibilla, which was in collision with the Albanian boat, had seen no sign of passengers below deck through the boat's portholes.</p>
<p>The navy said the Sibilla hit the Albanian boat after it had cut across its bows abruptly. It sank about an hour later.</p>
<p>&quot;As far as we are concerned, it was they who hit us,&quot; the admiral said. &quot;The accident happened because the Albanian ship behaved in an unpredictable and irresponsible way.&quot;</p>
<p>Mariani said Tirana had informed Italy that the Albanian boat was piloted by &quot;local criminals&quot;.</p>
<p>Italy, concerned that many Albanian refugees are looking for a better life abroad rather than fleeing real danger, has ordered the navy to patrol the Adriatic to halt the flow.</p>
<p>The operation involves intercepting Albanian ships outside Italian waters and advising them to turn back.</p>
<p>Some politicians criticised the navy actions while others pointed the finger at Albania. Fringe groups called for the resignation of Defence Minister Beniamino Andreatta.</p>
<p>More than 13,000 Albanians have reached Italy in the past two weeks on a flotilla of ancient boats after rebels in the south took control of towns in an armed insurrection.</p>
<p>The sinking was the first incident involving fatalities since the exodus began on March 13.</p>
</text>
<copyright>(c) Reuters Limited 1997</copyright>
<metadata>
<codes class="bip:countries:1.0">
  <code code="ALB">
    <editdetail attribution="Reuters BIP Coding Group" action="confirmed" date="1997-03-29"/>
  </code>
  <code code="ITALY">
    <editdetail attribution="Reuters BIP Coding Group" action="confirmed" date="1997-03-29"/>
  </code>
  <code code="UN">
    <editdetail attribution="Reuters BIP Coding Group" action="confirmed" date="1997-03-29"/>
  </code>
</codes>
<codes class="bip:topics:1.0">
  <code code="GCAT">
    <editdetail attribution="Reuters BIP Coding Group" action="confirmed" date="1997-03-29"/>
  </code>
  <code code="GDEF">
    <editdetail attribution="Reuters BIP Coding Group" action="confirmed" date="1997-03-29"/>
  </code>
  <code code="GDIP">
    <editdetail attribution="Reuters BIP Coding Group" action="confirmed" date="1997-03-29"/>
  </code>
  <code code="GDIS">
    <editdetail attribution="Reuters BIP Coding Group" action="confirmed" date="1997-03-29"/>
  </code>
  <code code="GVIO">
    <editdetail attribution="Reuters BIP Coding Group" action="confirmed" date="1997-03-29"/>
  </code>
</codes>
<dc element="dc.date.created" value="1997-03-29"/>
<dc element="dc.publisher" value="Reuters Holdings Plc"/>
<dc element="dc.date.published" value="1997-03-29"/>
<dc element="dc.source" value="Reuters"/>
<dc element="dc.creator.location" value="ROME"/>
<dc element="dc.creator.location.country.name" value="ITALY"/>
<dc element="dc.source" value="Reuters"/>
</metadata>
</newsitem>
