<?xml version="1.0" encoding="iso-8859-1" ?>
<newsitem itemid="475436" id="root" date="1997-03-29" xml:lang="en">
<title>FRANCE: France's National Front congress opens.</title>
<headline>France's National Front congress opens.</headline>
<dateline>STRASBOURG, France 1997-03-29</dateline>
<text>
<p>France's far-right National Front opened a congress on Saturday to draft strategy for a general election due next year which it hopes will propel the party into mainstream politics.</p>
<p>Front leader Jean-Marie Le Pen waved to a standing ovation from the 2,200 delegates as the three-day meeting opened amid heavy security in Strasbourg, on the German border, and thousands of demonstrators prepared to march in protest at the anti-immigrant party.  </p>
<p>&quot;Ladies and Gentlemen, I declare the 10th congress of the National Front open,&quot; Le Pen, who hopes voters resentment with immigrants and acute unemployment can lead the Front to a breakthrough in the general election in March 1998, said.</p>
<p>Leaders of the Socialist and Communist parties were among thousands protesters who poured into the city on chartered &quot;freedom trains&quot; for a protest march marking a groundswell of oposition to the Front.</p>
<p>Strasbourg's Socialist mayor Catherine Trautmann, who has said she could not legally ban the congress from her city, has appealed for calm and called in 2,000 police to maintain order.</p>
<p>Le Pen has warned of possible violence and the Front urged delegates to remain closeted in the conference centre, cordoned off by police and its own burly security guards.</p>
</text>
<copyright>(c) Reuters Limited 1997</copyright>
<metadata>
<codes class="bip:countries:1.0">
  <code code="FRA">
    <editdetail attribution="Reuters BIP Coding Group" action="confirmed" date="1997-03-29"/>
  </code>
</codes>
<codes class="bip:topics:1.0">
  <code code="GCAT">
    <editdetail attribution="Reuters BIP Coding Group" action="confirmed" date="1997-03-29"/>
  </code>
  <code code="GPOL">
    <editdetail attribution="Reuters BIP Coding Group" action="confirmed" date="1997-03-29"/>
  </code>
</codes>
<dc element="dc.date.created" value="1997-03-29"/>
<dc element="dc.publisher" value="Reuters Holdings Plc"/>
<dc element="dc.date.published" value="1997-03-29"/>
<dc element="dc.source" value="Reuters"/>
<dc element="dc.creator.location" value="STRASBOURG, France"/>
<dc element="dc.creator.location.country.name" value="FRANCE"/>
<dc element="dc.source" value="Reuters"/>
</metadata>
</newsitem>
