<?xml version="1.0" encoding="iso-8859-1" ?>
<newsitem itemid="475468" id="root" date="1997-03-29" xml:lang="en">
<title>BANGLADESH: PRESS DIGEST - Bangladesh Newspapers - March 29.</title>
<headline>PRESS DIGEST - Bangladesh Newspapers - March 29.</headline>
<text>
<p>These are some of the leading stories in the Bangladesh press on Saturday. Reuters has not verified these stories and does not vouch for their accuracy.</p>
<p>---</p>
<p>THE DAILY STAR</p>
<p>The government is considering legal actions against the brokers, dealers and listed companies which were involved in the recent capital market scam, official sources said.</p>
<p>Malaria fever has claimed more than 2,500 lives in the three hill districts -- Rangamati, Bandarbans and Khagrachari-- and the adjacent coastal district of Cox's Bazar during the last seven year</p>
<p>---</p>
<p>THE INDEPENDENT</p>
<p>The country's 75 percent of the nine million hectres of farmland has substamtially lost fertility due to improper use of chemical fertiliser.</p>
<p>Secretary General of the State Council of China Lua Gan arrives in Dhaka on Saturday on a three-day visit to Bangladesh.</p>
<p>---</p>
<p>BANGLADESH OBSERVER</p>
<p>Former President Hussain Moahammad Ershad on Friday called upon the government to seek people's consent befor allowing trade corridor to India.</p>
<p>U.S. Ambassador in Dhaka David N Merrill on Friday lauded the present state of human rights in Bangladesh.</p>
<p>---</p>
<p>FINANCIAL EXPRESS</p>
<p>About 300,000 Bangladeshi are working illegally in Malaysia.</p>
<p>The report of the Local Governemnt Commission has been finalised and expected to be submitted to the government soon.</p>
</text>
<copyright>(c) Reuters Limited 1997</copyright>
<metadata>
<codes class="bip:countries:1.0">
  <code code="BANDH">
    <editdetail attribution="Reuters BIP Coding Group" action="confirmed" date="1997-03-29"/>
  </code>
</codes>
<codes class="bip:topics:1.0">
  <code code="GCAT">
    <editdetail attribution="Reuters BIP Coding Group" action="confirmed" date="1997-03-29"/>
  </code>
</codes>
<dc element="dc.publisher" value="Reuters Holdings Plc"/>
<dc element="dc.date.published" value="1997-03-29"/>
<dc element="dc.source" value="Reuters"/>
<dc element="dc.creator.location.country.name" value="BANGLADESH"/>
<dc element="dc.source" value="Reuters"/>
</metadata>
</newsitem>
