<?xml version="1.0" encoding="iso-8859-1" ?>
<newsitem itemid="475419" id="root" date="1997-03-29" xml:lang="en">
<title>FRANCE: Anti-far right march in France draws mixed reviews.</title>
<headline>Anti-far right march in France draws mixed reviews.</headline>
<byline>Irwin Arieff</byline>
<dateline>STRASBOURG, France 1996-03-30</dateline>
<text>
<p>Organisers of a mass march against the rise of the far-right National Front in France claimed that it marked a turning point in curbing the party and its fiery leader Jean-Marie Le Pen.</p>
<p>But Le Pen and other Front leaders dismissed the demonstration as meaningless, saying the protesters and not their party were to blame for France's woes.</p>
<p>&quot;The danger does not come from the National Front but from the other side,&quot; Le Pen said at the start of a three-day party congress in Strasbourg, eastern France, on Saturday.</p>
<p>He told the 2,200 delegates: &quot;I want you to go tell the French people they have nothing to fear from the National Front and everything to hope for.&quot;</p>
<p>The party congress is to elect leaders and plot strategy for March 1998 general elections in hopes of breaking into parliament, where it currently has no seats despite Le Pen's 15 percent showing in the 1995 presidential election.</p>
<p>Optimistic about their prospects, Front leaders even began setting out an ambitious legislative programme for next year including the introduction of a preference in education, jobs and social benefits for &quot;native-born&quot; French people.</p>
<p>Other elements of the programme would bar France from European monetary union, send home immigrants and empower citizens to pass laws through a referendum.</p>
<p>Le Pen chose Strasbourg for the congress because it gave him his highest score in 1995 -- 26 percent of the vote in a city that is home to the European parliament and the Council of Europe, set up after World War Two to foster democracy and human rights across the continent.</p>
<p>The march by the Front's opponents was generally peaceful but witnesses said three policemen were injured by stonethrowers trying to reach the congress building. Police responded with tear gas and made seven arrests.</p>
<p>Police later clashed with demonstrators at a rock concert in the city centre, firing tear gas at hundreds of young people after some of them set fire to a car and threw bottles at them.</p>
<p>There was no immediate word on arrests but several people at the rock concert were slightly injured by flying glass.</p>
<p>The march, organised by an ad hoc coalition of mostly leftist groups, attracted tens of thousands of people who came from Spain, Italy, Germany, Switzerland and Belgium as well as France.</p>
<p>&quot;It is the first day of the reconquest of minds lost to the National Front,&quot; said Greens leader Dominique Voynet, who marched with Socialist Party leader Lionel Jospin, Communist chief Robert Hue and Strasbourg's Socialist mayor Catherine Trautmannn.</p>
<p>The Front has appeared to soar in strength and influence in recent months. Since the 1995 presidential poll, it has won four town halls including the Provence town of Vitrolles last month.</p>
<p>It also weighed heavily in the centre-right government's decision to tighten immigration laws, giving it the appearance of setting the national agenda on an issue troubling many voters.</p>
<p>While publicity about the party and its outspoken leader is often negative, Le Pen basks in the media spotlight, convinced that all publicity is good publicity.</p>
<p>The congress will re-elect him as party president, choose a central committee and draft an election platform and campaign strategy. Le Pen, 68, the party's founder, is unopposed and has refused to discuss a successor.</p>
</text>
<copyright>(c) Reuters Limited 1997</copyright>
<metadata>
<codes class="bip:countries:1.0">
  <code code="FRA">
    <editdetail attribution="Reuters BIP Coding Group" action="confirmed" date="1997-03-29"/>
  </code>
</codes>
<codes class="bip:topics:1.0">
  <code code="GCAT">
    <editdetail attribution="Reuters BIP Coding Group" action="confirmed" date="1997-03-29"/>
  </code>
  <code code="GPOL">
    <editdetail attribution="Reuters BIP Coding Group" action="confirmed" date="1997-03-29"/>
  </code>
  <code code="GVIO">
    <editdetail attribution="Reuters BIP Coding Group" action="confirmed" date="1997-03-29"/>
  </code>
</codes>
<dc element="dc.date.created" value="1996-03-30"/>
<dc element="dc.publisher" value="Reuters Holdings Plc"/>
<dc element="dc.date.published" value="1997-03-29"/>
<dc element="dc.source" value="Reuters"/>
<dc element="dc.creator.location" value="STRASBOURG, France"/>
<dc element="dc.creator.location.country.name" value="FRANCE"/>
<dc element="dc.source" value="Reuters"/>
</metadata>
</newsitem>
