<?xml version="1.0" encoding="iso-8859-1" ?>
<newsitem itemid="475495" id="root" date="1997-03-29" xml:lang="en">
<title>BANGLADESH: Bangladesh taka closes firmer as call rates up.</title>
<headline>Bangladesh taka closes firmer as call rates up.</headline>
<dateline>DHAKA 1997-03-29</dateline>
<text>
<p>An abrupt rise in call money rates helped the Bangladesh taka close firmer at 43.2920/2950 to the dollar in interbank trading on Saturday against the previous close at 43.2920/2980, dealers said.</p>
<p>&quot;Many banks offered dollar at cheaper rates but there was not much response from buyers. Many a bank didn't have enough taka to buy dollars. There were very few deals,&quot; said one dealer.</p>
<p>The call money was traded at 9 to 10 percent, up from previous 6.0-6.25 percent, dealers said. Call rates shot up as Thursday's auction of central bank bills worth over two billion taka put some banks in a temporary liquidity crisis.</p>
<p>- Dhaka Newsroom +880-2-506363</p>
</text>
<copyright>(c) Reuters Limited 1997</copyright>
<metadata>
<codes class="bip:countries:1.0">
  <code code="BANDH">
    <editdetail attribution="Reuters BIP Coding Group" action="confirmed" date="1997-03-29"/>
  </code>
</codes>
<codes class="bip:topics:1.0">
  <code code="M13">
    <editdetail attribution="Reuters BIP Coding Group" action="confirmed" date="1997-03-29"/>
  </code>
  <code code="M131">
    <editdetail attribution="Reuters BIP Coding Group" action="confirmed" date="1997-03-29"/>
  </code>
  <code code="MCAT">
    <editdetail attribution="Reuters BIP Coding Group" action="confirmed" date="1997-03-29"/>
  </code>
</codes>
<dc element="dc.date.created" value="1997-03-29"/>
<dc element="dc.publisher" value="Reuters Holdings Plc"/>
<dc element="dc.date.published" value="1997-03-29"/>
<dc element="dc.source" value="Reuters"/>
<dc element="dc.creator.location" value="DHAKA"/>
<dc element="dc.creator.location.country.name" value="BANGLADESH"/>
<dc element="dc.source" value="Reuters"/>
</metadata>
</newsitem>
