<?xml version="1.0" encoding="iso-8859-1" ?>
<newsitem itemid="475404" id="root" date="1997-03-29" xml:lang="en">
<title>USA: Coast Guard ups restrictions on Mississippi traffic.</title>
<headline>Coast Guard ups restrictions on Mississippi traffic.</headline>
<dateline>NEW YORK 1997-03-28</dateline>
<text>
<p>The Coast Guard Friday added safety restrictions on Mississippi River commerce because of surging floodwaters and a dangerously fast current caused by the heaviest spring run-off in more than 60 years.</p>
<p>&quot;We have never as an industry had to resort to this level of safety on the Mississippi ... (and) it is significantly slowing things down,&quot; said Ken Wells, southern area vice president of the American Waterways Operators, a Washington-based trade association representing cargo carriers.</p>
<p>&quot;But there is enough concern for safety that nobody has been complaining,&quot; Wells added.</p>
<p>&quot;The last time (the river) got this high was 1983 (and) the current is more difficult to deal with,&quot; said John Cascio, general manager of Moran Gulf Shipping Agencies in New Orleans, whose company handles 18 ships.</p>
<p>&quot;But it would be irresponsible to shut down the river. There's so much commerce, a total shutdown would cripple a lot of people,&quot; Cascio said.</p>
<p>The Coast Guard ruled Friday that tank vessels or tank ships with 1,600 gross tons or more carrying certain petroleum products or chemicals, as well as deep-draft chemical tank ships, must travel in daylight hours only between mile 88 (New Orleans) and mile 233 (Baton Rouge) of the river.</p>
<p>A number of restrictions already in place, such as a sharp cut in tugboat loads, has cut the commercial river traffic &quot;by a third to half&quot; said Wells, who added that backed-up traffic at the industrial canal lock at New Orleans and elsewhere also is adding to delays.</p>
<p>Last Tuesday Louisiana Governor Murphy J. Foster warned large industry along the river that he might press the Coast Guard for a total shutdown of the river if he thought the population was at risk.</p>
<p>On Wednesday five government buildings and schools near the governor's office in Baton Rouge were evacuated after some people complained of dizziness and blurred vision. The evacuation was linked to a barge which capsized on March 17 after its tow hit the U.S. 190 bridge in Baton Rouge, spilling a liquid hydrocarbon containing toxic benzene.</p>
<p>A sky-blue chemical fog that intermittently has plagued local residents appeared to dissipate Friday after the barge was righted, authorities said.</p>
<p>Coast Guard spokesman Chris Haley told Reuters the barge was righted without incident by two cranes brought downriver from Vicksburg. &quot;There has been vapour in the area around the barge but it hasn't spread to land,&quot; he said.</p>
<p>The Mississippi is one of the world's busiest waterways, with around half-a-million tons of cargo traffic a year, according to U.S. Army Corps of Engineers data. Around a quarter of that consists of oil and oil products and chemicals, the figures show.</p>
</text>
<copyright>(c) Reuters Limited 1997</copyright>
<metadata>
<codes class="bip:countries:1.0">
  <code code="USA">
    <editdetail attribution="Reuters BIP Coding Group" action="confirmed" date="1997-03-29"/>
  </code>
</codes>
<codes class="bip:industries:1.0">
  <code code="I72603">
    <editdetail attribution="Reuters BIP Coding Group" action="confirmed" date="1997-03-29"/>
  </code>
</codes>
<codes class="bip:topics:1.0">
  <code code="C13">
    <editdetail attribution="Reuters BIP Coding Group" action="confirmed" date="1997-03-29"/>
  </code>
  <code code="CCAT">
    <editdetail attribution="Reuters BIP Coding Group" action="confirmed" date="1997-03-29"/>
  </code>
  <code code="GCAT">
    <editdetail attribution="Reuters BIP Coding Group" action="confirmed" date="1997-03-29"/>
  </code>
  <code code="GENV">
    <editdetail attribution="Reuters BIP Coding Group" action="confirmed" date="1997-03-29"/>
  </code>
</codes>
<dc element="dc.date.created" value="1997-03-28"/>
<dc element="dc.publisher" value="Reuters Holdings Plc"/>
<dc element="dc.date.published" value="1997-03-29"/>
<dc element="dc.source" value="Reuters"/>
<dc element="dc.creator.location" value="NEW YORK"/>
<dc element="dc.creator.location.country.name" value="USA"/>
<dc element="dc.source" value="Reuters"/>
</metadata>
</newsitem>
