<?xml version="1.0" encoding="iso-8859-1" ?>
<newsitem itemid="475475" id="root" date="1997-03-29" xml:lang="en">
<title>INDIA: At least 12 killed in Kashmir blasts - police.</title>
<headline>At least 12 killed in Kashmir blasts - police.</headline>
<dateline>JAMMU, India 1997-03-29</dateline>
<text>
<p>At least 12 people died and 50 were injured on Saturday when two bombs exploded at the central bus station in this city in India's Jammu and Kashmir state, police said.  </p>
<p>Police told Reuters several women and children were among the injured and 16 people were in serious condition.</p>
<p>Eight people in a tourist bus waiting to depart died instantly in the first blast and eight more succumbed to their injuries as they were being taken to hospital, eyewitnesses said. The tourist bus was gutted and two others parked nearby were badly damaged by a second blast a few minutes later.</p>
<p>Most of the injured were taken to the Government Medical College in the city, the winter capital of Jammu and Kashmir state.</p>
<p>The witnesses said an angry crowd gathered at the bus station and hurled stones at policy and emergency workers who rushed to the scene.</p>
</text>
<copyright>(c) Reuters Limited 1997</copyright>
<metadata>
<codes class="bip:countries:1.0">
  <code code="INDIA">
    <editdetail attribution="Reuters BIP Coding Group" action="confirmed" date="1997-03-29"/>
  </code>
</codes>
<codes class="bip:topics:1.0">
  <code code="GCAT">
    <editdetail attribution="Reuters BIP Coding Group" action="confirmed" date="1997-03-29"/>
  </code>
  <code code="GVIO">
    <editdetail attribution="Reuters BIP Coding Group" action="confirmed" date="1997-03-29"/>
  </code>
</codes>
<dc element="dc.date.created" value="1997-03-29"/>
<dc element="dc.publisher" value="Reuters Holdings Plc"/>
<dc element="dc.date.published" value="1997-03-29"/>
<dc element="dc.source" value="Reuters"/>
<dc element="dc.creator.location" value="JAMMU, India"/>
<dc element="dc.creator.location.country.name" value="INDIA"/>
<dc element="dc.source" value="Reuters"/>
</metadata>
</newsitem>
