<?xml version="1.0" encoding="iso-8859-1" ?>
<newsitem itemid="475470" id="root" date="1997-03-29" xml:lang="en">
<title>INDIA: Indian Kashmir leader says 14 killed by car bomb.</title>
<headline>Indian Kashmir leader says 14 killed by car bomb.</headline>
<dateline>NEW DELHI 1997-03-29</dateline>
<text>
<p>At least 14 people died on Saturday and more than 50 were injured, some seriously, when a powerful car bomb exploded in the northern city of Jammu, the leader of India's Jammu and Kashmir state said.</p>
<p>&quot;There was only one blast, not two as previously reported,&quot; Farooq Abdullah told Reuters by telephone from Jammu, the state's winter capital. &quot;We strongly condemn this attack. Innocent people have died. Terrorism must stop.&quot;  </p>
<p>Earlier reports had said there were two blasts in the city's crowded central bus station.</p>
<p>Abdullah said the bomb was planted in a Gypsy, an all-terrain vehicle. &quot;There were a lot of vehicles moving around. We don't know if the Gypsy was moving at the time. It destroyed a bus next to it. I have just come back from the hospital and a number of people have been injured by flying metal and glass. One man was very seriously injured.&quot;</p>
<p>The blast occurred on the second day of crucial talks between Indian and Pakistani diplomats in New Delhi. The bitter rivals have fought two wars since independence from Britain in 1947 over the Himalayan territory of Kashmir.</p>
<p>Asked if authorities had any clues as to who had planted the bomb, Abdullah said: &quot;There are a number of people who do not want the talks to succeed. We are trying to determine the origin of the car bomb.&quot;</p>
</text>
<copyright>(c) Reuters Limited 1997</copyright>
<metadata>
<codes class="bip:countries:1.0">
  <code code="INDIA">
    <editdetail attribution="Reuters BIP Coding Group" action="confirmed" date="1997-03-29"/>
  </code>
</codes>
<codes class="bip:topics:1.0">
  <code code="GCAT">
    <editdetail attribution="Reuters BIP Coding Group" action="confirmed" date="1997-03-29"/>
  </code>
  <code code="GVIO">
    <editdetail attribution="Reuters BIP Coding Group" action="confirmed" date="1997-03-29"/>
  </code>
</codes>
<dc element="dc.date.created" value="1997-03-29"/>
<dc element="dc.publisher" value="Reuters Holdings Plc"/>
<dc element="dc.date.published" value="1997-03-29"/>
<dc element="dc.source" value="Reuters"/>
<dc element="dc.creator.location" value="NEW DELHI"/>
<dc element="dc.creator.location.country.name" value="INDIA"/>
<dc element="dc.source" value="Reuters"/>
</metadata>
</newsitem>
