<?xml version="1.0" encoding="iso-8859-1" ?>
<newsitem itemid="475455" id="root" date="1997-03-29" xml:lang="en">
<title>PAKISTAN: Pakistan shuts borders to save wheat stocks.</title>
<headline>Pakistan shuts borders to save wheat stocks.</headline>
<byline>Raja Asghar</byline>
<dateline>ISLAMABAD 1997-03-29</dateline>
<text>
<p>Pakistan has sealed its borders to check the smuggling of wheat out of the country because of flour shortages in parts of the country, a government minister said on Saturday.</p>
<p>Local Government and Rural Development Minister Abida Hussain, quoted by the official APP news agency, said the action had been taken because of flour shortages due to smuggling of wheat from Pakistan, which shares frontiers with Afghanistan, Iran, India and China.</p>
<p>Abida, who is also in charge of the Food and Agriculture portfolio in the cabinet of new Prime Minister Nawaz Sharif, said the government had sealed &quot;all frontiers&quot; since Thursday.</p>
<p>Government sources say most of the smuggled wheat had gone to war-shattered Afghanistan, which depends on Pakistan for most of its food supplies.</p>
<p>Pakistan's own wheat production fell to 17 million tonnes in fiscal 1996/97 from 17.57 million in 1995/96.</p>
<p>Abida said Pakistan had to bear the food burden of Afghanistan and Afghan war refugees here as donor countries had cut back their support after the withdrawal of Soviet occupation forces from there in 1989.</p>
<p>She also said that authorities in Punjab province, which borders India, had also shut down some flour mills that had hoarded wheat and had confiscated some lorries involved in smuggling.</p>
<p>&quot;These measures were taken to overcome the prevailing wheat crisis,&quot; APP quoted the minister as saying.</p>
<p>She said the shortages were created by excessive release of wheat from government stocks to flour mills last year and a 10-day delay in the arrival of imported wheat from abroad.</p>
<p>But she said the situation had eased in the past two days with the offloading of imported wheat at Port Qasim near Karachi and its transportation to other parts of the country.</p>
<p>A Food and Agriculture Ministry official said on Friday that Pakistan was unlikely to tender for 100,000 tonnes of U.S. or Australian wheat this month.</p>
<p>&quot;The import of wheat is out of the question,&quot; the official, who asked not be named, told Reuters. &quot;At this stage wheat import is not feasible.&quot;</p>
<p>The National Shipowners' Association (NSA) said on Saturday that 650,000 tonnes of wheat would reach Pakistan by May 12.</p>
<p>NSA president Masood Bhagpatee said the state-run National Shipping Corporation and the private sector had arranged the shipments in a very short time to maintain an uninterrupted supply of wheat.</p>
</text>
<copyright>(c) Reuters Limited 1997</copyright>
<metadata>
<codes class="bip:countries:1.0">
  <code code="PAKIS">
    <editdetail attribution="Reuters BIP Coding Group" action="confirmed" date="1997-03-29"/>
  </code>
</codes>
<codes class="bip:industries:1.0">
  <code code="I01001">
    <editdetail attribution="Reuters BIP Coding Group" action="confirmed" date="1997-03-29"/>
  </code>
  <code code="I0100132">
    <editdetail attribution="Reuters BIP Coding Group" action="confirmed" date="1997-03-29"/>
  </code>
  <code code="I41600">
    <editdetail attribution="Reuters BIP Coding Group" action="confirmed" date="1997-03-29"/>
  </code>
</codes>
<codes class="bip:topics:1.0">
  <code code="C13">
    <editdetail attribution="Reuters BIP Coding Group" action="confirmed" date="1997-03-29"/>
  </code>
  <code code="C21">
    <editdetail attribution="Reuters BIP Coding Group" action="confirmed" date="1997-03-29"/>
  </code>
  <code code="C31">
    <editdetail attribution="Reuters BIP Coding Group" action="confirmed" date="1997-03-29"/>
  </code>
  <code code="C312">
    <editdetail attribution="Reuters BIP Coding Group" action="confirmed" date="1997-03-29"/>
  </code>
  <code code="CCAT">
    <editdetail attribution="Reuters BIP Coding Group" action="confirmed" date="1997-03-29"/>
  </code>
</codes>
<dc element="dc.date.created" value="1997-03-29"/>
<dc element="dc.publisher" value="Reuters Holdings Plc"/>
<dc element="dc.date.published" value="1997-03-29"/>
<dc element="dc.source" value="Reuters"/>
<dc element="dc.creator.location" value="ISLAMABAD"/>
<dc element="dc.creator.location.country.name" value="PAKISTAN"/>
<dc element="dc.source" value="Reuters"/>
</metadata>
</newsitem>
