<?xml version="1.0" encoding="iso-8859-1" ?>
<newsitem itemid="475405" id="root" date="1997-03-29" xml:lang="en">
<title>USA: Suicide group left multimedia archive on beliefs.</title>
<headline>Suicide group left multimedia archive on beliefs.</headline>
<byline>Jonathan Oatis</byline>
<dateline>NEW YORK 1997-03-28</dateline>
<text>
<p>The 39 people who committed suicide at a Californian mansion believed in a mix of Christianity, science fiction and apocalyptic millennialism, according to the multimedia archive they left behind.</p>
<p>&quot;Planet Earth about to be recycled - Your only chance to survive or evacuate is to leave with us,&quot; says a transcript of an Oct. 5, 1996, videotape posted on the Heaven's Gate group's Web site on the Internet.</p>
<p>&quot;Undercover 'Jesus' Surfaces Before Departure,&quot; reads the title of a statement dated Sept. 25, 1995, and posted on the colourful site crammed with Heaven's Gate writings.</p>
<p>In a section entitled &quot;Our Position Against Suicide,&quot; the group, which ran an Internet services business, thought authorities might arrest them for their beliefs.</p>
<p>The legacy of the 39 men and women -- whose bodies were found on Wednesday at a $1.5 million mansion in exclusive Rancho Santa Fe near San Diego -- include videotapes, a book and the Web site packed with long theological treatises.</p>
<p>Authorities said Marshall Applewhite, identified as the group's charismatic leader, and his followers killed themselves believing a UFO hiding behind the Hale-Bopp comet now visible from Earth would take them to heaven.</p>
<p>Although the group burst into public consciousness with Wednesday's grim discovery, it had been active since the early 1970s, as a &quot;UFO Cult&quot; that received wide news coverage then. The group said it went into seclusion for 17 years before issuing a statement in 1988 and going public in 1992.</p>
<p>In various parts of the Web site, Applewhite outlined a theology in which extraterrestrials belonging to &quot;the level above human&quot; give selected humans &quot;deposits&quot; or &quot;chips&quot; that will enable them to attain heaven.</p>
<p>The site -- a collection of Web pages -- includes a drawing labeled &quot;How a Member of the Kingdom of Heaven might appear&quot; and showing a space alien similar to popular depictions of imagined extraterrestrials. The site sports many pictures of comets, nebulae and other astronomical phenomena.</p>
<p>Applewhite said Jesus Christ was selected by one of these space aliens -- dubbed &quot;a member of the Kingdom of Heaven&quot; -- and that the alien took over the physical body of Jesus around the time of Jesus's baptism by John the Baptist.</p>
<p>Applewhite, citing the Bible in his writings, believed Jesus then had the task of showing the way to membership of heaven.</p>
<p>&quot;... Only those individuals who had received a 'deposit' containing a soul's beginning had the capacity to believe or recognise the Kingdom of Heaven's Representative,&quot; he continued.</p>
<p>&quot;I am in the same position to today's society as was the One that was in Jesus then,&quot; wrote Applewhite, repeatedly referring to events 2,000 years ago.</p>
<p>Applewhite said he and a &quot;task partner&quot; in the early 1970s &quot;incarnated into (moved into and took over) two human bodies that were in their forties.&quot;</p>
<p>Applewhite said his partner, &quot;Ti,&quot; was his &quot;heavenly Father&quot; who created him but that Ti &quot;returned to the Heavens in 1985.&quot; News reports said Ti was a nurse named Bonnie Nettles he met while in a hospital in the 1970s, who later died.</p>
<p>Applewhite said humans' greatest enemy were &quot;Luciferians&quot;: other &quot;space races&quot; who are essentially fallen angels. He attacked sceptics as being subject to &quot;Luciferian programming.&quot;</p>
<p>The suicide discussion mentions the 73 A.D. mass suicide by Jewish Zealots rebelling against Roman rule at a fortress in Masada, Israel. It raises the possibility that because of Heaven's Gate's position, authorities might try to arrest members or subject them to &quot;psychological or physical torture.&quot;</p>
<p>The group referred to the 1992 federal siege on the cabin of Randall Weaver in Idaho's Ruby Ridge area, in which three people died, and the 1993 Waco siege in which more than 80 members of the Branch Davidian cult died following a 51-day stand-off with federal agents.</p>
</text>
<copyright>(c) Reuters Limited 1997</copyright>
<metadata>
<codes class="bip:countries:1.0">
  <code code="USA">
    <editdetail attribution="Reuters BIP Coding Group" action="confirmed" date="1997-03-29"/>
  </code>
</codes>
<codes class="bip:topics:1.0">
  <code code="GCAT">
    <editdetail attribution="Reuters BIP Coding Group" action="confirmed" date="1997-03-29"/>
  </code>
  <code code="GCRIM">
    <editdetail attribution="Reuters BIP Coding Group" action="confirmed" date="1997-03-29"/>
  </code>
  <code code="GREL">
    <editdetail attribution="Reuters BIP Coding Group" action="confirmed" date="1997-03-29"/>
  </code>
</codes>
<dc element="dc.date.created" value="1997-03-28"/>
<dc element="dc.publisher" value="Reuters Holdings Plc"/>
<dc element="dc.date.published" value="1997-03-29"/>
<dc element="dc.source" value="Reuters"/>
<dc element="dc.creator.location" value="NEW YORK"/>
<dc element="dc.creator.location.country.name" value="USA"/>
<dc element="dc.source" value="Reuters"/>
</metadata>
</newsitem>
