<?xml version="1.0" encoding="iso-8859-1" ?>
<newsitem itemid="475422" id="root" date="1997-03-29" xml:lang="en">
<title>FRANCE: French police clash with youths after protests.</title>
<headline>French police clash with youths after protests.</headline>
<dateline>STRASBOURG, France 1997-03-29</dateline>
<text>
<p>French police fired tear gas at several hundred young people at a rock concert in central Strasbourg on Saturday, hours after the end of a massive protest march against the rise of the far right National Front.</p>
<p>Police firing tear gas charged into the crowd of young poeople after the concert became unruly, with youths setting fire to a car and throwing bottles at police.  </p>
<p>The march by opponents of the National Front drew an estimated 40,000 people to the eastern French city and passed off peacefully.</p>
<p>But afterwards some demonstrators threw bottles and eggs at police guarding the convention cente where the Front opened a three-day party congress. They also smashed some shop windows.</p>
<p>The Front was meeting to plan a strategy for breaking into the French parliament, where it currently has no seats, in general elections in March 1988.</p>
</text>
<copyright>(c) Reuters Limited 1997</copyright>
<metadata>
<codes class="bip:countries:1.0">
  <code code="FRA">
    <editdetail attribution="Reuters BIP Coding Group" action="confirmed" date="1997-03-29"/>
  </code>
</codes>
<codes class="bip:topics:1.0">
  <code code="GCAT">
    <editdetail attribution="Reuters BIP Coding Group" action="confirmed" date="1997-03-29"/>
  </code>
  <code code="GCRIM">
    <editdetail attribution="Reuters BIP Coding Group" action="confirmed" date="1997-03-29"/>
  </code>
  <code code="GVIO">
    <editdetail attribution="Reuters BIP Coding Group" action="confirmed" date="1997-03-29"/>
  </code>
</codes>
<dc element="dc.date.created" value="1997-03-29"/>
<dc element="dc.publisher" value="Reuters Holdings Plc"/>
<dc element="dc.date.published" value="1997-03-29"/>
<dc element="dc.source" value="Reuters"/>
<dc element="dc.creator.location" value="STRASBOURG, France"/>
<dc element="dc.creator.location.country.name" value="FRANCE"/>
<dc element="dc.source" value="Reuters"/>
</metadata>
</newsitem>
