<?xml version="1.0" encoding="iso-8859-1" ?>
<newsitem itemid="475400" id="root" date="1997-03-29" xml:lang="en">
<title>USA: Families prepare to bury cult suicide victims.</title>
<headline>Families prepare to bury cult suicide victims.</headline>
<byline>Michael Miller</byline>
<dateline>RANCHO SANTA FE, Calif. 1997-03-29</dateline>
<text>
<p>Families of the victims of a mass cult suicide prepared on Saturday to bury their loved ones, ending one chapter of a tale that mixed computers, religion and science fiction in a bizarre and deadly brew.</p>
<p>All 39 members of the Heaven's Gate cult killed themselves over a period of days by overdosing on the sleeping pill phenobarbitol, taken either in pudding or apple sauce and washed down by gulps of vodka.</p>
<p>According to their suicide notes, the cult members -- who ran a successful business designing computer websites for the Internet -- died in the belief that a spaceship hiding behind the Hale-Bopp comet nearing Earth would take them to heaven.</p>
<p>Their bodies were discovered on Wednesday in the $1.6 million mansion the cult rented in the exclusive San Diego suburb of Rancho Santa Fe, but officials said the death ritual probably began on Saturday with 15 of the group ingesting the deadly mixture, helped by others who later went through the same deadly process.</p>
<p>Calvin Vine, an investigator with the San Diego County Coroner's office, said the funerals would take place in several different states where the deceased had families.</p>
<p>&quot;We have actively discouraged (families) from coming here,&quot; he told reporters. He said that a local funeral home in San Diego was coordinating the removal of the bodies to a number of states. The bodies were expected to be shipped out of San Diego on Monday.</p>
<p>Officials piecing together the grim story of the Heaven's Gate cult suicides on Friday released more bizarre details of a tragedy that has shocked the nation.</p>
<p>Among the new revelations were the fact that some of the males among the 39 victims had been castrated, and that one was the brother of a star of the 1960's &quot;Star Trek&quot; television series -- itself the object of a cult following among fans of science fiction and fantasy.</p>
<p>In a videotaped suicide note aired on Friday, members of the group explained how their deaths were part of a greater plan to join with the space aliens they believed were following the comet Hale-Bopp to Earth.</p>
<p>&quot;We have no hesitation to leave this place, to leave the bodies that we have,&quot; charismatic cult leader Marshall Applewhite, one of those who died, said on the video.</p>
<p>The Washington Post reported in Saturday's edition that Applewhite was fired from his post as music professor at Houston's Catholic University of St. Thomas in 1970, after administrators learned he was in a homosexual relationship with a student.</p>
<p>The Post reported that UFO cults author James Lewis wrote that a depressed and ashamed Applewhite checked into a psychiatric hospital the following year and asked to be &quot;cured&quot; of his homosexual desires.</p>
<p>It was there he met Bonnie Nettles, who became his spiritual companion and co-founder of the group, the Post reported. The couple renounced all sexuality and sought to purge it via their cult.</p>
<p>Coroners had completed autopsies on 30 of the victims by Friday afternoon, and planned to finish the rest over the weekend.</p>
<p>At a news conference on Friday, San Diego County Medical Examiner Dr. Brian Blackbourne said the bodies of the some of the male victims, including Applewhite, had been castrated.</p>
<p>The tragedy at the million dollar mansion touched Hollywood, 200 miles (320 km) to the north, with the revelation that one of the victims was the brother of actress Nichelle Nichols, who played Lt. Uhura in the original &quot;Star Trek&quot; television series.</p>
<p>Thomas Nichols, 59, was one of two black members of the group. Two others were identified as Hispanic, and the rest were white.</p>
<p>&quot;My brother was a highly intelligent and beautiful man. He made his choices and we respect those choices,&quot; Nichelle Nichols said on CNN's Larry King Live programme.</p>
<p>The group sent two tapes to a former cult member and left two at the mansion in which their bodies were found.</p>
<p>According to the list of the dead, the cult members came from California, Texas, New Mexico, Florida, Colorado, Arizona, Washington, Minnesota, Utah and Canada.</p>
</text>
<copyright>(c) Reuters Limited 1997</copyright>
<metadata>
<codes class="bip:countries:1.0">
  <code code="USA">
    <editdetail attribution="Reuters BIP Coding Group" action="confirmed" date="1997-03-29"/>
  </code>
</codes>
<codes class="bip:topics:1.0">
  <code code="GCAT">
    <editdetail attribution="Reuters BIP Coding Group" action="confirmed" date="1997-03-29"/>
  </code>
  <code code="GCRIM">
    <editdetail attribution="Reuters BIP Coding Group" action="confirmed" date="1997-03-29"/>
  </code>
  <code code="GREL">
    <editdetail attribution="Reuters BIP Coding Group" action="confirmed" date="1997-03-29"/>
  </code>
</codes>
<dc element="dc.date.created" value="1997-03-29"/>
<dc element="dc.publisher" value="Reuters Holdings Plc"/>
<dc element="dc.date.published" value="1997-03-29"/>
<dc element="dc.source" value="Reuters"/>
<dc element="dc.creator.location" value="RANCHO SANTA FE, Calif."/>
<dc element="dc.creator.location.country.name" value="USA"/>
<dc element="dc.source" value="Reuters"/>
</metadata>
</newsitem>
