<?xml version="1.0" encoding="iso-8859-1" ?>
<newsitem itemid="475494" id="root" date="1997-03-29" xml:lang="en">
<title>INDIA: India's prime minister meets Pakistani diplomat.</title>
<headline>India's prime minister meets Pakistani diplomat.</headline>
<byline>Alistair Lyon</byline>
<dateline>NEW DELHI 1997-03-29</dateline>
<text>
<p>Indian Prime Minister H.D. Deve Gowda met Pakistan's top diplomat on Saturday in an apparent sign that talks between foreign ministry officials of the rival neighbours have begun well.</p>
<p>Deve Gowda spent about half an hour with Pakistani foreign secretary Shamshad Ahmad at his residence in New Delhi. The two men sat on separate sofas as they posed for photographers.</p>
<p>Talks between Ahmad and his Indian opposite number Salman Haidar were expected to resume for a second day later on Saturday, an official said.</p>
<p>Deve Gowda told visiting South African President Nelson Mandela on Friday of New Delhi's desire to normalise ties with Islamabad to their &quot;mutual advantage&quot;.</p>
<p>The talks are the first since January 1994, when a dialogue foundered on Kashmir. Tension over the disputed Himalayan region sparked two of the three wars the two countries, now threshold nuclear powers, have fought since independence in 1947.</p>
<p>Both sides remained tight-lipped after Friday's two-hour session, but emphasised that the atmosphere had been cordial.</p>
<p>Haidar told reporters all issues had been discussed, repeating the same formula when asked if they included Kashmir.</p>
<p>The Press Trust of India (PTI) news agency quoted &quot;informed sources&quot; as saying the Pakistanis had reiterated their demand for a referendum in the Indian state of Jammu and Kashmir.</p>
<p>PTI said the Indians ruled out any compromise on the state's territorial integrity with India and &quot;told Islamabad to stop the proxy war through sponsored terrorism in Jammu and Kashmir&quot;.</p>
<p>India accuses Pakistan of arming, training and financing Kashmiri Moslem separatist guerrillas fighting a seven-year-old insurgency in the two-thirds of Kashmir controlled by India.</p>
<p>Pakistan, which holds the rest of Kashmir, denies the charge, but has pledged to continue what it calls moral, political and diplomatic support for the Kashmiris.</p>
<p>Pakistan's chief of army staff General Jehangir Karamat said this week Pakistani troops would not pull back from the disputed Siachen Glacier, where they are confronting Indian forces.</p>
<p>Karamat linked any withdrawal from Siachen, the world's highest battlefield, to a settlement of the Kashmir issue.</p>
<p>India wants to put Kashmir on the back-burner and focus on trade and economic cooperation. Pakistan sees &quot;progress&quot; on Kashmir as an essential part of any deal.</p>
<p>&quot;Except for the hardliners, and there are enough of those in both countries, there is a growing consensus that the neighbours should work on the areas where there is scope for improvement,&quot; said an editorial in The Asian Age newspaper.</p>
<p>Kashmiri separatists in the umbrella Hurriyat organisation staged a strike in Srinagar for a second day on Saturday to protest at their exclusion from the talks. Witnesses said shops closed in the city, the summer capital of Jammu and Kashmir.</p>
<p>Shabir Ahmad Shah, a separatist leader detained on Friday during a march by 100 Hurriyat supporters, was later released.</p>
<p>Police also detained, and later freed, a dozen Hurriyat leaders, including the group's chairman Mirwaiz Omar Farooq, in New Delhi to block a planned protest near the talks venue.</p>
<p>Farooq said the All Parties Hurriyat (freedom) Conference did not oppose rapprochement between India and Pakistan, but wanted Kashmiris to be part of any talks on their homeland.</p>
<p>&quot;We don't see this as a bilateral issue,&quot; he told Reuters by telephone. &quot;It's not a territorial or regional dispute they can discuss by themselves...The Kashmiris must be involved.&quot;</p>
</text>
<copyright>(c) Reuters Limited 1997</copyright>
<metadata>
<codes class="bip:countries:1.0">
  <code code="INDIA">
    <editdetail attribution="Reuters BIP Coding Group" action="confirmed" date="1997-03-29"/>
  </code>
  <code code="PAKIS">
    <editdetail attribution="Reuters BIP Coding Group" action="confirmed" date="1997-03-29"/>
  </code>
</codes>
<codes class="bip:topics:1.0">
  <code code="GCAT">
    <editdetail attribution="Reuters BIP Coding Group" action="confirmed" date="1997-03-29"/>
  </code>
  <code code="GDIP">
    <editdetail attribution="Reuters BIP Coding Group" action="confirmed" date="1997-03-29"/>
  </code>
</codes>
<dc element="dc.date.created" value="1997-03-29"/>
<dc element="dc.publisher" value="Reuters Holdings Plc"/>
<dc element="dc.date.published" value="1997-03-29"/>
<dc element="dc.source" value="Reuters"/>
<dc element="dc.creator.location" value="NEW DELHI"/>
<dc element="dc.creator.location.country.name" value="INDIA"/>
<dc element="dc.source" value="Reuters"/>
</metadata>
</newsitem>
