<?xml version="1.0" encoding="iso-8859-1" ?>
<newsitem itemid="475409" id="root" date="1997-03-29" xml:lang="en">
<title>ALBANIA: Albania slams Italy but security force goes ahead.</title>
<headline>Albania slams Italy but security force goes ahead.</headline>
<byline>Stephen Weeks</byline>
<dateline>TIRANA 1997-03-29</dateline>
<text>
<p>Albania lashed out at Italy on Saturday over the sinking of an illegal refugee boat as Rome prepared to send a multinational security force to its lawless neighbour to protect humanitarian relief operations.</p>
<p>Prime Minister Bashkim Fino went on television to demand an official investigation by Rome into the sinking of the refugee boat on Friday, in which at least four people drowned.</p>
<p>Thirty-four people were rescued and said dozens of others had been aboard when their boat collided with an Italian navy corvette, enforcing orders to turn back refugees fleeing from strife-torn Albania.</p>
<p>Italy disputes that many others were aboard the ill-fated boat which was crossing the southern Adriatic from the port of Vlore. More than 13,000 Albanians have fled to Italy in boats since an armed insurrection swept their country this month.</p>
<p>Albanian politicians and the public expressed outrage at the incident and said it stemmed from Italy's tough policy of blocking and turning back illegal refugee boats.</p>
<p>Fino called on Italian Prime Minister Romano Prodi to start &quot;investigations so the guilty can be identified. I still insist the tragedy should have been avoided.&quot;</p>
<p>The Albanian Foreign Ministry summoned Italian ambassador Paolo Foresti to demand that steps be taken to prevent such tragedies in future.</p>
<p>Other voices also criticised the handling of the boat incident and the handling of the Albanian crisis.</p>
<p>The semi-official Vatican newspaper L'Osservatore Romano said the deaths of the refugees were an &quot;avoidable tragedy&quot;, and criticised the &quot;bureaucratic slowness and indifference of part of the international community.&quot;</p>
<p>Prodi said the sinking of the boat had made Italy's planned international security mission to Albania more urgent but said the navy would continue to patrol the southern Adriatic and to stem the tide of refugees.</p>
<p>&quot;This event shows that the international operation to help Albania has to begin as soon as possible,&quot; Prodi said.</p>
<p>The U.N. Security Council on Friday authorised the mission to send an Italian-led multinational security force to Albania to protect international relief operations.</p>
<p>Italy sees the relief operation as essential to stabilising the country to keep potential refugees at home and to pave the way for planned early national elections in June.</p>
<p>Other countries expected to join the multinational force are Greece, France, Spain, Portugal and perhaps Turkey and Romania.</p>
<p>The boat incident is unlikely to slow the deployment of the multinational force but it may sour the atmosphere in which the force operates in some parts of the country.</p>
<p>The force, expected to be around 2,500 troops or police, will be deployed to protect the Adriatic ports of Durres and Vlore, where many of those on the ill-fated boat came from.</p>
<p>It will also protect Tirana airport and convoys which will transport food and medical supplies throughout the country.</p>
<p>There has been no sign of famine or malnutrition but the Red Cross has warned that a collapse of the distribution system could threaten about 10 percent of the 3.4 million population.</p>
<p>In Durres, 670 tonnes of potatoes were unloaded on Saturday by a private company, which said there was no danger.</p>
<p>&quot;The situation is calm and there is no problem. We can accept any kind of vessel and we are guaranteeing unloading and security,&quot; the port manager for the Adriatic Shipping Company, Petrit Hani, told Reuters Television.</p>
<p>Field workers for both the Medecins Sans Frontieres (Doctors Without Borders) and the Geneva-based International Committee of the Red Cross (ICRC) have expressed reservations about the need to embark on a large and heavily-guarded relief operation.</p>
</text>
<copyright>(c) Reuters Limited 1997</copyright>
<metadata>
<codes class="bip:countries:1.0">
  <code code="ALB">
    <editdetail attribution="Reuters BIP Coding Group" action="confirmed" date="1997-03-29"/>
  </code>
  <code code="ITALY">
    <editdetail attribution="Reuters BIP Coding Group" action="confirmed" date="1997-03-29"/>
  </code>
  <code code="UN">
    <editdetail attribution="Reuters BIP Coding Group" action="confirmed" date="1997-03-29"/>
  </code>
</codes>
<codes class="bip:topics:1.0">
  <code code="GCAT">
    <editdetail attribution="Reuters BIP Coding Group" action="confirmed" date="1997-03-29"/>
  </code>
  <code code="GDEF">
    <editdetail attribution="Reuters BIP Coding Group" action="confirmed" date="1997-03-29"/>
  </code>
  <code code="GDIP">
    <editdetail attribution="Reuters BIP Coding Group" action="confirmed" date="1997-03-29"/>
  </code>
  <code code="GDIS">
    <editdetail attribution="Reuters BIP Coding Group" action="confirmed" date="1997-03-29"/>
  </code>
  <code code="GVIO">
    <editdetail attribution="Reuters BIP Coding Group" action="confirmed" date="1997-03-29"/>
  </code>
</codes>
<dc element="dc.date.created" value="1997-03-29"/>
<dc element="dc.publisher" value="Reuters Holdings Plc"/>
<dc element="dc.date.published" value="1997-03-29"/>
<dc element="dc.source" value="Reuters"/>
<dc element="dc.creator.location" value="TIRANA"/>
<dc element="dc.creator.location.country.name" value="ALBANIA"/>
<dc element="dc.source" value="Reuters"/>
</metadata>
</newsitem>
