<?xml version="1.0" encoding="iso-8859-1" ?>
<newsitem itemid="475477" id="root" date="1997-03-29" xml:lang="en">
<title>INDIA: At least five dead in Kashmir blasts - news agency.</title>
<headline>At least five dead in Kashmir blasts - news agency.</headline>
<dateline>NEW DELHI 1997-03-29</dateline>
<text>
<p>At least five people died and several were injured on Saturday in two explosions at the central bus station in Jammu, the winter capital of India's Jammu and Kashmir state, the United News of India (UNI) news agency said.  </p>
<p>UNI said a powerful bomb placed on a bicycle exploded at about 6.40 p.m. (1310 GMT) near an empty bus parked at the bus station. Five passersby were killed by the blast, the agency said.</p>
<p>It said a second bomb exploded a few minutes later.</p>
<p>The blasts occurred on the second day of crucial talks between senior Indian and Pakistani diplomats in New Delhi, the first in three years between the bitter rivals.</p>
<p>The last round of talks in January 1994 collapsed over Kashmir, where a separatist Moslem revolt has been raging since 1980 in the part of the Himalayan territory controlled by India. Pakistan rules one-third of the Kashmir valley and India the rest.</p>
</text>
<copyright>(c) Reuters Limited 1997</copyright>
<metadata>
<codes class="bip:countries:1.0">
  <code code="INDIA">
    <editdetail attribution="Reuters BIP Coding Group" action="confirmed" date="1997-03-29"/>
  </code>
</codes>
<codes class="bip:topics:1.0">
  <code code="GCAT">
    <editdetail attribution="Reuters BIP Coding Group" action="confirmed" date="1997-03-29"/>
  </code>
  <code code="GVIO">
    <editdetail attribution="Reuters BIP Coding Group" action="confirmed" date="1997-03-29"/>
  </code>
</codes>
<dc element="dc.date.created" value="1997-03-29"/>
<dc element="dc.publisher" value="Reuters Holdings Plc"/>
<dc element="dc.date.published" value="1997-03-29"/>
<dc element="dc.source" value="Reuters"/>
<dc element="dc.creator.location" value="NEW DELHI"/>
<dc element="dc.creator.location.country.name" value="INDIA"/>
<dc element="dc.source" value="Reuters"/>
</metadata>
</newsitem>
