<?xml version="1.0" encoding="iso-8859-1" ?>
<newsitem itemid="475467" id="root" date="1997-03-29" xml:lang="en">
<title>INDIA: *Reserve Bank of India repos auction results table.</title>
<headline>*Reserve Bank of India repos auction results table.</headline>
<text>
<p>-------------------------------------------------------------</p>
<p>Date   Bids	Amount   Bids	Amount    Cut-off  Weighted</p>
<p>	 received  in mln   accepted  accepted  interest  average</p>
<p>		     rupees				 (in percentage)</p>
<p>--------------------------------------------------------------</p>
<p>22/03     4     15,150	4	15,150	5.00</p>
<p>20/03     4     14,550	4	14,550	5.00     5.0000</p>
<p>15/03     9     18,300	6	16,050	5.00     5.0000</p>
<p>12/03    19     29,000     19	29,000	5.00     4.9667</p>
<p>08/03    13     18,300     11	18,100	5.00     4.9945</p>
<p>05/03    28     30,450     27	30,350	5.00     4.9887</p>
<p>01/03    10     10,900	7	10,500	5.00     4.9702</p>
<p>26/02    36     42,040     35	41,940	5.00     4.9224</p>
<p>22/02     9     14,600	8	14,400	5.00     4.9854</p>
<p>19/02    17     16,600     14	16,400	5.00     4.9495</p>
<p>15/02     6	6,000	4	 5,000	5.00     4.9700</p>
<p>13/02    17     17,500	9	13,800	5.00     4.9656</p>
<p>08/02    44     35,100     37	33,350	5.00     4.9154</p>
<p>06/02    48     29,400     14	14,800	5.00     4.9213</p>
<p>01/02    59     48,900     44	36,650	4.90     4.7831</p>
<p>29/01    72     67,430     41	35,380	4.90     4.7349</p>
<p>25/01    30     33,850     28	33,300	5.00     4.9464</p>
<p>22/01    45     33,350     34	29,850	5.00     4.9118</p>
<p>18/01    40     22,900     17	11,950	5.00     4.8720</p>
<p>16/01    42     28,600     33	22,500	5.00     4.3423</p>
<p>13/01    16	6,200     12	 5,350	5.25	---</p>
<p>-- Bombay newsroom +91-22-265 9000</p>
</text>
<copyright>(c) Reuters Limited 1997</copyright>
<metadata>
<codes class="bip:countries:1.0">
  <code code="INDIA">
    <editdetail attribution="Reuters BIP Coding Group" action="confirmed" date="1997-03-29"/>
  </code>
</codes>
<codes class="bip:topics:1.0">
  <code code="M13">
    <editdetail attribution="Reuters BIP Coding Group" action="confirmed" date="1997-03-29"/>
  </code>
  <code code="M131">
    <editdetail attribution="Reuters BIP Coding Group" action="confirmed" date="1997-03-29"/>
  </code>
  <code code="MCAT">
    <editdetail attribution="Reuters BIP Coding Group" action="confirmed" date="1997-03-29"/>
  </code>
</codes>
<dc element="dc.publisher" value="Reuters Holdings Plc"/>
<dc element="dc.date.published" value="1997-03-29"/>
<dc element="dc.source" value="Reuters"/>
<dc element="dc.creator.location.country.name" value="INDIA"/>
<dc element="dc.source" value="Reuters"/>
</metadata>
</newsitem>
