<?xml version="1.0" encoding="iso-8859-1" ?>
<newsitem itemid="475412" id="root" date="1997-03-29" xml:lang="en">
<title>GERMANY: Delta hunger strikers vow to fight on in Frankfurt.</title>
<headline>Delta hunger strikers vow to fight on in Frankfurt.</headline>
<dateline>FRANKFURT 1997-03-29</dateline>
<text>
<p>Delta Air Lines staff on hunger strike at Frankfurt airport vowed on Saturday to continue their protest over job cuts, just hours after one of them received urgent medical treatment.</p>
<p>Ibrahim Keklik was back at his post in front of the airline's check-in desk in the afternoon. He was taken earlier to the airport clinic for a blood transfusion after he became weak and disoriented and lost feeling in his hands.</p>
<p>&quot;He is quite well now and he wants to go on. He only agreed to be treated on condition he could come back,&quot; fellow hunger striker Ayhan Dagtekin told Reuters.</p>
<p>&quot;The doctors have been advising us about our health and gave us multi-vitamin pills to keep us going,&quot; he added.</p>
<p>The conflict between the airline and its employees centres on Delta's plans to cut staff from 850 to 250 in Frankfurt and drop eight of its 14 daily flights.</p>
<p>Delta's works council wants job guarantees for the 250 remaining staff and wants Delta to invest 180 million marks, or its expected financial improvement from the restructuring measures, in a social plan valid until 2003.</p>
<p>Delta could not be contacted for comment. The airline has said in the past that union demands were unrealistic but that it was ready to talk.</p>
<p>Talks were in progress between Delta and the works council on Saturday afternoon aimed at settling the dispute, but the strikers said they were pessimistic about the chance of an agreement.</p>
<p>Earlier, works council chairman Walter Czogolla said the strike would continue &quot;until we get an offer worth negotiating.&quot;</p>
<p>The four men and a woman involved in the protest have been mainly surviving on orange juice, coffee and vitamin pills.</p>
<p>&quot;I am offering myself up for all the workers,&quot; said Dagtekin, looking alert and robust. &quot;The health issue is not a factor for me. I will go on to the death.&quot;</p>
<p>--Frankfurt Newsroom, +49 69 756525</p>
</text>
<copyright>(c) Reuters Limited 1997</copyright>
<metadata>
<codes class="bip:countries:1.0">
  <code code="GFR">
    <editdetail attribution="Reuters BIP Coding Group" action="confirmed" date="1997-03-29"/>
  </code>
</codes>
<codes class="bip:industries:1.0">
  <code code="I75000">
    <editdetail attribution="Reuters BIP Coding Group" action="confirmed" date="1997-03-29"/>
  </code>
</codes>
<codes class="bip:topics:1.0">
  <code code="C42">
    <editdetail attribution="Reuters BIP Coding Group" action="confirmed" date="1997-03-29"/>
  </code>
  <code code="CCAT">
    <editdetail attribution="Reuters BIP Coding Group" action="confirmed" date="1997-03-29"/>
  </code>
  <code code="E41">
    <editdetail attribution="Reuters BIP Coding Group" action="confirmed" date="1997-03-29"/>
  </code>
  <code code="ECAT">
    <editdetail attribution="Reuters BIP Coding Group" action="confirmed" date="1997-03-29"/>
  </code>
  <code code="GCAT">
    <editdetail attribution="Reuters BIP Coding Group" action="confirmed" date="1997-03-29"/>
  </code>
  <code code="GJOB">
    <editdetail attribution="Reuters BIP Coding Group" action="confirmed" date="1997-03-29"/>
  </code>
</codes>
<dc element="dc.date.created" value="1997-03-29"/>
<dc element="dc.publisher" value="Reuters Holdings Plc"/>
<dc element="dc.date.published" value="1997-03-29"/>
<dc element="dc.source" value="Reuters"/>
<dc element="dc.creator.location" value="FRANKFURT"/>
<dc element="dc.creator.location.country.name" value="GERMANY"/>
<dc element="dc.source" value="Reuters"/>
</metadata>
</newsitem>
