<?xml version="1.0" encoding="iso-8859-1" ?>
<newsitem itemid="475424" id="root" date="1997-03-29" xml:lang="en">
<title>FRANCE: German woman remanded in France over girl's death.</title>
<headline>German woman remanded in France over girl's death.</headline>
<dateline>PARIS 1997-03-29</dateline>
<text>
<p>A 25-year-old German woman was remanded in custody on Saturday over her suspected role in the death of a nine-year-old girl in a flat in the French ski resort of Les Deux-Alpes, France-3 television said.</p>
<p>It said a judge ordered the unnamed woman, who is the companion of the girl's father, to be investigated for suspected homicide.</p>
<p>The girl of German descent, identified only by her first name Jeanine, apparently died of suffocation after being trapped between the door of the toilets and a wall on Friday.</p>
<p>Her father, from the German town of Homberg, is separated from his wife.</p>
</text>
<copyright>(c) Reuters Limited 1997</copyright>
<metadata>
<codes class="bip:countries:1.0">
  <code code="FRA">
    <editdetail attribution="Reuters BIP Coding Group" action="confirmed" date="1997-03-29"/>
  </code>
  <code code="GFR">
    <editdetail attribution="Reuters BIP Coding Group" action="confirmed" date="1997-03-29"/>
  </code>
</codes>
<codes class="bip:topics:1.0">
  <code code="GCAT">
    <editdetail attribution="Reuters BIP Coding Group" action="confirmed" date="1997-03-29"/>
  </code>
  <code code="GCRIM">
    <editdetail attribution="Reuters BIP Coding Group" action="confirmed" date="1997-03-29"/>
  </code>
</codes>
<dc element="dc.date.created" value="1997-03-29"/>
<dc element="dc.publisher" value="Reuters Holdings Plc"/>
<dc element="dc.date.published" value="1997-03-29"/>
<dc element="dc.source" value="Reuters"/>
<dc element="dc.creator.location" value="PARIS"/>
<dc element="dc.creator.location.country.name" value="FRANCE"/>
<dc element="dc.source" value="Reuters"/>
</metadata>
</newsitem>
