<?xml version="1.0" encoding="iso-8859-1" ?>
<newsitem itemid="475435" id="root" date="1997-03-29" xml:lang="en">
<title>GERMANY: Leading German banker sees leeway on EMU criteria.</title>
<headline>Leading German banker sees leeway on EMU criteria.</headline>
<dateline>COLOGNE, Germany 1997-03-29</dateline>
<text>
<p>Commerzbank AG chief executive Martin Kohlhaussen, newly-appointed head of Germany's top banking federation, said there was room for interpretation in the criteria for Europe's monetary union.</p>
<p>&quot;Neither the deficit criterion or the debt quotient has to be met exactly on the spot,&quot; Kohlhaussen said in an interview with Reuters.</p>
<p>The Commerzbank chief cautioned that any leeway on the Maastricht Treaty criteria could be used &quot;only in narrow margins, and responsibly.&quot;</p>
<p>But he said he had no reason to doubt that Germany would make the grade to take part in monetary union from the start.</p>
<p>To qualify for Europe's Economic and Monetary Union (EMU), national budget deficits must not exceed three percent of GDP and debt levels must not exceed 60 percent of GDP, according to the Maastricht Treaty.</p>
<p>However the treaty also leaves some scope for manouevre around these numerical thresholds -- an issue which has become a hot topic as concerns mount that Germany will struggle to meet Maastricht demands this year, as it must in order to take part in the scheduled euro launch in January 1999.</p>
<p>Kohlhaussen, who was this month elected president of the Federation of German Banks, also said that while the German public was still mainly sceptical about the euro, more and more people had come to expect currency union to start on time.</p>
<p>&quot;It is now crucial to make clearer to the public the economic advantages of a stable euro and work decisively toward fulfilling the convergence criteria in accordance with the treaty,&quot; he said.</p>
<p>Kohlhaussen said the switch to a common currency would sharpen competition in Europe but also offered enormous chances for an export-driven country like Germany.</p>
<p>&quot;In order to use these, urgent reforms are needed. Here I am thinking principally of tax reform and reform of our social security system,&quot; Kohlhaussen said.</p>
<p>Banks had led the way in adjusting their operations for the euro launch but Kohlhaussen said banks had noted an increasing willingness to prepare from other firms as well.</p>
<p>&quot;The realisation is also growing in other sectors that any delay in preparations will send costs rocketing,&quot; he said.</p>
<p>--Frankfurt Newsroom, +49 69 756525</p>
</text>
<copyright>(c) Reuters Limited 1997</copyright>
<metadata>
<codes class="bip:countries:1.0">
  <code code="EEC">
    <editdetail attribution="Reuters BIP Coding Group" action="confirmed" date="1997-03-29"/>
  </code>
  <code code="GFR">
    <editdetail attribution="Reuters BIP Coding Group" action="confirmed" date="1997-03-29"/>
  </code>
</codes>
<codes class="bip:industries:1.0">
  <code code="I81402">
    <editdetail attribution="Reuters BIP Coding Group" action="confirmed" date="1997-03-29"/>
  </code>
</codes>
<codes class="bip:topics:1.0">
  <code code="E12">
    <editdetail attribution="Reuters BIP Coding Group" action="confirmed" date="1997-03-29"/>
  </code>
  <code code="ECAT">
    <editdetail attribution="Reuters BIP Coding Group" action="confirmed" date="1997-03-29"/>
  </code>
  <code code="G15">
    <editdetail attribution="Reuters BIP Coding Group" action="confirmed" date="1997-03-29"/>
  </code>
  <code code="G154">
    <editdetail attribution="Reuters BIP Coding Group" action="confirmed" date="1997-03-29"/>
  </code>
  <code code="GCAT">
    <editdetail attribution="Reuters BIP Coding Group" action="confirmed" date="1997-03-29"/>
  </code>
</codes>
<dc element="dc.date.created" value="1997-03-29"/>
<dc element="dc.publisher" value="Reuters Holdings Plc"/>
<dc element="dc.date.published" value="1997-03-29"/>
<dc element="dc.source" value="Reuters"/>
<dc element="dc.creator.location" value="COLOGNE, Germany"/>
<dc element="dc.creator.location.country.name" value="GERMANY"/>
<dc element="dc.source" value="Reuters"/>
</metadata>
</newsitem>
