<?xml version="1.0" encoding="iso-8859-1" ?>
<newsitem itemid="475493" id="root" date="1997-03-29" xml:lang="en">
<title>BANGLADESH: One dead, 10 hurt in Bangladesh political clash.</title>
<headline>One dead, 10 hurt in Bangladesh political clash.</headline>
<dateline>DHAKA 1997-03-29</dateline>
<text>
<p>One man was shot dead and 10 injured in clashes between government and opposition supporters in Bangladesh's southeastern town of Feni on Saturday, police said.</p>
<p>Police identified the dead man as Mohammad Nasir, an activist of the opposition Bangladesh Nationalist Party (BNP) which is headed by former prime minister Begum Khaleda Zia.</p>
<p>The town of Feni is Khaleda's ancestral home.</p>
<p>Police said they could not identify who fired the shots.</p>
<p>They said violence started as BNP supporters took to the street to protest the earlier killing of a party student leader, Ashrafur Rahman Tushar. BNP and Awami activists battled with guns, stones, iron rods and sticks, they added.</p>
<p>Tushar, 25, was fatally injured in Feni on Thursday night after an attack, apparently by activists of the ruling Awami League. He died in hospital early on Friday.</p>
<p>Angry BNP protesters later burned five vehicles and damaged several others, police and witnesses said.</p>
<p>The BNP had called for a half-day general strike at Feni on Saturday over Tushar's killing.</p>
<p>Local authorities called in paramilitary troops, and police said the situation was under control but remained very tense.</p>
</text>
<copyright>(c) Reuters Limited 1997</copyright>
<metadata>
<codes class="bip:countries:1.0">
  <code code="BANDH">
    <editdetail attribution="Reuters BIP Coding Group" action="confirmed" date="1997-03-29"/>
  </code>
</codes>
<codes class="bip:topics:1.0">
  <code code="GCAT">
    <editdetail attribution="Reuters BIP Coding Group" action="confirmed" date="1997-03-29"/>
  </code>
  <code code="GVIO">
    <editdetail attribution="Reuters BIP Coding Group" action="confirmed" date="1997-03-29"/>
  </code>
</codes>
<dc element="dc.date.created" value="1997-03-29"/>
<dc element="dc.publisher" value="Reuters Holdings Plc"/>
<dc element="dc.date.published" value="1997-03-29"/>
<dc element="dc.source" value="Reuters"/>
<dc element="dc.creator.location" value="DHAKA"/>
<dc element="dc.creator.location.country.name" value="BANGLADESH"/>
<dc element="dc.source" value="Reuters"/>
</metadata>
</newsitem>
