<?xml version="1.0" encoding="iso-8859-1" ?>
<newsitem itemid="475504" id="root" date="1997-03-29" xml:lang="en">
<title>INDIA: INDIA-Primary dealers quotes on securities-Mar 29.</title>
<headline>INDIA-Primary dealers quotes on securities-Mar 29.</headline>
<dateline>BOMBAY 1997-03-29</dateline>
<text>
<p>Primary dealers made the following two-way quotes on Saturday for dated government securities and treasury bills</p>
<p>.</p>
<p>Government securities</p>
<p>---------------------</p>
<p>		    DFHI		STCI	     I-Sec</p>
<p>					 (Bid/offer)    (in rupees)</p>
<p>13.65% 98    ------/------   102.60/102.70   ------/------</p>
<p>13.65% 99    ------/------   102.45/102.55   ------/------</p>
<p>13.12% 99    ------/------   101.18/101.28   ------/------</p>
<p>14.00% 05    ------/------   103.50/103.60   ------/------</p>
<p>.</p>
<p>		    SBI Gilts	 GSTC	    PNB Gilts</p>
<p>					 (Bid/offer)    (in rupees)</p>
<p>13.62% 98    ------/------   ------/------   102.60/103.00</p>
<p>13.65% 99    ------/------   ------/------   102.30/102.60</p>
<p>Commercial paper ( 75 days ) p1+		 ------/12.10</p>
<p>Commercial paper ( 61 days ) p1+		 ------/12.00</p>
<p>Commercial paper ( 53 days ) p1+		 ------/12.00</p>
<p>Certificate of deposits (upto 9 days)	  ------/5.00</p>
<p>.</p>
<p>Treasury bills</p>
<p>---------------------</p>
<p>Maturing	  DFHI	   STCI	     I-Sec</p>
<p>on				  (Bid/offer)    (in percent)</p>
<p>26/04/97     ------/------     7.75/7.25     ------/------</p>
<p>10/05/97     ------/------     7.75/7.25     ------/------</p>
<p>02/01/98     ------/------    10.20/10.00    ------/------</p>
<p>27/02/98     ------/------    10.35/10.10    ------/------</p>
<p>--/--/--     ------/------   ------/------   ------/------</p>
<p>.</p>
<p>Maturing	  SBI Gilts	GSTC	     PNB Gilts</p>
<p>on				   (Bid/offer)	(in percent)</p>
<p>--/--/--     ------/------   ------/------   ------/------</p>
<p>.</p>
<p>Note : DFHI - Discount and Finance House of India Ltd.</p>
<p>	 STCI - Securities Trading Corporation of India Ltd.</p>
<p>	 I-Sec- ICICI Securities and Finance Company Ltd.</p>
<p>	 GSTC - Gilts Securities Trading Corporation Ltd.</p>
<p>	   + Bombay Newsroom +91-22-265 9000</p>
</text>
<copyright>(c) Reuters Limited 1997</copyright>
<metadata>
<codes class="bip:countries:1.0">
  <code code="INDIA">
    <editdetail attribution="Reuters BIP Coding Group" action="confirmed" date="1997-03-29"/>
  </code>
</codes>
<codes class="bip:topics:1.0">
  <code code="M12">
    <editdetail attribution="Reuters BIP Coding Group" action="confirmed" date="1997-03-29"/>
  </code>
  <code code="M13">
    <editdetail attribution="Reuters BIP Coding Group" action="confirmed" date="1997-03-29"/>
  </code>
  <code code="M131">
    <editdetail attribution="Reuters BIP Coding Group" action="confirmed" date="1997-03-29"/>
  </code>
  <code code="MCAT">
    <editdetail attribution="Reuters BIP Coding Group" action="confirmed" date="1997-03-29"/>
  </code>
</codes>
<dc element="dc.date.created" value="1997-03-29"/>
<dc element="dc.publisher" value="Reuters Holdings Plc"/>
<dc element="dc.date.published" value="1997-03-29"/>
<dc element="dc.source" value="Reuters"/>
<dc element="dc.creator.location" value="BOMBAY"/>
<dc element="dc.creator.location.country.name" value="INDIA"/>
<dc element="dc.source" value="Reuters"/>
</metadata>
</newsitem>
