<?xml version="1.0" encoding="iso-8859-1" ?>
<newsitem itemid="441880" id="root" date="1997-03-14" xml:lang="en">
<title>EU:  OFFICIAL JOURNAL CONTENTS - OJ L 73 OF MARCH 14, 1997.</title>
<headline>OFFICIAL JOURNAL CONTENTS - OJ L 73 OF MARCH 14, 1997.</headline>
<text>
<p>*</p>
<p>(Note - contents are displayed in reverse order to that in the printed Journal)</p>
<p>*</p>
<p>Corrigendum to Commission Regulation (EC) No 2431/96 of 17 December 1996 fixing the reference prices for fishery products for the 1997 fishing year (Official Journal of the European Communities No L 331 of 20 December 1996)</p>
<p>Corrigendum to Commission Regulation (EC) No 2429/96 of 17 December 1996 fixing the amount of the carry-over aid for certain fishery products for the 1997 fishing year (Official Journal of the European Communities No L 331 of 20 December 1996)</p>
<p>COMMISSION DECISION of 17 February 1997 on the procedure for attesting the conformity of construction products pursuant to Article 20 (2) of Council Directive 89/106/EEC as regards metal injection anchors for use in masonry (Text with EEA relevance) (97/177/EC)</p>
<p>COMMISSION DECISION of 17 February 1997 on the procedure for attesting the conformity of construction products pursuant to Article 20 (2) of Council Directive 89/106/EEC as regards structural timber products and ancillaries (Text with EEA relevance) (97/176/EC)</p>
<p>COMMISSION DECISION of 18 December 1996 laying down the methods of control for maintaining the officially brucellosis free status of bovine herds in certain Member States and regions of Member States (Text with EEA relevance) (97/175/EC)</p>
<p>COUNCIL DIRECTIVE 97/11/EC of 3 March 1997 amending Directive 85/337/EEC on the assessment of the effects of certain public and private projects on the environment</p>
<p>COMMISSION REGULATION (EC) No 475/97 of 13 March 1997 fixing the export refunds on cereals and on wheat or rye flour, groats and meal</p>
<p>COMMISSION REGULATION (EC) No 474/97 of 13 March 1997 establishing the standard import values for determining the entry price of certain fruit and vegetables.</p>
</text>
<copyright>(c) Reuters Limited 1997</copyright>
<metadata>
<codes class="bip:countries:1.0">
  <code code="EEC">
    <editdetail attribution="Reuters BIP Coding Group" action="confirmed" date="1997-03-14"/>
  </code>
</codes>
<codes class="bip:topics:1.0">
  <code code="G15">
    <editdetail attribution="Reuters BIP Coding Group" action="confirmed" date="1997-03-14"/>
  </code>
  <code code="GCAT">
    <editdetail attribution="Reuters BIP Coding Group" action="confirmed" date="1997-03-14"/>
  </code>
</codes>
<dc element="dc.publisher" value="Reuters Holdings Plc"/>
<dc element="dc.date.published" value="1997-03-14"/>
<dc element="dc.source" value="Reuters"/>
<dc element="dc.creator.location.country.name" value="EU"/>
<dc element="dc.source" value="Reuters"/>
</metadata>
</newsitem>
