<?xml version="1.0" encoding="iso-8859-1" ?>
<newsitem itemid="441893" id="root" date="1997-03-14" xml:lang="en">
<title>NORWAY: NORDIC SKIING-WORLD CUP NORDIC COMBINED RESULTS.</title>
<headline>NORDIC SKIING-WORLD CUP NORDIC COMBINED RESULTS.</headline>
<dateline>HOLMENKOLLEN, Norway 1997-03-14</dateline>
<text>
<p>Leading results of</p>
<p>a men's World Cup Nordic Combined skiing event on Friday:</p>
<p> 1. Bjarte Engen Vik  (Norway)	 19 minutes 31.1 seconds</p>
<p>(jump points 124.1)</p>
<p> 2. Hannu Manninen  (Finland)	  18:41.0  (108.0)</p>
<p> 3. Trond Einar Elden  (Norway)	18:26.7  (103.4)</p>
<p> 4. Kenji Ogiwara  (Japan)	     19:15.9  (115.9)</p>
<p> 5. Halldor Skard  (Norway)	    18:46.2  (106.2)</p>
<p> 6. Fabrice Guy  (France)		18:54.4  (108.4)</p>
<p> 7. Tim Tetreault  (U.S.)		18:51.9  (107.6)</p>
<p> 8. Milan Kucera  (Czech Repubilc)   19:20.7  (114.0)</p>
<p> 9. Gard Myhre  (Norway)		 18:47.5  (104.3)</p>
<p> 10. Knut Tore Apeland  (Norway)     18:51.7  (105.5)</p>
<p>Leading World Cup standings after 11 events:</p>
<p> 1. Samppa Lajunen  (Finland)	     1,003 points</p>
<p> 2. Mario Stecher  (Austria)		  863</p>
<p> 3. Manninen					787</p>
<p> 4. Jari Mantila  (Finland)		   745</p>
<p> 5. Vik					     610</p>
<p> 6. Kenji Ogiwara  (Japan)		    589</p>
<p> 7. Skard					   568</p>
<p> 8. Apeland					 497</p>
<p> 9. Elden					   461</p>
<p>10. Walerij Stoljarov  (Russia)	     460</p>
</text>
<copyright>(c) Reuters Limited 1997</copyright>
<metadata>
<codes class="bip:countries:1.0">
  <code code="NORW">
    <editdetail attribution="Reuters BIP Coding Group" action="confirmed" date="1997-03-14"/>
  </code>
</codes>
<codes class="bip:topics:1.0">
  <code code="GCAT">
    <editdetail attribution="Reuters BIP Coding Group" action="confirmed" date="1997-03-14"/>
  </code>
  <code code="GSPO">
    <editdetail attribution="Reuters BIP Coding Group" action="confirmed" date="1997-03-14"/>
  </code>
</codes>
<dc element="dc.date.created" value="1997-03-14"/>
<dc element="dc.publisher" value="Reuters Holdings Plc"/>
<dc element="dc.date.published" value="1997-03-14"/>
<dc element="dc.source" value="Reuters"/>
<dc element="dc.creator.location" value="HOLMENKOLLEN, Norway"/>
<dc element="dc.creator.location.country.name" value="NORWAY"/>
<dc element="dc.source" value="Reuters"/>
</metadata>
</newsitem>
