<?xml version="1.0" encoding="iso-8859-1" ?>
<newsitem itemid="441875" id="root" date="1997-03-14" xml:lang="en">
<title>EU:  EP FARM COMMITTEE AGENDA - MARCH 18-19.</title>
<headline>EP FARM COMMITTEE AGENDA - MARCH 18-19.</headline>
<text>
<p>Committee on Agriculture and Rural Development [[ Tuesday 18 March 1997]] PUBLIC MEETING</p>
<p>0.1</p>
<p>1. Adoption of draft agenda (PE221.777 )</p>
<p>2. Approval of minutes of meetings of: - 27-28 January 1997 (PE220.713) - 3-4 February 1997 (PE220.709 ) In the presence of the Commission</p>
<p>3. Agricultural prices for 1997/98 and related measures (T05050) ATT1298 + AGRI Fond STURDY Robert W. (PPE) - Consideration Consideration of proposals</p>
<p>4. Arable crops and agricultural structures: amendment of Regulations (EEC) 1765/92 and 2328/91 (T04950) CNS96213 COM(96)0422 C4-0449/96 CNS96212 COM(97)0022 C4-0448/96 + AGRI Fond R FUNK Honor. (PPE) (PE219.617 ) - Exchange of views</p>
<p>5. Improving the efficiency of agricultural structures and product marketing (T04783) CNS96044 COM(96)0058 C4-0234/96 CNS96045 COM(96)0058 C4-0235/96 CNS96046 COM(96)0058 C4-0236/96 + AGRI Fond R REDONDO JIMENEZ E. (PPE) (PE220.714 ) + AGRI Fond REDONDO JIMENEZ E. (PPE) (PE220.714 ) - Consideration of draft report</p>
<p>6. The implementation of European Union regional policies in Austria, Finland and Sweden (T05028) COS0471 COM(96)0316 C4-0533/96 + AGRI Avis A WEBER Jup. (ARE) (PE220.716 ) F REGI Fond R RACK Reinhard. (PPE) (PE219.985 ) - Consideration and adoption of draft opinion</p>
<p>7. Follow-up to the recommendations by the Committee of Inquiry into BSE</p>
<p>8. Budget 1998 - Section III (T05367) BUD0083 + AGRI Avis A MULDER Jan. (ELD) F BUDG Fond R TILLICH Stanislaw. (PPE) - Exchange of views Further exchange of views</p>
<p>9. Quality policy for agricultural products and agri-foodstuffs (T04588) INI0444 INI0444 B4-0028/96 B4-0028/96 + AGRI Fond R MULDER Jan. (ELD) (PE216.623 ) - Consideration of working document</p>
<p>10. Energy for the future: renewable sources of energy - Green Paper for a community strategy (T05331) COS0492 COM(96)0576 C4-0623/96 + AGRI Avis A SCHIERHUBER Agnes. (PPE) F ENER Fond R ROTHE Mechtild. (PSE) - Exchange of views</p>
<p>11. Improvement of the Community production of apples, pears, peaches and nectarines (T05404) CNS97031 COM(97)0035 + AGRI Fond - Exchange of views</p>
<p>12. Transport of horses and other live animals (T04012) INI0516 INI0516 B4-0183/94 B4-0183/94 + AGRI Avis A PROVAN James L. (PPE) (PE220.706 ) F TRAN Fond R DIJK P. (. (V ) - Consideration of draft opinion</p>
<p>13. Decision on procedure</p>
<p>14. Appointment of rapporteurs and draftsmen - decisions on procedure</p>
<p>15. Any other business</p>
<p>16. Date of next meeting (in BRUSSELS) (PE/II/OJ/97-07 )</p>
<p>16.1</p>
<p>16.2 N.B. A coordinators' meeting will be held during the meeting.</p>
</text>
<copyright>(c) Reuters Limited 1997</copyright>
<metadata>
<codes class="bip:countries:1.0">
  <code code="EEC">
    <editdetail attribution="Reuters BIP Coding Group" action="confirmed" date="1997-03-14"/>
  </code>
</codes>
<codes class="bip:topics:1.0">
  <code code="G15">
    <editdetail attribution="Reuters BIP Coding Group" action="confirmed" date="1997-03-14"/>
  </code>
  <code code="G153">
    <editdetail attribution="Reuters BIP Coding Group" action="confirmed" date="1997-03-14"/>
  </code>
  <code code="GCAT">
    <editdetail attribution="Reuters BIP Coding Group" action="confirmed" date="1997-03-14"/>
  </code>
</codes>
<dc element="dc.publisher" value="Reuters Holdings Plc"/>
<dc element="dc.date.published" value="1997-03-14"/>
<dc element="dc.source" value="Reuters"/>
<dc element="dc.creator.location.country.name" value="EU"/>
<dc element="dc.source" value="Reuters"/>
</metadata>
</newsitem>
