<?xml version="1.0" encoding="iso-8859-1" ?>
<newsitem itemid="441895" id="root" date="1997-03-14" xml:lang="en">
<title>UK: SOCCER-VILLA'S JOHNSON PONDERS RETURN TO DERBY.</title>
<headline>SOCCER-VILLA'S JOHNSON PONDERS RETURN TO DERBY.</headline>
<dateline>LONDON 1997-03-14</dateline>
<text>
<p>Aston Villa striker Tommy Johnson will decide this weekend whether to return to his former club Derby County for 2.0 million pounds ($3.2 million).</p>
<p>The two premier league sides have agreed a transfer fee but Johnson, who left Derby for Villa two years ago, had yet to agree personal terms, a Derby spokeswoman said.</p>
<p>&quot;Tommy's taking the weekend to think about it,&quot; she said. &quot;The fee's been decided upon but he hasn't agreed personal terms so he won't be able to play at the weekend.&quot;</p>
<p>Earlier reports said Johnson had already signed for Derby, who were trying to complete all the necessary paperwork in time to allow him to face Everton in a league match on Saturday.</p>
<p>Derby would have to pay Villa more than the initial 2.0 million pound fee if Johnson helped them to avoid relegation, although they could not reveal how much more.</p>
<p>&quot;We've sealed the deal with Villa and there'll be more to pay if we stay up,'' manager Jim Smith said.</p>
<p>Johnson, 26, joined Aston Villa in a 2.9 million pound ($4.6 million) deal which also involved Gary Charles and he scored 15 goals in 67 appearances for them. In his previous spell at Derby he scored 41 goals in 129 appearances.</p>
<p>Villa manager Brian Little said: &quot;It's a good deal for us and if it's right for Tommy, that's fine.&quot;</p>
</text>
<copyright>(c) Reuters Limited 1997</copyright>
<metadata>
<codes class="bip:countries:1.0">
  <code code="UK">
    <editdetail attribution="Reuters BIP Coding Group" action="confirmed" date="1997-03-14"/>
  </code>
</codes>
<codes class="bip:topics:1.0">
  <code code="GCAT">
    <editdetail attribution="Reuters BIP Coding Group" action="confirmed" date="1997-03-14"/>
  </code>
  <code code="GSPO">
    <editdetail attribution="Reuters BIP Coding Group" action="confirmed" date="1997-03-14"/>
  </code>
</codes>
<dc element="dc.date.created" value="1997-03-14"/>
<dc element="dc.publisher" value="Reuters Holdings Plc"/>
<dc element="dc.date.published" value="1997-03-14"/>
<dc element="dc.source" value="Reuters"/>
<dc element="dc.creator.location" value="LONDON"/>
<dc element="dc.creator.location.country.name" value="UK"/>
<dc element="dc.source" value="Reuters"/>
</metadata>
</newsitem>
