<?xml version="1.0" encoding="iso-8859-1" ?>
<newsitem itemid="441866" id="root" date="1997-03-14" xml:lang="en">
<title>EU:  EP CULTURE COMMITTEE AGENDA - MARCH 18-20.</title>
<headline>EP CULTURE COMMITTEE AGENDA - MARCH 18-20.</headline>
<text>
<p>Committee on Culture, Youth, Education and the Media [[ Tuesday 18 March 1997 ]] ===] TUESDAY 18 MARCH</p>
<p>1. Adoption of draft agenda (PE221.799 )</p>
<p>2. Approval of minutes of meetings of: ===] 3 - 4.30 p.m.</p>
<p>3. Chairman's announcements</p>
<p>4. Mrs Edith CRESSON, Member of the Commission (VIS0164 ) ===] 4.30 - 5.30 p.m.</p>
<p>5. Islam and the European Averroes Day (T04689) (T04689) INI0490 INI0490 + JEUN Fond R MOHAMED ALI A. (GUE) (PE221.500/DT ) - Exchange of views Exchange of views on the results of the public hearing</p>
<p>6. Learning in the information society: an action plan for a European education initiative (1996-1998) (T05018) (T05018) COS0469 COM(96)0471 C4-0528/96 + JEUN Fond R AHLQVIST Birgitta. (PSE) (PE220.556 ) + JEUN Fond AHLQVIST Birgitta. (PSE) (PE220.556 ) - Consideration of draft report ===] 5.30 p.m.</p>
<p>7. Coordinators' meeting</p>
<p>7.0 ===] WEDNESDAY 19 MARCH ===] 9 a.m. - 12.30 p.m. and 3 - 5.15 p.m.</p>
<p>8.1 P U B L I C H E A R I N G</p>
<p>8.2 Sport, youth and the media: should the EU play too?</p>
<p>8.3 (see separate programme) ===] 5.30 - 6.30 p.m.</p>
<p>9. Mr Aad NUIS, President-in-Office of the Council of Culture Ministers (VIS0161 )</p>
<p>9.0 ===] THURSDAY 20 MARCH ===] 9 a.m. - 12.30 p.m. ===] In the presence of the Commission</p>
<p>10. Chairman's announcement on decisions taken at the coordinators' meeting</p>
<p>11. Education - Training - Research: the obstacles to trans-national mobility - EC Green Paper (T05293) (T05293) COS0476 COM(96)0462 C4-0580/96 + JEUN Fond R TODINI Luisa. (UPE)</p>
<p>(PE221.499 ) - Consideration of draft report</p>
<p>12. Strengthening measures to combat the sexual abuse and exploitation of children (T05297) (T05297) COS0473 COM(96)0547 C4-0012/97 + JEUN Avis A BALDI Monica S. (UPE) (PE221.497 ) + JEUN Avis F LIBE Fond R SCHULZ Martin. (PSE) - Initial exchange of views</p>
<p>13. Protection of minors and human dignity in audiovisual and information services (T05313) (T05313) COS0490 COM(96)0483 C4-0621/96 + JEUN Fond R WHITEHEAD Phillip. (PSE) - Initial exchange of views</p>
<p>14. Any other business</p>
<p>15. Date of next meeting (PE/XII/OJ/97-06 )</p>
<p>16.</p>
<p>16.</p>
<p>17.</p>
<p>18. The COM and SEC documents mentioned above will be available on request at the meeting. END OF DOCUMENT.</p>
</text>
<copyright>(c) Reuters Limited 1997</copyright>
<metadata>
<codes class="bip:countries:1.0">
  <code code="EEC">
    <editdetail attribution="Reuters BIP Coding Group" action="confirmed" date="1997-03-14"/>
  </code>
</codes>
<codes class="bip:topics:1.0">
  <code code="G15">
    <editdetail attribution="Reuters BIP Coding Group" action="confirmed" date="1997-03-14"/>
  </code>
  <code code="GCAT">
    <editdetail attribution="Reuters BIP Coding Group" action="confirmed" date="1997-03-14"/>
  </code>
  <code code="GENT">
    <editdetail attribution="Reuters BIP Coding Group" action="confirmed" date="1997-03-14"/>
  </code>
</codes>
<dc element="dc.publisher" value="Reuters Holdings Plc"/>
<dc element="dc.date.published" value="1997-03-14"/>
<dc element="dc.source" value="Reuters"/>
<dc element="dc.creator.location.country.name" value="EU"/>
<dc element="dc.source" value="Reuters"/>
</metadata>
</newsitem>
