<?xml version="1.0" encoding="iso-8859-1" ?>
<newsitem itemid="441879" id="root" date="1997-03-14" xml:lang="en">
<title>EU:  OFFICIAL JOURNAL CONTENTS - OJ C 82 OF MARCH 14, 1997.</title>
<headline>OFFICIAL JOURNAL CONTENTS - OJ C 82 OF MARCH 14, 1997.</headline>
<text>
<p>*</p>
<p>(Note - contents are displayed in reverse order to that in the printed Journal)</p>
<p>*</p>
<p>Prior notification of a concentration (Case No IV/M.894 - Rheinmetall/British Aerospace/STN Atlas) (97/C 82/05)</p>
<p>STATE AID C 57/96 (ex NN 65/96) Austria (97/C 82/04)</p>
<p>STATE AID C 48/96 (NN 51/96) Greece (97/C 82/03)</p>
<p>List of establishments in the Argentina approved for the purpose of importing fresh meat into the Community (97/C 82/02)</p>
<p>Ecu (1) 13 March 1997 (97/C 82/01).</p>
</text>
<copyright>(c) Reuters Limited 1997</copyright>
<metadata>
<codes class="bip:countries:1.0">
  <code code="EEC">
    <editdetail attribution="Reuters BIP Coding Group" action="confirmed" date="1997-03-14"/>
  </code>
</codes>
<codes class="bip:topics:1.0">
  <code code="G15">
    <editdetail attribution="Reuters BIP Coding Group" action="confirmed" date="1997-03-14"/>
  </code>
  <code code="GCAT">
    <editdetail attribution="Reuters BIP Coding Group" action="confirmed" date="1997-03-14"/>
  </code>
</codes>
<dc element="dc.publisher" value="Reuters Holdings Plc"/>
<dc element="dc.date.published" value="1997-03-14"/>
<dc element="dc.source" value="Reuters"/>
<dc element="dc.creator.location.country.name" value="EU"/>
<dc element="dc.source" value="Reuters"/>
</metadata>
</newsitem>
