<?xml version="1.0" encoding="iso-8859-1" ?>
<newsitem itemid="441877" id="root" date="1997-03-14" xml:lang="en">
<title>EU:  OFFICIAL JOURNAL CONTENTS - OJ L 72 OF MARCH 13, 1997.</title>
<headline>OFFICIAL JOURNAL CONTENTS - OJ L 72 OF MARCH 13, 1997.</headline>
<text>
<p>*</p>
<p>COMMISSION DECISION of 10 February 1997 amending the boundaries of the less-favoured areas in the Federal Republic of Germany within the meaning of Council Directive 75/268/EEC (Only the German text is authentic).</p>
</text>
<copyright>(c) Reuters Limited 1997</copyright>
<metadata>
<codes class="bip:countries:1.0">
  <code code="EEC">
    <editdetail attribution="Reuters BIP Coding Group" action="confirmed" date="1997-03-14"/>
  </code>
  <code code="GFR">
    <editdetail attribution="Reuters BIP Coding Group" action="confirmed" date="1997-03-14"/>
  </code>
</codes>
<codes class="bip:topics:1.0">
  <code code="G15">
    <editdetail attribution="Reuters BIP Coding Group" action="confirmed" date="1997-03-14"/>
  </code>
  <code code="GCAT">
    <editdetail attribution="Reuters BIP Coding Group" action="confirmed" date="1997-03-14"/>
  </code>
  <code code="GPOL">
    <editdetail attribution="Reuters BIP Coding Group" action="confirmed" date="1997-03-14"/>
  </code>
</codes>
<dc element="dc.publisher" value="Reuters Holdings Plc"/>
<dc element="dc.date.published" value="1997-03-14"/>
<dc element="dc.source" value="Reuters"/>
<dc element="dc.creator.location.country.name" value="EU"/>
<dc element="dc.source" value="Reuters"/>
</metadata>
</newsitem>
