<?xml version="1.0" encoding="iso-8859-1" ?>
<newsitem itemid="441872" id="root" date="1997-03-14" xml:lang="en">
<title>EU:  EP RESEARCH COMMITTEE AGENDA - MARCH 4.</title>
<headline>EP RESEARCH COMMITTEE AGENDA - MARCH 4.</headline>
<text>
<p>Committee on Research, Technological Development and Energy [[ Monday 17 March 1997 ]] Monday, 17 March 1997, 3 pm</p>
<p>1. Adoption of draft agenda (PE221.400 ) In the presence of the Council and Commission</p>
<p>2. Approval of minutes of meeting of: - 5/6 February 1997, Brussels (PE 221.394 )</p>
<p>3. Chairman's announcements</p>
<p>4. Any other business - Monitoring of specific research programmes</p>
<p>5. Europe-Asia cooperation strategy for energy (Commission communication) (T04982) (T04982) COS0457 COM(96)0308 C4-0495/96 + ENER Fond R HOLM Ulf. (V ) (PE220.901 ) - First consideration of draft report - Deadline for tabling amendments</p>
<p>6. Education - Training - Research: the obstacles to trans-national mobility - EC Green Paper (T05293) (T05293) COS0476 COM(96)0462 C4-0580/96 + ENER Avis A DESAMA Claude. (PSE) (PE220.907 ) F JEUN Fond R TODINI Luisa. (UPE) (PE221.499 ) - First consideration of draft opinion - Deadline for tabling amendments</p>
<p>7. Learning in the information society: an action plan for a European education initiative (1996-1998) (T05018) + ENER Avis A HOLM Ulf. (V ) (PE221.395 ) F JEUN Fond R AHLQVIST Birgitta. (PSE) (PE220.556 ) F JEUN Fond AHLQVIST Birgitta. (PSE) (PE220.556 ) - First consideration of draft opinion - Deadline for tabling amendments</p>
<p>8. Development and application of new information technologies in the next decade (T04592) (T04592) INI0448 INI0448 + ENER Fond R PLOOIJ-VAN GORSEL E. (PE219.657/REV) (ELD) - Further consideration of draft report - Deadline for tabling amendments ===] Coordinators' meeting (to be confirmed) ===] Tuesday, 18 March 1997, 9am</p>
<p>9. Appointment of rapporteurs and draftsmen - decisions on procedure</p>
<p>10. Future noise policy - Commission Green Paper (T04483) (T04483) COS0478 COM(96)0540 C4-0587/96 + ENER Avis A ESTEVAN BOLEA M. (PPE) F ENVI Fond R DIEZ DE R. (PSE) (PE221.530 ) - First consideration of draft opinion - Deadline for tabling amendments</p>
<p>11. Communication on relations between the EU and Canada (T04513) (T04513) COS0489 SEC(96)0331 C4-0620/96 + ENER Avis A PLOOIJ-VAN GORSEL E. (PE220.902 ) (ELD) F POLI Fond R GRAZIANI Antonio. (PPE) (PE220.285/ARE) - First consideration of draft opinion - Deadline for tabling amendments</p>
<p>12. Access to the Japanese market (T04018) (T04018) COS0245 COM(95)0073 C4-0147/95 + ENER Avis A FORD James G. (PSE) (PE220.524 ) F RELA Fond R MOORHOUSE James. (PPE) (PE220.136/B ) - First consideration of draft opinion - Deadline for tabling amendments</p>
<p>13. The nuclear industries in the EU (Article 40 of the Euratom Treaty) (Commission communication) (T05023) (T05023) COS0470 COM(96)0339 C4-0532/96 + ENER Fond R SOULIER Andre. (PPE) (PE220.912/A ) - First consideration of draft report - Deadline for tabling amendments - Exchange of views with experts</p>
<p>14. A European initiative on transmissible spongiform encephalopathies (TSE) (INC96-0582) - Exchange of views with Mr Bruno Hansen, Director, DG XII, European Commission</p>
<p>15. Date of next meeting - Monday, 14 April 1997 from 3 pm - 6.30 pm, - Tuesday, 15 April 1997 from 9 am - 12.30 pm and from 3 pm - 6.30 pm (Public Hearing), and - Wednesday, 16 April 1997 from 9 am - 12.30 pm.</p>
</text>
<copyright>(c) Reuters Limited 1997</copyright>
<metadata>
<codes class="bip:countries:1.0">
  <code code="EEC">
    <editdetail attribution="Reuters BIP Coding Group" action="confirmed" date="1997-03-14"/>
  </code>
</codes>
<codes class="bip:topics:1.0">
  <code code="G15">
    <editdetail attribution="Reuters BIP Coding Group" action="confirmed" date="1997-03-14"/>
  </code>
  <code code="GCAT">
    <editdetail attribution="Reuters BIP Coding Group" action="confirmed" date="1997-03-14"/>
  </code>
  <code code="GSCI">
    <editdetail attribution="Reuters BIP Coding Group" action="confirmed" date="1997-03-14"/>
  </code>
</codes>
<dc element="dc.publisher" value="Reuters Holdings Plc"/>
<dc element="dc.date.published" value="1997-03-14"/>
<dc element="dc.source" value="Reuters"/>
<dc element="dc.creator.location.country.name" value="EU"/>
<dc element="dc.source" value="Reuters"/>
</metadata>
</newsitem>
