<?xml version="1.0" encoding="iso-8859-1" ?>
<newsitem itemid="441865" id="root" date="1997-03-14" xml:lang="en">
<title>EU:  EP CIVIL LIBERTIES COMMITTEE AGENDA - MARCH 19-20.</title>
<headline>EP CIVIL LIBERTIES COMMITTEE AGENDA - MARCH 19-20.</headline>
<text>
<p>Committee on Civil Liberties and Internal Affairs [[ Wednesday 19 March 1997 ]]</p>
<p>1. Adoption of draft agenda (PE220.932 )</p>
<p>2. Approval of minutes of meetings of: - 2 and 3 December 1996 (PE220.922 ) - 20 and 21 January 1997 (PE220.924 ) - 4 and 5 February 1997 (PE220.929 ) ===] In the presence of the Council and Commission</p>
<p>3. Chairman's announcements</p>
<p>4. Illegal and harmful content on the Internet (T04909) COS0486 COM(96)0487 C4-0592/96 B4-0224/94 B4-0224/94 B4-1233/96 B4-1233/96 + LIBE Fond R PRADIER Pierre. (ARE) (PE219.568 ) - Adoption of draft report</p>
<p>5. Convention on checks on persons crossing external frontiers (T05392) QUO0083 + LIBE Fond (PE220.923 ) - rapporteur: Jan Kees WIEBENGA - Adoption of motion for a resolution</p>
<p>6. Convention on the service and notification of judicial acts (T04795) CNS97901 5317/97 C4-0062/97 + LIBE Fond R NASSAUER Hartmut. (PPE) (PE220.933/AM-) - Adoption of draft report Adoption of draft report (1)</p>
<p>7. Dangers of fundamentalism (T04939) INI0890 B4-0705/96 B4-0705/96 + LIBE Fond R OOSTLANDER Arie. (PPE) - Initial exchange of views Initial exchange of views (without document)</p>
<p>8. Extradition between the Member States of the EU: convention drawn up on the basis of Article K.3 of the EU Treaty (T05330) COS0498 C4-640/96 C4-0640/96 + LIBE Fond R PALACIO VALLELERSUND (PPE) - Exchange of views Further exchange of views</p>
<p>9. Coordinators' meeting at the end of the committee meeting on 19 March ===] 20 March</p>
<p>10. Results of the coordinators' meeting</p>
<p>11. Respect for human rights in the European Union in 1995 (T04366) INI0440 INI0440 B4-0031/96 B4-0031/96 + LIBE Fond R ROTH Claudia. (V ) (PE218.951/A ) - Adoption of draft report ===] 3 p.m.</p>
<p>12. Progress at the Intergovernmental Conference (DVR0471 ) - (internal rapporteur) - Initial exchange of views</p>
<p>13. Harmonization of the Member States' legislation on drugs (T05382) B4-1238/96 B4-1238/96 + LIBE Fond R ANCONA Hedy d. (PSE) - Initial exchange of views</p>
<p>14. Trafficking in women for the purpose of sexual exploitation (Commission communication) (T05329) COS0496 COM(96)0567 C4-0638/96 + LIBE Avis A COLOMBO SVEVO M. (PPE) F FEMM Fond R (PSE) - Initial exchange of views</p>
<p>15. Protection of minors and human dignity in audiovisual and information services (T05313) COS0490 COM(96)0483 C4-0621/96 + LIBE Avis A LINDHOLM Malou. (V ) (PE220.919 ) F JEUN Fond R WHITEHEAD Phillip. (PSE) - Initial exchange of views</p>
<p>16. Any other business</p>
<p>17. Date of next meeting - 21 and 22 April 1997</p>
<p>[FOOTNOTES]1.) Part A of the report will consist of amendments to the text proposed by the Council, adopted in committee.</p>
</text>
<copyright>(c) Reuters Limited 1997</copyright>
<metadata>
<codes class="bip:countries:1.0">
  <code code="EEC">
    <editdetail attribution="Reuters BIP Coding Group" action="confirmed" date="1997-03-14"/>
  </code>
</codes>
<codes class="bip:topics:1.0">
  <code code="G15">
    <editdetail attribution="Reuters BIP Coding Group" action="confirmed" date="1997-03-14"/>
  </code>
  <code code="GCAT">
    <editdetail attribution="Reuters BIP Coding Group" action="confirmed" date="1997-03-14"/>
  </code>
  <code code="GPOL">
    <editdetail attribution="Reuters BIP Coding Group" action="confirmed" date="1997-03-14"/>
  </code>
</codes>
<dc element="dc.publisher" value="Reuters Holdings Plc"/>
<dc element="dc.date.published" value="1997-03-14"/>
<dc element="dc.source" value="Reuters"/>
<dc element="dc.creator.location.country.name" value="EU"/>
<dc element="dc.source" value="Reuters"/>
</metadata>
</newsitem>
