<?xml version="1.0" encoding="iso-8859-1" ?>
<newsitem itemid="441868" id="root" date="1997-03-14" xml:lang="en">
<title>EU:  EP REGIONAL POLICY COMMITTEE AGENDA - MARCH 19-20.</title>
<headline>EP REGIONAL POLICY COMMITTEE AGENDA - MARCH 19-20.</headline>
<text>
<p>Committee on Regional Policy [[ Wednesday 19 March 1997 ]] The room number will be posted on the notice board ===] Wednesday 19 March at 3 p.m.</p>
<p>1. Adoption of draft agenda (PE 221.471 )</p>
<p>2. Possibly chairman's announcements ===] In the presence of the Council and Commission</p>
<p>3. Report on development problems and structural assistance in the United Kingdom (T04678) PMC0095 C(94)1936 C4-0055/96 PMC0119 C(94)1937 C4-0057/96 PMC0104 34132/95 C4-0022/97 PMC0158 C(94)3421 C4-0058/96 PMC0084 35277/95 PMC0094 C(94)1938 C4-0056/96 + REGI Fond R McCARTHY Arlene. (PSE) (PE219.996 ) - Consideration of draft report Consideration of draft report in the framework o f a</p>
<p>3.1 H E A R I N G</p>
<p>3.2 see attached programme (PE221.471/AN1 ) ===] 5.30 p.m.</p>
<p>4. Budget 1998 - Section III (T05367) F BUDG Fond R TILLICH Stanislaw. (PPE) - Statement by rapporteur Possibly statement by rapporteur</p>
<p>5. Special Report No 1/96 on the MED Programmes (T05001) (T05001) COS0462 RAP CC 1/96S C4-0512/96 + REGI Avis A AZZOLINI Claudio. (UPE) (PE219.994 ) F CONT Fond R FABRA VALLES J. (PPE) (PE219.712 ) - Adoption of draft opinion</p>
<p>6. Young farmers and the problem of succession in European agriculture (Commission report) (T04990) (T04990) COS0458 (PE221.012 ) F AGRI Fond R CAMPOS Antonio. (PSE) - Consideration of draft opinion</p>
<p>6.1 Possibly coordinators' meeting at the end of the meeting ===] Thursday 20 March at 9 a.m.</p>
<p>7. Statement by Mrs WULF-MATHIES, Member of the Commission, on progress in the negotiations on the next stage of the Objective 2 programme (1997-1999) and othe r matters of current interest - Exchange of views ===] 10.30 a.m.</p>
<p>8. Development problems in the Community's most outlying regions (T04605) INI0461 INI0461 COS0284 COM(94)0476 C4-0293/95 B4-0721/96 B4-0721/96 + REGI Fond R FERNANDEZ MART lN F. (PPE) (PE221.473 ) - Consideration of draft report</p>
<p>9. The implementation of European Union regional policies in Austria, Finland a nd Sweden (T05028) COS0471 COM(96)0316 C4-0533/96 + REGI Fond R RACK Reinhard. (PPE) (PE219.985 ) - Adoption of draft report</p>
<p>10. Inter-regional cross-border cooperation (T04928) INI0522 INI0522 + REGI Fond R MYLLER Riitta. (PSE) (PE221.020/REV) - Further consideration of draft report Further consideration of draft report, w ith the participation of Mr GABBE, Secretary-General of the Association of Europ ean Border Regions</p>
<p>11. Progress towards achieving economic and social cohesion - three-yearly repo rt (Article 130b of the EC Treaty) (T04325) COS0513 COM(96)0542 C4-0016/97 + REGI Fond R IZQUIERDO COLLADO J. (PSE) - Statement by rapporteur Statement by rapporteur on the programme of work</p>
<p>12. Appointment of rapporteurs and draftsmen - decisions on procedure</p>
<p>13. Any other business</p>
<p>14. Date of next meeting in Strasbourg (PE/IX/OJ/97-04 )</p>
<p>14.1 Date of next meeting in Brussels (PE/IX/OJ/97-05 ) - FIN - END OF DOCUMENT EP Transport Committee agenda - March 17-18</p>
<p>Committee on Transport and Tourism [[ Monday 17 March 1997 ]] MEETING OPEN TO THE PUBLIC</p>
<p>1. Adoption of draft agenda (PE221.333 ) ===] In the presence of the Commission</p>
<p>2. Trans-European networks in the field of transport - Statement Statement by Mr DE NEERGAARD, Vice-President - of the European Investment Bank - Exchange of views - (Monday 17 March at 3 p.m.)</p>
<p>3. Community financial assistance to promote combined goods transport (PACT) - proposal for a Council regulation (T05003) **I SYN96207 COM(96)0335 C4-0028/97 + TRAN Fond STOCKMANN Ulrich. (PSE) (PE221.332 ) - Consideration of draft report ===] Coordinators' meeting - Monday 17 March at 5 p.m. ===] Tuesday 18 March at 9 a.m.</p>
<p>4. Internal matters</p>
<p>4.1 Chairman's announcements</p>
<p>4.2 Decision on procedure - Annex (PE221.333/ANN) - Notice to members (PE221.335 )</p>
<p>5. Dutch Presidency (Council meeting, 11-12 March 1997) - Statement Statement by Mrs JORRITSMA, Transport Minister - and President-in-Office of the Council of Transport Ministers - Exchange of views - (Tuesday 18 March at 10 a.m.)</p>
<p>6. Defining a Community aviation safety improvement strategy (T04934) COS0438 SEC(96)1083 C4-0423/96 + TRAN Fond R McINTOSH Anne C. (PPE) (PE221.088 ) - Adoption of amendments Adoption of amendments (Amendments 1-37) - Adoption of draft report</p>
<p>7. Implementation in 1991-92 of Regulation (EEC) No 3820/85 on harmonizing social legislation concerning road transport (T04658) COS0370 COM(95)0713 C4-0065/96 + TRAN Fond R SCHLECHTER Marcel. (PSE) (PE218.714 ) - Adoption of amendments Adoption of amendments (Amendments ) - Adoption of draft report</p>
<p>8. Driving licences - harmonization of codes (amendment of Directive 91/439/EEC) (T04765) **II SYN96040 COM(96)0556 C4-0011/97 + TRAN Fond R FARASSINO Giuseppe. (ELD) (PE221.089 ) - Adoption of draft recommendation</p>
<p>9. Maritime safety: registration of persons sailing on board passenger ships (proposal for a directive) (T04404) **I SYN96281 COM(96)0574 C4-0029/97 + TRAN Fond WATTS Mark F. (PSE) (PE221.084 ) - Consideration of draft report</p>
<p>10. The charging of heavy goods vehicles for the use of certain infrastructures (T04401) **I SYN96182 COM(96)0331 C4-0027/97 + TRAN Fond R JARZEMBOWSKI Georg. (PPE) (PE221.085 ) - Consideration of draft report</p>
<p>11. Safety at sea: minimum level of training for seafarers (amendment of Directive 94/58/EC) (T05012) **I SYN96240 COM(96)0470 C4-0550/96 + TRAN Fond PARODI Eolo. (UPE) (PE221.087 ) - Consideration of working document</p>
<p>12. Philoxenia (Rule 62 motion) (PE221.091 ) - Exchange of views - Decision on procedure</p>
<p>13. Follow-up to Parliament resolutions - Statement by the Commission - Exchange of views</p>
<p>14. Any other business END OF DOCUMENT.</p>
</text>
<copyright>(c) Reuters Limited 1997</copyright>
<metadata>
<codes class="bip:countries:1.0">
  <code code="EEC">
    <editdetail attribution="Reuters BIP Coding Group" action="confirmed" date="1997-03-14"/>
  </code>
</codes>
<codes class="bip:topics:1.0">
  <code code="G15">
    <editdetail attribution="Reuters BIP Coding Group" action="confirmed" date="1997-03-14"/>
  </code>
  <code code="GCAT">
    <editdetail attribution="Reuters BIP Coding Group" action="confirmed" date="1997-03-14"/>
  </code>
</codes>
<dc element="dc.publisher" value="Reuters Holdings Plc"/>
<dc element="dc.date.published" value="1997-03-14"/>
<dc element="dc.source" value="Reuters"/>
<dc element="dc.creator.location.country.name" value="EU"/>
<dc element="dc.source" value="Reuters"/>
</metadata>
</newsitem>
