<?xml version="1.0" encoding="iso-8859-1" ?>
<newsitem itemid="441874" id="root" date="1997-03-14" xml:lang="en">
<title>EU:  EP BUDGET COMMITTEE AGENDA - MARCH 19-20.</title>
<headline>EP BUDGET COMMITTEE AGENDA - MARCH 19-20.</headline>
<text>
<p>Committee on Budgets [[ Wednesday 19 March 1997 ]]</p>
<p>1. Adoption of draft agenda (221.991 )</p>
<p>2. Chairman's announcements</p>
<p>3. Approval of minutes of meetings of: - 4-5 February 1997 (220.404 )</p>
<p>4. Appointment of rapporteurs and draftsmen - decisions on procedure 3 p.m. on 19 March</p>
<p>5. EP estimates for 1998 (T05370) BUD0086 + BUDG Fond R TOMLINSON John E. (PSE) - Presentation of the preliminary draft estimates by the Secretary-General, Mr J ulian Priestley, followed by a debate</p>
<p>6. Carry-over of appropriations: Section I - European Parliament (PE221.621 ) - Rapporteur: Joaquim MIRANDA - - Notice to members 6/97</p>
<p>7. Implementation of the 1997 budget - other institutions - - Notice to members 4/97 - Court of Justice (PE221.618 ) - Notice to members 5/97 - Court of Auditors (PE221.620 )</p>
<p>8. Former Yugoslavia: prospects for developing regional cooperation and ways of encouraging cooperation (T04778) COS0421 SEC(96)0252 C4-0644/96 + BUDG Avis A GIANSILY Jean-Antoin (UPE) (PE218.308/DEF) F POLI Fond R COHN-BENDIT Daniel M (V ) (PE220.776/A ) - Adoption of draft opinion</p>
<p>9. Creation of a European Monitoring Centre for Racism and Xenophobia (T05353) CNS96298 COM(96)0615 C4-0070/97 + BUDG Avis A TAPPIN Michael. (PSE) (PE221.607 ) F LIBE Fond R FORD James G. (PSE) (PE220.926/A ) - Consideration and adoption of draft opinion 9 a.m. on 20 March</p>
<p>10. Financial perspectives: adjustment (T05398) BUD0088 SEC(97)0364 C4-0111/97 + BUDG Fond TILLICH Stanislaw. (PPE) - Exchange of views</p>
<p>11. Amendment of the Financial Regulation applicable to the general budget of t he European Communities (SEM 2000) (T04961) CNS96189 COM(96)0351 C4-0497/96 + BUDG Avis A DELL'ALBA Gianfranco (ARE) F CONT Fond R SARLIS Pavlos. (PPE) - Exchange of views</p>
<p>12. Annual report of the Cohesion Fund, 1995 (T04994) COS0461 COM(96)0388 C4-0509/96 + BUDG Avis A KAKLAMANIS Nikitas. (UPE) F REGI Fond R NOVO Honorio. (GUE) (PE219.991 ) - Exchange of views</p>
<p>13. Agricultural prices 1997-1998 - Rapporteur: Mr Dimitrios KATIFORIS - - Exchange of views (PE221.994 )</p>
<p>14. International fishing agreements - Rapporteur: Mrs Karin JONS - - Adoption of draft opinion (PE221.992 ) 11 a.m.</p>
<p>14.99 Specialized agencies</p>
<p>15. Visit to Florence by a delegation from the Committees on Budgets and Budget ary Control - Exchange of views (PE220.405 ) - Conclusions (PE220.406 )</p>
<p>16. Fourth framework programme of research, technological development and addit ional financial investment - Rapporteur: Mr Claude DESAMA - - Progress report ===] Simplified procedure</p>
<p>17. Medium-term financial assistance mechanism for Member States' balances of p ayments - EC report - (Regl. 1969/88). (T04340) COS0479 COM(96)0545 C4-0588/96 + BUDG Avis L F ECON Fond R METTEN Alman. (PSE) (PE221.261 ) - Adoption of a draft opinion in the form of a letter</p>
<p>18. Maritime safety: registration of persons sailing on board passenger ships ( proposal for a directive) (T04404) **I SYN96281 COM(96)0574 C4-0029/97 + BUDG Avis</p>
<p>(PE221.993 ) F TRAN Fond WATTS Mark F. (PSE) (PE221.084 ) - Adoption of a draft opinion in the form of a letter</p>
<p>19. Date of next meeting (PE/III/OJ/97-07 )</p>
</text>
<copyright>(c) Reuters Limited 1997</copyright>
<metadata>
<codes class="bip:countries:1.0">
  <code code="EEC">
    <editdetail attribution="Reuters BIP Coding Group" action="confirmed" date="1997-03-14"/>
  </code>
</codes>
<codes class="bip:topics:1.0">
  <code code="G15">
    <editdetail attribution="Reuters BIP Coding Group" action="confirmed" date="1997-03-14"/>
  </code>
  <code code="GCAT">
    <editdetail attribution="Reuters BIP Coding Group" action="confirmed" date="1997-03-14"/>
  </code>
</codes>
<dc element="dc.publisher" value="Reuters Holdings Plc"/>
<dc element="dc.date.published" value="1997-03-14"/>
<dc element="dc.source" value="Reuters"/>
<dc element="dc.creator.location.country.name" value="EU"/>
<dc element="dc.source" value="Reuters"/>
</metadata>
</newsitem>
