<?xml version="1.0" encoding="iso-8859-1" ?>
<newsitem itemid="441888" id="root" date="1997-03-14" xml:lang="en">
<title>ITALY: CYCLING-ITALY'S PETITO TAKES OVER TIRRENO-ADRIATICO.</title>
<headline>CYCLING-ITALY'S PETITO TAKES OVER TIRRENO-ADRIATICO.</headline>
<dateline>PESCASSEROLI, Italy 1997-03-14</dateline>
<text>
<p>Davide Casarotto, from the same town as soccer star Roberto Baggio, won the second stage of the Tirreno-Adriatico race on Friday as Italians staked claims for victory.</p>
<p>Compatriot Roberto Petito was second in the same time of three hours 33 minutes and eight seconds to take the overall lead.</p>
<p>Denmark's overnight leader Rolf Sorensen, who had been fighting a sore throat on Thursday, lagged two minutes 46 seconds behind to fall to 10th place.</p>
<p>The 131-km stage up into the heart of the mountainous Abruzzi national park in central Italy was the most demanding of the week-long coast-to-coast race and left five Italians in the top six as the big names faded unexpectedly.</p>
<p>Switzerland's Beat Zberg was the interloper, third in the stage and overall, eight seconds behind Petito.</p>
<p>The stage win was the second as a professional for Casarotto, 26, and he was under no illusions.</p>
<p>&quot;I can hardly believe I have won the most important stage of the Tirreno,&quot; he said. &quot;The final standings? I don't hold much hope. I would be happy to finish fourth.&quot;</p>
<p>Saturday's third stage is 213 kms to Narni.</p>
</text>
<copyright>(c) Reuters Limited 1997</copyright>
<metadata>
<codes class="bip:countries:1.0">
  <code code="ITALY">
    <editdetail attribution="Reuters BIP Coding Group" action="confirmed" date="1997-03-14"/>
  </code>
</codes>
<codes class="bip:topics:1.0">
  <code code="GCAT">
    <editdetail attribution="Reuters BIP Coding Group" action="confirmed" date="1997-03-14"/>
  </code>
  <code code="GSPO">
    <editdetail attribution="Reuters BIP Coding Group" action="confirmed" date="1997-03-14"/>
  </code>
</codes>
<dc element="dc.date.created" value="1997-03-14"/>
<dc element="dc.publisher" value="Reuters Holdings Plc"/>
<dc element="dc.date.published" value="1997-03-14"/>
<dc element="dc.source" value="Reuters"/>
<dc element="dc.creator.location" value="PESCASSEROLI, Italy"/>
<dc element="dc.creator.location.country.name" value="ITALY"/>
<dc element="dc.source" value="Reuters"/>
</metadata>
</newsitem>
