<?xml version="1.0" encoding="iso-8859-1" ?>
<newsitem itemid="441862" id="root" date="1997-03-14" xml:lang="en">
<title>EU:  EP RULES OF PROCEDURE COMMITTEE AGENDA - MARCH 17-18.</title>
<headline>EP RULES OF PROCEDURE COMMITTEE AGENDA - MARCH 17-18.</headline>
<text>
<p>Committee on the Rules of Procedure, the Verification of Credentials and Immun ities [[ Monday 17 March 1997 ]]</p>
<p>1. Adoption of draft agenda (PE221.682 )</p>
<p>2. Approval of minutes of meeting of: - 3 and 4 February 1997 (PE221.106 ) ===] VERIFICATION OF CREDENTIALS</p>
<p>3. Verification of credentials (DVR0368 ) - Mr Richard CORBETT (PE221.108 ) - Mrs Maria FERREIRA LOPEZ CARDONA (PE221.109 ) - Mr Michel SCARBONCHI (PE221.681 ) ===] INTERPRETATION</p>
<p>4. Procedure used when considering the conclusions of the Temporary Committee of Inquiry into BSE - Exchange of views</p>
<p>5. Rule 123(5): objections concerning the vote on Mrs Riis-Jorgensen's report (T05321) REG0105 REG0105 + REGL Fond FABRE-AUBRESPY Herve (EDN) - Exchange of views</p>
<p>6. Rule 141: membership of subcommittees (T04926) REG0074 + REGL Fond DELL'ALBA Gianfranco (ARE) - Exchange of views ===] AMENDMENT</p>
<p>7. Rule 116 (split voting) (T04196) REG0060 + REGL Fond R DONNELLY Brendan P. (PPE) (PE220.620 ) - Adoption of draft report</p>
<p>8. Code of conduct for representatives of interest groups (T04834) REG0066 + REGL Fond R FORD James G. (PSE) (PE219.668/RE2) - Adoption of draft report</p>
<p>9. Rule 154: report for the Parliamentary Assembly of the Council of Europe (T05317) REG0101 REG0101 B4-0717/96 B4-0717/96 + REGL Fond DELL'ALBA Gianfranco (ARE) - Further exchange of views</p>
<p>10. Rule 48: Written declarations (T05319) REG0103 REG0103 B4-1092/96 B4-1092/96 + REGL Fond DELL'ALBA Gianfranco (ARE) - Initial exchange of views</p>
<p>11. The conduct of debates in plenary sitting (T04622) INI0478 INI0478 + REGL Fond WIJSENBEEK Florus A. (ELD) (PE220.618/REV) - Consideration of draft report Consideration of a revised draft report</p>
<p>12. Public hearing on the financing and operation of intergroups - Final arrangements</p>
<p>13. Action to be taken on the coordinators' proposals</p>
<p>14. Any other business</p>
<p>15. Date of next meeting (PE/XVIII/OJ/97-06 )</p>
<p>[FOOTNOTES]1. ) A coordinators' meeting will be held on 17 March at 5 p.m. or at the end of the meeting. A N N E X</p>
<p>0.1 COORDINATORS' MEETING</p>
<p>1. Adoption of draft agenda (PE221.682/ANN )</p>
<p>2. Status of honorary Members - Proposal to draw up an own-initiative report</p>
<p>3. Rules 109 to 111 - Proposal on action to be taken (PE221.677 ) - Possibly, appointment of rapporteur</p>
<p>4. Rule 135 and Annex VI - Responsibilities of the Committee on Petitions (T03477) REG0047 + REGL Fond R</p>
<p>(PE213.714/REV) - Appointment of a rapporteur</p>
<p>5. Rule 147 - Cooperation between committees responsible and asked for an opinion (T05314) INI0900 INI0900 + REGL Fond - Appointment of a rapporteur</p>
<p>6. Membership of the delegation to vist Vienna</p>
<p>7. Possibly, invitation from the equivalent committee in the Bundestag</p>
<p>8. Appointment of a STOA representative</p>
<p>9. Any other business.</p>
</text>
<copyright>(c) Reuters Limited 1997</copyright>
<metadata>
<codes class="bip:countries:1.0">
  <code code="EEC">
    <editdetail attribution="Reuters BIP Coding Group" action="confirmed" date="1997-03-14"/>
  </code>
</codes>
<codes class="bip:topics:1.0">
  <code code="G15">
    <editdetail attribution="Reuters BIP Coding Group" action="confirmed" date="1997-03-14"/>
  </code>
  <code code="GCAT">
    <editdetail attribution="Reuters BIP Coding Group" action="confirmed" date="1997-03-14"/>
  </code>
</codes>
<dc element="dc.publisher" value="Reuters Holdings Plc"/>
<dc element="dc.date.published" value="1997-03-14"/>
<dc element="dc.source" value="Reuters"/>
<dc element="dc.creator.location.country.name" value="EU"/>
<dc element="dc.source" value="Reuters"/>
</metadata>
</newsitem>
