<?xml version="1.0" encoding="iso-8859-1" ?>
<newsitem itemid="441906" id="root" date="1997-03-14" xml:lang="en">
<title>UK: RUGBY LEAGUE-SUPER LEAGUE RESULT.</title>
<headline>RUGBY LEAGUE-SUPER LEAGUE RESULT.</headline>
<dateline>BRADFORD, England 1997-03-14</dateline>
<text>
<p>Result of a rugby</p>
<p>league Super League result on Friday:</p>
<p> Bradford    58   Warrington   20  (halftime 20-8)</p>
<p>Scorers:</p>
<p>Bradford - Tries: Paul 3, Spruce 2, Lowes, McDermott,</p>
<p>McNamara, Peacock, Scales. Conversions - McNamara 9</p>
<p>Warrington - Tries: Currier, Rudd, Tatupu, Vagana.</p>
<p>Conversions - Roper 2.</p>
<p>Attendance: 15,070</p>
</text>
<copyright>(c) Reuters Limited 1997</copyright>
<metadata>
<codes class="bip:countries:1.0">
  <code code="UK">
    <editdetail attribution="Reuters BIP Coding Group" action="confirmed" date="1997-03-14"/>
  </code>
</codes>
<codes class="bip:topics:1.0">
  <code code="GCAT">
    <editdetail attribution="Reuters BIP Coding Group" action="confirmed" date="1997-03-14"/>
  </code>
  <code code="GSPO">
    <editdetail attribution="Reuters BIP Coding Group" action="confirmed" date="1997-03-14"/>
  </code>
</codes>
<dc element="dc.date.created" value="1997-03-14"/>
<dc element="dc.publisher" value="Reuters Holdings Plc"/>
<dc element="dc.date.published" value="1997-03-14"/>
<dc element="dc.source" value="Reuters"/>
<dc element="dc.creator.location" value="BRADFORD, England"/>
<dc element="dc.creator.location.country.name" value="UK"/>
<dc element="dc.source" value="Reuters"/>
</metadata>
</newsitem>
