<?xml version="1.0" encoding="iso-8859-1" ?>
<newsitem itemid="441951" id="root" date="1997-03-14" xml:lang="en">
<title>CHINA: SOCCER-TOP CHINA LEAGUE TO RESTART ON SUNDAY.</title>
<headline>SOCCER-TOP CHINA LEAGUE TO RESTART ON SUNDAY.</headline>
<dateline>BEIJING 1997-03-14</dateline>
<text>
<p>The 1997 Chinese first division soccer league will kick off this weekend with a clash between defending champions Dalian Wanda and newly promoted Vanguard Huandao, the Xinhua news agency said on Friday.</p>
<p>While Dalian's squad included seven Chinese international players, their upstart opponents would be led by former national team coach German Klaus Schlappner for the first game of the season on Sunday, the agency said.</p>
<p>Players from all 12 first division teams had been on a tough winter training programme since the end of the 1996 league last October, it said.</p>
<p>State media said winter training at high altitudes in mountainous southwestern Yunnan province was aimed at focusing players to boost the quality of league soccer.</p>
<p>Players were forced to run up to 12 km (seven miles) a day and banned from using mobile telephones or receiving visitors.</p>
<p>&quot;Now... each of the 12 teams participating in this year's league will try their best to prove to the fans that it deserves their support,&quot; Xinhua said.</p>
<p>Qingdao Hainiu will join the first division along with Vanguard Huandao after the relegation last year of Guangzhou Songri and Shenzhen.</p>
<p>On Sunday, Beijing Guo'an would play Sichuan Quanxing; Shanghai Shenhua would play Yanbian Aodong; Vanguard Huandao would play Dalian Wanda; Tianjin Lifei would play Chinese Army; Jinan Taishan would play Qingdao Hainiu and Guangzhou Apollo would play Guangdong Hongyuan, Xinhua said.</p>
</text>
<copyright>(c) Reuters Limited 1997</copyright>
<metadata>
<codes class="bip:countries:1.0">
  <code code="CHINA">
    <editdetail attribution="Reuters BIP Coding Group" action="confirmed" date="1997-03-14"/>
  </code>
</codes>
<codes class="bip:topics:1.0">
  <code code="GCAT">
    <editdetail attribution="Reuters BIP Coding Group" action="confirmed" date="1997-03-14"/>
  </code>
  <code code="GSPO">
    <editdetail attribution="Reuters BIP Coding Group" action="confirmed" date="1997-03-14"/>
  </code>
</codes>
<dc element="dc.date.created" value="1997-03-14"/>
<dc element="dc.publisher" value="Reuters Holdings Plc"/>
<dc element="dc.date.published" value="1997-03-14"/>
<dc element="dc.source" value="Reuters"/>
<dc element="dc.creator.location" value="BEIJING"/>
<dc element="dc.creator.location.country.name" value="CHINA"/>
<dc element="dc.source" value="Reuters"/>
</metadata>
</newsitem>
