<?xml version="1.0" encoding="iso-8859-1" ?>
<newsitem itemid="441922" id="root" date="1997-03-14" xml:lang="en">
<title>NIGERIA: SOCCER-TROUSSIER PROMISES NIGERIA PLACE AT WORLD CUP FINALS.</title>
<headline>SOCCER-TROUSSIER PROMISES NIGERIA PLACE AT WORLD CUP FINALS.</headline>
<byline>Eniwoke Ibagere</byline>
<dateline>LAGOS 1997-03-14</dateline>
<text>
<p>Frenchman Philippe Troussier, who was appointed by Olympic champions Nigeria as their new manager last month, pledged on Friday to take the nation to the 1998 World Cup finals in France.</p>
<p>Nigeria are currently second behind Guinea in their World Cup qualifying group. The Nigerians, who came within a minute of beating Italy and gaining a quarter-final place in the 1994 World Cup, face Guinea in Lagos on April 5.</p>
<p>Troussier, at a formal signing ceremony of his contract in Lagos, told reporters that Nigeria could rely on his knowledge of African soccer and coaching acumen to get them to the finals.</p>
<p>&quot;I promise you I will take Nigeria to next year's World Cup and it's an objective which must be achieved,&quot; he said.</p>
<p>Abdulmumini Aminu, chairman of the Nigeria Football Association, said Troussier's contract was in two phases.</p>
<p>&quot;The first phase is for six months and he will earn a salary of $10,000 monthly. If we qualify for the World Cup, then we will re-negotiate with him to draft the contract till after the World Cup,&quot; Aminu said. He did not comment on what would happen if Nigeria failed to qualify for the World Cup finals.</p>
<p>Troussier, 42, is the 16th foreign national and the first Frenchman to coach Nigeria. He replaces Dutchman Jo Bonfrere who quit the job in October after alleging poor treatment and interference in his duties.</p>
<p>The Nigerian soccer authorities in January sacked local coach Amodu Shaibu who had taken over the team on a temporary basis.</p>
<p>Aminu said: &quot;Troussier's morale should not be dampened by the friction we had with these coaches. We will provide the support and right atmosphere for him to work and succeed.&quot;</p>
<p>Troussier, nicknamed &quot;White Wizard&quot;, was trainer of Moroccan first division team FUS Rabat. He has also trained first division teams ASEC Mimosas and Kaiser Chiefs in Ivory Coast and South Africa, respectively.</p>
<p>He was Ivory Coast coach in 1993 but lost the job after that country failed to qualify for the 1994 World Cup from the group from which Nigeria qualified.</p>
<p>&quot;All that is history. Now I will make more history as the first Frenchman to take Nigeria to its second World Cup finals,&quot; he said good-humouredly.</p>
</text>
<copyright>(c) Reuters Limited 1997</copyright>
<metadata>
<codes class="bip:countries:1.0">
  <code code="FRA">
    <editdetail attribution="Reuters BIP Coding Group" action="confirmed" date="1997-03-14"/>
  </code>
  <code code="NIGEA">
    <editdetail attribution="Reuters BIP Coding Group" action="confirmed" date="1997-03-14"/>
  </code>
</codes>
<codes class="bip:topics:1.0">
  <code code="GCAT">
    <editdetail attribution="Reuters BIP Coding Group" action="confirmed" date="1997-03-14"/>
  </code>
  <code code="GSPO">
    <editdetail attribution="Reuters BIP Coding Group" action="confirmed" date="1997-03-14"/>
  </code>
</codes>
<dc element="dc.date.created" value="1997-03-14"/>
<dc element="dc.publisher" value="Reuters Holdings Plc"/>
<dc element="dc.date.published" value="1997-03-14"/>
<dc element="dc.source" value="Reuters"/>
<dc element="dc.creator.location" value="LAGOS"/>
<dc element="dc.creator.location.country.name" value="NIGERIA"/>
<dc element="dc.source" value="Reuters"/>
</metadata>
</newsitem>
