<?xml version="1.0" encoding="iso-8859-1" ?>
<newsitem itemid="441946" id="root" date="1997-03-14" xml:lang="en">
<title>AUSTRALIA: CRICKET-BRADMAN NOW LAST 'BODYLINE' SURVIVOR.</title>
<headline>CRICKET-BRADMAN NOW LAST 'BODYLINE' SURVIVOR.</headline>
<dateline>SYDNEY 1997-03-14</dateline>
<text>
<p>Sir Donald Bradman has become the last survivor of the infamous &quot;Bodyline&quot; test series that strained diplomatic relations between Britain and Australia during the early 1930s.</p>
<p>Bradman lost his last remaining team mate when Australian batsman Leo O'Brien died on Thursday, aged 89.</p>
<p>Now aged 88, Bradman is the oldest former Australian test cricketer still alive.</p>
<p>In the 1932-33 Ashes series in Australia, Bradman was targeted by his England opponents who aimed short-pitched leg-side deliveries at his body in an attempt to curb his prolific scoring.</p>
<p>The tactic, dubbed &quot;Bodyline&quot;, injured some other batsmen, infuriating Australian crowds. The incidents prompted several terse exchanges between the two governments.</p>
<p>But from England's point of view, the tactic worked. They won the series 4-1 after restricting Bradman to what by his high standards was a moderate average of 56.</p>
<p>There are no surviving England players from the &quot;Bodyline&quot; series.</p>
</text>
<copyright>(c) Reuters Limited 1997</copyright>
<metadata>
<codes class="bip:countries:1.0">
  <code code="AUSTR">
    <editdetail attribution="Reuters BIP Coding Group" action="confirmed" date="1997-03-14"/>
  </code>
  <code code="UK">
    <editdetail attribution="Reuters BIP Coding Group" action="confirmed" date="1997-03-14"/>
  </code>
</codes>
<codes class="bip:topics:1.0">
  <code code="GCAT">
    <editdetail attribution="Reuters BIP Coding Group" action="confirmed" date="1997-03-14"/>
  </code>
  <code code="GSPO">
    <editdetail attribution="Reuters BIP Coding Group" action="confirmed" date="1997-03-14"/>
  </code>
</codes>
<dc element="dc.date.created" value="1997-03-14"/>
<dc element="dc.publisher" value="Reuters Holdings Plc"/>
<dc element="dc.date.published" value="1997-03-14"/>
<dc element="dc.source" value="Reuters"/>
<dc element="dc.creator.location" value="SYDNEY"/>
<dc element="dc.creator.location.country.name" value="AUSTRALIA"/>
<dc element="dc.source" value="Reuters"/>
</metadata>
</newsitem>
