<?xml version="1.0" encoding="iso-8859-1" ?>
<newsitem itemid="441978" id="root" date="1997-03-14" xml:lang="en">
<title>DENMARK: TENNIS-COPENHAGEN OPEN RESULTS.</title>
<headline>TENNIS-COPENHAGEN OPEN RESULTS.</headline>
<dateline>COPENHAGEN 1997-03-14</dateline>
<text>
<p>Quarter-final results in the</p>
<p>$203,000 Copenhagen Open ATP tournament on Friday (prefix number</p>
<p>denotes</p>
<p>seeding):</p>
<p>6-Karol Kucera (Slovakia) beat Guillaume Raoux (France) 6-4</p>
<p>6-2</p>
<p>Lars Burgsmueller (Germany) beat Tomas Carbonell (Spain) 6-4</p>
<p>6-4</p>
<p>2-Martin Damm (Czech Republic) beat Frederik Fetterlein</p>
<p>(Denmark) 6-4 6-3</p>
<p>5-Thomas Johansson (Sweden) beat Jan Kroslak (Slovakia) 4-6</p>
<p>6-3 6-2</p>
</text>
<copyright>(c) Reuters Limited 1997</copyright>
<metadata>
<codes class="bip:countries:1.0">
  <code code="CZREP">
    <editdetail attribution="Reuters BIP Coding Group" action="confirmed" date="1997-03-14"/>
  </code>
  <code code="DEN">
    <editdetail attribution="Reuters BIP Coding Group" action="confirmed" date="1997-03-14"/>
  </code>
  <code code="FRA">
    <editdetail attribution="Reuters BIP Coding Group" action="confirmed" date="1997-03-14"/>
  </code>
  <code code="GFR">
    <editdetail attribution="Reuters BIP Coding Group" action="confirmed" date="1997-03-14"/>
  </code>
  <code code="SLVAK">
    <editdetail attribution="Reuters BIP Coding Group" action="confirmed" date="1997-03-14"/>
  </code>
  <code code="SPAIN">
    <editdetail attribution="Reuters BIP Coding Group" action="confirmed" date="1997-03-14"/>
  </code>
  <code code="SWED">
    <editdetail attribution="Reuters BIP Coding Group" action="confirmed" date="1997-03-14"/>
  </code>
</codes>
<codes class="bip:topics:1.0">
  <code code="GCAT">
    <editdetail attribution="Reuters BIP Coding Group" action="confirmed" date="1997-03-14"/>
  </code>
  <code code="GSPO">
    <editdetail attribution="Reuters BIP Coding Group" action="confirmed" date="1997-03-14"/>
  </code>
</codes>
<dc element="dc.date.created" value="1997-03-14"/>
<dc element="dc.publisher" value="Reuters Holdings Plc"/>
<dc element="dc.date.published" value="1997-03-14"/>
<dc element="dc.source" value="Reuters"/>
<dc element="dc.creator.location" value="COPENHAGEN"/>
<dc element="dc.creator.location.country.name" value="DENMARK"/>
<dc element="dc.source" value="Reuters"/>
</metadata>
</newsitem>
