<?xml version="1.0" encoding="iso-8859-1" ?>
<newsitem itemid="441999" id="root" date="1997-03-14" xml:lang="en">
<title>Estonia: NEW GOVT BEING PRESENTED TO PRESIDENT FRIDAY.</title>
<headline>NEW GOVT BEING PRESENTED TO PRESIDENT FRIDAY.</headline>
<dateline>TALLINN 1997-03-14</dateline>
<text>
<p>Estonia's nominated prime minister Mart Siimann was meeting President Lennart Meri at 1900/1700 GMT on Friday to present his proposed new government, a spokesman for the president's office said.</p>
<p>&quot;He is seeing the president now and the meeting should finish at 1945/1745 GMT,&quot; spokesman Andres Noormets told Reuters.</p>
<p>Siimann was on Wednesday given the authority by parliament to form a new government which had to be presented to the president within seven days.</p>
<p>Within three days of approving the line-up, the president must appoint Siimann prime minister and his ministers to government.</p>
<p>No major changes are expected to the cabinet however the Education Minister Rein Loik has resigned for personal reasons and the position of Agriculture Minister is under question.</p>
<p>The previous prime minister, Tiit Vaehi, resigned last month after narrowly surviving a vote of no confidence amid allegations that he took part in shady privisation deals involving real estate in central Tallinn.</p>
<p>Siimann, a former televsion and radio station manager, has pleged to continue the previous government's reforms. -- David Mardiste, Tallinn newsroom +372 630 8400, reuters@reuters.ee</p>
</text>
<copyright>(c) Reuters Limited 1997</copyright>
<metadata>
<codes class="bip:countries:1.0">
  <code code="ESTNIA">
    <editdetail attribution="Reuters BIP Coding Group" action="confirmed" date="1997-03-14"/>
  </code>
</codes>
<codes class="bip:topics:1.0">
  <code code="GCAT">
    <editdetail attribution="Reuters BIP Coding Group" action="confirmed" date="1997-03-14"/>
  </code>
  <code code="GPOL">
    <editdetail attribution="Reuters BIP Coding Group" action="confirmed" date="1997-03-14"/>
  </code>
</codes>
<dc element="dc.date.created" value="1997-03-14"/>
<dc element="dc.publisher" value="Reuters Holdings Plc"/>
<dc element="dc.date.published" value="1997-03-14"/>
<dc element="dc.source" value="Reuters"/>
<dc element="dc.creator.location" value="TALLINN"/>
<dc element="dc.creator.location.country.name" value="ESTONIA"/>
<dc element="dc.source" value="Reuters"/>
</metadata>
</newsitem>
