<?xml version="1.0" encoding="iso-8859-1" ?>
<newsitem itemid="441902" id="root" date="1997-03-14" xml:lang="en">
<title>USA: TENNIS-MUSTER, CHANG REACH QUARTERS OF CHAMPIONS CUP.</title>
<headline>TENNIS-MUSTER, CHANG REACH QUARTERS OF CHAMPIONS CUP.</headline>
<dateline>INDIAN WELLS, California 1997-03-13</dateline>
<text>
<p>Second seed Thomas Muster of Austria and third seed Michael Chang of the United States moved into the quarter-finals of the Champions Cup with straight-set victories Thursday.</p>
<p>In the only third-round battle between seeded players, the defending champion and third-ranked Chang posted a 6-2 7-5 victory over 13th seed Marc Rosset of Switzerland.</p>
<p>The second-ranked Muster disposed of 59th-ranked Czech Slava Dosedel 6-4 6-4.</p>
<p>In the quarters, Muster meets 32nd-ranked Mark &quot;Scud&quot; Philippoussis of Australia, who delivered the fastest serve ever recorded -- 142 mph (228.5 kph) -- last week at the Scottsdale tournament.</p>
<p>Philippoussis sent eighth seed Carlos Moya of Spain, a finalist at this year's Australian Open, packing with a 6-4 6-3 win.</p>
<p>The other quarter-finals pit Chang against 30th-ranked Cedric Pioline of France, 14th seed Alberto Berasategui of Spain against 35th-ranked Jonas Bjorkman of Sweden, and 43rd-ranked Bohdan Ulihrach of the Czech Republic, who upset top seed Pete Sampras in the second round, against 31st-ranked Byron Black of Zimbabwe.</p>
<p>Chang wasn't shy about his chances of successfully defending his Champions Cup title.</p>
<p>&quot;I plan on it,&quot; Chang said. &quot;I just take things match by match, but definitely go out there with the faith that I'm going to be there on Sunday, winning the title..&quot;</p>
<p>Chang, who has won this title twice, is only 5 feet 9 inches (1.75 meters) tall and is dwarfed by the 6-foot-7 (2.01 meters) Rosset. But the difference in their size in no way intimidated Chang. Nor did Rosset's 4-2 career advantage over him.</p>
<p>Chang is riding high this year with a 14-2 won-lost record which includes a tournament victory at Memphis two weeks ago.</p>
<p>Rosset's serve can be daunting at its peak but against Chang it was hardly a formidable weapon. Rosset made only 48 percent of his first serves in the one hour, 49 minute contest.</p>
<p>Chang ended the day serving more aces than Rosset -- seven to three. Rosset also double faulted nine times.</p>
<p>&quot;I think it's (my serve) improved tremendously,&quot; Chang said. &quot;I feel like it no longer is just a way of starting a point for me.&quot;</p>
<p>After exchanging service breaks in the first two games of the match, Chang broke Rosset's serve twice more in the first set.</p>
<p>In the second set, Rosset was serving to go ahead 5-3, but never had a game point in that eighth game. Chang captured the final service break in the last game, winning on a third match point when Rosset blasted a backhand long.  </p>
<p>Muster is a noted clay court specialist but all four tournament he has played this year have been on hardcourts. He reached the quarter-finals at Doha, the semifinals at the Australian Open and won in Dubai.</p>
<p>&quot;It's (hardcourts) not my best surface,&quot; Muster said. &quot;I've won more tournaments on clay, that's a reality. There's no reason for me to mentally go on hardcourt and say, I can't play on it.&quot;</p>
</text>
<copyright>(c) Reuters Limited 1997</copyright>
<metadata>
<codes class="bip:countries:1.0">
  <code code="USA">
    <editdetail attribution="Reuters BIP Coding Group" action="confirmed" date="1997-03-14"/>
  </code>
</codes>
<codes class="bip:topics:1.0">
  <code code="GCAT">
    <editdetail attribution="Reuters BIP Coding Group" action="confirmed" date="1997-03-14"/>
  </code>
  <code code="GSPO">
    <editdetail attribution="Reuters BIP Coding Group" action="confirmed" date="1997-03-14"/>
  </code>
</codes>
<dc element="dc.date.created" value="1997-03-13"/>
<dc element="dc.publisher" value="Reuters Holdings Plc"/>
<dc element="dc.date.published" value="1997-03-14"/>
<dc element="dc.source" value="Reuters"/>
<dc element="dc.creator.location" value="INDIAN WELLS, California"/>
<dc element="dc.creator.location.country.name" value="USA"/>
<dc element="dc.source" value="Reuters"/>
</metadata>
</newsitem>
