<?xml version="1.0" encoding="iso-8859-1" ?>
<newsitem itemid="441933" id="root" date="1997-03-14" xml:lang="en">
<title>RUSSIA: SOCCER-RUSSIAN SEASON OPENS WITH MATCH-FIXING WARNING.</title>
<headline>SOCCER-RUSSIAN SEASON OPENS WITH MATCH-FIXING WARNING.</headline>
<byline>Alastair Macdonald</byline>
<dateline>MOSCOW 1997-03-14</dateline>
<text>
<p>Russian clubs kick off their 1997 season on Sunday after a stern warning from the head of the league that match-fixing will be severely punished.</p>
<p>&quot;We must get rid of this dangerous phenomenon,&quot; league president Nikolai Tolstykh told a news conference on Friday.</p>
<p>Citing second division Iriston Vladikavkaz, thrown out of the league last year for trying to rig a match, Tolstykh said he understood the financial pressure on clubs for success since the end of Soviet state funding. But the bribery and corruption, long alleged but rarely proven, must be rooted out.</p>
<p>The league has set up a commission to tackle it. Russia's new Criminal Code, which replaced Soviet law this year, gives full legal weight to sanctions against corruption in sport.</p>
<p>Iriston were let back in, to the third and bottom division, this year. But the league says a &quot;get tough&quot; approach will apply to a whole range of major and minor infringements of its rules.</p>
<p>Even the mighty CSKA Moscow, Tolstykh recalled, flirted with exclusion during the close season when an internal split in the Russian army club prompted two rival groups to register for this season. The argument over ownership was quickly settled after the league threatened to simply bar CSKA altogether.</p>
<p>After years of haggling over transfer fees, Tolstykh said, the league &quot;fired a shot across the bows&quot; of clubs who fail to pay for players by docking six points from Olimp Kislovodsk, condemning them to relegation to the third division this year.</p>
<p>The start of the premier league campaign also sees eight of the 18 top flight clubs penalised as part of the league's offensive against sub-standard stadiums and icy pitches.</p>
<p>During the first two rounds of the championship, the eight who failed to install undersoil heating by the start of the season will play their first home fixture at a neutral ground. If the work is not done by September, the teams will lose six points and play their remaining home games away.</p>
<p>&quot;We know it's pretty tough,&quot; Tolstykh said.</p>
<p>But the league is determined to get premier league grounds up to FIFA international standards by next season.</p>
<p>As well as cutting the premiership to 16 teams to improve competitiveness, notably in European club tournaments, Tolstykh said he expected up to 40 lower division sides to be kicked out of the league after this season, allowing a big reorganisation.</p>
<p>Champions and firm favourites Spartak Moscow, who have won four of the five post-Soviet pennants, kick off their season on the Black Sea on Sunday against Zhemchuzhina Sochi.</p>
<p>They are not alone. Three other games will be played in Sochi, once the politburo's favourite resort. Three teams which failed to install heating, including last year's third-placed Rotor Volgograd, stage home fixtures there on Sunday and Monday.</p>
<p>Alania Vladikavkaz, runners-up last year and 1995 champions, are at home on Sunday to outsiders KamAZ Naberezhniye Chelny.</p>
<p>Moscow sees one its bitterest derbies of the season, police versus army -- otherwise known as Dynamo against CSKA.</p>
<p>Among the capital's Big Five, CSKA will be under close scrutiny after the mass defection of coach Alexander Tarkhanov and much of his squad to Torpedo Moscow. Ex-Russia trainer Pavel Sadyrin heads CSKA after being sacked by Zenit St. Petersburg.</p>
</text>
<copyright>(c) Reuters Limited 1997</copyright>
<metadata>
<codes class="bip:countries:1.0">
  <code code="RUSS">
    <editdetail attribution="Reuters BIP Coding Group" action="confirmed" date="1997-03-14"/>
  </code>
</codes>
<codes class="bip:topics:1.0">
  <code code="GCAT">
    <editdetail attribution="Reuters BIP Coding Group" action="confirmed" date="1997-03-14"/>
  </code>
  <code code="GSPO">
    <editdetail attribution="Reuters BIP Coding Group" action="confirmed" date="1997-03-14"/>
  </code>
</codes>
<dc element="dc.date.created" value="1997-03-14"/>
<dc element="dc.publisher" value="Reuters Holdings Plc"/>
<dc element="dc.date.published" value="1997-03-14"/>
<dc element="dc.source" value="Reuters"/>
<dc element="dc.creator.location" value="MOSCOW"/>
<dc element="dc.creator.location.country.name" value="RUSSIA"/>
<dc element="dc.source" value="Reuters"/>
</metadata>
</newsitem>
