<?xml version="1.0" encoding="iso-8859-1" ?>
<newsitem itemid="441961" id="root" date="1997-03-14" xml:lang="en">
<title>USA: NBA BASKETBALL - STANDINGS AFTER THURSDAY'S GAMES.</title>
<headline>NBA BASKETBALL - STANDINGS AFTER THURSDAY'S GAMES.</headline>
<dateline>NEW YORK 1997-03-14</dateline>
<text>
<p>Standings of National</p>
<p>Basketball Association teams after games played on Thursday</p>
<p>(tabulate under won, lost, winning percentage, games behind):</p>
<p>		EASTERN CONFERENCE</p>
<p>		ATLANTIC DIVISION</p>
<p>			W    L    PCT  GB</p>
<p> NEW YORK	  47   17   .734   -</p>
<p> MIAMI	     46   17   .730     1/2</p>
<p> ORLANDO	   34   28   .548  12</p>
<p> WASHINGTON	29   33   .468  17</p>
<p> NEW JERSEY	18   44   .290  28</p>
<p> PHILADELPHIA    16   46   .258  30</p>
<p> BOSTON	    12   52   .188  35</p>
<p>		CENTRAL DIVISION</p>
<p>			W    L    PCT  GB</p>
<p> X-CHICAGO	 55    8   .873   -</p>
<p> DETROIT	   46   17   .730   9</p>
<p> ATLANTA	   43   20   .683  12</p>
<p> CHARLOTTE	 41   22   .651  14</p>
<p> CLEVELAND	 34   28   .548  20 1/2</p>
<p> INDIANA	   30   32   .484  24 1/2</p>
<p> MILWAUKEE	 26   36   .419  28 1/2</p>
<p> TORONTO	   23   40   .365  32</p>
<p>X -- CLINCHED PLAYOFF BERTH</p>
<p>		WESTERN CONFERENCE</p>
<p>		MIDWEST DIVISION</p>
<p>			W    L    PCT  GB</p>
<p> X-UTAH	    46   17   .730   -</p>
<p> HOUSTON	   43   21   .672   3 1/2</p>
<p> MINNESOTA	 31   31   .500  14 1/2</p>
<p> DALLAS	    21   41   .339  24 1/2</p>
<p> DENVER	    18   45   .286  28</p>
<p> SAN ANTONIO     15   47   .242  30 1/2</p>
<p> VANCOUVER	 11   54   .169  36</p>
<p>X -- CLINCHED PLAYOFF BERTH</p>
<p>	     PACIFIC DIVISION</p>
<p>			W    L    PCT  GB</p>
<p> SEATTLE	   44   18   .710   -</p>
<p> LA LAKERS	 42   20   .677   2</p>
<p> PORTLAND	  36   28   .563   9</p>
<p> SACRAMENTO	28   36   .438  17</p>
<p> LA CLIPPERS     26   35   .426  17 1/2</p>
<p> PHOENIX	   25   38   .397  19 1/2</p>
<p> GOLDEN STATE    24   39   .381  20 1/2</p>
<p>FRIDAY, MARCH 14 SCHEDULE</p>
<p>SEATTLE AT ATLANTA		</p>
<p>UTAH AT INDIANA		   </p>
<p>VANCOUVER AT MIAMI		</p>
<p>CHICAGO AT NEW JERSEY	   </p>
<p>CHARLOTTE AT ORLANDO	    </p>
<p>MINNESOTA AT PHILADELPHIA     </p>
<p>WASHINGTON AT MILWAUKEE	 </p>
<p>BOSTON AT SAN ANTONIO	   </p>
<p>CLEVELAND AT PORTLAND	  </p>
<p>LA CLIPPERS AT LA LAKERS</p>
</text>
<copyright>(c) Reuters Limited 1997</copyright>
<metadata>
<codes class="bip:countries:1.0">
  <code code="USA">
    <editdetail attribution="Reuters BIP Coding Group" action="confirmed" date="1997-03-14"/>
  </code>
</codes>
<codes class="bip:topics:1.0">
  <code code="GCAT">
    <editdetail attribution="Reuters BIP Coding Group" action="confirmed" date="1997-03-14"/>
  </code>
  <code code="GSPO">
    <editdetail attribution="Reuters BIP Coding Group" action="confirmed" date="1997-03-14"/>
  </code>
</codes>
<dc element="dc.date.created" value="1997-03-14"/>
<dc element="dc.publisher" value="Reuters Holdings Plc"/>
<dc element="dc.date.published" value="1997-03-14"/>
<dc element="dc.source" value="Reuters"/>
<dc element="dc.creator.location" value="NEW YORK"/>
<dc element="dc.creator.location.country.name" value="USA"/>
<dc element="dc.source" value="Reuters"/>
</metadata>
</newsitem>
