<?xml version="1.0" encoding="iso-8859-1" ?>
<newsitem itemid="441948" id="root" date="1997-03-14" xml:lang="en">
<title>AUSTRALIA: CRICKET-SHEFFIELD SHIELD SCORES.</title>
<headline>CRICKET-SHEFFIELD SHIELD SCORES.</headline>
<dateline>SYDNEY 1997-03-14</dateline>
<text>
<p>Close of play scores on the second day of four-day Sheffield Shield cricket matches on Friday.</p>
<p>In Sydney: Tasmania 463-7 declared (Jamie Cox 143, Michael DiVenuto 65, Ricky Ponting 64, David Boon 52); New South Wales 220-3 (Michael Slater 87, Jason Arnberger 56 not out).</p>
<p>In Brisbane: Queensland 277 and 194-7 (Matthew Mott 60, Stuart Law 50); South Australia 160 (Jamie Siddons 82; Michael Kasprowicz 5-64)</p>
<p>In Melbourne: Victoria 205 (Shawn Craig 90); Western Australia 367-4 (Mike Hussey 124 not out, Ryan Campbell 113, Murray Goodwin 90).</p>
</text>
<copyright>(c) Reuters Limited 1997</copyright>
<metadata>
<codes class="bip:countries:1.0">
  <code code="AUSTR">
    <editdetail attribution="Reuters BIP Coding Group" action="confirmed" date="1997-03-14"/>
  </code>
</codes>
<codes class="bip:topics:1.0">
  <code code="GCAT">
    <editdetail attribution="Reuters BIP Coding Group" action="confirmed" date="1997-03-14"/>
  </code>
  <code code="GSPO">
    <editdetail attribution="Reuters BIP Coding Group" action="confirmed" date="1997-03-14"/>
  </code>
</codes>
<dc element="dc.date.created" value="1997-03-14"/>
<dc element="dc.publisher" value="Reuters Holdings Plc"/>
<dc element="dc.date.published" value="1997-03-14"/>
<dc element="dc.source" value="Reuters"/>
<dc element="dc.creator.location" value="SYDNEY"/>
<dc element="dc.creator.location.country.name" value="AUSTRALIA"/>
<dc element="dc.source" value="Reuters"/>
</metadata>
</newsitem>
