<?xml version="1.0" encoding="iso-8859-1" ?>
<newsitem itemid="441991" id="root" date="1997-03-14" xml:lang="en">
<title>ITALY: SOCCER-SACCHI SAYS VAN BASTEN COULD BE GREAT COACH.</title>
<headline>SOCCER-SACCHI SAYS VAN BASTEN COULD BE GREAT COACH.</headline>
<dateline>MILAN 1997-03-13</dateline>
<text>
<p>Milan coach Arrigo Sacchi said on Thursday that his former Dutch player Marco Van Basten, forced out of the game by injury, would make a great coach just as compatriot Ruud Gullit had done in England.</p>
<p>Van Basten, with Gullit a leading member of Sacchi's Milan team in the late 1980s, turned up at Milan's Milanello training ground earlier for a short and solitary workout session.</p>
<p>After lunch and meeting some of his old team mates, the 33-year-old Dutch player left without comment.</p>
<p>&quot;I was really moved, watching him play on his own, carrying himself on his injured ankles,&quot; said Sacchi.</p>
<p>&quot;Van Basten was a player of extraordinary intelligence. In two years he could become a great coach.</p>
<p>&quot;He must coach. I predicted that four of my players would have a career on the bench: him, Gullit, Ancelotti and Tassotti. The facts will prove me right,&quot; Sacchi declared.</p>
<p>Gullit is manager of English premier league club Chelsea, Carlo Ancelotti is coaching Parma who are second in serie A while Mauro Tassotti recently retired from Milan.</p>
<p>Van Basten, FIFA's player of the year in 1992, won three league titles and two European Cups with Milan before a persistent ankle injury forced him to retire in 1995.</p>
<p>He spent a day with Gullit's Chelsea last November, training for fun with his friend but ruling out any comeback.</p>
</text>
<copyright>(c) Reuters Limited 1997</copyright>
<metadata>
<codes class="bip:countries:1.0">
  <code code="ITALY">
    <editdetail attribution="Reuters BIP Coding Group" action="confirmed" date="1997-03-14"/>
  </code>
  <code code="NETH">
    <editdetail attribution="Reuters BIP Coding Group" action="confirmed" date="1997-03-14"/>
  </code>
  <code code="UK">
    <editdetail attribution="Reuters BIP Coding Group" action="confirmed" date="1997-03-14"/>
  </code>
</codes>
<codes class="bip:topics:1.0">
  <code code="GCAT">
    <editdetail attribution="Reuters BIP Coding Group" action="confirmed" date="1997-03-14"/>
  </code>
  <code code="GSPO">
    <editdetail attribution="Reuters BIP Coding Group" action="confirmed" date="1997-03-14"/>
  </code>
</codes>
<dc element="dc.date.created" value="1997-03-13"/>
<dc element="dc.publisher" value="Reuters Holdings Plc"/>
<dc element="dc.date.published" value="1997-03-14"/>
<dc element="dc.source" value="Reuters"/>
<dc element="dc.creator.location" value="MILAN"/>
<dc element="dc.creator.location.country.name" value="ITALY"/>
<dc element="dc.source" value="Reuters"/>
</metadata>
</newsitem>
