<?xml version="1.0" encoding="iso-8859-1" ?>
<newsitem itemid="441980" id="root" date="1997-03-14" xml:lang="en">
<title>PORTUGAL: GOLF-PORTUGUESE OPEN LEADING SECOND ROUND SCORES.</title>
<headline>GOLF-PORTUGUESE OPEN LEADING SECOND ROUND SCORES.</headline>
<dateline>LISBON 1997-03-14</dateline>
<text>
<p>Leading second round scores in</p>
<p>the Portuguese Open golf championship at Aroeira on Friday</p>
<p>(British unless stated): 132 Michael Jonzon (Sweden) 67 75 134</p>
<p>Peter O'Malley (Australia) 65 69, Wayne Riley (Australia) 68 66</p>
<p>135 Paul Broadhurst 68 67, Van Phillips 67 68 136 Silvio</p>
<p>Grappasonni (Italy) 71 65, Mark James 70 66</p>
<p>137 Jose Maria Olazabal (Spain) 70 67, Miguel Angel Jiminez</p>
<p>(Spain) 69 68 138 John Wade (Australia) 68 70, Paul Lawrie 68</p>
<p>70, Mark Davis 69</p>
<p>69, Raymond Russell 69 69, Domingo Hospital (spain) 67 71,</p>
<p>Paul Affleck 69 69</p>
<p>139 Mark Roe 68 71, Iain Pyman 70 69, Mats Hallberg (Sweden) 71</p>
<p>68,</p>
<p>Pedro Linhart (Spain) 68 71, Alex Cejka (Germany) 69 70,</p>
<p>Robert</p>
<p>Lee 71 68, Paolo Quirici (Switzerland) 70 69, Ignacio Feliu</p>
<p>(Spain) 71 68, Diego Borrego (Spain) 69 70, Adam Hunter 71</p>
<p>68 140 Santiago Luna (Spain) 71 69, Jose Rivero (Spain) 71 69,</p>
<p>Daniel Chopra (Sweden) 72 68, Peter Mitchell 70 70, Jose</p>
<p>Coceres (Argentina) 71 69, Miguel Angel Martin (Spain) 70 70,</p>
<p>Antonio</p>
<p>Sobrinho (Portugal) 67 73, Mathew Goggin (Australia) 71 69,</p>
<p>Ignacio Garrido (Spain) 69 71, Max Anglert (Sweden) 66 74,</p>
<p>Gary Clark 69 71, Andrew Sandywell 70 70</p>
<p>141 Gary Evans 72 69, Richard Boxall 70 71, Eduardo Romero</p>
<p>(Argentina) 72 69, Darren Clarke 70 71, Paul Curry 70 71,</p>
<p>Mark</p>
<p>	Mouland 72 69</p>
</text>
<copyright>(c) Reuters Limited 1997</copyright>
<metadata>
<codes class="bip:countries:1.0">
  <code code="AUSTR">
    <editdetail attribution="Reuters BIP Coding Group" action="confirmed" date="1997-03-14"/>
  </code>
  <code code="ITALY">
    <editdetail attribution="Reuters BIP Coding Group" action="confirmed" date="1997-03-14"/>
  </code>
  <code code="PORL">
    <editdetail attribution="Reuters BIP Coding Group" action="confirmed" date="1997-03-14"/>
  </code>
  <code code="SPAIN">
    <editdetail attribution="Reuters BIP Coding Group" action="confirmed" date="1997-03-14"/>
  </code>
  <code code="SWED">
    <editdetail attribution="Reuters BIP Coding Group" action="confirmed" date="1997-03-14"/>
  </code>
</codes>
<codes class="bip:topics:1.0">
  <code code="GCAT">
    <editdetail attribution="Reuters BIP Coding Group" action="confirmed" date="1997-03-14"/>
  </code>
  <code code="GSPO">
    <editdetail attribution="Reuters BIP Coding Group" action="confirmed" date="1997-03-14"/>
  </code>
</codes>
<dc element="dc.date.created" value="1997-03-14"/>
<dc element="dc.publisher" value="Reuters Holdings Plc"/>
<dc element="dc.date.published" value="1997-03-14"/>
<dc element="dc.source" value="Reuters"/>
<dc element="dc.creator.location" value="LISBON"/>
<dc element="dc.creator.location.country.name" value="PORTUGAL"/>
<dc element="dc.source" value="Reuters"/>
</metadata>
</newsitem>
