<?xml version="1.0" encoding="iso-8859-1" ?>
<newsitem itemid="441920" id="root" date="1997-03-14" xml:lang="en">
<title>SOUTH AFRICA: SWIMMING-HEYNS PULLS OUT OF 200 METRES AHEAD OF GAMES.</title>
<headline>SWIMMING-HEYNS PULLS OUT OF 200 METRES AHEAD OF GAMES.</headline>
<dateline>JOHANNESBURG 1997-03-14</dateline>
<text>
<p>Olympic double gold medallist Penny Heyns pulled out of her 200-metre breaststroke heat at the South African national swimming championships on Friday, having already qualified for August's Pan-Pacific Games.</p>
<p>The 22-year-old had hinted after her 100-metre breastroke victory on Thursday evening that she was not keen on swimming in the 200 metres because she returned to training only on January 15.</p>
<p>&quot;I made a telephone call to my former university coach Jan Bidrman in Canada earlier today and he suggested that, since the Japanese swimming federation have already invited me to compete in the Pan-Pacific Games, I did not have to swim the 200 metres to qualify,&quot; Heyns told Reuters.</p>
<p>&quot;Anybody who saw me swim last year will know that my stroke has not been great this week. I return to the U.S. next week and I want to go back in a positive frame of mind about my swimming.&quot;</p>
<p>In the absence of Heyns, her University of Nebraska team mate Julia Russell produced a Pan-Pacific qualifying time of two minutes 35.93 seconds in the morning heats of the 200-metre breaststroke.</p>
<p>Russell then won the evening final with a time of 2:36.51.</p>
</text>
<copyright>(c) Reuters Limited 1997</copyright>
<metadata>
<codes class="bip:countries:1.0">
  <code code="SAFR">
    <editdetail attribution="Reuters BIP Coding Group" action="confirmed" date="1997-03-14"/>
  </code>
</codes>
<codes class="bip:topics:1.0">
  <code code="GCAT">
    <editdetail attribution="Reuters BIP Coding Group" action="confirmed" date="1997-03-14"/>
  </code>
  <code code="GSPO">
    <editdetail attribution="Reuters BIP Coding Group" action="confirmed" date="1997-03-14"/>
  </code>
</codes>
<dc element="dc.date.created" value="1997-03-14"/>
<dc element="dc.publisher" value="Reuters Holdings Plc"/>
<dc element="dc.date.published" value="1997-03-14"/>
<dc element="dc.source" value="Reuters"/>
<dc element="dc.creator.location" value="JOHANNESBURG"/>
<dc element="dc.creator.location.country.name" value="SOUTH AFRICA"/>
<dc element="dc.source" value="Reuters"/>
</metadata>
</newsitem>
