<?xml version="1.0" encoding="iso-8859-1" ?>
<newsitem itemid="441984" id="root" date="1997-03-14" xml:lang="en">
<title>ITALY: SOCCER-SAMPDORIA'S MANCINI JOINS SENDING-OFF OUTCRY.</title>
<headline>SOCCER-SAMPDORIA'S MANCINI JOINS SENDING-OFF OUTCRY.</headline>
<dateline>ROME 1997-03-14</dateline>
<text>
<p>Sampdoria striker Roberto Mancini joined his club's general director in drawing the wrath of Italy's soccer federation on Friday after speaking out against a four-match ban imposed on team mate Sinisa Mihajlovic.</p>
<p>The federation said Mancini had been reported to its disciplinary commission for published remarks which it said could incite the Genoa club's fans to violence.</p>
<p>Sampdoria general director Emiliano Salvarezza was reported to the commission on Thursday for comments &quot;damaging to the reputation of federal bodies&quot; and accusations of bias.</p>
<p>Yugoslav defender Mihajlovic was banned by the serie A sporting judge on Wednesday for a sending-off in a league match on Sunday in which he kicked the ball at the referee, without hitting him. He then also insulted the official.</p>
<p>Mancini, who has had several brushes with authority in his 15 seasons at Sampdoria, was quoted in some newspapers on Friday as saying that the ban was &quot;ridiculous&quot;.</p>
<p>&quot;The referee wrote what he wrote (on his report) but people could see on TV what really happened,&quot; he said.</p>
<p>&quot;I hope the fans will be calm on Sunday at Marassi (stadium) but we have to be prepared for some reaction.&quot;</p>
</text>
<copyright>(c) Reuters Limited 1997</copyright>
<metadata>
<codes class="bip:countries:1.0">
  <code code="ITALY">
    <editdetail attribution="Reuters BIP Coding Group" action="confirmed" date="1997-03-14"/>
  </code>
  <code code="YUG">
    <editdetail attribution="Reuters BIP Coding Group" action="confirmed" date="1997-03-14"/>
  </code>
</codes>
<codes class="bip:topics:1.0">
  <code code="GCAT">
    <editdetail attribution="Reuters BIP Coding Group" action="confirmed" date="1997-03-14"/>
  </code>
  <code code="GSPO">
    <editdetail attribution="Reuters BIP Coding Group" action="confirmed" date="1997-03-14"/>
  </code>
</codes>
<dc element="dc.date.created" value="1997-03-14"/>
<dc element="dc.publisher" value="Reuters Holdings Plc"/>
<dc element="dc.date.published" value="1997-03-14"/>
<dc element="dc.source" value="Reuters"/>
<dc element="dc.creator.location" value="ROME"/>
<dc element="dc.creator.location.country.name" value="ITALY"/>
<dc element="dc.source" value="Reuters"/>
</metadata>
</newsitem>
