<?xml version="1.0" encoding="iso-8859-1" ?>
<newsitem itemid="441955" id="root" date="1997-03-14" xml:lang="en">
<title>USA: ICE HOCKEY-GORDIE HOWE SIGNS TRYOUT CONTRACT WITH AHL SYRACUSE.</title>
<headline>ICE HOCKEY-GORDIE HOWE SIGNS TRYOUT CONTRACT WITH AHL SYRACUSE.</headline>
<dateline>SYRACUSE, New York 1997-03-14</dateline>
<text>
<p>Ice hockey icon Gordie Howe, regarded by many to be the greatest player in the history of the sport, is planning a return to professional hockey at the age of 69.</p>
<p>Howe, who retired from the National Hockey League in 1980 at 52, signed a tryout contract with the Syracuse Crunch of the American Hockey League (AHL), the team announced Friday.</p>
<p>Howe, who stayed in the pros long enough to play alongside his sons Mark and Marty with Houston of the defunct World Hockey Association (WHA) and the Hartford Whalers, will begin training immediately.</p>
<p>&quot;Although at the age of 69 I may appear to be what is termed 'poetry in slow motion', it's exciting and challenging to see how I might squeeze into the Crunch lineup,&quot; Howe said.</p>
<p>The Hall of Famer and Detroit Red Wings legend is expected to make his AHL debut when the team hosts the Carolina Monarchs April 1.</p>
<p>&quot;It won't be easy.... Maybe I'll have to sharpen my elbows just a little bit more,&quot; he joked. &quot;It's fun to be a possibility thinker and to have (my wife) Colleen do another contract for me.&quot;</p>
<p>Howe, who earned the nickname Mr Hockey in 26 remarkable NHL seasons, is second all-time to Wayne Gretzky with 801 career NHL goals. Including his years in the WHA, Howe has scored 1,071 career goals and amassed 2,589 points.</p>
<p>The 1996-97 season commemorates the 50th anniversary of Howe's first pro contract with the Red Wings in 1946-47.</p>
<p>&quot;Somehow I can't believe Gordie really wants to do this, but we'd all love to see Gordie back on the ice again,&quot; said Colleen Howe.</p>
<p>&quot;My role has always been to give support to whatever Gordie wants to do, and it's no different now.&quot;</p>
</text>
<copyright>(c) Reuters Limited 1997</copyright>
<metadata>
<codes class="bip:countries:1.0">
  <code code="USA">
    <editdetail attribution="Reuters BIP Coding Group" action="confirmed" date="1997-03-14"/>
  </code>
</codes>
<codes class="bip:topics:1.0">
  <code code="GCAT">
    <editdetail attribution="Reuters BIP Coding Group" action="confirmed" date="1997-03-14"/>
  </code>
  <code code="GSPO">
    <editdetail attribution="Reuters BIP Coding Group" action="confirmed" date="1997-03-14"/>
  </code>
</codes>
<dc element="dc.date.created" value="1997-03-14"/>
<dc element="dc.publisher" value="Reuters Holdings Plc"/>
<dc element="dc.date.published" value="1997-03-14"/>
<dc element="dc.source" value="Reuters"/>
<dc element="dc.creator.location" value="SYRACUSE, New York"/>
<dc element="dc.creator.location.country.name" value="USA"/>
<dc element="dc.source" value="Reuters"/>
</metadata>
</newsitem>
