<?xml version="1.0" encoding="iso-8859-1" ?>
<newsitem itemid="441975" id="root" date="1997-03-14" xml:lang="en">
<title>FRANCE: SOCCER-FRENCH LEAGUE RESULTS/STANDINGS.</title>
<headline>SOCCER-FRENCH LEAGUE RESULTS/STANDINGS.</headline>
<dateline>PARIS 1997-03-14</dateline>
<text>
<p>Results of French first division</p>
<p>matches on Friday:</p>
<p> Le Havre	1  Paris St Germain  0</p>
<p> Bastia	  2  Montpellier	 2</p>
<p> Marseille     0  Strasbourg	  1</p>
<p> Nice	    1  Nantes		2</p>
<p> Auxerre	 3  Cannes		1</p>
<p> Lille	   2  Nancy		 0</p>
<p>Played on Thursday:</p>
<p> Rennes	  0  Monaco		3</p>
<p>Playing on Saturday:</p>
<p> Metz	    v  Lens</p>
<p> Bordeaux	v  Caen</p>
<p> Lyon	    v  Guingamp</p>
<p>Standings		     P   W  D  L   F   A  Pts</p>
<p>1. Monaco		     29  17  8  4  51  22  59</p>
<p>2. Paris St Germain	 29  14 10  5  42  23  52</p>
<p>3. Strasbourg		 29  16  2 11  41  37  50</p>
<p>4. Bastia		     28  14  7  7  40  31  49</p>
<p>5. Nantes		     29  12 12  5  50  27  48</p>
<p>6. Bordeaux		   28  12 10  6  44  30  46</p>
<p>7. Auxerre		    29  12 10  7  35  22  46</p>
<p>8. Metz			 28  11 10  7  30  23  43</p>
<p>9. Marseille		  29   9 10 10  31  31  37</p>
<p>10. Guingamp		  28   9 10  9  26  26  37</p>
<p>11. Lyon			28   9 10  9  36  42  37</p>
<p>12. Montpellier	     29   7 13  9  26  29  34</p>
<p>13. Le Havre		  29   8 10 11  26  32  34</p>
<p>14. Rennes		    29   9  6 14  30  41  33</p>
<p>15. Lille		     29   8  9 12  29  44  33</p>
<p>16. Cannes		    29   7 11 11  17  28  32</p>
<p>17. Lens			28   8  6 14  29  42  30</p>
<p>18. Caen			27   5 10 12  23  33  25</p>
<p>19. Nancy		     29   6  7 16  23  38  25</p>
<p>20. Nice			29   4  7 18  23  51  19</p>
</text>
<copyright>(c) Reuters Limited 1997</copyright>
<metadata>
<codes class="bip:countries:1.0">
  <code code="FRA">
    <editdetail attribution="Reuters BIP Coding Group" action="confirmed" date="1997-03-14"/>
  </code>
  <code code="MONAC">
    <editdetail attribution="Reuters BIP Coding Group" action="confirmed" date="1997-03-14"/>
  </code>
</codes>
<codes class="bip:topics:1.0">
  <code code="GCAT">
    <editdetail attribution="Reuters BIP Coding Group" action="confirmed" date="1997-03-14"/>
  </code>
  <code code="GSPO">
    <editdetail attribution="Reuters BIP Coding Group" action="confirmed" date="1997-03-14"/>
  </code>
</codes>
<dc element="dc.date.created" value="1997-03-14"/>
<dc element="dc.publisher" value="Reuters Holdings Plc"/>
<dc element="dc.date.published" value="1997-03-14"/>
<dc element="dc.source" value="Reuters"/>
<dc element="dc.creator.location" value="PARIS"/>
<dc element="dc.creator.location.country.name" value="FRANCE"/>
<dc element="dc.source" value="Reuters"/>
</metadata>
</newsitem>
