<?xml version="1.0" encoding="iso-8859-1" ?>
<newsitem itemid="441960" id="root" date="1997-03-14" xml:lang="en">
<title>USA: NHL ICE HOCKEY - THURSDAY'S RESULTS.</title>
<headline>NHL ICE HOCKEY - THURSDAY'S RESULTS.</headline>
<dateline>NEW YORK 1997-03-14</dateline>
<text>
<p>Results of National Hockey</p>
<p>League games on Thursday (home team in CAPS):</p>
<p> Montreal	  3  BOSTON	    0</p>
<p> FLORIDA	   5  Vancouver	 4</p>
<p> NEW JERSEY	6  Hartford	  0</p>
<p> PHILADELPHIA    5  Edmonton	  4 (OT)</p>
<p> NY Islanders    3  TAMPA BAY	 0</p>
<p> St Louis	  4  LOS ANGELES     2</p>
</text>
<copyright>(c) Reuters Limited 1997</copyright>
<metadata>
<codes class="bip:countries:1.0">
  <code code="CANA">
    <editdetail attribution="Reuters BIP Coding Group" action="confirmed" date="1997-03-14"/>
  </code>
  <code code="USA">
    <editdetail attribution="Reuters BIP Coding Group" action="confirmed" date="1997-03-14"/>
  </code>
</codes>
<codes class="bip:topics:1.0">
  <code code="GCAT">
    <editdetail attribution="Reuters BIP Coding Group" action="confirmed" date="1997-03-14"/>
  </code>
  <code code="GSPO">
    <editdetail attribution="Reuters BIP Coding Group" action="confirmed" date="1997-03-14"/>
  </code>
</codes>
<dc element="dc.date.created" value="1997-03-14"/>
<dc element="dc.publisher" value="Reuters Holdings Plc"/>
<dc element="dc.date.published" value="1997-03-14"/>
<dc element="dc.source" value="Reuters"/>
<dc element="dc.creator.location" value="NEW YORK"/>
<dc element="dc.creator.location.country.name" value="USA"/>
<dc element="dc.source" value="Reuters"/>
</metadata>
</newsitem>
