<?xml version="1.0" encoding="iso-8859-1" ?>
<newsitem itemid="441968" id="root" date="1997-03-14" xml:lang="en">
<title>FRANCE: SOCCER-LEADING FRENCH LEAGUE SCORERS.</title>
<headline>SOCCER-LEADING FRENCH LEAGUE SCORERS.</headline>
<dateline>PARIS 1997-03-14</dateline>
<text>
<p>Leading scorers in the French</p>
<p>first division after Friday's matches:</p>
<p>18 - David Zitelli (Strasbourg)</p>
<p>17 - Stephane Guivarc'h (Rennes)</p>
<p>16 - Japhet N'Doram (Nantes)</p>
<p>15 - Sonny Anderson (Monaco)</p>
<p>14 - Anto Drobnjak (Bastia)</p>
<p>13 - Alain Caveglia (Lyon)</p>
<p>11- Miladin Becanovic (Lille), Xavier Gravelaine (Marseille)</p>
<p>10 - Jocelyn Gourvennec (Nantes)</p>
</text>
<copyright>(c) Reuters Limited 1997</copyright>
<metadata>
<codes class="bip:countries:1.0">
  <code code="FRA">
    <editdetail attribution="Reuters BIP Coding Group" action="confirmed" date="1997-03-14"/>
  </code>
  <code code="MONAC">
    <editdetail attribution="Reuters BIP Coding Group" action="confirmed" date="1997-03-14"/>
  </code>
</codes>
<codes class="bip:topics:1.0">
  <code code="GCAT">
    <editdetail attribution="Reuters BIP Coding Group" action="confirmed" date="1997-03-14"/>
  </code>
  <code code="GSPO">
    <editdetail attribution="Reuters BIP Coding Group" action="confirmed" date="1997-03-14"/>
  </code>
</codes>
<dc element="dc.date.created" value="1997-03-14"/>
<dc element="dc.publisher" value="Reuters Holdings Plc"/>
<dc element="dc.date.published" value="1997-03-14"/>
<dc element="dc.source" value="Reuters"/>
<dc element="dc.creator.location" value="PARIS"/>
<dc element="dc.creator.location.country.name" value="FRANCE"/>
<dc element="dc.source" value="Reuters"/>
</metadata>
</newsitem>
