<?xml version="1.0" encoding="iso-8859-1" ?>
<newsitem itemid="441923" id="root" date="1997-03-14" xml:lang="en">
<title>SOUTH AFRICA: CRICKET-SOUTH AFRICA STUMBLE AS GILLESPIE TAKES FIVE.</title>
<headline>CRICKET-SOUTH AFRICA STUMBLE AS GILLESPIE TAKES FIVE.</headline>
<byline>Neil Manthorp</byline>
<dateline>PORT ELIZABETH, South Africa 1997-03-14</dateline>
<text>
<p>Australian fast bowler Jason Gillespie claimed his first five-wicket haul in only his fourth test as South Africa were bundled out for 209 on the first day of the second test in Port Elizabeth on Friday.</p>
<p>The performance totally vindicated captain Mark Taylor's decision to put the hosts in to bat on a damp, well-grassed pitch and by the close the Australians had reached 10 for one in reply.</p>
<p>Opener Matthew Hayden was dismissed for a duck as Daryll Cullinan pulled off a smart slip catch off Shaun Pollock. But it was still an excellent day for the Australians who already lead the three-test series 1-0 after a comprehensive victory in the first test in Johannesburg.</p>
<p>Gillespie shared four wickets with fellow pace man Glenn McGrath in the morning session but then grabbed the first three wickets after lunch to finish the day with five for 54 from 23 hostile and accurate overs.</p>
<p>Out-of-form opener Gary Kirsten was the first to go when he could only fend a Gillespie lifter into the hands of Hayden at short-leg for a duck in the sixth over of the innings.</p>
<p>Jacques Kallis also failed to trouble the scorers. Another Gillespie lifter saw him lob a simple catch to Greg Blewett at backward short-leg.</p>
<p>Opener Adam Bacher survived an impassioned appeal for a catch at the wicket before he had scored but then fell to McGrath for 11, caught in the gully by Matthew Elliott.</p>
<p>With wickets falling at 13, 17 and 21, a grim-faced South African captain Hansie Cronje strode to the wicket but his determination amounted to nothing -- literally. He became the third duck when he was bowled off an inside edge by McGrath to leave his team on 22 for four.</p>
<p>Cullinan and Herschelle Gibbs launched a mini-revival either side of lunch before Gillespie found a thick edge and Shane Warne took the catch in the gully to remove Cullinan for 34.</p>
<p>Gillespie then removed Gibbs's off stump with a classic off-cutter for 31 and had Shaun Pollock lbw next delivery -- the fourth duck of the innings.</p>
<p>At that point South Africa were 95 for seven but the veterans Brian McMillan and Dave Richardson offered desperate resistance with an eighth-wicket partnership of 85.</p>
<p>But it was too little too late as leg-spinner Warne took the last three wickets in quick succession to finish with three for 62 from 23.4 overs.</p>
<p>First the 37-year-old Richardson, three runs short of his half-century, skied an off-drive to a tumbling McGrath and then the 33-year-old McMillan, who missed the first test because of injury, pulled Warne to Steve Waugh at deep square-leg.</p>
<p>His 55 came from 108 deliveries and the innings closed shortly after when Allan Donald prodded a simple return catch to the bowler.</p>
</text>
<copyright>(c) Reuters Limited 1997</copyright>
<metadata>
<codes class="bip:countries:1.0">
  <code code="AUSTR">
    <editdetail attribution="Reuters BIP Coding Group" action="confirmed" date="1997-03-14"/>
  </code>
  <code code="SAFR">
    <editdetail attribution="Reuters BIP Coding Group" action="confirmed" date="1997-03-14"/>
  </code>
</codes>
<codes class="bip:topics:1.0">
  <code code="GCAT">
    <editdetail attribution="Reuters BIP Coding Group" action="confirmed" date="1997-03-14"/>
  </code>
  <code code="GSPO">
    <editdetail attribution="Reuters BIP Coding Group" action="confirmed" date="1997-03-14"/>
  </code>
</codes>
<dc element="dc.date.created" value="1997-03-14"/>
<dc element="dc.publisher" value="Reuters Holdings Plc"/>
<dc element="dc.date.published" value="1997-03-14"/>
<dc element="dc.source" value="Reuters"/>
<dc element="dc.creator.location" value="PORT ELIZABETH, South Africa"/>
<dc element="dc.creator.location.country.name" value="SOUTH AFRICA"/>
<dc element="dc.source" value="Reuters"/>
</metadata>
</newsitem>
