<?xml version="1.0" encoding="iso-8859-1" ?>
<newsitem itemid="441967" id="root" date="1997-03-14" xml:lang="en">
<title>NETHERLANDS: SOCCER-AJAX COME FROM BEHIND TO BEAT RODA 3-1.</title>
<headline>SOCCER-AJAX COME FROM BEHIND TO BEAT RODA 3-1.</headline>
<dateline>AMSTERDAM 1997-03-14</dateline>
<text>
<p>Ajax came back from an early deficit to beat Roda JC Kerkrade 3-1 in the Dutch first division on Friday, maintaining a 100 per cent winning run following the winter break.</p>
<p>Ajax started well but an attempted clearance by their goalkeeper Edwin van der Sar ricocheted off Gerald Sibon to give Melvin Plet all the space to shoot home after only four minutes.</p>
<p>After the goal Roda sat back to defend and were impotent in attack against a freely combining Ajax, who missed a bundle of chances.</p>
<p>In the 27th minute Tijani Babangida scored against his old team from close range into the near corner after a pass from Ronald de Boer.</p>
<p>Eight minutes later Marc Overmars scored his first goal of the season, dispossessing defender Andre Ooyer and hammering the ball past the Roda goalkeeper from the edge of the box.</p>
<p>In the second half Ajax, who play Atletico Madrid on Wednesday in the away second leg of the European Cup quarter-finals, continued to push forward but squandered a hatful of chances.</p>
<p>Four minutes before the end de Boer made it 3-1 when he headed home a Babangida cross.</p>
<p>After 24 matches Ajax remain fourth with 42 points, 13 behind league leaders PSV Eindhoven, who play Fortuna Sittard on Saturday.</p>
</text>
<copyright>(c) Reuters Limited 1997</copyright>
<metadata>
<codes class="bip:countries:1.0">
  <code code="NETH">
    <editdetail attribution="Reuters BIP Coding Group" action="confirmed" date="1997-03-14"/>
  </code>
</codes>
<codes class="bip:topics:1.0">
  <code code="GCAT">
    <editdetail attribution="Reuters BIP Coding Group" action="confirmed" date="1997-03-14"/>
  </code>
  <code code="GSPO">
    <editdetail attribution="Reuters BIP Coding Group" action="confirmed" date="1997-03-14"/>
  </code>
</codes>
<dc element="dc.date.created" value="1997-03-14"/>
<dc element="dc.publisher" value="Reuters Holdings Plc"/>
<dc element="dc.date.published" value="1997-03-14"/>
<dc element="dc.source" value="Reuters"/>
<dc element="dc.creator.location" value="AMSTERDAM"/>
<dc element="dc.creator.location.country.name" value="NETHERLANDS"/>
<dc element="dc.source" value="Reuters"/>
</metadata>
</newsitem>
