<?xml version="1.0" encoding="iso-8859-1" ?>
<newsitem itemid="441904" id="root" date="1997-03-14" xml:lang="en">
<title>USA: GOLF-JANZEN, STANKOWSKI SHARE FIRST-ROUND LEAD AT HONDA CLASSIC.</title>
<headline>GOLF-JANZEN, STANKOWSKI SHARE FIRST-ROUND LEAD AT HONDA CLASSIC.</headline>
<dateline>CORAL SPRINGS, Florida 1997-03-13</dateline>
<text>
<p>Lee Janzen and Paul Stankowski shared the first-round lead at the Honda Classic Thursday after shooting five-under-par 67 on the brand new TPC at Heron Bay.</p>
<p>Five players were a stroke behind at 68, including Payne Stewart and Britain's Colin Montgomerie.</p>
<p>Both Janzen and Stewart came down here last month to get a preview of the new course, designed by fellow PGA Tour player Mark McCumber. &quot;I was excited about coming here and playing. I thought it would be a fair test, even if the wind blows,&quot; said Janzen.</p>
<p>The wind did blow during the first round, and scores were higher than expected on this flat course with no out of bounds and almost no water.</p>
<p>&quot;There's more to this course than we first thought,&quot; said Montgomerie. &quot;Suddenly the pins were tucked away and we were playing in tournament conditions. It was tough out there.</p>
<p>&quot;I don't mind it blowing. In fact, what that does is take away the 63s and 62s, but it doesn't stop people from scoring 67s and 68s.&quot;</p>
<p>Both Janzen and Stankowski bogeyed the 18th hole, the course's toughest. Playing into the wind on Thursday, the players produced an average score a full half stroke above the hole's par of four. For Janzen it was the only bogey of the day, and cost him sole possession of the lead.</p>
<p>A seven-time winner on the PGA Tour, including the 1993 U.S. Open, Janzen has not won since August of 1995 and last led a tournament in August of 1996. After a relatively poor year in 1996, Janzen's game has improved this year, his best finish a tie for second at Torrey Pines last month.</p>
<p>Stankowski finished his round on the ninth hole, and finished with an eagle to tie Janzen. Stankowski holed a 90 yard bunker shot with a wedge on the par five for eagle.</p>
<p>&quot;It was a weird day. I didn't hit it great, but at least I hit it solid. I like playing in wind like this, it makes me focus harder. I like the challenge of trying to hit driver out there,&quot; said Stankowski, already a winner this year, at the Hawaiian Open.</p>
<p>After elbow surgery on New Year's Eve, Stewart is playing just his third event of 1997.</p>
<p>He had four birdies and no bogeys in his round on Thursday. &quot;I let a couple of putts get away, but it was a solid round of golf. Since this is only my third tournament, I've got the enthusiasm all the guys have at the start of the year,&quot; said Stewart.</p>
</text>
<copyright>(c) Reuters Limited 1997</copyright>
<metadata>
<codes class="bip:countries:1.0">
  <code code="USA">
    <editdetail attribution="Reuters BIP Coding Group" action="confirmed" date="1997-03-14"/>
  </code>
</codes>
<codes class="bip:topics:1.0">
  <code code="GCAT">
    <editdetail attribution="Reuters BIP Coding Group" action="confirmed" date="1997-03-14"/>
  </code>
  <code code="GSPO">
    <editdetail attribution="Reuters BIP Coding Group" action="confirmed" date="1997-03-14"/>
  </code>
</codes>
<dc element="dc.date.created" value="1997-03-13"/>
<dc element="dc.publisher" value="Reuters Holdings Plc"/>
<dc element="dc.date.published" value="1997-03-14"/>
<dc element="dc.source" value="Reuters"/>
<dc element="dc.creator.location" value="CORAL SPRINGS, Florida"/>
<dc element="dc.creator.location.country.name" value="USA"/>
<dc element="dc.source" value="Reuters"/>
</metadata>
</newsitem>
