<?xml version="1.0" encoding="iso-8859-1" ?>
<newsitem itemid="441930" id="root" date="1997-03-14" xml:lang="en">
<title>SOUTH AFRICA: CRICKET-S.AFRICA 64-4 AT LUNCH VS AUSTRALIA.</title>
<headline>CRICKET-S.AFRICA 64-4 AT LUNCH VS AUSTRALIA.</headline>
<dateline>PORT ELIZABETH 1997-03-14</dateline>
<text>
<p>South Africa were 64 for four wickets at lunch on the first day of the second test against Australia in Port Elizabeth on Friday.</p>
<p>Scores: South Africa 64-4.</p>
</text>
<copyright>(c) Reuters Limited 1997</copyright>
<metadata>
<codes class="bip:countries:1.0">
  <code code="AUSTR">
    <editdetail attribution="Reuters BIP Coding Group" action="confirmed" date="1997-03-14"/>
  </code>
  <code code="SAFR">
    <editdetail attribution="Reuters BIP Coding Group" action="confirmed" date="1997-03-14"/>
  </code>
</codes>
<codes class="bip:topics:1.0">
  <code code="GCAT">
    <editdetail attribution="Reuters BIP Coding Group" action="confirmed" date="1997-03-14"/>
  </code>
  <code code="GSPO">
    <editdetail attribution="Reuters BIP Coding Group" action="confirmed" date="1997-03-14"/>
  </code>
</codes>
<dc element="dc.date.created" value="1997-03-14"/>
<dc element="dc.publisher" value="Reuters Holdings Plc"/>
<dc element="dc.date.published" value="1997-03-14"/>
<dc element="dc.source" value="Reuters"/>
<dc element="dc.creator.location" value="PORT ELIZABETH"/>
<dc element="dc.creator.location.country.name" value="SOUTH AFRICA"/>
<dc element="dc.source" value="Reuters"/>
</metadata>
</newsitem>
