<?xml version="1.0" encoding="iso-8859-1" ?>
<newsitem itemid="441924" id="root" date="1997-03-14" xml:lang="en">
<title>SOUTH AFRICA: CRICKET-SOUTH AFRICA V AUSTRALIA SCOREBOARD.</title>
<headline>CRICKET-SOUTH AFRICA V AUSTRALIA SCOREBOARD.</headline>
<dateline>PORT ELIZABETH, South Africa 1997-03-14</dateline>
<text>
<p>Scoreboard</p>
<p>on the opening day of the second test between South Africa and</p>
<p>Australia on Friday:</p>
<p>South Africa first innings</p>
<p> G.Kirsten c Hayden b Gillespie	    0</p>
<p> A.Bacher c Elliott b McGrath	     11</p>
<p> J.Kallis c Blewett b Gillespie	    0</p>
<p> D.Cullinan c Warne b Gillespie	   34</p>
<p> H.Cronje b McGrath			    0</p>
<p> H.Gibbs b Gillespie			  31</p>
<p> B.McMillan c S.Waugh b Warne	     55</p>
<p> S.Pollock lbw b Gillespie		   0</p>
<p> D.Richardson c McGrath b Warne	   47</p>
<p> A.Donald c and b Warne			9</p>
<p> P.Adams not out				 5</p>
<p> Extras (b-8 lb-8 w-1)			17</p>
<p> Total					   209</p>
<p>Fall of wickets: 1-13 2-17 3-21 4-22 5-70 6-95 7-95 8-180</p>
<p>9-204</p>
<p>Bowling: McGrath 22-7-66-2, Gillespie 23-10-54-5 (1w), Warne</p>
<p>23.4-5-62-3, Blewett 4-2-3-0, Bevan 2-0-8-0</p>
<p>Australia first innings</p>
<p> M.Hayden c Cullinan b Pollock	     0</p>
<p> M.Taylor not out				7</p>
<p> M.Elliott not out			     1</p>
<p> Extras (lb-2)				   2</p>
<p> Total (for one wicket)		     10</p>
<p>Fall of wicket: 1-1</p>
<p>To bat: Mark Waugh, Steve Waugh, Greg Blewett, Michael</p>
<p>Bevan, Ian Healy, Shane Warne, Jason Gillespie, Glenn McGrath.</p>
<p>Bowling: Donald 5-2-3-0, Pollock 4-2-2-1, Adams 2-0-2-0,</p>
<p>McMillan 2-0-2-0</p>
</text>
<copyright>(c) Reuters Limited 1997</copyright>
<metadata>
<codes class="bip:countries:1.0">
  <code code="AUSTR">
    <editdetail attribution="Reuters BIP Coding Group" action="confirmed" date="1997-03-14"/>
  </code>
  <code code="SAFR">
    <editdetail attribution="Reuters BIP Coding Group" action="confirmed" date="1997-03-14"/>
  </code>
</codes>
<codes class="bip:topics:1.0">
  <code code="GCAT">
    <editdetail attribution="Reuters BIP Coding Group" action="confirmed" date="1997-03-14"/>
  </code>
  <code code="GSPO">
    <editdetail attribution="Reuters BIP Coding Group" action="confirmed" date="1997-03-14"/>
  </code>
</codes>
<dc element="dc.date.created" value="1997-03-14"/>
<dc element="dc.publisher" value="Reuters Holdings Plc"/>
<dc element="dc.date.published" value="1997-03-14"/>
<dc element="dc.source" value="Reuters"/>
<dc element="dc.creator.location" value="PORT ELIZABETH, South Africa"/>
<dc element="dc.creator.location.country.name" value="SOUTH AFRICA"/>
<dc element="dc.source" value="Reuters"/>
</metadata>
</newsitem>
