<?xml version="1.0" encoding="iso-8859-1" ?>
<newsitem itemid="441931" id="root" date="1997-03-14" xml:lang="en">
<title>SOUTH AFRICA: CRICKET-SOUTH AFRICA V AUSTRALIA SECOND TEST TOSS/TEAMS.</title>
<headline>CRICKET-SOUTH AFRICA V AUSTRALIA SECOND TEST TOSS/TEAMS.</headline>
<dateline>PORT ELIZABETH, South Africa 1997-03-14</dateline>
<text>
<p>Australian won the toss and put South Africa in to bat on the first day of the second test on Friday.</p>
<p>The Australians named the same side that won the first test in Johannesburg while South Africa included an extra batsman, Herschelle Gibbs, in place of all rounder Lance Klusener.</p>
<p>Teams:</p>
<p>South Africa - Gary Kirsten, Adam Bacher, Jacques Kallis, Daryll Cullinan, Hansie Cronje (captain), Herschelle Gibbs, Brian McMillan, Shaun Pollock, Dave Richardson, Allan Donald, Paul Adams.</p>
<p>Australia - Matthew Hayden, Mark Taylor (captain), Matthew Elliott, Mark Waugh, Steve Waugh, Greg Blewett, Michael Bevan, Ian Healy, Shane Warne, Jason Gillespie, Glenn McGrath.</p>
</text>
<copyright>(c) Reuters Limited 1997</copyright>
<metadata>
<codes class="bip:countries:1.0">
  <code code="AUSTR">
    <editdetail attribution="Reuters BIP Coding Group" action="confirmed" date="1997-03-14"/>
  </code>
  <code code="SAFR">
    <editdetail attribution="Reuters BIP Coding Group" action="confirmed" date="1997-03-14"/>
  </code>
</codes>
<codes class="bip:topics:1.0">
  <code code="GCAT">
    <editdetail attribution="Reuters BIP Coding Group" action="confirmed" date="1997-03-14"/>
  </code>
  <code code="GSPO">
    <editdetail attribution="Reuters BIP Coding Group" action="confirmed" date="1997-03-14"/>
  </code>
</codes>
<dc element="dc.date.created" value="1997-03-14"/>
<dc element="dc.publisher" value="Reuters Holdings Plc"/>
<dc element="dc.date.published" value="1997-03-14"/>
<dc element="dc.source" value="Reuters"/>
<dc element="dc.creator.location" value="PORT ELIZABETH, South Africa"/>
<dc element="dc.creator.location.country.name" value="SOUTH AFRICA"/>
<dc element="dc.source" value="Reuters"/>
</metadata>
</newsitem>
