<?xml version="1.0" encoding="iso-8859-1" ?>
<newsitem itemid="441966" id="root" date="1997-03-14" xml:lang="en">
<title>FRANCE: SOCCER-PSG UNDERMINE TITLE CHANCES BY LOSING AT LE HAVRE.</title>
<headline>SOCCER-PSG UNDERMINE TITLE CHANCES BY LOSING AT LE HAVRE.</headline>
<dateline>PARIS 1997-03-14</dateline>
<text>
<p>Paris St Germain undermined their title chances by slumping to a 1-0 defeat at lowly Le Havre in the French soccer league on Friday.</p>
<p>The Paris club were lucky to see Teddy Bertin miss a penalty after a foul by goalkeeper Bernard Lama on Le Havre striker Roger Boli three minutes from halftime.</p>
<p>But with 14 minutes remaining, another offence on Boli, this time by midfielder Benoit Cauet, gave Bertin another chance from the penalty spot.</p>
<p>Cauet scored from the spot to give victory to the Normandy club, who are fighting to avoid relegation.</p>
<p>Troubled Paris St Germain, who had shown signs of recovery by beating Lyon 3-1 to record their first win at Parc des Princes for four months last Sunday, are second seven points behind leaders Monaco.</p>
<p>Sylvain Legwinski scored twice to help Monaco win 3-0 at Rennes on Thursday to warm up for Tuesday's UEFA Cup quarter-final second leg clash with England's Newcastle. Monaco won 1-0 at St James' Park in the first leg.</p>
<p>Strasbourg moved up one place to third by winning 1-0 at former Eurpean champions Marseille thanks to a Pascal Nouma goal in the 51st minute.</p>
<p>Bastia, who could manage only a 2-2 draw with Montpellier in an eventful match in Corsica, dropped from third to fourth.</p>
<p>Christophe Sanchez put the visitors in front in the 16th minute but Bastia equalised through Patrick Moreau a minute later and added a second thanks to Sebastien Perez 10 minutes later.</p>
<p>But a goal by Jean-Christophe Rouviere in the next minute allowed Montpellier to share the points.</p>
<p>Nantes extended their unbeaten run to 22 matches by winning 2-1 away to bottom club Nice.</p>
<p>Chad striker Japhet N'Doram gave Nantes the lead after three minutes and Frederic Da Rocha made it 2-0 in the 76th minute. James Debbah scored a consolation goal for Nice with three minutes remaining.</p>
<p>Nantes, recovering from a poor start to the season, moved up one place to fifth in the 20-strong table.</p>
<p>&quot;The good results we have obtained recently are starting to pay off,&quot; Nantes trainer Jean-Claude Suaudeau said. &quot;Now we're beginning to think about a place in Europe next season.&quot;</p>
<p>Champions Auxerre boosted their morale ahead of a tricky European Cup quarter-final second leg against Germany's Borussia Dortmund on Wednesday by beating Cannes 3-1.</p>
<p>Goals by international midfielder Sabri Lamouchi in the 35th minute and striker Lilian Laslandes two minutes later gave Auxerre a 2-0 lead at halftime.</p>
<p>Liberian Victor Konwlo restored hope for Cannes with a goal in the 76th minute but Laslandes put the issue beyond doubt with his seond goal of the night three minutes from time.</p>
<p>&quot;We hoped for a good result but Dortmund is not Cannes,&quot; Laslandes said, remembering that Auxerre lost 3-1 in Germany in the first leg. &quot;It will be tough but we'll do our best.&quot;</p>
</text>
<copyright>(c) Reuters Limited 1997</copyright>
<metadata>
<codes class="bip:countries:1.0">
  <code code="FRA">
    <editdetail attribution="Reuters BIP Coding Group" action="confirmed" date="1997-03-14"/>
  </code>
</codes>
<codes class="bip:topics:1.0">
  <code code="GCAT">
    <editdetail attribution="Reuters BIP Coding Group" action="confirmed" date="1997-03-14"/>
  </code>
  <code code="GSPO">
    <editdetail attribution="Reuters BIP Coding Group" action="confirmed" date="1997-03-14"/>
  </code>
</codes>
<dc element="dc.date.created" value="1997-03-14"/>
<dc element="dc.publisher" value="Reuters Holdings Plc"/>
<dc element="dc.date.published" value="1997-03-14"/>
<dc element="dc.source" value="Reuters"/>
<dc element="dc.creator.location" value="PARIS"/>
<dc element="dc.creator.location.country.name" value="FRANCE"/>
<dc element="dc.source" value="Reuters"/>
</metadata>
</newsitem>
