<?xml version="1.0" encoding="iso-8859-1" ?>
<newsitem itemid="441964" id="root" date="1997-03-14" xml:lang="en">
<title>USA: ATTACK ON AMERICA'S CUP TROPHY CONDEMNED.</title>
<headline>ATTACK ON AMERICA'S CUP TROPHY CONDEMNED.</headline>
<dateline>NEW YORK 1997-03-13</dateline>
<text>
<p>New York Yacht Club Vice Commodore George Isdale on Thursday condemned the attack on the America's Cup trophy as a senseless act of violence and said the values it represented would remain untarnished.</p>
<p>A man wielding a sledgehammer and shouting Maori slogans badly damaged the Auld Mug, the yachting trophy that Team New Zealand won in 1995.</p>
<p>The man, who has been arrested, walked into the Royal New Zealand Yacht Squadron in Auckland, pulled out a sledgehammer and began striking the glass case in which the cup is housed.</p>
<p>Isdale said he was shocked and saddened to learn of the attack which badly damaged the trophy.</p>
<p>&quot;We are sure the people of New Zealand are as distressed as we are about this senseless act of violence,&quot; he said in a written statement. &quot;Despite any physical damage to the cup, we know that the values and traditions it represents will never be tarnished.&quot;</p>
<p>No estimate of the damage was immediately available, but the cup was insured for US$2 million when it was held by the San Diego Yacht Club.</p>
<p>Isdale said the America's Cup was the oldest trophy in competitive sport and one that sailors from the New York Yacht Club had defended for 132 years.</p>
</text>
<copyright>(c) Reuters Limited 1997</copyright>
<metadata>
<codes class="bip:countries:1.0">
  <code code="NZ">
    <editdetail attribution="Reuters BIP Coding Group" action="confirmed" date="1997-03-14"/>
  </code>
  <code code="USA">
    <editdetail attribution="Reuters BIP Coding Group" action="confirmed" date="1997-03-14"/>
  </code>
</codes>
<codes class="bip:topics:1.0">
  <code code="GCAT">
    <editdetail attribution="Reuters BIP Coding Group" action="confirmed" date="1997-03-14"/>
  </code>
  <code code="GSPO">
    <editdetail attribution="Reuters BIP Coding Group" action="confirmed" date="1997-03-14"/>
  </code>
</codes>
<dc element="dc.date.created" value="1997-03-13"/>
<dc element="dc.publisher" value="Reuters Holdings Plc"/>
<dc element="dc.date.published" value="1997-03-14"/>
<dc element="dc.source" value="Reuters"/>
<dc element="dc.creator.location" value="NEW YORK"/>
<dc element="dc.creator.location.country.name" value="USA"/>
<dc element="dc.source" value="Reuters"/>
</metadata>
</newsitem>
