<?xml version="1.0" encoding="iso-8859-1" ?>
<newsitem itemid="441985" id="root" date="1997-03-14" xml:lang="en">
<title>ITALY: SOCCER-MILAN'S BOBAN MAY GO TO MANCHESTER, NEWSPAPER SAYS.</title>
<headline>SOCCER-MILAN'S BOBAN MAY GO TO MANCHESTER, NEWSPAPER SAYS.</headline>
<dateline>ROME 1997-03-14</dateline>
<text>
<p>AC Milan and Croatia midfielder Zvonimir Boban is likely to join Manchester United at the end of the season, the Gazzetta Dello Sport said on Friday.</p>
<p>The newspaper said the English champions had reportedly offered $8.75 million dollars for the 28-year-old Croatia captain, now in his sixth season in Italian soccer.</p>
<p>It said Milan were interested in Atletico Madrid's Czech midfielder Radek Bejbl as a replacement.</p>
<p>Although Milan have refused to confirm the speculation, sources close to the club have suggested for some time that Boban would be leaving at the end of this season.</p>
<p>Boban has expressed an interest in playing in England.</p>
<p>Bought by Milan from Dinamo Zagreb in November 1991, Boban played half a season at Bari where his team mates included Brazilian striker Joao Paulo and England midfielder David Platt.</p>
<p>Boban moved to Milan in the summer of 1992 and has scored 11 goals in 102 serie A games over the last six seasons.</p>
</text>
<copyright>(c) Reuters Limited 1997</copyright>
<metadata>
<codes class="bip:countries:1.0">
  <code code="CRTIA">
    <editdetail attribution="Reuters BIP Coding Group" action="confirmed" date="1997-03-14"/>
  </code>
  <code code="ITALY">
    <editdetail attribution="Reuters BIP Coding Group" action="confirmed" date="1997-03-14"/>
  </code>
  <code code="UK">
    <editdetail attribution="Reuters BIP Coding Group" action="confirmed" date="1997-03-14"/>
  </code>
</codes>
<codes class="bip:topics:1.0">
  <code code="GCAT">
    <editdetail attribution="Reuters BIP Coding Group" action="confirmed" date="1997-03-14"/>
  </code>
  <code code="GSPO">
    <editdetail attribution="Reuters BIP Coding Group" action="confirmed" date="1997-03-14"/>
  </code>
</codes>
<dc element="dc.date.created" value="1997-03-14"/>
<dc element="dc.publisher" value="Reuters Holdings Plc"/>
<dc element="dc.date.published" value="1997-03-14"/>
<dc element="dc.source" value="Reuters"/>
<dc element="dc.creator.location" value="ROME"/>
<dc element="dc.creator.location.country.name" value="ITALY"/>
<dc element="dc.source" value="Reuters"/>
</metadata>
</newsitem>
