<?xml version="1.0" encoding="iso-8859-1" ?>
<newsitem itemid="441914" id="root" date="1997-03-14" xml:lang="en">
<title>UK: SOCCER-ENGLISH PREMIER LEAGUE STANDINGS.</title>
<headline>SOCCER-ENGLISH PREMIER LEAGUE STANDINGS.</headline>
<dateline>LONDON 1997-03-14</dateline>
<text>
<p>English premier league standings</p>
<p>ahead of this weekend's matches:</p>
<p>				 Pl  W  D  L   F  A  Pts</p>
<p>  1.Manchester United    29 16  9  4  57  33  57</p>
<p>  2.Liverpool		29 16  8  5  50  24  56</p>
<p>  3.Arsenal		  30 15  9  6  49  26  54</p>
<p>  4.Newcastle		28 14  6  8  54  35  48</p>
<p>  5.Sheffield Wednesday  29 12 12  5  39  33  48</p>
<p>  6.Aston Villa	    29 13  7  9  35  27  46</p>
<p>  7.Wimbledon		27 12  8  7  39  32  44</p>
<p>  8.Chelsea		  28 11 10  7  44  41  43</p>
<p>  9.Leeds		    30 11  7 12  24  31  40</p>
<p> 10.Leicester		28 10  7 11  33  38  37</p>
<p> 11.Tottenham		28 10  5 13  34  38  35</p>
<p> 12.Blackburn		28  7 12  9  29  27  33</p>
<p> 13.Everton		  29  8  9 12  36  43  33</p>
<p> 14.Derby		    29  7 11 11  31  44  32</p>
<p> 15.Sunderland	     30  8  8 14  26  41  32</p>
<p> 16.Coventry		 30  6 12 12  26  39  30</p>
<p> 17.West Ham		 28  7  7 14  27  39  28</p>
<p> 18.Nottingham Forest    30  6 10 14  25  46  28</p>
<p> 19.Southampton	    28  6  8 14  37  46  26</p>
<p> 20.Middlesbrough	  27  6  7 14  37  49  22</p>
<p>Note: Middlesbrough deducted 3 points</p>
</text>
<copyright>(c) Reuters Limited 1997</copyright>
<metadata>
<codes class="bip:countries:1.0">
  <code code="UK">
    <editdetail attribution="Reuters BIP Coding Group" action="confirmed" date="1997-03-14"/>
  </code>
</codes>
<codes class="bip:topics:1.0">
  <code code="GCAT">
    <editdetail attribution="Reuters BIP Coding Group" action="confirmed" date="1997-03-14"/>
  </code>
  <code code="GSPO">
    <editdetail attribution="Reuters BIP Coding Group" action="confirmed" date="1997-03-14"/>
  </code>
</codes>
<dc element="dc.date.created" value="1997-03-14"/>
<dc element="dc.publisher" value="Reuters Holdings Plc"/>
<dc element="dc.date.published" value="1997-03-14"/>
<dc element="dc.source" value="Reuters"/>
<dc element="dc.creator.location" value="LONDON"/>
<dc element="dc.creator.location.country.name" value="UK"/>
<dc element="dc.source" value="Reuters"/>
</metadata>
</newsitem>
