<?xml version="1.0" encoding="iso-8859-1" ?>
<newsitem itemid="441993" id="root" date="1997-03-14" xml:lang="en">
<title>PAKISTAN: HOCKEY-NETHERLANDS FAVOURITES IN FIVE-NATION TOURNAMENT.</title>
<headline>HOCKEY-NETHERLANDS FAVOURITES IN FIVE-NATION TOURNAMENT.</headline>
<dateline>KARACHI 1997-03-12</dateline>
<text>
<p>Olympic champions the Netherlands top an all-star cast at the five-nation Jubilee of Pakistan hockey tournament which begins on Sunday to celebrate 50 years of the nation's independence.</p>
<p>The Dutch, who followed their Olympic success in Atlanta by winning the Champions Trophy in Madras in December, have included eight of their gold-medal winning squad in a bid to collect some more silverware for thir trophy cabinet.</p>
<p>But they will face some stern opposition with a further four of the top seven hockey nations in the world taking part.</p>
<p>Pakstan, the hosts and World Cup holders, seem likely to present the toughest challenge although the Dutch will also be wary of Australia, the bronze medallists in Atlanta, whom they meet in the opening match of the tournament.</p>
<p>European champions Germany and European bronze medallists England, with a new coach and just four of Britain's Olympic squad, will also be keen to make a mark.</p>
<p>The two countries in the top seven to miss the tournament are Spain and South Korea who have spent the last fortnight trying to qualify for next year's World Cup.</p>
<p>The tournament consists of a round-robin during the first week with the final on March 23.</p>
<p>Match programme:</p>
<p>March 16 - Netherlands v Australia; Pakistan v England</p>
<p>March 17 - Germany v England</p>
<p>March 18 - Germany v Australia; Pakistan v Netherlands</p>
<p>March 19 - Netherlands v England</p>
<p>March 20 - Pakistan v Germany; Australia v England</p>
<p>March 22 - Netherlands v Germany; Pakistan v Australia</p>
<p>March 23 - Third-place play-off; final</p>
</text>
<copyright>(c) Reuters Limited 1997</copyright>
<metadata>
<codes class="bip:countries:1.0">
  <code code="NETH">
    <editdetail attribution="Reuters BIP Coding Group" action="confirmed" date="1997-03-14"/>
  </code>
  <code code="PAKIS">
    <editdetail attribution="Reuters BIP Coding Group" action="confirmed" date="1997-03-14"/>
  </code>
  <code code="USA">
    <editdetail attribution="Reuters BIP Coding Group" action="confirmed" date="1997-03-14"/>
  </code>
</codes>
<codes class="bip:topics:1.0">
  <code code="GCAT">
    <editdetail attribution="Reuters BIP Coding Group" action="confirmed" date="1997-03-14"/>
  </code>
  <code code="GSPO">
    <editdetail attribution="Reuters BIP Coding Group" action="confirmed" date="1997-03-14"/>
  </code>
</codes>
<dc element="dc.date.created" value="1997-03-12"/>
<dc element="dc.publisher" value="Reuters Holdings Plc"/>
<dc element="dc.date.published" value="1997-03-14"/>
<dc element="dc.source" value="Reuters"/>
<dc element="dc.creator.location" value="KARACHI"/>
<dc element="dc.creator.location.country.name" value="PAKISTAN"/>
<dc element="dc.source" value="Reuters"/>
</metadata>
</newsitem>
