<?xml version="1.0" encoding="iso-8859-1" ?>
<newsitem itemid="441936" id="root" date="1997-03-14" xml:lang="en">
<title>TRINIDAD AND TOBAGO: CRICKET-INDIAN SPINNERS HAVE WEST INDIES IN TROUBLE.</title>
<headline>CRICKET-INDIAN SPINNERS HAVE WEST INDIES IN TROUBLE.</headline>
<dateline>PORT OF SPAIN, Trinidad 1997-03-14</dateline>
<text>
<p>India's spinners Anil Kumble and Sunil Joshi quickly had West Indies in trouble at 61 for three on the first morning of the second test at the Queen's Park Oval on friday.</p>
<p>Leg-spinner Kumble removed openers Stuart Williams and Sherwin Campbell before left-arm spinner Joshi claimed the prized wicket of Brian Lara.</p>
<p>Williams  was caught off bat and pad by Rahul Dravid at silly mid-off for 18 and Campbell followed soon after, caught for eight at extra cover by Venkat Prasad trying to turn Kumble to the on-side.</p>
<p>Lara also fell cheaply, edging to a diving Mohammed Azharuddin at first slip while attempting to drive a ball from Joshi. Lara never looked comfortable, facing 51 balls for his 14 runs in 65 minutes.</p>
<p>At lunch Kumble had taken two for 24 from nine overs.</p>
</text>
<copyright>(c) Reuters Limited 1997</copyright>
<metadata>
<codes class="bip:countries:1.0">
  <code code="INDIA">
    <editdetail attribution="Reuters BIP Coding Group" action="confirmed" date="1997-03-14"/>
  </code>
  <code code="TRTO">
    <editdetail attribution="Reuters BIP Coding Group" action="confirmed" date="1997-03-14"/>
  </code>
  <code code="WEIND">
    <editdetail attribution="Reuters BIP Coding Group" action="confirmed" date="1997-03-14"/>
  </code>
</codes>
<codes class="bip:topics:1.0">
  <code code="GCAT">
    <editdetail attribution="Reuters BIP Coding Group" action="confirmed" date="1997-03-14"/>
  </code>
  <code code="GSPO">
    <editdetail attribution="Reuters BIP Coding Group" action="confirmed" date="1997-03-14"/>
  </code>
</codes>
<dc element="dc.date.created" value="1997-03-14"/>
<dc element="dc.publisher" value="Reuters Holdings Plc"/>
<dc element="dc.date.published" value="1997-03-14"/>
<dc element="dc.source" value="Reuters"/>
<dc element="dc.creator.location" value="PORT OF SPAIN, Trinidad"/>
<dc element="dc.creator.location.country.name" value="TRINIDAD AND TOBAGO"/>
<dc element="dc.source" value="Reuters"/>
</metadata>
</newsitem>
