<?xml version="1.0" encoding="iso-8859-1" ?>
<newsitem itemid="441938" id="root" date="1997-03-14" xml:lang="en">
<title>TRINIDAD AND TOBAGO: CRICKET-WEST INDIES V INDIA SECOND TEST TOSS/TEAMS.</title>
<headline>CRICKET-WEST INDIES V INDIA SECOND TEST TOSS/TEAMS.</headline>
<dateline>PORT OF SPAIN, Trinidad 1997-03-14</dateline>
<text>
<p>West Indies won the toss and decided to bat on the opening day of the second test against India at the Queen's Park Oval on Friday.</p>
<p>West Indies made one change from the side that drew the first test in Jamaica, Trinidadian fast Bowler Mervyn Dillon making his debut in place of injured countryman Ian Bishop.</p>
<p>India named an unchanged side.</p>
<p>Teams:</p>
<p>West Indies - Sherwin Campbell, Stuart Williams,  Shivnarine Chanderpaul, Brian Lara, Carl Hooper, Roland Holder, Junior Murray, Curtly Ambrose, Courtney Walsh (captain), Franklyn Rose, Mervyn Dillon.</p>
<p>India - Vangipurappu Laxman, Navjot Sidhu, Rahul Dravid, Sachin Tendulkar (captain), Mohammad Azharuddin, Saurav Ganguly, Nayan Mongia, Anil Kumble, Sunil Joshi, Abey Kuruvilla, Venkat Prasad.</p>
<p>Umpires: Steve Randell (Australia), Lloyd Barker (Barbados).</p>
</text>
<copyright>(c) Reuters Limited 1997</copyright>
<metadata>
<codes class="bip:countries:1.0">
  <code code="INDIA">
    <editdetail attribution="Reuters BIP Coding Group" action="confirmed" date="1997-03-14"/>
  </code>
  <code code="TRTO">
    <editdetail attribution="Reuters BIP Coding Group" action="confirmed" date="1997-03-14"/>
  </code>
  <code code="WEIND">
    <editdetail attribution="Reuters BIP Coding Group" action="confirmed" date="1997-03-14"/>
  </code>
</codes>
<codes class="bip:topics:1.0">
  <code code="GCAT">
    <editdetail attribution="Reuters BIP Coding Group" action="confirmed" date="1997-03-14"/>
  </code>
  <code code="GSPO">
    <editdetail attribution="Reuters BIP Coding Group" action="confirmed" date="1997-03-14"/>
  </code>
</codes>
<dc element="dc.date.created" value="1997-03-14"/>
<dc element="dc.publisher" value="Reuters Holdings Plc"/>
<dc element="dc.date.published" value="1997-03-14"/>
<dc element="dc.source" value="Reuters"/>
<dc element="dc.creator.location" value="PORT OF SPAIN, Trinidad"/>
<dc element="dc.creator.location.country.name" value="TRINIDAD AND TOBAGO"/>
<dc element="dc.source" value="Reuters"/>
</metadata>
</newsitem>
