<?xml version="1.0" encoding="iso-8859-1" ?>
<newsitem itemid="441990" id="root" date="1997-03-14" xml:lang="en">
<title>DENMARK: TENNIS-COPENHAGEN OPEN SECOND ROUND RESULTS.</title>
<headline>TENNIS-COPENHAGEN OPEN SECOND ROUND RESULTS.</headline>
<dateline>COPENHAGEN 1997-03-14</dateline>
<text>
<p>Second round results in the $203,000 Copenhagen Open ATP tournament on Thursday (prefix number denotes seeding):</p>
<p>Tomas Carbonell (Spain) beat 7-Kenneth Carlsen (Denmark) 7-6 (7-5) 7-6 (9-7)</p>
<p>Frederik Fetterlein (Denmark) beat Filip Dewulf (Belgium) 6-3 7-6 (7-1)</p>
</text>
<copyright>(c) Reuters Limited 1997</copyright>
<metadata>
<codes class="bip:countries:1.0">
  <code code="BELG">
    <editdetail attribution="Reuters BIP Coding Group" action="confirmed" date="1997-03-14"/>
  </code>
  <code code="DEN">
    <editdetail attribution="Reuters BIP Coding Group" action="confirmed" date="1997-03-14"/>
  </code>
  <code code="SPAIN">
    <editdetail attribution="Reuters BIP Coding Group" action="confirmed" date="1997-03-14"/>
  </code>
</codes>
<codes class="bip:topics:1.0">
  <code code="GCAT">
    <editdetail attribution="Reuters BIP Coding Group" action="confirmed" date="1997-03-14"/>
  </code>
  <code code="GSPO">
    <editdetail attribution="Reuters BIP Coding Group" action="confirmed" date="1997-03-14"/>
  </code>
</codes>
<dc element="dc.date.created" value="1997-03-14"/>
<dc element="dc.publisher" value="Reuters Holdings Plc"/>
<dc element="dc.date.published" value="1997-03-14"/>
<dc element="dc.source" value="Reuters"/>
<dc element="dc.creator.location" value="COPENHAGEN"/>
<dc element="dc.creator.location.country.name" value="DENMARK"/>
<dc element="dc.source" value="Reuters"/>
</metadata>
</newsitem>
