<?xml version="1.0" encoding="iso-8859-1" ?>
<newsitem itemid="441981" id="root" date="1997-03-14" xml:lang="en">
<title>GERMANY: TENNIS-GRAF DUE TO MAKE COMEBACK AT GERMAN OPEN.</title>
<headline>TENNIS-GRAF DUE TO MAKE COMEBACK AT GERMAN OPEN.</headline>
<dateline>HAMBURG, Germany 1997-03-14</dateline>
<text>
<p>World number one Steffi Graf, who has been out of action for over a month with a knee injury, is set to make a return to the court at the end of April in the German Open, organisers said on Friday.</p>
<p>The tournament may even provide an intriguing showdown with 16-year-old Martina Hingis of Switzerland who is due to take over the top spot held by Graf for a total of 377 weeks on March 31.</p>
<p>Graf, 27, has not played since the semifinals of a tournament in Tokyo on February 1 and has hardly trained since then.</p>
<p>Defending German Open champion Arantxa Sanchez Vicario, fellow Spaniard Conchita Martinez and Germany's Anke Huber will also take part in the tournament.</p>
</text>
<copyright>(c) Reuters Limited 1997</copyright>
<metadata>
<codes class="bip:countries:1.0">
  <code code="GFR">
    <editdetail attribution="Reuters BIP Coding Group" action="confirmed" date="1997-03-14"/>
  </code>
</codes>
<codes class="bip:topics:1.0">
  <code code="GCAT">
    <editdetail attribution="Reuters BIP Coding Group" action="confirmed" date="1997-03-14"/>
  </code>
  <code code="GSPO">
    <editdetail attribution="Reuters BIP Coding Group" action="confirmed" date="1997-03-14"/>
  </code>
</codes>
<dc element="dc.date.created" value="1997-03-14"/>
<dc element="dc.publisher" value="Reuters Holdings Plc"/>
<dc element="dc.date.published" value="1997-03-14"/>
<dc element="dc.source" value="Reuters"/>
<dc element="dc.creator.location" value="HAMBURG, Germany"/>
<dc element="dc.creator.location.country.name" value="GERMANY"/>
<dc element="dc.source" value="Reuters"/>
</metadata>
</newsitem>
