<?xml version="1.0" encoding="iso-8859-1" ?>
<newsitem itemid="441973" id="root" date="1997-03-14" xml:lang="en">
<title>GERMANY: SOCCER-GERMAN FIRST DIVISION SUMMARIES.</title>
<headline>SOCCER-GERMAN FIRST DIVISION SUMMARIES.</headline>
<dateline>BONN 1997-03-14</dateline>
<text>
<p>Summaries of soccer matches</p>
<p>played in the German first division on Friday:</p>
<p> Duisburg		2 - Salou 72, Nijhuis 74</p>
<p> Karlsruher	    2 - Carl 12, Kirjakow 38</p>
<p>HT: 0-2. Att: 12,700</p>
<p>- - - -</p>
<p> St Pauli		2 - Pisarew 80, Kmetsch 84</p>
<p> Hamburger	     2 - Breitenreiter 10, Scharping 90</p>
<p>Red Card: Fischer (H) 41</p>
<p>HT: 0-1. Att: 39,300</p>
</text>
<copyright>(c) Reuters Limited 1997</copyright>
<metadata>
<codes class="bip:countries:1.0">
  <code code="GFR">
    <editdetail attribution="Reuters BIP Coding Group" action="confirmed" date="1997-03-14"/>
  </code>
</codes>
<codes class="bip:topics:1.0">
  <code code="GCAT">
    <editdetail attribution="Reuters BIP Coding Group" action="confirmed" date="1997-03-14"/>
  </code>
  <code code="GSPO">
    <editdetail attribution="Reuters BIP Coding Group" action="confirmed" date="1997-03-14"/>
  </code>
</codes>
<dc element="dc.date.created" value="1997-03-14"/>
<dc element="dc.publisher" value="Reuters Holdings Plc"/>
<dc element="dc.date.published" value="1997-03-14"/>
<dc element="dc.source" value="Reuters"/>
<dc element="dc.creator.location" value="BONN"/>
<dc element="dc.creator.location.country.name" value="GERMANY"/>
<dc element="dc.source" value="Reuters"/>
</metadata>
</newsitem>
