<?xml version="1.0" encoding="iso-8859-1" ?>
<newsitem itemid="441998" id="root" date="1997-03-14" xml:lang="en">
<title>ESTONIA: RAKVERE TO DECREASE ITS SHARE CAPITAL.</title>
<headline>RAKVERE TO DECREASE ITS SHARE CAPITAL.</headline>
<dateline>TALLINN 1997-03-14</dateline>
<text>
<p>Rakvere meat plant will decrease its share capital from March 24 by a rate of one share for ten shares, the company said in a statement on Friday.</p>
<p>The company said according to its extraordinary general meeting the company will reduce the number of shares on March 24.</p>
<p>The reduction will affect 41.9 million kroons worth of shares. The new share capital will be 377.2 million kroons.</p>
<p>The share reduction was organised to match the company's net assets and to carry it onto the register of companies, the statement said.</p>
<p>-- David Mardiste, Tallinn newsroom +372 630 8400, reuters@reuters.ee</p>
</text>
<copyright>(c) Reuters Limited 1997</copyright>
<metadata>
<codes class="bip:countries:1.0">
  <code code="ESTNIA">
    <editdetail attribution="Reuters BIP Coding Group" action="confirmed" date="1997-03-14"/>
  </code>
</codes>
<codes class="bip:industries:1.0">
  <code code="I41200">
    <editdetail attribution="Reuters BIP Coding Group" action="confirmed" date="1997-03-14"/>
  </code>
</codes>
<codes class="bip:topics:1.0">
  <code code="C17">
    <editdetail attribution="Reuters BIP Coding Group" action="confirmed" date="1997-03-14"/>
  </code>
  <code code="C171">
    <editdetail attribution="Reuters BIP Coding Group" action="confirmed" date="1997-03-14"/>
  </code>
  <code code="CCAT">
    <editdetail attribution="Reuters BIP Coding Group" action="confirmed" date="1997-03-14"/>
  </code>
</codes>
<dc element="dc.date.created" value="1997-03-14"/>
<dc element="dc.publisher" value="Reuters Holdings Plc"/>
<dc element="dc.date.published" value="1997-03-14"/>
<dc element="dc.source" value="Reuters"/>
<dc element="dc.creator.location" value="TALLINN"/>
<dc element="dc.creator.location.country.name" value="ESTONIA"/>
<dc element="dc.source" value="Reuters"/>
</metadata>
</newsitem>
