<?xml version="1.0" encoding="iso-8859-1" ?>
<newsitem itemid="441945" id="root" date="1997-03-14" xml:lang="en">
<title>AUSTRALIA: RUGBY UNION-NSW BEAT CANTERBURY 25-8 IN SUPER 12 MATCH.</title>
<headline>RUGBY UNION-NSW BEAT CANTERBURY 25-8 IN SUPER 12 MATCH.</headline>
<dateline>SYDNEY 1997-03-14</dateline>
<text>
<p>New South Wales beat Canterbury</p>
<p>25-8 (halftime 9-8) in a Super 12 rugby union match at the</p>
<p>Sydney Football Stadium on Friday.</p>
<p>Scorers:</p>
<p>New South Wales - Tries: Daniel Manu (2). Penalties: Matthew</p>
<p>Burke (5).</p>
<p>Canterbury - Try: Daryl Lilley. Penalty: Lilley.</p>
<p>Attendance: 22,268.</p>
</text>
<copyright>(c) Reuters Limited 1997</copyright>
<metadata>
<codes class="bip:countries:1.0">
  <code code="AUSTR">
    <editdetail attribution="Reuters BIP Coding Group" action="confirmed" date="1997-03-14"/>
  </code>
</codes>
<codes class="bip:topics:1.0">
  <code code="GCAT">
    <editdetail attribution="Reuters BIP Coding Group" action="confirmed" date="1997-03-14"/>
  </code>
  <code code="GSPO">
    <editdetail attribution="Reuters BIP Coding Group" action="confirmed" date="1997-03-14"/>
  </code>
</codes>
<dc element="dc.date.created" value="1997-03-14"/>
<dc element="dc.publisher" value="Reuters Holdings Plc"/>
<dc element="dc.date.published" value="1997-03-14"/>
<dc element="dc.source" value="Reuters"/>
<dc element="dc.creator.location" value="SYDNEY"/>
<dc element="dc.creator.location.country.name" value="AUSTRALIA"/>
<dc element="dc.source" value="Reuters"/>
</metadata>
</newsitem>
