<?xml version="1.0" encoding="iso-8859-1" ?>
<newsitem itemid="441958" id="root" date="1997-03-14" xml:lang="en">
<title>USA: NCAA-DEAN SMITH TIES RUPP RECORD, KANSAS AND KENTUCKY WIN.</title>
<headline>NCAA-DEAN SMITH TIES RUPP RECORD, KANSAS AND KENTUCKY WIN.</headline>
<dateline>WINSTON-SALEM, North Carolina 1997-03-14</dateline>
<text>
<p>North Carolina coach Dean Smith got his record-tying 876th victory, top-ranked Kansas and defending champion Kentucky won, and the College of Charleston extended its improbable streak on the first day of the NCAA men's basketball tournament Thursday.</p>
<p>In the East regionals in Winston-Salem, Serge Zwikker scored 16 of his 19 points in the second half as top-seeded North Carolina pulled away for an 82-74 victory over 16th-seeded Fairfield.</p>
<p>&quot;I don't know whether we played better all year than we did in the second half,&quot; said Smith.</p>
<p>Smith, in his 36th season at North Carolina, matched legendary Kentucky coach Adolph Rupp for most wins by a Division I coach. Smith can pass Rupp on Saturday when the Tar Heels (25-6) play Colorado, an 80-62 winner over Indiana.</p>
<p>Smith, who has won NCAA Tournament titles in 1982 and 1993, improved his NCAA Tournament record to 62-26. The 62 victories are the most by any coach.</p>
<p>Vince Carter scored 22 points to lead North Carolina, which trailed for the final 18:20 of the first half and until 7:06 was left to play.</p>
<p>Greg Francis hit eight three-pointers and scored 26 points for Fairfield (11-19), which was trying to become the first 16th seed to defeat a top seed in the first round.</p>
<p>&quot;Coach Smith told us to pound the ball inside and we did,&quot; said Zwikker, who was 9-of-17 from the field and grabbed 13 rebounds, seven on the offensive end. &quot;It wasn't the prettiest game, but we won.&quot;</p>
<p>In Memphis, Tennessee, Kansas took the first step on its expected road to the Final Four with a 78-64 victory over 16th-seeded Jackson State in the Southeast Region.</p>
<p>Scot Pollard had 12 points, 19 rebounds and five blocked shots to lead the top-seeded Jayhawks (33-1), who will next play eighth-seeded Purdue.</p>
<p>The eighth-seeded Boilermakers survived an overtime thriller for an 83-76 victory over ninth-seeded Rhode Island as Brad Miller scored five of his career-high 31 points in overtime. Chad Austin and freshman Mike Robinson each added 15 points for Purdue (18-11).</p>
<p>In the West regionals at Salt Lake City, Utah, Kentucky began its title defence with a 92-54 thrashing of 16th-seeded Montana as Cameron Mills and Wayne Turner scored 19 points apiece to lead a balanced attack for the top-seeded Wildcats (31-4).</p>
<p>Kentucky will face eighth-seeded Iowa, a 73-60 winner over ninth seed Virginia, in the second round on Saturday.</p>
<p>The 12th-seeded College of Charleston extended the nation's longest winning streak to 23 games when it upset fifth seed Maryland 75-66 in the Southeast.</p>
<p>Stacy Harris scored 22 points to pace College of Charleston (29-2), which extended the streak of 12th seeds winning first-round games to nine years.</p>
<p>The Cougars will play fourth-seeded Arizona in the second round on Saturday.</p>
<p>Michael Dickerson scored 16 points and A.J. Bramlett's putback with 2:38 to play snapped a tie as fourth-seeded Arizona closed with a 22-4 run and escaped with a 65-57 victory over 13th-seeded South Alabama.</p>
<p>At Auburn Hills, Michigan, Jelani McCoy and J.R. Henderson each scored 21 points to lead five players in double figures as second-seeded UCLA coasted to a 109-75 victory over 15th seed Charleston Southern in the Midwest Region.</p>
<p>Cameron Dollar added 15 points and Toby Bailey and Charles O'Bannon each had 14 for the Bruins (22-7), who scored the game's first 11 points and never trailed.</p>
<p>UCLA will face seventh seed Xavier, an 80-68 victor over 10th seed Vanderbilt, in the second round on Saturday.</p>
<p>Also in the Midwest, Danny Fortson scored 24 points and Darnell Burton 18 as third-seeded Cincinnati soundly defeated 14th-seeded Butler 86-69 to earn a spot against sixth-seeded Iowa State, a 69-57 conqueror of 11th-seeded Illinois State.</p>
<p>In the East, Tim Thomas had 28 points and 15 rebounds as fourth-seeded Villanova opened the second half with a 19-1 run and coasted to a 101-91 victory to end the Cinderella dreams of 13th-seeded Long Island University.</p>
<p>Villanova earned a second-round meeting with fifth-seeded California.</p>
<p>Tony Gonzalez hit a fadeaway jumper with 58 seconds remaining to snap a tie and added three free throws in the final 36 seconds to lead California (22-8) to a 55-52 victory over 12th-seeded Princeton.</p>
<p>In Salt Lake City, Utah, Bevan Thomas came off the bench to score 11 of his 16 points in the second half and lead fifth-seeded Boston College to a 73-66 victory over 12th seed Valparaiso.</p>
<p>BC will face fourth-seeded St. Joseph's, which pulled away for a 75-65 victory over 13th-seeded Pacific in the West.</p>
</text>
<copyright>(c) Reuters Limited 1997</copyright>
<metadata>
<codes class="bip:countries:1.0">
  <code code="USA">
    <editdetail attribution="Reuters BIP Coding Group" action="confirmed" date="1997-03-14"/>
  </code>
</codes>
<codes class="bip:topics:1.0">
  <code code="GCAT">
    <editdetail attribution="Reuters BIP Coding Group" action="confirmed" date="1997-03-14"/>
  </code>
  <code code="GSPO">
    <editdetail attribution="Reuters BIP Coding Group" action="confirmed" date="1997-03-14"/>
  </code>
</codes>
<dc element="dc.date.created" value="1997-03-14"/>
<dc element="dc.publisher" value="Reuters Holdings Plc"/>
<dc element="dc.date.published" value="1997-03-14"/>
<dc element="dc.source" value="Reuters"/>
<dc element="dc.creator.location" value="WINSTON-SALEM, North Carolina"/>
<dc element="dc.creator.location.country.name" value="USA"/>
<dc element="dc.source" value="Reuters"/>
</metadata>
</newsitem>
