<?xml version="1.0" encoding="iso-8859-1" ?>
<newsitem itemid="441956" id="root" date="1997-03-14" xml:lang="en">
<title>USA: ATHLETICS-MICHAEL JOHNSON WINS AAU SULLIVAN AWARD.</title>
<headline>ATHLETICS-MICHAEL JOHNSON WINS AAU SULLIVAN AWARD.</headline>
<dateline>ORLANDO, Florida 1997-03-14</dateline>
<text>
<p>Double Olympic gold medalist Michael Johnson was named recipient of the 1996 James E. Sullivan Memorial Award, the Amateur Athletic Union announced Friday.</p>
<p>Johnson received the honour, presented each year by the AAU to America's top amateur athlete, for his historic exploits at the Atlanta Olympics.</p>
<p>Johnson last summer became the first man to win gold medals in the 200 and 400 meters at the same Olympics, recording an astounding world record time of 19.32 seconds in the 200 meters.</p>
<p>&quot;It is a great honour to receive the 1996 AAU Sullivan Award,&quot; Johnson said in a release issued by the AAU. &quot;1996 was indeed a career year for me in winning two Olympic gold medals.</p>
<p>&quot;Winning this award is a great acknowledgment of these achievements,&quot; Johnson said.</p>
<p>Johnson became the 37th track and field athlete to win the Sullivan Award, which completed a hat trick of such honours for the Dallas native. Johnson also received the Jesse Owens Award and was named the United States Olympic Committee's Man of the Year for 1996.</p>
<p>The other finalists for the 67th annual Sullivan Award were golf sensation Tiger Woods, who won his third U.S. Amateur crown before turning pro last year, Olympic 100 meters champion Gail Devers, figure skating world champion Michele Kwan, Olympic decathlon gold medalist Dan O'Brien, quadruple Olympic gold medal swimmer Amy Van Dyken, women's softball star Dot Richarson, women's basketball standout Teresa Edwards, gymnast Shannon Miller and star college quarterback Danny Wuerffel.</p>
</text>
<copyright>(c) Reuters Limited 1997</copyright>
<metadata>
<codes class="bip:countries:1.0">
  <code code="USA">
    <editdetail attribution="Reuters BIP Coding Group" action="confirmed" date="1997-03-14"/>
  </code>
</codes>
<codes class="bip:topics:1.0">
  <code code="GCAT">
    <editdetail attribution="Reuters BIP Coding Group" action="confirmed" date="1997-03-14"/>
  </code>
  <code code="GSPO">
    <editdetail attribution="Reuters BIP Coding Group" action="confirmed" date="1997-03-14"/>
  </code>
</codes>
<dc element="dc.date.created" value="1997-03-14"/>
<dc element="dc.publisher" value="Reuters Holdings Plc"/>
<dc element="dc.date.published" value="1997-03-14"/>
<dc element="dc.source" value="Reuters"/>
<dc element="dc.creator.location" value="ORLANDO, Florida"/>
<dc element="dc.creator.location.country.name" value="USA"/>
<dc element="dc.source" value="Reuters"/>
</metadata>
</newsitem>
