<?xml version="1.0" encoding="iso-8859-1" ?>
<newsitem itemid="441928" id="root" date="1997-03-14" xml:lang="en">
<title>BURKINA FASO: SOCCER-CAF HEAD HAPPY WITH AFRICAN NATIONS CUP PREPARATIONS.</title>
<headline>SOCCER-CAF HEAD HAPPY WITH AFRICAN NATIONS CUP PREPARATIONS.</headline>
<dateline>OUAGADOUGOU 1997-03-14</dateline>
<text>
<p>The head of the Confederation of African Football (CAF), Issa Hayatou, said on Thursday that he was happy with Burkina Faso's preparations for hosting the 1998 African Nations Cup finals and expected everything to be ready on time.</p>
<p>Hayatou told a news conference at the end of a visit to inspect the facilities that he found both political will and widespread enthusiasm at all levels to ensure that the competition next February would be a success.</p>
<p>&quot;We found the results very positive and we are proud to say so. If things continue at this rhythm we are convinced that everything will be ready by the end of 1997,&quot; he said.</p>
<p>Hayatou played down suggestions that he might run for election as president of FIFA, the game's world body, when Joao Havelange retires after the 1998 World Cup finals although he did not rule out the possibility.</p>
<p>&quot;I don't know if I will stand. Everything will depend on the circumstances but at present I am not a candidate,&quot; he said.</p>
<p>The five-member CAF inspection team visited the key sporting and hotel sites in Ouagadougou and the second city of Bobo-Dioulasso, the two venues for the competition.</p>
</text>
<copyright>(c) Reuters Limited 1997</copyright>
<metadata>
<codes class="bip:countries:1.0">
  <code code="UPVOLA">
    <editdetail attribution="Reuters BIP Coding Group" action="confirmed" date="1997-03-14"/>
  </code>
</codes>
<codes class="bip:topics:1.0">
  <code code="GCAT">
    <editdetail attribution="Reuters BIP Coding Group" action="confirmed" date="1997-03-14"/>
  </code>
  <code code="GSPO">
    <editdetail attribution="Reuters BIP Coding Group" action="confirmed" date="1997-03-14"/>
  </code>
</codes>
<dc element="dc.date.created" value="1997-03-14"/>
<dc element="dc.publisher" value="Reuters Holdings Plc"/>
<dc element="dc.date.published" value="1997-03-14"/>
<dc element="dc.source" value="Reuters"/>
<dc element="dc.creator.location" value="OUAGADOUGOU"/>
<dc element="dc.creator.location.country.name" value="BURKINA FASO"/>
<dc element="dc.source" value="Reuters"/>
</metadata>
</newsitem>
