<?xml version="1.0" encoding="iso-8859-1" ?>
<newsitem itemid="441908" id="root" date="1997-03-14" xml:lang="en">
<title>UK: RUGBY UNION-BIGGEST EVER BET ON ENGLAND-WALES GAME.</title>
<headline>RUGBY UNION-BIGGEST EVER BET ON ENGLAND-WALES GAME.</headline>
<dateline>LONDON 1997-03-14</dateline>
<text>
<p>An anonymous English woman has waged a record 78,000 pounds ($125,200) on England to beat Wales in a rugby union Five Nations match on Saturday, bookmakers William Hill said on Friday.</p>
<p>The bet laid at 1-3 will pay 104,000 pounds if England wins. William Hill cut the odds to 2-7 after the bet was laid. Wales are quoted at 5-2 and a draw at 16-1.</p>
<p>The woman from Essex, near London, staked 18,000 pounds on England beating Scotland in their opening fixture, winning 3,000 pounds.</p>
<p>She placed a then-record 46,000 pounds for a rugby union game on England to beat Ireland, winning 15,000 pounds.</p>
<p>She did not bet on the England-France game when France came back from 6-20 down to beat England 23-20. ($1=.6228 Pound)</p>
</text>
<copyright>(c) Reuters Limited 1997</copyright>
<metadata>
<codes class="bip:countries:1.0">
  <code code="UK">
    <editdetail attribution="Reuters BIP Coding Group" action="confirmed" date="1997-03-14"/>
  </code>
</codes>
<codes class="bip:topics:1.0">
  <code code="GCAT">
    <editdetail attribution="Reuters BIP Coding Group" action="confirmed" date="1997-03-14"/>
  </code>
  <code code="GSPO">
    <editdetail attribution="Reuters BIP Coding Group" action="confirmed" date="1997-03-14"/>
  </code>
</codes>
<dc element="dc.date.created" value="1997-03-14"/>
<dc element="dc.publisher" value="Reuters Holdings Plc"/>
<dc element="dc.date.published" value="1997-03-14"/>
<dc element="dc.source" value="Reuters"/>
<dc element="dc.creator.location" value="LONDON"/>
<dc element="dc.creator.location.country.name" value="UK"/>
<dc element="dc.source" value="Reuters"/>
</metadata>
</newsitem>
