<?xml version="1.0" encoding="iso-8859-1" ?>
<newsitem itemid="441997" id="root" date="1997-03-14" xml:lang="en">
<title>ESTONIA: NEW GOVT PRESENTED TO PRESIDENT, TO BE DECIDED.</title>
<headline>NEW GOVT PRESENTED TO PRESIDENT, TO BE DECIDED.</headline>
<dateline>TALLINN 1997-03-14</dateline>
<text>
<p>Estonia's prime ministerial candidate Mart Siimann on Friday presented his proposed goverment to the president but was still awaiting his approval, a spokesman for the president's office said.</p>
<p>Siimann presented his proposed government to President Lennart Meri at 1900/1700 GMT on Friday but at 2345/2145GMT approval was yet to be given.</p>
<p>&quot;The president has not yet announced his decision,&quot; spokesman Ando Noormets told Reuters.</p>
<p>Under the Estonian Constitution, the president has three days to make a decision on the appointment of a prime minister and his proposed government once the line-up is presented.</p>
<p>He was given the authority by parliament on Wednesday to form a new government and had to present his proposed government to the president within seven days.</p>
<p>Siimann, 50, is expected to replace veteran politician Tiit Vaehi who stepped down last month after 22 months in office.</p>
<p>Vaehi's resignation came after he only narrowly won a no confidence motion in parliament amid allegations he was involved in shady privatisation deals involving real estate.</p>
<p>Siimann, a former television and radio station manager, is the leader of the parliamentary faction of the Coalition Party which is one of the two largest groups in parliament.</p>
<p>No major changes are expected to the cabinet but the Education Minister Rein Loik has resigned for personal reasons and the position of Agriculture Minister was in some doubt.</p>
<p>Siimann has already assured the country that his government would continue the previous government's economic policies and reforms.</p>
<p>&quot;The new government sees its mission in continuing the reforms,&quot; Siimann told parliament on Wednesday.</p>
<p>-- David Mardiste, Tallinn newsroom +372 630 8400, reuters@reuters.ee</p>
</text>
<copyright>(c) Reuters Limited 1997</copyright>
<metadata>
<codes class="bip:countries:1.0">
  <code code="ESTNIA">
    <editdetail attribution="Reuters BIP Coding Group" action="confirmed" date="1997-03-14"/>
  </code>
</codes>
<codes class="bip:topics:1.0">
  <code code="GCAT">
    <editdetail attribution="Reuters BIP Coding Group" action="confirmed" date="1997-03-14"/>
  </code>
  <code code="GPOL">
    <editdetail attribution="Reuters BIP Coding Group" action="confirmed" date="1997-03-14"/>
  </code>
</codes>
<dc element="dc.date.created" value="1997-03-14"/>
<dc element="dc.publisher" value="Reuters Holdings Plc"/>
<dc element="dc.date.published" value="1997-03-14"/>
<dc element="dc.source" value="Reuters"/>
<dc element="dc.creator.location" value="TALLINN"/>
<dc element="dc.creator.location.country.name" value="ESTONIA"/>
<dc element="dc.source" value="Reuters"/>
</metadata>
</newsitem>
