<?xml version="1.0" encoding="iso-8859-1" ?>
<newsitem itemid="441965" id="root" date="1997-03-14" xml:lang="en">
<title>SPAIN: SOCCER-RESULTS/STANDINGS IN SPANISH LEAGUE.</title>
<headline>SOCCER-RESULTS/STANDINGS IN SPANISH LEAGUE.</headline>
<dateline>MADRID 1997-03-14</dateline>
<text>
<p>Result of a Spanish league</p>
<p>match on Friday:</p>
<p> Tenerife  3    Athletic Bilbao     3</p>
<p>Playing Saturday:</p>
<p> Espanyol	    v   Deportivo Coruna</p>
<p> Atletico Madrid   v   Valencia</p>
<p>Playing Sunday:</p>
<p> Sevilla	     v   Sporting Gijon</p>
<p> Logrones	    v   Barcelona</p>
<p> Compostela	  v   Valladolid</p>
<p> Zaragoza	    v   Extremadura</p>
<p> Racing Santander  v   Celta Vigo</p>
<p> Oviedo		v   Hercules</p>
<p> Rayo Vallecano    v   Real Betis</p>
<p>Playing Monday:</p>
<p> Real Sociedad     v   Real Madrid</p>
<p>Standings:</p>
<p>				   P     W    D    L  F   A    Pts</p>
<p> 1.Real Madrid		28    19    8    1  61  23   65</p>
<p> 2.Barcelona		  28    17    5    6  70  37   56</p>
<p> 3.Real Betis		 28    16    8    4  60  32   56</p>
<p> 4.Deportivo Coruna	 28    14   11    3  43  20   53</p>
<p> 5.Atletico Madrid	  27    14    7    6  53  34   49</p>
<p> 6.Real Sociedad	    28    13    6    9  35  30   45</p>
<p> 7.Tenerife		   28    12    7    9  50  31   43</p>
<p> 8.Athletic Bilbao	  29    10   13    6  51  41   43</p>
<p> 9.Valladolid		 28    11    7   10  35  32   40</p>
<p> 10.Valencia		  28    11    6   11  40  37   39</p>
<p> 11.Racing Santander	28     9   11    8  32  30   38</p>
<p> 12.Celta Vigo		28     8   10   10  33  36   34</p>
<p> 13.Sporting Gijon	  28     8    8   12  30  43   32</p>
<p> 14.Oviedo		    28     8    8   12  34  43   32</p>
<p> 15.Compostela		28     8    7   13  28  49   31</p>
<p> 16.Rayo Vallecano	  28     8    6   14  28  39   30</p>
<p> 17.Zaragoza		  28     6   11   11  35  46   29</p>
<p> 18.Extremadura	     28     7    8   13  22  40   29</p>
<p> 19.Logrones		  28     8    4   16  24  55   28</p>
<p> 20.Espanyol		  28     7    6   15  31  44   27</p>
<p> 21.Hercules		  28     6    4   18  24  53   22</p>
<p> 22.Sevilla		   28     6    3   19  25  49   21</p>
<p>Note:Two teams qualify for the Champions League, four</p>
<p>qualify for the UEFA Cup, four are automatically relegated, and</p>
<p>one more must face a relegation play-off with the third-placed</p>
<p>team from the second division.</p>
</text>
<copyright>(c) Reuters Limited 1997</copyright>
<metadata>
<codes class="bip:countries:1.0">
  <code code="SPAIN">
    <editdetail attribution="Reuters BIP Coding Group" action="confirmed" date="1997-03-14"/>
  </code>
</codes>
<codes class="bip:topics:1.0">
  <code code="GCAT">
    <editdetail attribution="Reuters BIP Coding Group" action="confirmed" date="1997-03-14"/>
  </code>
  <code code="GSPO">
    <editdetail attribution="Reuters BIP Coding Group" action="confirmed" date="1997-03-14"/>
  </code>
</codes>
<dc element="dc.date.created" value="1997-03-14"/>
<dc element="dc.publisher" value="Reuters Holdings Plc"/>
<dc element="dc.date.published" value="1997-03-14"/>
<dc element="dc.source" value="Reuters"/>
<dc element="dc.creator.location" value="MADRID"/>
<dc element="dc.creator.location.country.name" value="SPAIN"/>
<dc element="dc.source" value="Reuters"/>
</metadata>
</newsitem>
