<?xml version="1.0" encoding="iso-8859-1" ?>
<newsitem itemid="441943" id="root" date="1997-03-14" xml:lang="en">
<title>NEW ZEALAND: NZ LAWYER CITES POLITICS FOR AMERICAS CUP ATTACK.</title>
<headline>NZ LAWYER CITES POLITICS FOR AMERICAS CUP ATTACK.</headline>
<dateline>AUCKLAND 1996-03-15</dateline>
<text>
<p>The lawyer for the New Zealand Maori charged with damaging yachting's Americas Cup said on Saturday the near destruction of the trophy was done for political reasons.</p>
<p>The man, Benjamin Peri Nathan, 27, a student, was charged with wilfully destroying international sport's oldest trophy on Friday.</p>
<p>He was also charged with unlawfully entering the Royal New Zealand Yacht Squadron's headquarters, intending to commit a crime.</p>
<p>Defence counsel Lorraine Smith told the Auckland District Court on Saturday that Nathan would deny the charges.</p>
<p>Justice of the Peace Barry Barnes remanded Nathan until April 18 and called for a psychiatric report, a move opposed by Smith.</p>
<p>&quot;This was a political act done for political reasons,&quot; she said. &quot;If psychiatric reports are to be asked for political reasons then half of the politicians would be in serious trouble.&quot;</p>
<p>She did not elaborate on the cited political reasons.</p>
<p>Barnes said he accepted Smith's comments and changed his decision on the psychiatric report.</p>
<p>Nathan, dressed in white police overalls, showed little emotion during the brief hearing.</p>
<p>Maoris, the original Polynesian settlers of New Zealand, now make up about 13 percent of the population. A small group of activists has led sporadic campaigns for Maori sovereignty.</p>
<p>The attack on the cup caused an outrage both here and in the United States, where it has spent most of its 144 years.</p>
<p>Team New Zealand leader Sir Peter Blake, who was knighted for his efforts in securing the cup for New Zealand in 1995, said he was shocked by Friday's attack on the trophy.</p>
<p>&quot;I'm saddened that someone would want to do this,&quot; he said.</p>
<p>New York Yacht Club Vice Commodore George Isdale condemned the attack and said the values represented by the trophy -- known as the Auld Mug -- would remain untarnished.</p>
</text>
<copyright>(c) Reuters Limited 1997</copyright>
<metadata>
<codes class="bip:countries:1.0">
  <code code="NZ">
    <editdetail attribution="Reuters BIP Coding Group" action="confirmed" date="1997-03-14"/>
  </code>
  <code code="USA">
    <editdetail attribution="Reuters BIP Coding Group" action="confirmed" date="1997-03-14"/>
  </code>
</codes>
<codes class="bip:topics:1.0">
  <code code="GCAT">
    <editdetail attribution="Reuters BIP Coding Group" action="confirmed" date="1997-03-14"/>
  </code>
  <code code="GSPO">
    <editdetail attribution="Reuters BIP Coding Group" action="confirmed" date="1997-03-14"/>
  </code>
</codes>
<dc element="dc.date.created" value="1996-03-15"/>
<dc element="dc.publisher" value="Reuters Holdings Plc"/>
<dc element="dc.date.published" value="1997-03-14"/>
<dc element="dc.source" value="Reuters"/>
<dc element="dc.creator.location" value="AUCKLAND"/>
<dc element="dc.creator.location.country.name" value="NEW ZEALAND"/>
<dc element="dc.source" value="Reuters"/>
</metadata>
</newsitem>
