<?xml version="1.0" encoding="iso-8859-1" ?>
<newsitem itemid="441913" id="root" date="1997-03-14" xml:lang="en">
<title>UK: SOCCER-TWO NORWICH PLAYERS CHARGED AFTER TAXI INCIDENT.</title>
<headline>SOCCER-TWO NORWICH PLAYERS CHARGED AFTER TAXI INCIDENT.</headline>
<dateline>LONDON 1997-03-14</dateline>
<text>
<p>Two Norwich City players have been charged in connection with an incident involving a taxi driver, a police spokesman said on Friday.</p>
<p>Andy Johnson, 22, a 2.0 million pounds ($3.2 million)) rated midfielder and 28-year-old defender Carl Bradshaw, have been charged with assault and criminal damage.</p>
<p>The two players had been on police bail since being arrested at the club's training ground last month. The alleged incident took place after the Canaries' 3-2 win at Sheffield United, one of Bradshaw's previous clubs, on February 9.</p>
<p>The pair will appear before Norwich magistrates next month.</p>
</text>
<copyright>(c) Reuters Limited 1997</copyright>
<metadata>
<codes class="bip:countries:1.0">
  <code code="UK">
    <editdetail attribution="Reuters BIP Coding Group" action="confirmed" date="1997-03-14"/>
  </code>
</codes>
<codes class="bip:topics:1.0">
  <code code="GCAT">
    <editdetail attribution="Reuters BIP Coding Group" action="confirmed" date="1997-03-14"/>
  </code>
  <code code="GSPO">
    <editdetail attribution="Reuters BIP Coding Group" action="confirmed" date="1997-03-14"/>
  </code>
</codes>
<dc element="dc.date.created" value="1997-03-14"/>
<dc element="dc.publisher" value="Reuters Holdings Plc"/>
<dc element="dc.date.published" value="1997-03-14"/>
<dc element="dc.source" value="Reuters"/>
<dc element="dc.creator.location" value="LONDON"/>
<dc element="dc.creator.location.country.name" value="UK"/>
<dc element="dc.source" value="Reuters"/>
</metadata>
</newsitem>
