<?xml version="1.0" encoding="iso-8859-1" ?>
<newsitem itemid="441963" id="root" date="1997-03-14" xml:lang="en">
<title>USA: NCAA BASKETBALL - MEN'S COLLEGE BASKETBALL TOURNAMENT RESULTS.</title>
<headline>NCAA BASKETBALL - MEN'S COLLEGE BASKETBALL TOURNAMENT RESULTS.</headline>
<dateline>NEW YORK 1997-03-13</dateline>
<text>
<p>First-round results on the</p>
<p>opening day of the 1997 NCAA men's college basketball</p>
<p>tournament Thursday (prefix number denotes regional seeding):</p>
<p>East Region (at Winston-Salem)</p>
<p> 5-California	 55   12-Princeton	  52</p>
<p> 4-Villanova	 101   13-LIU		  91</p>
<p> 1-NORTH CAROLINA   82   16-Fairfield	  74</p>
<p> 9-Colorado	   80   8-INDIANA	     62</p>
<p>Southeast Region (at Memphis)</p>
<p> 1-Kansas	     78   16-Jackson State    64</p>
<p> 8-Purdue	     83   9-Rhode Island	76 (OT)</p>
<p> 12-Coll.Charlston  75   5-MARYLAND	    66</p>
<p> 4-ARIZONA	    65   13-South Alabama    57</p>
<p>Midwest Region (at Auburn Hills)</p>
<p> 3-Cincinnati	 86   14-Butler	     69</p>
<p> 6-Iowa State	 69   11-Illinois State   57</p>
<p> 7-XAVIER Ohio	80   10-Vanderbilt	 68</p>
<p> 2-UCLA		109   15-Charleston Sou.  75</p>
<p>West Region (at Salt Lake City)</p>
<p> 5-Boston College   73   12-Valparaiso	 66</p>
<p> 4-ST JOSEPHS PA    49   13-Pacific	    38</p>
<p> 1-KENTUCKY	   92   16-Montana	    54</p>
<p> 8-IOWA		 73   9-Virginia	    60</p>
</text>
<copyright>(c) Reuters Limited 1997</copyright>
<metadata>
<codes class="bip:countries:1.0">
  <code code="USA">
    <editdetail attribution="Reuters BIP Coding Group" action="confirmed" date="1997-03-14"/>
  </code>
</codes>
<codes class="bip:topics:1.0">
  <code code="GCAT">
    <editdetail attribution="Reuters BIP Coding Group" action="confirmed" date="1997-03-14"/>
  </code>
  <code code="GSPO">
    <editdetail attribution="Reuters BIP Coding Group" action="confirmed" date="1997-03-14"/>
  </code>
</codes>
<dc element="dc.date.created" value="1997-03-13"/>
<dc element="dc.publisher" value="Reuters Holdings Plc"/>
<dc element="dc.date.published" value="1997-03-14"/>
<dc element="dc.source" value="Reuters"/>
<dc element="dc.creator.location" value="NEW YORK"/>
<dc element="dc.creator.location.country.name" value="USA"/>
<dc element="dc.source" value="Reuters"/>
</metadata>
</newsitem>
