<?xml version="1.0" encoding="iso-8859-1" ?>
<newsitem itemid="442061" id="root" date="1997-03-14" xml:lang="en">
<title>UK: BA's long-range B-777s hit &quot;teething problem&quot;.</title>
<headline>BA's long-range B-777s hit &quot;teething problem&quot;.</headline>
<dateline>LONDON 1997-03-14</dateline>
<text>
<p>British Airways Plc said on Friday that it expects to put its new Boeing 777 twinjet aircraft back on transatlantic service within the next 10 days after solving a &quot;teething problem&quot; with the engines.</p>
<p>The airline said it had moved the three aircraft off long range operations over water onto European and Middle Eastern routes at the beginning of March after engineers suspected there had been excessive wear in some gearbox bearings in the General Electric GE-90 engines. &quot;We took a decision to withdraw them from transatlantic routes as a precaution because of some teething problems,&quot; a spokesman said. &quot;A solution for this has been identified by our engineers and is being implemented to have them back in extended range operation within the next 10 days.&quot;</p>
<p>The GE-90 powered version of the world's largest twinjet airliner has been plagued by controversy in Britain ever since BA chose GE engines in preference to domestically-made Rolls-Royce Trents for its prestigious launch order for 777s.</p>
<p>In 1995 there were concerns over the turbofan blades after a failed bird-strike test, which delayed the first 777 deleiveries under BA's initial order for 15 aircraft.</p>
</text>
<copyright>(c) Reuters Limited 1997</copyright>
<metadata>
<codes class="bip:countries:1.0">
  <code code="UK">
    <editdetail attribution="Reuters BIP Coding Group" action="confirmed" date="1997-03-14"/>
  </code>
</codes>
<codes class="bip:industries:1.0">
  <code code="I34000">
    <editdetail attribution="Reuters BIP Coding Group" action="confirmed" date="1997-03-14"/>
  </code>
  <code code="I36400">
    <editdetail attribution="Reuters BIP Coding Group" action="confirmed" date="1997-03-14"/>
  </code>
  <code code="I3640010">
    <editdetail attribution="Reuters BIP Coding Group" action="confirmed" date="1997-03-14"/>
  </code>
  <code code="I75000">
    <editdetail attribution="Reuters BIP Coding Group" action="confirmed" date="1997-03-14"/>
  </code>
</codes>
<codes class="bip:topics:1.0">
  <code code="C24">
    <editdetail attribution="Reuters BIP Coding Group" action="confirmed" date="1997-03-14"/>
  </code>
  <code code="C33">
    <editdetail attribution="Reuters BIP Coding Group" action="confirmed" date="1997-03-14"/>
  </code>
  <code code="CCAT">
    <editdetail attribution="Reuters BIP Coding Group" action="confirmed" date="1997-03-14"/>
  </code>
</codes>
<dc element="dc.date.created" value="1997-03-14"/>
<dc element="dc.publisher" value="Reuters Holdings Plc"/>
<dc element="dc.date.published" value="1997-03-14"/>
<dc element="dc.source" value="Reuters"/>
<dc element="dc.creator.location" value="LONDON"/>
<dc element="dc.creator.location.country.name" value="UK"/>
<dc element="dc.source" value="Reuters"/>
</metadata>
</newsitem>
