<?xml version="1.0" encoding="iso-8859-1" ?>
<newsitem itemid="442041" id="root" date="1997-03-14" xml:lang="en">
<title>BELGIUM: AGRICOM 1996 CONS NET PROFIT EDGES UP.</title>
<headline>AGRICOM 1996 CONS NET PROFIT EDGES UP.</headline>
<dateline>BRUSSELS 1997-03-14</dateline>
<text>
<p>Full year 1996</p>
<p>(in million Belgian francs unless stated)</p>
<p>    Cons net				   73.6  vs    72.4</p>
<p>    Exceptional loss			  0.4  vs     nil</p>
<p>    Current profit			   79.9  vs    78.6</p>
<p>    net dividend (francs per share)   20.50  vs  20.50</p>
<p>NOTE - Holding company Agricom SA is a unit of Finoutremer</p>
<p>-- Brussels Newsroom +32 2 287 6810, Fax +32 2 230 7710</p>
</text>
<copyright>(c) Reuters Limited 1997</copyright>
<metadata>
<codes class="bip:countries:1.0">
  <code code="BELG">
    <editdetail attribution="Reuters BIP Coding Group" action="confirmed" date="1997-03-14"/>
  </code>
</codes>
<codes class="bip:industries:1.0">
  <code code="I81402">
    <editdetail attribution="Reuters BIP Coding Group" action="confirmed" date="1997-03-14"/>
  </code>
</codes>
<codes class="bip:topics:1.0">
  <code code="C15">
    <editdetail attribution="Reuters BIP Coding Group" action="confirmed" date="1997-03-14"/>
  </code>
  <code code="C151">
    <editdetail attribution="Reuters BIP Coding Group" action="confirmed" date="1997-03-14"/>
  </code>
  <code code="C1511">
    <editdetail attribution="Reuters BIP Coding Group" action="confirmed" date="1997-03-14"/>
  </code>
  <code code="CCAT">
    <editdetail attribution="Reuters BIP Coding Group" action="confirmed" date="1997-03-14"/>
  </code>
</codes>
<dc element="dc.date.created" value="1997-03-14"/>
<dc element="dc.publisher" value="Reuters Holdings Plc"/>
<dc element="dc.date.published" value="1997-03-14"/>
<dc element="dc.source" value="Reuters"/>
<dc element="dc.creator.location" value="BRUSSELS"/>
<dc element="dc.creator.location.country.name" value="BELGIUM"/>
<dc element="dc.source" value="Reuters"/>
</metadata>
</newsitem>
