<?xml version="1.0" encoding="iso-8859-1" ?>
<newsitem itemid="442053" id="root" date="1997-03-14" xml:lang="en">
<title>UK: London LIFFE futures APT closing prices.</title>
<headline>London LIFFE futures APT closing prices.</headline>
<dateline>LONDON 1997-03-14</dateline>
<text>
<p>London International Financial Futures Exchange Automated pit trading (APT) tabular details:</p>
<p>   CONTRACT (MONTH)	APT CLOSE  SETTLEMENT  PREVIOUS SETTLE</p>
<p>   LONG GILT (MAR) (1/32)   111-22	111-22	    111-20</p>
<p>   SHORT STERLING (MAR)	93.75	 93.75	     93.75</p>
<p>   GERMAN GOVT BOND (JUN)   101.45	101.43	    101.42</p>
<p>   EUROMARK (MAR)		96.74	 96.74	     96.74</p>
<p>   ITALIAN GOVT BOND (JUN)  125.62	125.66	    125.97</p>
<p>   EUROLIRA (MAR)		92.62	 92.62	     92.63</p>
<p>   EUROSWISS (MAR)	     98.15	 98.15	     98.11</p>
<p>   FTSE 100 (MAR)	   4,397.00    4,404.00	  4,387.00</p>
</text>
<copyright>(c) Reuters Limited 1997</copyright>
<metadata>
<codes class="bip:countries:1.0">
  <code code="UK">
    <editdetail attribution="Reuters BIP Coding Group" action="confirmed" date="1997-03-14"/>
  </code>
</codes>
<codes class="bip:topics:1.0">
  <code code="M12">
    <editdetail attribution="Reuters BIP Coding Group" action="confirmed" date="1997-03-14"/>
  </code>
  <code code="MCAT">
    <editdetail attribution="Reuters BIP Coding Group" action="confirmed" date="1997-03-14"/>
  </code>
</codes>
<dc element="dc.date.created" value="1997-03-14"/>
<dc element="dc.publisher" value="Reuters Holdings Plc"/>
<dc element="dc.date.published" value="1997-03-14"/>
<dc element="dc.source" value="Reuters"/>
<dc element="dc.creator.location" value="LONDON"/>
<dc element="dc.creator.location.country.name" value="UK"/>
<dc element="dc.source" value="Reuters"/>
</metadata>
</newsitem>
