<?xml version="1.0" encoding="iso-8859-1" ?>
<newsitem itemid="442015" id="root" date="1997-03-14" xml:lang="en">
<title>ESTONIA: FOCUS-ESTONIA SEEN SEEKING CREDIT RATING THIS YEAR.</title>
<headline>FOCUS-ESTONIA SEEN SEEKING CREDIT RATING THIS YEAR.</headline>
<byline>David Mardiste</byline>
<dateline>TALLINN 1997-03-14</dateline>
<text>
<p>Estonia was expected to seek an international country credit rating this year with commercial banks arguing a rating would give the country international credibility and access to cheaper funds.</p>
<p>Previously the Estonian government and central bank had resisted seeking a credit rating as enough foreign funds were flowing into the country with a rating and the government is running a balanced budget with no need for borrowings.</p>
<p>But opposition to such a move has now waned and the central bank, the Bank of Estonia, and the Banking Association are to make a final decision in early May on if and when to seek a rating.</p>
<p>&quot;The central bank supports the idea,&quot; central bank governor Vahur Kraft told Reuters in an interview.</p>
<p>&quot;But we need to look at some problems in Estonian such as changing some of the laws to restrict borrowing of local authorities ... and to control the rapid growth of (the commercial banks') loan portfolios.</p>
<p>&quot;If we can diminish these kinds of risks then I think we have a good possibility to go with the commercial banks to seek a credit rating.&quot;</p>
<p>Estonia's Finance Minister Mart Opmann also supported the idea in principle -- but not until controls on local government borrowing were in place.</p>
<p>&quot;We have to regulate the external loans taken by local government,&quot; Opmann told Reuters.</p>
<p>&quot;After that I do not see any opposition to this idea.&quot;</p>
<p>The country's commercial banks are pushing for an international rating with Estonia the last of the three Baltic countries to make such a move.</p>
<p>Union Bank's president Ain Hanschmidt said a rating would be useful but was not essential.</p>
<p>&quot;On one side it seems there is no need for a rating as we have enough money coming into the country but on the other hand this would give certain signs internationally,&quot; Hanschmidt told Reuters.</p>
<p>&quot;It somehow makes a difference if you put a stamp on a piece of gold.&quot;</p>
<p>Hanschmidt said he expected Estonia would receive a BBB rating if it sought a grade this year.</p>
<p>Olari Taal, chairman of the board of Hoiupank was bullish on the need for a rating. </p>
<p>&quot;Absolutely, we should get a rating,&quot; he said.</p>
<p>&quot;The larger banks in Estonia do not have any problems in getting credit, but with a credit rating we can get it at a lower price.&quot;</p>
<p>Joakim Helenius, chairman of Hansa Investments, said it was time Estonia applied for rating.</p>
<p>&quot;Although (the government) has no plans to borrow it should leave its options open,&quot; Helenius told Reuters.</p>
<p>&quot;We feel strongly that the government should go for a rating because it's not only in the government's own interests but it helps the entire economy.</p>
<p>&quot;Banks and other borrowers on the international markets of course are judged by how the country is rated and given the situation in Estonian overall it should be good for financal housekeeping.&quot;</p>
<p>Helenius said he expected Estonia would be able to get an investment grade rating while neighbouring Latvia and Lithuania were slightly below investment grade.</p>
<p>&quot;Estonia should be also to get the lowest but still an investment grade rating,&quot; he said.</p>
<p>The prime minister's economic adviser and central bank board member, Ardo Hansson there was resistance to the move.</p>
<p>&quot;This is because of the fact the rating may not be as good as it would have been before (due to the trade deficit),&quot; Hansson said.</p>
<p>&quot;The disadvantage of being small if that you are so much more sensitive to there inward and outwards flows .. and excessive optimism about the Estonian economy is one of the most serious problems we are facing.&quot;</p>
<p>He said he would be surprised if Estonia got a better credit rating than Latvia which is graded BBB.</p>
<p>-- Tallinn newsroom +372 630 8400, reuters@reuters.ee</p>
</text>
<copyright>(c) Reuters Limited 1997</copyright>
<metadata>
<codes class="bip:countries:1.0">
  <code code="ESTNIA">
    <editdetail attribution="Reuters BIP Coding Group" action="confirmed" date="1997-03-14"/>
  </code>
</codes>
<codes class="bip:industries:1.0">
  <code code="I81402">
    <editdetail attribution="Reuters BIP Coding Group" action="confirmed" date="1997-03-14"/>
  </code>
</codes>
<codes class="bip:topics:1.0">
  <code code="C17">
    <editdetail attribution="Reuters BIP Coding Group" action="confirmed" date="1997-03-14"/>
  </code>
  <code code="C174">
    <editdetail attribution="Reuters BIP Coding Group" action="confirmed" date="1997-03-14"/>
  </code>
  <code code="CCAT">
    <editdetail attribution="Reuters BIP Coding Group" action="confirmed" date="1997-03-14"/>
  </code>
  <code code="E21">
    <editdetail attribution="Reuters BIP Coding Group" action="confirmed" date="1997-03-14"/>
  </code>
  <code code="E212">
    <editdetail attribution="Reuters BIP Coding Group" action="confirmed" date="1997-03-14"/>
  </code>
  <code code="ECAT">
    <editdetail attribution="Reuters BIP Coding Group" action="confirmed" date="1997-03-14"/>
  </code>
</codes>
<dc element="dc.date.created" value="1997-03-14"/>
<dc element="dc.publisher" value="Reuters Holdings Plc"/>
<dc element="dc.date.published" value="1997-03-14"/>
<dc element="dc.source" value="Reuters"/>
<dc element="dc.creator.location" value="TALLINN"/>
<dc element="dc.creator.location.country.name" value="ESTONIA"/>
<dc element="dc.source" value="Reuters"/>
</metadata>
</newsitem>
