<?xml version="1.0" encoding="iso-8859-1" ?>
<newsitem itemid="442003" id="root" date="1997-03-14" xml:lang="en">
<title>ESTONIA: SIIMANN IN FINAL TALKS ON NEW GOVT.</title>
<headline>SIIMANN IN FINAL TALKS ON NEW GOVT.</headline>
<dateline>TALLINN 1997-03-14</dateline>
<text>
<p>Estonia's prime ministerial candidate Mart Siimann was on Friday in final negotiations over the make-up of the new government, a government spokesman said.</p>
<p>If settled, the proposed government could be presented to the president today.</p>
<p>&quot;Negotiations are continuing,&quot; spokesman Juhan Kivirahk told Reuters.</p>
<p>Siimann was on Wednesday given the authority by parliament to form a new government within seven days and present it to President Lennart Meri.</p>
<p>The president then has three days to appoint Siimann prine minister and appoint his 14 ministers.</p>
<p>No major changes are expected in the government.</p>
<p>However Education Minister Rein Loik has resigned for personal reasons and the position of Agriculture Minister is under question.</p>
<p>Previous Prime Minister Tiit Vaehi stepped down last month after narrowly surviving a vote of no confidence amid allegations that he took part in shady privisation deals involving real estate in central Tallinn.</p>
<p>Siimann, a former television and radio station manager, has pledged to continue on the previous government's path of reforms.</p>
<p>-- Belinda Goldsmith, Tallinn newsroom +372 630 8400, reuters@reuters.ee</p>
</text>
<copyright>(c) Reuters Limited 1997</copyright>
<metadata>
<codes class="bip:countries:1.0">
  <code code="ESTNIA">
    <editdetail attribution="Reuters BIP Coding Group" action="confirmed" date="1997-03-14"/>
  </code>
</codes>
<codes class="bip:topics:1.0">
  <code code="GCAT">
    <editdetail attribution="Reuters BIP Coding Group" action="confirmed" date="1997-03-14"/>
  </code>
  <code code="GPOL">
    <editdetail attribution="Reuters BIP Coding Group" action="confirmed" date="1997-03-14"/>
  </code>
</codes>
<dc element="dc.date.created" value="1997-03-14"/>
<dc element="dc.publisher" value="Reuters Holdings Plc"/>
<dc element="dc.date.published" value="1997-03-14"/>
<dc element="dc.source" value="Reuters"/>
<dc element="dc.creator.location" value="TALLINN"/>
<dc element="dc.creator.location.country.name" value="ESTONIA"/>
<dc element="dc.source" value="Reuters"/>
</metadata>
</newsitem>
