<?xml version="1.0" encoding="iso-8859-1" ?>
<newsitem itemid="442054" id="root" date="1997-03-14" xml:lang="en">
<title>UK: Closing stock market indices.</title>
<headline>Closing stock market indices.</headline>
<dateline>LONDON 1997-03-14</dateline>
<text>
<p>Here is how major stock markets outside the United States ended on Friday.</p>
<p>LONDON - The UK's leading FTSE 100 share index ended on a stronger note, tracking Wall Street higher after the latest U.S. inflation figures eased fears of a near-term U.S. interest rate hike. The blue chip index, which spent most of the session struggling in negative territory, cleared the 4,400 hurdle late in the session and ended 26.6 points higher at 4,424.3, up four points from a week earlier.</p>
<p>FRANKFURT - German shares reversed course to close bourse trade higher despite the Wall Street tumble, with buying interest still alive on the domestic side, but volumes modest and the market eyeing U.S. data. The DAX index closed up 9.48 points at 3,359.29, down 60.22 from last week. In post-bourse trade the DAX index stood at 3,404.29.</p>
<p>PARIS - French stocks closed higher, also following the U..S market. The blue-chip CAC-40 index finished up 13.52 points or 0.51 percent to 2,645.62, down 62.66 from last Friday.</p>
<p>ZURICH - Swiss shares ended firmer and near the day's high after storming back from a slide of nearly 100 points.</p>
<p>&quot;It was the biggest countermove I have ever seen,&quot; one trader said, adding that better-than-expected U.S. data and a recovery on Wall Street were instrumental in the late rise. The All-share Swiss Performance Index (SPI) was up 11.16 points or 0.38 percent at 2,933.86, a drop of 4.58 from a week earlier.</p>
<p>TOKYO - Tokyo stocks closed slightly higher in a market that was relieved by a fairly smooth settlement of March Nikkei 225 stock futures and options contracts earlier in the day, but participants were still cautious, waiting for the government to unveil specific measures to boost land liquidity, which could help pep up Japan's sluggish economy. The Nikkei 225 average gained 23.16 points or 0.13 percent to finish at 17,923.64, a fall of 275.10 from a week earlier.</p>
<p>HONG KONG - Hong Kong stocks closed sharply lower, shaken by Wall Street's deep dive and the spectre of an uptrend in U.S. and local lending rates. The Hang Seng Index slid 180.56 points, or 1.40 percent to close at 12,736.53, falling 567.71 from last week.</p>
<p>SYDNEY - Australian shares ended sharply lower with the negative lead from nervous U.S. markets translating into losses across the board, in the face of a 2.3 percent drop in the Dow as U.S. investors fretted over potential interest rate hikes, sellers had control of the local market right from the outset with no sector escaping the axe. The All Ordinaries index shed 29.40 points to close at 2,423.20, down 15.30 on the week.</p>
<p>JOHANNESBURG - South African shares rode a United States-inspired roller coaster and ended firmly down after taking a knock from Thursday's huge fall on Wall Street, Dow Jones industrial shares shed 160 points in the fifth biggest point fall ever and the reaction was immediate on South African shares as they tumbled. The drop had been triggered by a sudden bout of panic on the outlook for short-term U.S. interest rates. The All-share index dropped 44.5 points to 7,127.1, up 65.2 from last week, Industrials shed 46.9 points to end at 8,327.2, a rise of 75.6 on the week and the Gold index ended off 21.3 points to 1,408.3, down 8.3 from last Friday.</p>
</text>
<copyright>(c) Reuters Limited 1997</copyright>
<metadata>
<codes class="bip:countries:1.0">
  <code code="UK">
    <editdetail attribution="Reuters BIP Coding Group" action="confirmed" date="1997-03-14"/>
  </code>
</codes>
<codes class="bip:topics:1.0">
  <code code="M11">
    <editdetail attribution="Reuters BIP Coding Group" action="confirmed" date="1997-03-14"/>
  </code>
  <code code="MCAT">
    <editdetail attribution="Reuters BIP Coding Group" action="confirmed" date="1997-03-14"/>
  </code>
</codes>
<dc element="dc.date.created" value="1997-03-14"/>
<dc element="dc.publisher" value="Reuters Holdings Plc"/>
<dc element="dc.date.published" value="1997-03-14"/>
<dc element="dc.source" value="Reuters"/>
<dc element="dc.creator.location" value="LONDON"/>
<dc element="dc.creator.location.country.name" value="UK"/>
<dc element="dc.source" value="Reuters"/>
</metadata>
</newsitem>
