<?xml version="1.0" encoding="iso-8859-1" ?>
<newsitem itemid="442096" id="root" date="1997-03-14" xml:lang="en">
<title>UK: Mideast, West Africa VLCCs firm, could head higher.</title>
<headline>Mideast, West Africa VLCCs firm, could head higher.</headline>
<dateline>LONDON 1997-03-14</dateline>
<text>
<p>Middle East and West Africa very large crude carrier (VLCC) rates maintained their firm tone on Friday with signs that the market could rise further, brokers said.</p>
<p>&quot;Early tonnage in both the Arabian Gulf and West Africa is extremely limited and, even up to about the 10th of next month, the situation looks fairly dire from a charterer's point of view.</p>
<p>&quot;Owners are feeling fairly bullish at the moment and it is, therefore, likely that rate levels will edge up a little further,&quot; said brokers Galbraith's Ltd in their weekly report.</p>
<p>&quot;The seasonal upturn which occurred towards the end of April last year, and indeed in April in 1995, has come a few weeks early this year,&quot; they added.</p>
<p>Mideast/Japan 250,000 tonners were fixed at about W67.5 after starting the week at W58, with older vessels fetching similar rates to Asia as modern ships, brokers said.</p>
<p>In the West Africa sector, the 270,000 tonne Soro was said fixed at W78.5 to UKC, Med for BP, with W85 paid for the Hellespont Orpheum for 265,000 tonnes to Canada for Shell, loading April 5.</p>
<p>The West Africa Suezmax (130,000 tonne) market was also strong despite the demand for VLCCs, with the Tromso Fidelity said fixed at W106.5 for 134,000 tonnes to St Croix for Hess, loading April 3.</p>
<p>Galbraith's said Suezmax tonnage availablity in the next three weeks &quot;is particularly 'thin on the ground'&quot; and although an older vessel had been agreed at W100 on a West Africa/USG voyage, &quot;it is unlikely that anyone with earlier cargoes would be quite so lucky.&quot;</p>
<p>Further strength was seen in the North Sea with 80,000 tonners at W135/W140, against W115 at the end of last week.  </p>
<p>Med Suezmaxes were firm at W107.5, mirroring the West Africa market, but 80,000 tonners were steady to softer at W107.5 on plenty of available tonnage, brokers said.</p>
<p>In the Caribs/upcoast sector, 70,000 tonne crude cargoes continued their recent spectacular climb over the last two weeks, hitting W205/210 against W150 at the beginning of last week. Fuel oil 50,000 tonne cargoes were at about the same level.</p>
<p>--London newsroom +44 171 542 4088</p>
</text>
<copyright>(c) Reuters Limited 1997</copyright>
<metadata>
<codes class="bip:countries:1.0">
  <code code="UK">
    <editdetail attribution="Reuters BIP Coding Group" action="confirmed" date="1997-03-14"/>
  </code>
</codes>
<codes class="bip:topics:1.0">
  <code code="M14">
    <editdetail attribution="Reuters BIP Coding Group" action="confirmed" date="1997-03-14"/>
  </code>
  <code code="M143">
    <editdetail attribution="Reuters BIP Coding Group" action="confirmed" date="1997-03-14"/>
  </code>
  <code code="MCAT">
    <editdetail attribution="Reuters BIP Coding Group" action="confirmed" date="1997-03-14"/>
  </code>
</codes>
<dc element="dc.date.created" value="1997-03-14"/>
<dc element="dc.publisher" value="Reuters Holdings Plc"/>
<dc element="dc.date.published" value="1997-03-14"/>
<dc element="dc.source" value="Reuters"/>
<dc element="dc.creator.location" value="LONDON"/>
<dc element="dc.creator.location.country.name" value="UK"/>
<dc element="dc.source" value="Reuters"/>
</metadata>
</newsitem>
