<?xml version="1.0" encoding="iso-8859-1" ?>
<newsitem itemid="442093" id="root" date="1997-03-14" xml:lang="en">
<title>UK: LIFFE cocoa up but off highs, NY fails to shine.</title>
<headline>LIFFE cocoa up but off highs, NY fails to shine.</headline>
<dateline>LONDON 1997-03-14</dateline>
<text>
<p>Cocoa prices gave up some early gains after New York failed to extend its overnight rally but prices still finished firmer on Friday but near their day's floor.</p>
<p>Traders said some selling emerged in the afternoon after what appeared to be lack of follow-through fund buying in New York.</p>
<p>&quot;There's no apparent resumption of fund buying in New York, that's why we came down a bit this afternoon. I think the market was expecting to see it.&quot;</p>
<p>Traders said the weaker U.S. dollar after a heavy bout of profit-taking also helped support New York and put some pressure on London.</p>
<p>Benchmark May whizzed past the initial technical hurdle of 1,027 stg earlier in the session to hit a new seven-month-high of 1,032 per tonne.</p>
<p>But the contract pulled back to close at 1,020 stg, still a 14 stg gain. Traders said Thursday's strong close in New York had fuelled the early rally amid continued short covering and fresh buying.</p>
<p>Nearby switches remained tight.</p>
<p>&quot;Switches tightened again which is an indication that levels might be higher still,&quot; said one trader.</p>
<p>Volume was brisk at 16,228 lots, dominated by switches and AA trades. Dec 1997 and March 1998 were very active on price fixations against physical contracts.</p>
<p>Some traders said the market has probably seen its tentative top and could consolidate at these high levels.</p>
<p>But there was no change in the supply scenario while the views of some analysts that the season will end with a sizeable production deficit was already discounted in the market, traders said.</p>
<p>Some traders said the rally in New York could have been fuelled by funds shifting money out of coffee, which took a sharp downturn on Thursday, and into cocoa.</p>
<p>-- Jalil Hamid, London Newsroom +44-171-542 4985</p>
</text>
<copyright>(c) Reuters Limited 1997</copyright>
<metadata>
<codes class="bip:countries:1.0">
  <code code="UK">
    <editdetail attribution="Reuters BIP Coding Group" action="confirmed" date="1997-03-14"/>
  </code>
</codes>
<codes class="bip:topics:1.0">
  <code code="M14">
    <editdetail attribution="Reuters BIP Coding Group" action="confirmed" date="1997-03-14"/>
  </code>
  <code code="M141">
    <editdetail attribution="Reuters BIP Coding Group" action="confirmed" date="1997-03-14"/>
  </code>
  <code code="MCAT">
    <editdetail attribution="Reuters BIP Coding Group" action="confirmed" date="1997-03-14"/>
  </code>
</codes>
<dc element="dc.date.created" value="1997-03-14"/>
<dc element="dc.publisher" value="Reuters Holdings Plc"/>
<dc element="dc.date.published" value="1997-03-14"/>
<dc element="dc.source" value="Reuters"/>
<dc element="dc.creator.location" value="LONDON"/>
<dc element="dc.creator.location.country.name" value="UK"/>
<dc element="dc.source" value="Reuters"/>
</metadata>
</newsitem>
