<?xml version="1.0" encoding="iso-8859-1" ?>
<newsitem itemid="442000" id="root" date="1997-03-14" xml:lang="en">
<title>HUNGARY: HUNGARY FORINT ENDS A SHADE FIRMER VS DOLLAR.</title>
<headline>HUNGARY FORINT ENDS A SHADE FIRMER VS DOLLAR.</headline>
<dateline>BUDAPEST 1997-03-14</dateline>
<text>
<p>The Hungarian forint gained a fraction against the dollar but softened againt the currency basket in what dealers called light activity.</p>
<p>The forint closed at 177.45/50 to the dollar, compared to 177.52/57 at opening.</p>
<p>The gap that separates the forint from the central bank's bid, widened to 20 pips from 10 pips at the start of trading.</p>
<p>&quot;This widening may stem from the fact that the expiry of March (currency) futures on the Budapest Commodity Exchange approach and certain banks have started to close their positions,&quot; said Peter Luczo of Inter-Europa Bank.</p>
<p>The forint trades in a 4.5 percent intervention band against a currency basket made up 70 percent of the German mark and 30 percent of the U.S. dollar.</p>
<p>-- Emese Bartha, Budapest newsroom +36 1 327-4040</p>
</text>
<copyright>(c) Reuters Limited 1997</copyright>
<metadata>
<codes class="bip:countries:1.0">
  <code code="HUNG">
    <editdetail attribution="Reuters BIP Coding Group" action="confirmed" date="1997-03-14"/>
  </code>
</codes>
<codes class="bip:topics:1.0">
  <code code="M13">
    <editdetail attribution="Reuters BIP Coding Group" action="confirmed" date="1997-03-14"/>
  </code>
  <code code="M132">
    <editdetail attribution="Reuters BIP Coding Group" action="confirmed" date="1997-03-14"/>
  </code>
  <code code="MCAT">
    <editdetail attribution="Reuters BIP Coding Group" action="confirmed" date="1997-03-14"/>
  </code>
</codes>
<dc element="dc.date.created" value="1997-03-14"/>
<dc element="dc.publisher" value="Reuters Holdings Plc"/>
<dc element="dc.date.published" value="1997-03-14"/>
<dc element="dc.source" value="Reuters"/>
<dc element="dc.creator.location" value="BUDAPEST"/>
<dc element="dc.creator.location.country.name" value="HUNGARY"/>
<dc element="dc.source" value="Reuters"/>
</metadata>
</newsitem>
