<?xml version="1.0" encoding="iso-8859-1" ?>
<newsitem itemid="442022" id="root" date="1997-03-14" xml:lang="en">
<title>LITHUANIA: RAILWAY SEES OKAY OF SHARE CAPITAL BOOST.</title>
<headline>RAILWAY SEES OKAY OF SHARE CAPITAL BOOST.</headline>
<dateline>VILNIUS 1997-03-14</dateline>
<text>
<p>The director of Lithuanian Railway, Stasys Labutis, said on Friday he expected shareholders to approve an increase in share capital to 1.3 billion litas, a boost of 91.8 million litas.</p>
<p>&quot;I expect that the general shareholders meeting will agree to boost the share capital of the company by 91.8 million litas to 1.3 billion litas,&quot; Labutis told Reuters by telephone.  </p>
<p>The issue is due to be discussed at the shareholders' meeting which is scheduled to begin at 1400 local, 1200 GMT.</p>
<p>Lithuanian Railway posted a net profit of 9.4 million litas for 1996 compared to 53,200 litas a year earlier.</p>
<p>The company moved 29.1 million tonnes of cargo in 1996, an increase of 12.1 percent over 1995 figures. Passenger volumes fell by 1.1 million to 14.2 million.</p>
<p>-- Andrius Vilkancas, Vilnius newsroom +371</p>
</text>
<copyright>(c) Reuters Limited 1997</copyright>
<metadata>
<codes class="bip:countries:1.0">
  <code code="LITH">
    <editdetail attribution="Reuters BIP Coding Group" action="confirmed" date="1997-03-14"/>
  </code>
</codes>
<codes class="bip:industries:1.0">
  <code code="I71000">
    <editdetail attribution="Reuters BIP Coding Group" action="confirmed" date="1997-03-14"/>
  </code>
</codes>
<codes class="bip:topics:1.0">
  <code code="C17">
    <editdetail attribution="Reuters BIP Coding Group" action="confirmed" date="1997-03-14"/>
  </code>
  <code code="C171">
    <editdetail attribution="Reuters BIP Coding Group" action="confirmed" date="1997-03-14"/>
  </code>
  <code code="CCAT">
    <editdetail attribution="Reuters BIP Coding Group" action="confirmed" date="1997-03-14"/>
  </code>
</codes>
<dc element="dc.date.created" value="1997-03-14"/>
<dc element="dc.publisher" value="Reuters Holdings Plc"/>
<dc element="dc.date.published" value="1997-03-14"/>
<dc element="dc.source" value="Reuters"/>
<dc element="dc.creator.location" value="VILNIUS"/>
<dc element="dc.creator.location.country.name" value="LITHUANIA"/>
<dc element="dc.source" value="Reuters"/>
</metadata>
</newsitem>
