<?xml version="1.0" encoding="iso-8859-1" ?>
<newsitem itemid="442080" id="root" date="1997-03-14" xml:lang="en">
<title>UK: London sugar freight ends week quietly.</title>
<headline>London sugar freight ends week quietly.</headline>
<dateline>LONDON 1997-03-14</dateline>
<text>
<p>The suagr freight sector ended the week on a quieter note with just a few fixtures and new orders reported.</p>
<p>FIXTURES - CSR have now finally fixed 16,000 bulk for Apl 1/10 Queensland to Japan and 26,000 for end March/Early April Queensland to China, no rates.</p>
<p>Dreyfus have fully fixed 26,000 bulk Cuba to Black Sea or Baltic end March.</p>
<p>NEW ORDER - Andre 26,000 bulk sugar Cuba to Iran end March/Early April.</p>
<p>London Newsroom, +44 171 542 7771</p>
</text>
<copyright>(c) Reuters Limited 1997</copyright>
<metadata>
<codes class="bip:countries:1.0">
  <code code="UK">
    <editdetail attribution="Reuters BIP Coding Group" action="confirmed" date="1997-03-14"/>
  </code>
</codes>
<codes class="bip:topics:1.0">
  <code code="M14">
    <editdetail attribution="Reuters BIP Coding Group" action="confirmed" date="1997-03-14"/>
  </code>
  <code code="M141">
    <editdetail attribution="Reuters BIP Coding Group" action="confirmed" date="1997-03-14"/>
  </code>
  <code code="MCAT">
    <editdetail attribution="Reuters BIP Coding Group" action="confirmed" date="1997-03-14"/>
  </code>
</codes>
<dc element="dc.date.created" value="1997-03-14"/>
<dc element="dc.publisher" value="Reuters Holdings Plc"/>
<dc element="dc.date.published" value="1997-03-14"/>
<dc element="dc.source" value="Reuters"/>
<dc element="dc.creator.location" value="LONDON"/>
<dc element="dc.creator.location.country.name" value="UK"/>
<dc element="dc.source" value="Reuters"/>
</metadata>
</newsitem>
