<?xml version="1.0" encoding="iso-8859-1" ?>
<newsitem itemid="442049" id="root" date="1997-03-14" xml:lang="en">
<title>UK: Reuters historical calendar - March 21.</title>
<headline>Reuters historical calendar - March 21.</headline>
<dateline>LONDON 1997-03-14</dateline>
<text>
<p>Following are some of the major events to have occurred on March 21 in history.</p>
<p>1556 - The Archbishop of Canterbury, Thomas Cranmer, was burned at the stake as a heretic.</p>
<p>1791 - Bangalore in India was seized by the British under Lord Cornwallis in the Third Mysore war.</p>
<p>1685 - Johann Sebastian Bach, composer and best known of the large German family of musicians, born. Noted for his &quot;Brandenburg Concertos&quot; and the 48 preludes and fugues known as &quot;The Well-Tempered Clavier&quot;.</p>
<p>1806 - Benito Juarez, Mexican national hero and president, born. He was elected president in 1861, 1867 and 1871.</p>
<p>1839 - Modest Mussorgsky, Russian composer notably of &quot;Boris Godunov&quot; and &quot;Pictures at an Exhibition&quot;, born.</p>
<p>1871 - Otto von Bismarck opened the first Reichstag or Parliament in the newly created German Reich.</p>
<p>1917 - Tsar Nicholas II and his family were arrested by the revolutionary forces in Russia.</p>
<p>1918 - The Second Battle of the Somme, the last German offensive in World War One, began.</p>
<p>1919 - A pro-Soviet coup headed by Bela Kun overthrew the government of Hungary.</p>
<p>1927 - The Nationalist Chinese forces of Chiang Kai-shek took the city of Shanghai.</p>
<p>1939 - The Lithuanian port of Memel was ceded to Germany.</p>
<p>1945 - British warplanes destroyed Gestapo headquarters in Copenhagen, killing over 70 Nazis. The raid also killed civilians, including 86 schoolchildren, in Denmark's worst civilian disaster of the war.</p>
<p>1952 - Dr Kwame Nkrumah became prime minister of the Gold Coast, the first African to be elected prime minister south of the Sahara.</p>
<p>1960 - Almost 70 people were killed and more than 180 wounded when South African police opened fire on a peaceful demonstration in Sharpeville in the Transvaal.</p>
<p>1963 - Alcatraz Prison in San Francisco Bay, a harsh maximum security jail which once housed gangster Al Capone, closed when the last 27 prisoners were transferred.</p>
<p>1965 - Martin Luther King led the start of a 4,000-strong civil rights march from Selma to Montgomery, Alabama.</p>
<p>1985 - Sir Michael Redgrave, British actor and film star, died.</p>
<p>1989 - Australian Prime Minister Bob Hawke wept on television as he admitted to having an extra-marital affair.</p>
<p>1990 - Namibia, formerly known as South West Africa, became independent after 75 years of South African rule.</p>
<p>1994 - The last Italian soldiers ended their 15-month peacekeeping mission in Somalia.</p>
<p>1996 - Goran Persson, a former finance minister, became Swedish prime minister.</p>
</text>
<copyright>(c) Reuters Limited 1997</copyright>
<metadata>
<codes class="bip:countries:1.0">
  <code code="UK">
    <editdetail attribution="Reuters BIP Coding Group" action="confirmed" date="1997-03-14"/>
  </code>
</codes>
<codes class="bip:topics:1.0">
  <code code="GCAT">
    <editdetail attribution="Reuters BIP Coding Group" action="confirmed" date="1997-03-14"/>
  </code>
</codes>
<dc element="dc.date.created" value="1997-03-14"/>
<dc element="dc.publisher" value="Reuters Holdings Plc"/>
<dc element="dc.date.published" value="1997-03-14"/>
<dc element="dc.source" value="Reuters"/>
<dc element="dc.creator.location" value="LONDON"/>
<dc element="dc.creator.location.country.name" value="UK"/>
<dc element="dc.source" value="Reuters"/>
</metadata>
</newsitem>
