<?xml version="1.0" encoding="iso-8859-1" ?>
<newsitem itemid="442031" id="root" date="1997-03-14" xml:lang="en">
<title>ESTONIA: C.BANK HEAD SAYS GDP IN LINE WITH FORECASTS.</title>
<headline>C.BANK HEAD SAYS GDP IN LINE WITH FORECASTS.</headline>
<dateline>TALLINN 1997-03-14</dateline>
<text>
<p>Estonia's central bank governor Vahur Kraft said on Friday that economic growth was in line with forecasts for 1997.</p>
<p>In an interview with Reuters, Kraft said the Bank of Estonia forecast Gross Domestic Product (GDP) growth for the year at a little above four percent and inflation at about 15 percent.</p>
<p>&quot;I think we are line with the forecasts we have,&quot; Kraft said.</p>
<p>&quot;Maybe in some cases our forecasts are little bit lower than others.</p>
<p>&quot;But the central bank will always be quite conservative because we need to give the economy the right signals, ones that don't build up too big hopes.&quot;</p>
<p>The central bank forecast GDP growth in 1995 at three percent and it came in at 4.5 percent.</p>
<p>&quot;It is a bit hard to forecast in this open and quite fast moving economy,&quot; Kraft said.</p>
<p>He said the latest Consumer Price Index figures showing a 0.9 percent rise in February showed inflation was in line with forecasts.</p>
<p>In coming years Kraft expected the rate of decline in inflation to slow.</p>
<p>&quot;We see a lowering of the inflation speed but we are not able to say concrete figures,&quot; he said.</p>
<p>&quot;Overall our forecasts are that over two or three years our inflation will be lower than 10 percent and the average of GDP growth will be around four or five percent on average.&quot;</p>
<p>-- Belinda Goldsmith, Tallinn newsroom +372 630 8400, reuters@reuters.ee</p>
</text>
<copyright>(c) Reuters Limited 1997</copyright>
<metadata>
<codes class="bip:countries:1.0">
  <code code="ESTNIA">
    <editdetail attribution="Reuters BIP Coding Group" action="confirmed" date="1997-03-14"/>
  </code>
</codes>
<codes class="bip:topics:1.0">
  <code code="E11">
    <editdetail attribution="Reuters BIP Coding Group" action="confirmed" date="1997-03-14"/>
  </code>
  <code code="ECAT">
    <editdetail attribution="Reuters BIP Coding Group" action="confirmed" date="1997-03-14"/>
  </code>
</codes>
<dc element="dc.date.created" value="1997-03-14"/>
<dc element="dc.publisher" value="Reuters Holdings Plc"/>
<dc element="dc.date.published" value="1997-03-14"/>
<dc element="dc.source" value="Reuters"/>
<dc element="dc.creator.location" value="TALLINN"/>
<dc element="dc.creator.location.country.name" value="ESTONIA"/>
<dc element="dc.source" value="Reuters"/>
</metadata>
</newsitem>
