<?xml version="1.0" encoding="iso-8859-1" ?>
<newsitem itemid="442050" id="root" date="1997-03-14" xml:lang="en">
<title>UK: IPE April Brent expires at $20.14, up 25 cts.</title>
<headline>IPE April Brent expires at $20.14, up 25 cts.</headline>
<dateline>LONDON 1997-03-14</dateline>
<text>
<p>IPE Brent crude futures settled up 25 cents on Friday on book-squaring ahead of the April contract expiry and news of slimmer April North Sea loading programmes, traders said.</p>
<p>The front-month April contract expired at $20.14 a barrel. May settled at $19.74, 11 cents off the high.</p>
<p>The April/May spread ended at 40 cents, down from 49 cents in the morning but well above just a few cents at one point earlier in the week. May/June ended at 14 cents compared with seven or eight on Thursday.</p>
<p>Brent futures had resumed trading at $20.11 a barrel an hour before the close at 1915 GMT after business was halted for 55 minutes due to a power cut. April had stopped at $20.12 when the outage occurred at 1813 GMT.</p>
<p>After the resumption April Brent rose to trade at $20.30 a barrel at 1920 GMT as prices caught up with gains that had been made on NYMEX crude during the suspension of trading.</p>
<p>IPE gas oil closed up 25 cents, posting a lame performance that only just tracked stronger Brent and U.S. heating oil.</p>
<p>Front month April gas oil settled at $169.50 a tonne, 50 cents shy of the high and 75 cents off the low.</p>
<p>Markets rose on Thursday after news April's Brent loading programme would be eight cargoes lighter than March. Traders said strength on Friday was partly a follow-through from that. -- William Maclean London newsroom +44 171 542 7646</p>
</text>
<copyright>(c) Reuters Limited 1997</copyright>
<metadata>
<codes class="bip:countries:1.0">
  <code code="UK">
    <editdetail attribution="Reuters BIP Coding Group" action="confirmed" date="1997-03-14"/>
  </code>
</codes>
<codes class="bip:topics:1.0">
  <code code="M14">
    <editdetail attribution="Reuters BIP Coding Group" action="confirmed" date="1997-03-14"/>
  </code>
  <code code="M143">
    <editdetail attribution="Reuters BIP Coding Group" action="confirmed" date="1997-03-14"/>
  </code>
  <code code="MCAT">
    <editdetail attribution="Reuters BIP Coding Group" action="confirmed" date="1997-03-14"/>
  </code>
</codes>
<dc element="dc.date.created" value="1997-03-14"/>
<dc element="dc.publisher" value="Reuters Holdings Plc"/>
<dc element="dc.date.published" value="1997-03-14"/>
<dc element="dc.source" value="Reuters"/>
<dc element="dc.creator.location" value="LONDON"/>
<dc element="dc.creator.location.country.name" value="UK"/>
<dc element="dc.source" value="Reuters"/>
</metadata>
</newsitem>
