<?xml version="1.0" encoding="iso-8859-1" ?>
<newsitem itemid="442029" id="root" date="1997-03-14" xml:lang="en">
<title>ESTONIA: C.BANK HEAD SEES KROON FIXED UNTIL EU LINK.</title>
<headline>C.BANK HEAD SEES KROON FIXED UNTIL EU LINK.</headline>
<dateline>TALLINN 1997-03-14</dateline>
<text>
<p>Estonia's central bank governor Vahur Kraft said on Friday that Estonia would retain is currency board system and fixed exchange rate until the country joined the European Union (EU).</p>
<p>&quot;Our policy is clear. We will continue with our currency board system and fixed exchange rate,&quot; Kraft told Reuters in an interview.</p>
<p>&quot;Theoretically we can use this forever but of course what is our hope is that when we can join the European Union monetary system we will change this system.</p>
<p>&quot;Until then we will use the same system. It is quite clear.&quot;</p>
<p>Kraft said the fixed exchange rate, with the kroon pegged to the mark at eight to one, gave the country stability.</p>
<p>He said this valuation was fair.</p>
<p>&quot;We are quite sure that we won't change our policy. We are not talking about devaluation or revaluation,&quot; he said.</p>
<p>-- Belinda Goldsmith, Tallinn newsroom +372 630 8400, reuters@reuters.ee.</p>
</text>
<copyright>(c) Reuters Limited 1997</copyright>
<metadata>
<codes class="bip:countries:1.0">
  <code code="ESTNIA">
    <editdetail attribution="Reuters BIP Coding Group" action="confirmed" date="1997-03-14"/>
  </code>
</codes>
<codes class="bip:topics:1.0">
  <code code="E12">
    <editdetail attribution="Reuters BIP Coding Group" action="confirmed" date="1997-03-14"/>
  </code>
  <code code="ECAT">
    <editdetail attribution="Reuters BIP Coding Group" action="confirmed" date="1997-03-14"/>
  </code>
  <code code="M13">
    <editdetail attribution="Reuters BIP Coding Group" action="confirmed" date="1997-03-14"/>
  </code>
  <code code="M132">
    <editdetail attribution="Reuters BIP Coding Group" action="confirmed" date="1997-03-14"/>
  </code>
  <code code="MCAT">
    <editdetail attribution="Reuters BIP Coding Group" action="confirmed" date="1997-03-14"/>
  </code>
</codes>
<dc element="dc.date.created" value="1997-03-14"/>
<dc element="dc.publisher" value="Reuters Holdings Plc"/>
<dc element="dc.date.published" value="1997-03-14"/>
<dc element="dc.source" value="Reuters"/>
<dc element="dc.creator.location" value="TALLINN"/>
<dc element="dc.creator.location.country.name" value="ESTONIA"/>
<dc element="dc.source" value="Reuters"/>
</metadata>
</newsitem>
