<?xml version="1.0" encoding="iso-8859-1" ?>
<newsitem itemid="442083" id="root" date="1997-03-14" xml:lang="en">
<title>UK: BA extends cutprice cargo promotion to March.</title>
<headline>BA extends cutprice cargo promotion to March.</headline>
<dateline>LONDON 1997-03-14</dateline>
<text>
<p>British Airways has again extended its special cutprice deals on air cargo rates whilst sticking to a separate plan to lift its global price tariff by up to 10 percent from Monday March 17, a BA Cargo spokesman said.</p>
<p>Under the latest extension BA's special promotion which started at the beginning of January will last until March 31 and again apply to pallets and bin rates. The special sale had been due to end March 16.</p>
<p>Next week BA's rates to South America and West Africa rise 10 percent whilst those to Canada, Europe, South Africa and Kenya stay unchanged.</p>
<p>The latest package cover covers 17 North Atlantic, 3 Latin American, 14 southern region covering the Middle East, east Africa and the Indian sub-continent, eight Pacific and 13 European routes.</p>
<p>As with the current &quot;sale&quot; the special low rates must be booked within 72 hours of departure and cannot replace existing or permanent bookings and are subject to availability, the spokesman added.</p>
<p>As a wholesaling carrier the special deals are aimed at freight forwarders and are for pallets and bins.</p>
<p>Examples of the BA's pallet 5 promotion rates from London in sterling are as follows compared to the current promotion:</p>
<p>Destination			   March 17-31 March 1-16     Feb rate</p>
<p>N.ATLANTIC	Boston	     1,000	  1,000	   1,180</p>
<p>		    Los Angeles	1,400	  1,400	   1,600</p>
<p>		    New York JFK	 900	    900	   1,000</p>
<p>LATIN AMERICA   Santiago	   3,800	   N.A.</p>
<p>		    Caracas	    3,200	   N.A.</p>
<p>SOUTHERN	  Bahrain	    1,500	   N.A.</p>
<p>		    Dhahran	    1,700	  1,500	    N.A.</p>
<p>		    Dubai		1,500	  1,300	 1,600</p>
<p>		    Jeddah	     1,700	  1,700	  1,900</p>
<p>		    Johannesburg     3,500	  3,000	   N.A.</p>
<p>		    Nairobi	    1,400	  1.400	  1,400</p>
<p>PACIFIC	   Beijing	    2,000	  1,300	  1,600</p>
<p>		    Manila	     2,500	  2,500	   N.A.</p>
<p>		    Nagoya	     3,500	  3,000	   N.A.</p>
<p>		    Narita	     3,500	  3,000	   N.A.</p>
<p>		    Perth		3,000	  3,000	   N.A.</p>
<p>		    Singapore	  2,000	  1,500	   N.A.</p>
<p>		    Taipei	     2,500	  2,500	   N.A.</p>
<p>EUROPE	    Dusseldorf	   600	    600	   600</p>
<p>		    Lisbon	     1,350	  1,350	  1,350</p>
<p>		    Madrid	     1,200	  1,200	  1,200</p>
<p>-- Reuters Air Cargo Newsroom Tel+44 171 542 7706 Fax+5017</p>
</text>
<copyright>(c) Reuters Limited 1997</copyright>
<metadata>
<codes class="bip:countries:1.0">
  <code code="UK">
    <editdetail attribution="Reuters BIP Coding Group" action="confirmed" date="1997-03-14"/>
  </code>
</codes>
<codes class="bip:industries:1.0">
  <code code="I75000">
    <editdetail attribution="Reuters BIP Coding Group" action="confirmed" date="1997-03-14"/>
  </code>
  <code code="I77002">
    <editdetail attribution="Reuters BIP Coding Group" action="confirmed" date="1997-03-14"/>
  </code>
</codes>
<codes class="bip:topics:1.0">
  <code code="C31">
    <editdetail attribution="Reuters BIP Coding Group" action="confirmed" date="1997-03-14"/>
  </code>
  <code code="CCAT">
    <editdetail attribution="Reuters BIP Coding Group" action="confirmed" date="1997-03-14"/>
  </code>
</codes>
<dc element="dc.date.created" value="1997-03-14"/>
<dc element="dc.publisher" value="Reuters Holdings Plc"/>
<dc element="dc.date.published" value="1997-03-14"/>
<dc element="dc.source" value="Reuters"/>
<dc element="dc.creator.location" value="LONDON"/>
<dc element="dc.creator.location.country.name" value="UK"/>
<dc element="dc.source" value="Reuters"/>
</metadata>
</newsitem>
