<?xml version="1.0" encoding="iso-8859-1" ?>
<newsitem itemid="442099" id="root" date="1997-03-14" xml:lang="en">
<title>UK: Comet may offer insight into Earth's beginning.</title>
<headline>Comet may offer insight into Earth's beginning.</headline>
<byline>Maggie Fox</byline>
<dateline>LONDON 1997-03-14</dateline>
<text>
<p>Comet Hale-Bopp, which promises to be one of the brightest comets ever to delight sky-watchers, may be made up of the same primordial elements that formed the Earth, British astronomers said on Friday.</p>
<p>As the comet comes closer and shines more brightly measurements are turning up surprising numbers of chemicals, including water, methanol, sulphur monoxide and sodium, Alan Fitzsimmons of Queen's University Belfast told a meeting of the Royal Astronomical Society.</p>
<p>&quot;This really does link Hale-Bopp to the primordial nebula,&quot; Fitzsimmons said.</p>
<p>Astronomers think comets are probably primitive remains of the material that first formed the solar system 4.6 billion years ago. But comets are frustratingly rare -- only about 30 have been identified -- so every moment spent examining one is valuable.</p>
<p>The scientists are having a field day with Hale-Bopp, which has been shining brightly since it was first spotted in July 1995 by the two amateur astronomers, Alan Hale and Thomas Bopp, after whom it is named.</p>
<p>As it approaches on a near right-angle to the Earth's orbit, more and more dust and gas is being blown off by the solar wind. This picks up the sun's light and can be seen clearly.</p>
<p>Spectroscopic analysis can show what chemicals are present in the object. So far a look at the isotopes -- slight variations in the elements -- shows they are similar to those found on Earth, Fitzsimmons said.</p>
<p>He said 19 different European groups were teaming up to use eight different telescopes on the Canary Islands to examine Hale-Bopp's molecular structure more closely.</p>
<p>The U.S. National Aeronautics and Space Administration plans to launch a series of sounding rockets above Earth's atmosphere to gauge the composition of the dual-tailed comet.</p>
<p>The observations could help confirm what many scientists already believe -- that water on Earth came from comets crashing onto the surface very early on in the planet's life.</p>
<p>Fitzsimmons said many other aspects about the comet remained frustratingly elusive. For instance, estimates had been made of the size of the nucleus, or head, of the comet but because it is so small they vary by 75 percent.</p>
<p>The closest estimate, he said, was that it is 40 km (25 miles) in diameter -- but the margin of error is plus or minus 30 km (19 miles).</p>
<p>Also the comet, travelling at more than 100,000 miles (160,000 km) per hour, is sending off mysterious jets of matter. Fitzsimmons said no one had quite figured out what the jets were or what they meant.</p>
<p>The comet will be closest to Earth on March 22. But this week should be prime viewing time in the northern hemisphere because the predawn sky will be moonless until March 19 and the comet will also be visible in the early evening sky.</p>
<p>Hale-Bopp is already brighter than Comet Hyakutake, which streaked across the sky a year ago.</p>
</text>
<copyright>(c) Reuters Limited 1997</copyright>
<metadata>
<codes class="bip:countries:1.0">
  <code code="UK">
    <editdetail attribution="Reuters BIP Coding Group" action="confirmed" date="1997-03-14"/>
  </code>
</codes>
<codes class="bip:topics:1.0">
  <code code="GCAT">
    <editdetail attribution="Reuters BIP Coding Group" action="confirmed" date="1997-03-14"/>
  </code>
  <code code="GSCI">
    <editdetail attribution="Reuters BIP Coding Group" action="confirmed" date="1997-03-14"/>
  </code>
</codes>
<dc element="dc.date.created" value="1997-03-14"/>
<dc element="dc.publisher" value="Reuters Holdings Plc"/>
<dc element="dc.date.published" value="1997-03-14"/>
<dc element="dc.source" value="Reuters"/>
<dc element="dc.creator.location" value="LONDON"/>
<dc element="dc.creator.location.country.name" value="UK"/>
<dc element="dc.source" value="Reuters"/>
</metadata>
</newsitem>
