<?xml version="1.0" encoding="iso-8859-1" ?>
<newsitem itemid="442095" id="root" date="1997-03-14" xml:lang="en">
<title>UK: INTERVIEW - Shield still sees 1997 AFT sales.</title>
<headline>INTERVIEW - Shield still sees 1997 AFT sales.</headline>
<dateline>LONDON 1997-03-14</dateline>
<text>
<p>Shield Diagnostics Group Plc said on Friday that it still expected to see the first sales of its heart attack predictor test to go ahead this year, despite problems with a U.S.-based trial.</p>
<p>In a telephone interview with Reuters, technical director Peter Foster said: &quot;We don't see it as a problem at all and we will continue with our timetable for the commercialisation of the test.&quot;  </p>
<p>Earlier one of the doctors involved in the U.S. ARIC study, which has tracked the incidence of heart attacks in 16,000 people over more than ten years, said mishandling and storage of early blood samples may have led to &quot;misleading conclusions.&quot;</p>
<p>This led to a sharp fall in Shield's share price.</p>
<p>Foster said the ARIC study was only one of several in progress. Shield hopes that the studies, including the ARIC study and a UK study based at St Bartholomew's hospital, London, will prove a link between a clotting agent in the blood known as Activated Factor Twelve (AFT) and propensity to heart attacks. Shield is developing a diagnostic kit which it says can show the presence of AFT in the blood.</p>
<p>&quot;It is not negative news for AFT,&quot; said Foster, pointing to &quot;good data&quot; from the UK study of 3,000 people already published in preliminary form last month. &quot;You are talking about sales this year.&quot;</p>
<p>Foster said that in the U.S. ARIC trial samples of blood were taken from the same individuals at three year intervals. The problems reported on Friday related to samples taken in 1986, which he said still left plenty of data from the U.S. trial to analyse.</p>
<p>&quot;More important is the (St Bartholomew's) data which is there and getting stronger,&quot; said Foster.</p>
<p>He declined to comment on the view of some analysts that the company had allowed its share price, which had jumped by more than 560 percent since the start of the year to an all-time high of 928 pence earlier on Friday, to get ahead of itself.</p>
<p>Shares in Shield ended the day down 140 pence at 665 pence. -- Jonathan Birt London Newsroom +44 171 542 7717</p>
</text>
<copyright>(c) Reuters Limited 1997</copyright>
<metadata>
<codes class="bip:countries:1.0">
  <code code="UK">
    <editdetail attribution="Reuters BIP Coding Group" action="confirmed" date="1997-03-14"/>
  </code>
</codes>
<codes class="bip:industries:1.0">
  <code code="I25700">
    <editdetail attribution="Reuters BIP Coding Group" action="confirmed" date="1997-03-14"/>
  </code>
</codes>
<codes class="bip:topics:1.0">
  <code code="C15">
    <editdetail attribution="Reuters BIP Coding Group" action="confirmed" date="1997-03-14"/>
  </code>
  <code code="C152">
    <editdetail attribution="Reuters BIP Coding Group" action="confirmed" date="1997-03-14"/>
  </code>
  <code code="CCAT">
    <editdetail attribution="Reuters BIP Coding Group" action="confirmed" date="1997-03-14"/>
  </code>
</codes>
<dc element="dc.date.created" value="1997-03-14"/>
<dc element="dc.publisher" value="Reuters Holdings Plc"/>
<dc element="dc.date.published" value="1997-03-14"/>
<dc element="dc.source" value="Reuters"/>
<dc element="dc.creator.location" value="LONDON"/>
<dc element="dc.creator.location.country.name" value="UK"/>
<dc element="dc.source" value="Reuters"/>
</metadata>
</newsitem>
