<?xml version="1.0" encoding="iso-8859-1" ?>
<newsitem itemid="442037" id="root" date="1997-03-14" xml:lang="en">
<title>LITHUANIA: MEDIENOS PLAUSHAS 1996 PROFIT 2.1 MLN LITAS.</title>
<headline>MEDIENOS PLAUSHAS 1996 PROFIT 2.1 MLN LITAS.</headline>
<dateline>VILNIUS 1997-03-14</dateline>
<text>
<p>Lithuanian cardboard and packaging producer Medienos Plaushas said on Friday its net profit fell to 2.1 million litas in 1996 from 5.95 million a year earlier according to internationally audited figures.</p>
<p>Unaudited figures published earlier showed the company's 1996 profit was 2.6 million litas.  </p>
<p>Medienos Plaushas managing director Petras Chesna told Reuters by telephone that the profit was 500,000 litas lower because of the cost of the audit conducted by Arthur Andersen and some accounting differences.</p>
<p>&quot;The Arthur Andersen audit decreased our net profit by around 500,000 litas,&quot; Chesna said. </p>
<p>The company repeated an earlier forecast that it expected to post a net profit of four million litas in 1997. </p>
<p>At the company shareholders meeting a dividend equal to two percent of the face value of shares as of April 7, 1997 was approved.</p>
<p>The company's share capital totals 20.1 million litas.</p>
<p>&quot;Around 400,000 litas will be paid in dividends,&quot; Chesna said. The company has said it would use 22 million litas from increased share capital, profit and loans for investments in the production facilities.</p>
<p>Around 16 percent of Medienos Plaushas is foreign owned, of which 6.7 percent is by Estonia's Hansapak and 5.9 percent by Swiss Pictet &amp; Cie, Chesna said.</p>
<p>-- Andrius Vilkancas, Vilnius newsroom +350 2 22 35 17</p>
</text>
<copyright>(c) Reuters Limited 1997</copyright>
<metadata>
<codes class="bip:countries:1.0">
  <code code="LITH">
    <editdetail attribution="Reuters BIP Coding Group" action="confirmed" date="1997-03-14"/>
  </code>
</codes>
<codes class="bip:industries:1.0">
  <code code="I47200">
    <editdetail attribution="Reuters BIP Coding Group" action="confirmed" date="1997-03-14"/>
  </code>
</codes>
<codes class="bip:topics:1.0">
  <code code="C15">
    <editdetail attribution="Reuters BIP Coding Group" action="confirmed" date="1997-03-14"/>
  </code>
  <code code="C151">
    <editdetail attribution="Reuters BIP Coding Group" action="confirmed" date="1997-03-14"/>
  </code>
  <code code="C1511">
    <editdetail attribution="Reuters BIP Coding Group" action="confirmed" date="1997-03-14"/>
  </code>
  <code code="CCAT">
    <editdetail attribution="Reuters BIP Coding Group" action="confirmed" date="1997-03-14"/>
  </code>
</codes>
<dc element="dc.date.created" value="1997-03-14"/>
<dc element="dc.publisher" value="Reuters Holdings Plc"/>
<dc element="dc.date.published" value="1997-03-14"/>
<dc element="dc.source" value="Reuters"/>
<dc element="dc.creator.location" value="VILNIUS"/>
<dc element="dc.creator.location.country.name" value="LITHUANIA"/>
<dc element="dc.source" value="Reuters"/>
</metadata>
</newsitem>
