<?xml version="1.0" encoding="iso-8859-1" ?>
<newsitem itemid="442078" id="root" date="1997-03-14" xml:lang="en">
<title>UK: European base metals physical trades - March 14.</title>
<headline>European base metals physical trades - March 14.</headline>
<dateline>LONDON 1997-03-14</dateline>
<text>
<p>All prices in $/tonne (premium to LME unless stated).</p>
<p>MARCH 14 -</p>
<p>Antimony, cif Rotterdam, $2,215 (outright).</p>
<p>Zambian cobalt, cif Rotterdam, $20.25/lb (outright).</p>
<p>MARCH 13 -</p>
<p>Russian uncut nickel, cif Rotterdam, $40 (discount).</p>
<p>Indium, cif Rotterdam, $310/kilo (outright).</p>
<p>Antimony, cif Rotterdam, $2,125 (outright).</p>
<p>Standard copper, cif Rotterdam, $10 (discount).</p>
<p>SHG zinc, (duty-paid), Rotterdam, $25.</p>
<p>MARCH 12 -</p>
<p>Western aluminium ingots, cif Rotterdam, $50.</p>
<p>Western aluminium ingots, (duty-paid), Rotterdam $138, $140.</p>
<p>MARCH 11 -</p>
<p>Russian A7E aluminium ingots, cif Rotterdam $35.</p>
<p>Chinese tin, cif Rotterdam, $40.</p>
<p>Western aluminium ingots, (duty-paid), Rotterdam, $135.</p>
<p>MARCH 10 -</p>
<p>Grade A copper cathodes, cif Hamburg, $10.</p>
<p>Western aluminium ingots, cif Rotterdam, $49.</p>
<p>MARCH 7 -</p>
<p>Russian cobalt, cif Rotterdam, $19.00/lb (outright).</p>
<p>MARCH 6 -</p>
<p>Antimony, cif Rotterdam, $2,125 (outright).</p>
<p>Indium, cif Rotterdam, $275, $250/kilo (outright).</p>
<p>Gallium, cif Rotterdam, $410/kilo (outright).</p>
<p>MARCH 5 -</p>
<p>Western aluminium ingots, (duty-paid), Rotterdam, $130.</p>
<p>Russian A7E aluminium ingots, cif Rotterdam, $38.</p>
<p>Russian A7E aluminium ingots, cif Liverpool, $5.</p>
<p>MARCH 4 -</p>
<p>Ukrainian magnesium, cif Rotterdam, $2,350 (outright).</p>
<p>Russian cobalt, cif Rotterdam $18.00/lb (outright).</p>
<p>High grade cobalt, cif Rotterdam, $20.50/lb  (outright).</p>
<p>Cadmium 99.95 pct, cif Rotterdam, $0.75, $0.80/lb. (outright).</p>
<p>MARCH 3 -</p>
<p>Western aluminium ingots, cif Rotterdam, $48, $50.</p>
<p>Russian A7E aluminium ingots, cif Rotterdam $38.</p>
<p>FEB 27 -</p>
<p>Chinese tin, cif Rotterdam $20, $30.</p>
<p>Malaysian tin, cif Rotterdam, $15.</p>
<p>Indium, cif Rotterdam, $245, $255, $265/kilo  (outright).</p>
<p>Antimony, cif Rotterdam, $2,385 (outright).</p>
<p>Russian cobalt, cif Rotterdam, $17.85/lb (outright).</p>
<p>FEB 26 - Russian A7E aluminium ingots, cif Rotterdam, $40.</p>
<p>Russian A6 aluminium ingot, cif Rotterdam, $25.</p>
<p>--London Newsroom 44 171 542 8080</p>
</text>
<copyright>(c) Reuters Limited 1997</copyright>
<metadata>
<codes class="bip:countries:1.0">
  <code code="UK">
    <editdetail attribution="Reuters BIP Coding Group" action="confirmed" date="1997-03-14"/>
  </code>
</codes>
<codes class="bip:topics:1.0">
  <code code="M14">
    <editdetail attribution="Reuters BIP Coding Group" action="confirmed" date="1997-03-14"/>
  </code>
  <code code="M142">
    <editdetail attribution="Reuters BIP Coding Group" action="confirmed" date="1997-03-14"/>
  </code>
  <code code="MCAT">
    <editdetail attribution="Reuters BIP Coding Group" action="confirmed" date="1997-03-14"/>
  </code>
</codes>
<dc element="dc.date.created" value="1997-03-14"/>
<dc element="dc.publisher" value="Reuters Holdings Plc"/>
<dc element="dc.date.published" value="1997-03-14"/>
<dc element="dc.source" value="Reuters"/>
<dc element="dc.creator.location" value="LONDON"/>
<dc element="dc.creator.location.country.name" value="UK"/>
<dc element="dc.source" value="Reuters"/>
</metadata>
</newsitem>
