<?xml version="1.0" encoding="iso-8859-1" ?>
<newsitem itemid="442069" id="root" date="1997-03-14" xml:lang="en">
<title>UK: FOCUS-Confidence returns to copper market.</title>
<headline>FOCUS-Confidence returns to copper market.</headline>
<byline>Donald Bradshaw</byline>
<dateline>LONDON 1997-03-14</dateline>
<text>
<p>The copper market ended the week on a buoyant note and helped to instil a more confident tone to some of the other base metals.</p>
<p>In soft commodities cocoa managed to record further gains but looked to be losing some of its sharp upward momentum while the coffee market came in for another bout of selling.</p>
<p>London Metal Exchange (LME) copper received an early boost from news that  stocks in warehouses linked to the LME had fallen by 4,275 tonnes.</p>
<p>This helped to take the market well clear of a technical support level just above $2,300 which had been under threat earlier in the week and encouraged some speculative buying and shortcovering.</p>
<p>&quot;It's looking good again, its starting to turn round. We may see it head back to test the $2,375 resistance,' analyst Martin Squires of broker Rudolf Wolff said.</p>
<p>Copper ended the Friday at $2,356, up $17 a tonne from Thursday.</p>
<p>LME zinc prices, no longer being held back by an uncertain copper market, soared to fresh 4-1/2 year highs when metal for three months delivery reached $1,292 a tonne.</p>
<p>There was a feeling in the cocoa market that prices may have seen the top for the time being and this brought out a fair amount of profit-taking and made the fund's rather cautious about adding to their long positions.</p>
<p>Analysts said there was no change in the supply scenario with the world cocoa market expected to be in a production deficit, but this had probably now been discounted by the past month's gains.</p>
<p>The main question in cocoa would be how large would the deficit be and this would depend mainly on the size of the Ivory Coast crop where figures from officials and analysts vary considerably mostly over a 200,000 tonnes range arounde one million tonnes.</p>
<p>Cocoa still moved higher on the day but ended below its best levels.</p>
<p>Coffee dropped more than $50 a tonne at one stage the feeling spread that the market was due for a pause in this year's sharp run-up in prices. But roaster buying helped to stabilise prices and restore confidence and by the close losses had been trimmed.</p>
<p>Precious metals were mostly stable with gold eyeing developments in New York where March options expire on Friday and palladium traders still waiting for news as to when Russia wil resume exports.</p>
<p>    Some key prices at 1730 GMT     Thursday   Wednesday</p>
<p>Ldn Spot Gold($ per ounce)		352.75     352.90</p>
<p>IPE Brent Crude Oil (Apr)		  20.12	19.92</p>
<p>Ldn Metal Exchange(3 mths delivery)</p>
<p>Copper ($ per tonne)		    2,356.00   2,339.00</p>
<p>Aluminium ($ per tonne)		 1,668.00   1,658.00</p>
<p>LIFFE Robusta Coffee ($/tonne) May) 1,695.00   1,722.00</p>
<p>Cocoa (Stg per tonne) (May)	   1,020.00   1,006.00</p>
<p>White Sugar ($ p/t May)		   307.60     304.50</p>
<p>Chicago Board of Trade Wheat</p>
<p>(Cents per bushel)(Mar)			380	  372</p>
</text>
<copyright>(c) Reuters Limited 1997</copyright>
<metadata>
<codes class="bip:countries:1.0">
  <code code="UK">
    <editdetail attribution="Reuters BIP Coding Group" action="confirmed" date="1997-03-14"/>
  </code>
</codes>
<codes class="bip:topics:1.0">
  <code code="M14">
    <editdetail attribution="Reuters BIP Coding Group" action="confirmed" date="1997-03-14"/>
  </code>
  <code code="M141">
    <editdetail attribution="Reuters BIP Coding Group" action="confirmed" date="1997-03-14"/>
  </code>
  <code code="M142">
    <editdetail attribution="Reuters BIP Coding Group" action="confirmed" date="1997-03-14"/>
  </code>
  <code code="M143">
    <editdetail attribution="Reuters BIP Coding Group" action="confirmed" date="1997-03-14"/>
  </code>
  <code code="MCAT">
    <editdetail attribution="Reuters BIP Coding Group" action="confirmed" date="1997-03-14"/>
  </code>
</codes>
<dc element="dc.date.created" value="1997-03-14"/>
<dc element="dc.publisher" value="Reuters Holdings Plc"/>
<dc element="dc.date.published" value="1997-03-14"/>
<dc element="dc.source" value="Reuters"/>
<dc element="dc.creator.location" value="LONDON"/>
<dc element="dc.creator.location.country.name" value="UK"/>
<dc element="dc.source" value="Reuters"/>
</metadata>
</newsitem>
