<?xml version="1.0" encoding="iso-8859-1" ?>
<newsitem itemid="442039" id="root" date="1997-03-14" xml:lang="en">
<title>ESTONIA: UNION BANK LAUNCHES FIRST INDEX FUND.</title>
<headline>UNION BANK LAUNCHES FIRST INDEX FUND.</headline>
<dateline>TALLINN 1997-03-14</dateline>
<text>
<p>Estonia's Union Bank said on Friday it has launched the country's first share index fund which is based on the 12 leading stocks on the Tallinn Stock Exchange.</p>
<p>The bank's vice president Margus Schults said the fund was a joint venture between Union Bank and Swedish company Dagens Industri that owns Estonia's daily business newspaper, Aripaev.</p>
<p>Union Bank holds a 51 percent interest and Dagens Industri 49 percent with the joint management vehicle called Uhishalduse AB. Sales started on Friday.</p>
<p>Schults said all companies included in the fund have market capitalisation of 100 million kroons and are considered to have sufficient liquidity.</p>
<p>He said the fund would be expanded to cover 15 companies by the middle of 1997, including Estonian Gas, Estonian Metals Export Co (EMEX) and media company Levico.</p>
<p>&quot;This is the first and only such fund in Estonia and we hope it will attract foreign interest,&quot; Schults told Reuters.</p>
<p>&quot;Through the fund investors can spread any risk over the economy rather than in just one stock,&quot;</p>
<p>The fund is based on the Aripaev (AP) index that was set up in April 1995.</p>
<p>The index started at 100 and now stands at 669.</p>
<p>Shares in the AP index fund are sold according to the level of the index with one share costing 6.69 kroons at current levels.</p>
<p>-- Belinda Goldsmith, Tallinn newsroom +372 630 8400, reuters@reuters.ee</p>
</text>
<copyright>(c) Reuters Limited 1997</copyright>
<metadata>
<codes class="bip:countries:1.0">
  <code code="ESTNIA">
    <editdetail attribution="Reuters BIP Coding Group" action="confirmed" date="1997-03-14"/>
  </code>
</codes>
<codes class="bip:industries:1.0">
  <code code="I81402">
    <editdetail attribution="Reuters BIP Coding Group" action="confirmed" date="1997-03-14"/>
  </code>
  <code code="I81502">
    <editdetail attribution="Reuters BIP Coding Group" action="confirmed" date="1997-03-14"/>
  </code>
</codes>
<codes class="bip:topics:1.0">
  <code code="C22">
    <editdetail attribution="Reuters BIP Coding Group" action="confirmed" date="1997-03-14"/>
  </code>
  <code code="CCAT">
    <editdetail attribution="Reuters BIP Coding Group" action="confirmed" date="1997-03-14"/>
  </code>
</codes>
<dc element="dc.date.created" value="1997-03-14"/>
<dc element="dc.publisher" value="Reuters Holdings Plc"/>
<dc element="dc.date.published" value="1997-03-14"/>
<dc element="dc.source" value="Reuters"/>
<dc element="dc.creator.location" value="TALLINN"/>
<dc element="dc.creator.location.country.name" value="ESTONIA"/>
<dc element="dc.source" value="Reuters"/>
</metadata>
</newsitem>
