<?xml version="1.0" encoding="iso-8859-1" ?>
<newsitem itemid="442094" id="root" date="1997-03-14" xml:lang="en">
<title>UK: UK makes poor progress on youth skills - study.</title>
<headline>UK makes poor progress on youth skills - study.</headline>
<dateline>LONDON 1996-03-17</dateline>
<text>
<p>Britain made very little progress between 1985 and 1994 in reducing the proportion of 25 to 28-year-olds with low or no qualifications, according to a study published on Monday.</p>
<p>The Centre for Economic Performance, an independent research body based at the London School of Economics, said much greater progress had been made in France, Germany and Singapore.</p>
<p>&quot;Britain still lags behind France and Germany in the proportion of young people reaching 'A-level' or equivalent,&quot; the study said.</p>
<p>&quot;In France around two thirds of 18-year-olds reach that level; in Germany three-quarter do and even in Singapore half of 18-year-olds reach that level. In Britain the figure is 40 percent.&quot;</p>
<p>The study said fewer people in Britain and the United States had upgraded their skills from low to intermediate in the period compared with France and Germany.</p>
<p>-- Richard Murphy, London Newsroom 44 171 542 2774</p>
</text>
<copyright>(c) Reuters Limited 1997</copyright>
<metadata>
<codes class="bip:countries:1.0">
  <code code="UK">
    <editdetail attribution="Reuters BIP Coding Group" action="confirmed" date="1997-03-14"/>
  </code>
</codes>
<codes class="bip:topics:1.0">
  <code code="GCAT">
    <editdetail attribution="Reuters BIP Coding Group" action="confirmed" date="1997-03-14"/>
  </code>
</codes>
<dc element="dc.date.created" value="1996-03-17"/>
<dc element="dc.publisher" value="Reuters Holdings Plc"/>
<dc element="dc.date.published" value="1997-03-14"/>
<dc element="dc.source" value="Reuters"/>
<dc element="dc.creator.location" value="LONDON"/>
<dc element="dc.creator.location.country.name" value="UK"/>
<dc element="dc.source" value="Reuters"/>
</metadata>
</newsitem>
