<?xml version="1.0" encoding="iso-8859-1" ?>
<newsitem itemid="442090" id="root" date="1997-03-14" xml:lang="en">
<title>UK: NWE naphtha steady to soft awaits gasoline boost.</title>
<headline>NWE naphtha steady to soft awaits gasoline boost.</headline>
<dateline>LONDON 1997-03-14</dateline>
<text>
<p>NWE naphtha prices were steady to softer in quiet trade on Friday. Traders said business was restricted to end-user top-up buying interest and the market was still waiting for a seasonal boost from gasoline.</p>
<p>&quot;Recent strength in the Far East pulled the market up but it's gone about as far as it can go until the spring gasoline season kicks in,&quot; one trader said.</p>
<p>Traders said arbitrage to the East and West was the focus of cargo trade but no fresh sales were reported in either direction despite a notional softening in European full cargo prices as buyers and sellers held apart.</p>
<p>Prompt cargoes valued around 50 cents lower at $197.50 a tonne cif NWE. April swaps firmed $1-2 to talk around $203/$205 a tonne cif NWE.</p>
<p>Barge prices edged up on the back of end-user buying interest for small parcels, but trade stayed thin.</p>
<p>-- Colin Wooster, London Newsroom, +44 171 542 7456</p>
</text>
<copyright>(c) Reuters Limited 1997</copyright>
<metadata>
<codes class="bip:countries:1.0">
  <code code="UK">
    <editdetail attribution="Reuters BIP Coding Group" action="confirmed" date="1997-03-14"/>
  </code>
</codes>
<codes class="bip:topics:1.0">
  <code code="M14">
    <editdetail attribution="Reuters BIP Coding Group" action="confirmed" date="1997-03-14"/>
  </code>
  <code code="M143">
    <editdetail attribution="Reuters BIP Coding Group" action="confirmed" date="1997-03-14"/>
  </code>
  <code code="MCAT">
    <editdetail attribution="Reuters BIP Coding Group" action="confirmed" date="1997-03-14"/>
  </code>
</codes>
<dc element="dc.date.created" value="1997-03-14"/>
<dc element="dc.publisher" value="Reuters Holdings Plc"/>
<dc element="dc.date.published" value="1997-03-14"/>
<dc element="dc.source" value="Reuters"/>
<dc element="dc.creator.location" value="LONDON"/>
<dc element="dc.creator.location.country.name" value="UK"/>
<dc element="dc.source" value="Reuters"/>
</metadata>
</newsitem>
