<?xml version="1.0" encoding="iso-8859-1" ?>
<newsitem itemid="442089" id="root" date="1997-03-14" xml:lang="en">
<title>UK: LIFFE coffee futures end down but at day's peak.</title>
<headline>LIFFE coffee futures end down but at day's peak.</headline>
<dateline>LONDON 1997-03-14</dateline>
<text>
<p>LIFFE robusta coffee futures regained some lost ground in the afternoon to end Friday with pared losses helped by late arbitrage buying against New York.</p>
<p>Traders said further industry buying on the dips also helped values.</p>
<p>But conditions remained dull and thin with major players still reluctant to dabble after the recent spate of sharp volatility.</p>
<p>Benchmark May rebounded from the session low of $1,686 a tonne to end the day near the peak at $1,686, just $8 down.</p>
<p>The market had earlier bucked pre-opening calls of $100-$200 lower and managed to come in just $60-$70 down.</p>
<p>Volume was 5,564 lots. May/May arbitrage with New York stood at 109.03 cents in late London trading.</p>
<p>Traders said the robusta market was probably heading for a pause, consolidating its recent gains after a new rally to $1,825 a tonne basis May, a peak not seen since last June.</p>
<p>Friday's slide was also halted by a dearth of sellers notably from Asia on the sharply lower call.</p>
<p>&quot;We have done better than it was technically due this morning and that's purely because you're not seeing the same origin selling coming out from the Far East,&quot; said one.</p>
<p>Technically, May faces strong support at the $1,600-$1,630 chart gap while the upside goal is pegged at a chart gap of between $1,702 and $1,728, Thursday's high and Wedneday's low respectively.</p>
<p>New York's arabica futures rebounded to reach a high of 190.50 cents a lb in morning U.S. trading after falling to Thursday's low of 181. It had closed the day at 182.25.</p>
<p>-- Jalil Hamid, London newsroom +44 171 542 4985</p>
</text>
<copyright>(c) Reuters Limited 1997</copyright>
<metadata>
<codes class="bip:countries:1.0">
  <code code="UK">
    <editdetail attribution="Reuters BIP Coding Group" action="confirmed" date="1997-03-14"/>
  </code>
</codes>
<codes class="bip:topics:1.0">
  <code code="M14">
    <editdetail attribution="Reuters BIP Coding Group" action="confirmed" date="1997-03-14"/>
  </code>
  <code code="M141">
    <editdetail attribution="Reuters BIP Coding Group" action="confirmed" date="1997-03-14"/>
  </code>
  <code code="MCAT">
    <editdetail attribution="Reuters BIP Coding Group" action="confirmed" date="1997-03-14"/>
  </code>
</codes>
<dc element="dc.date.created" value="1997-03-14"/>
<dc element="dc.publisher" value="Reuters Holdings Plc"/>
<dc element="dc.date.published" value="1997-03-14"/>
<dc element="dc.source" value="Reuters"/>
<dc element="dc.creator.location" value="LONDON"/>
<dc element="dc.creator.location.country.name" value="UK"/>
<dc element="dc.source" value="Reuters"/>
</metadata>
</newsitem>
