<?xml version="1.0" encoding="iso-8859-1" ?>
<newsitem itemid="442074" id="root" date="1997-03-14" xml:lang="en">
<title>UK: LME metals finish week with firmer tone.</title>
<headline>LME metals finish week with firmer tone.</headline>
<dateline>LONDON 1997-03-14</dateline>
<text>
<p>Most LME metals displayed a firmer tone on Friday afternoon but zinc was the only metal that ventured out of familiar ranges ahead of Third Wednesday pricing next week.</p>
<p>Three months copper ended modestly firmer, but still well within the week's range of $2,312-$2,375, after stocks data showed a 4,275-tonne draw.</p>
<p>It finished the afternoon kerb $17 higher at $2,356 per tonne, and may be preparing to resume probes to the upside.</p>
<p>&quot;It's looking good again, it's starting to turn around. We may see it head back to test the $2,375 resistance,&quot; analyst Martin Squires of broker Rudolf Wolff said.</p>
<p>Zinc steamed to a fresh high since October 1992, touching $1,292, buoyed by a stocks decline of 3,425 tonnes and fresh speculative buying.</p>
<p>Prices ended $10 higher at $1,290.</p>
<p>&quot;It's a good close and should continue up to $1,300,&quot; said Squires, adding that further resistance was pegged at $1,315 and $1,325.</p>
<p>The market saw some Chinese selling in the morning, which pressured prices down to a low of $1,273, but it was well absorbed.</p>
<p>Option volatilities have been strong this week as good two-way interest has been shown for both calls and puts. Speculative buying has been seen for $1,300 and $1,325 nearby calls, option traders said.</p>
<p>Aluminium finished the day slightly higher at $1,668, up $10, after inventories fell by 1,750 tonnes.</p>
<p>It would likely continue to consolidate, with solid support at $1,650, analysts said.</p>
<p>Nickel briefly tested the upper end of its recent range, hitting $8,140, but drifted back to close $55 higher at $8,115.</p>
<p>The close was positive, ending just above the 10-day moving average, and could signal that a consolidation phase is ending, analysts said.</p>
<p>Lead, which has had trouble returning to the $700 area hit about two weeks ago, was the only metal to end in the negative column, shedding $3 to finish the day at $690.</p>
<p>Far Eastern selling has been seen at the highs recently, capping gains, analysts said.</p>
<p>Tin closed $10 higher at $6,060 with chartists noting the bullish cross of the 10-day and 30-day moving averages.</p>
<p>Alloy finished stronger at $1,550, up $10.</p>
<p>--Eric Onstad, London Newsroom +44 171 542-8065</p>
</text>
<copyright>(c) Reuters Limited 1997</copyright>
<metadata>
<codes class="bip:countries:1.0">
  <code code="UK">
    <editdetail attribution="Reuters BIP Coding Group" action="confirmed" date="1997-03-14"/>
  </code>
</codes>
<codes class="bip:topics:1.0">
  <code code="M14">
    <editdetail attribution="Reuters BIP Coding Group" action="confirmed" date="1997-03-14"/>
  </code>
  <code code="M142">
    <editdetail attribution="Reuters BIP Coding Group" action="confirmed" date="1997-03-14"/>
  </code>
  <code code="MCAT">
    <editdetail attribution="Reuters BIP Coding Group" action="confirmed" date="1997-03-14"/>
  </code>
</codes>
<dc element="dc.date.created" value="1997-03-14"/>
<dc element="dc.publisher" value="Reuters Holdings Plc"/>
<dc element="dc.date.published" value="1997-03-14"/>
<dc element="dc.source" value="Reuters"/>
<dc element="dc.creator.location" value="LONDON"/>
<dc element="dc.creator.location.country.name" value="UK"/>
<dc element="dc.source" value="Reuters"/>
</metadata>
</newsitem>
