<?xml version="1.0" encoding="iso-8859-1" ?>
<newsitem itemid="442033" id="root" date="1997-03-14" xml:lang="en">
<title>LATVIA: C.BANK ASSETS DIP IN FEB TO 542.5 MLN LATS.</title>
<headline>C.BANK ASSETS DIP IN FEB TO 542.5 MLN LATS.</headline>
<dateline>RIGA 1997-03-14</dateline>
<text>
<p>Latvia's central bank assets dipped in February to 542.5 million lats from 556.2 million lats the previous month, the bank said on Friday.</p>
<p>The central bank said its foreign convertible assets fell by 10.5 million lats to 504.4 million -- or 2.1 percent.</p>
<p>The fall was due to the repeated utilisation of the International Monetary Fund (IMF) loan by the government, which has been repaid and included in the bank's assets, the bank said in a statement.</p>
<p>Notes and coins in circulation rose by three percent to 282.9 from 274.8 million lats.</p>
<p>The rise was due to various factors which included the fall in local central bank credits as there was little demand for repo and lombard credits among commercial banks, and the growth of lat deposits in the central bank of the commercial banks.</p>
<p>The bank's capital and reserves fell slightly to 22.7 million lats from 24.7 million, it added.</p>
<p>-- Riga Newsroom +371 721 5240</p>
</text>
<copyright>(c) Reuters Limited 1997</copyright>
<metadata>
<codes class="bip:countries:1.0">
  <code code="LATV">
    <editdetail attribution="Reuters BIP Coding Group" action="confirmed" date="1997-03-14"/>
  </code>
</codes>
<codes class="bip:topics:1.0">
  <code code="E51">
    <editdetail attribution="Reuters BIP Coding Group" action="confirmed" date="1997-03-14"/>
  </code>
  <code code="E513">
    <editdetail attribution="Reuters BIP Coding Group" action="confirmed" date="1997-03-14"/>
  </code>
  <code code="ECAT">
    <editdetail attribution="Reuters BIP Coding Group" action="confirmed" date="1997-03-14"/>
  </code>
</codes>
<dc element="dc.date.created" value="1997-03-14"/>
<dc element="dc.publisher" value="Reuters Holdings Plc"/>
<dc element="dc.date.published" value="1997-03-14"/>
<dc element="dc.source" value="Reuters"/>
<dc element="dc.creator.location" value="RIGA"/>
<dc element="dc.creator.location.country.name" value="LATVIA"/>
<dc element="dc.source" value="Reuters"/>
</metadata>
</newsitem>
