<?xml version="1.0" encoding="iso-8859-1" ?>
<newsitem itemid="442059" id="root" date="1997-03-14" xml:lang="en">
<title>UK: European straight run fuel ends week quietly.</title>
<headline>European straight run fuel ends week quietly.</headline>
<dateline>LONDON 1997-03-14</dateline>
<text>
<p>Low sulphur straight run in NWE was broadly steady on Friday, but there was little discussion.</p>
<p>&quot;Bits and pieces are being done, but very quietly,&quot; said one trader who saw some demand into Scandinavia.</p>
<p>Prices were pegged around $105-108 fob NWE.</p>
<p>E-4 also held in the mid $90s cif NWE.</p>
<p>In the Mediterranean, levels were close to the trades seen on Thursday when a 35kt 1.0 percent M-100 sold at high cif qutoes +$1.</p>
<p>&quot;There's really no market for the low sulphur or M-40,&quot; said one dealer. M-40 in the Med was seen to have lost $2 or so to stand close to $90 cif Med.</p>
<p>-- London Newsroom +44 171 542 8980</p>
</text>
<copyright>(c) Reuters Limited 1997</copyright>
<metadata>
<codes class="bip:countries:1.0">
  <code code="UK">
    <editdetail attribution="Reuters BIP Coding Group" action="confirmed" date="1997-03-14"/>
  </code>
</codes>
<codes class="bip:topics:1.0">
  <code code="M14">
    <editdetail attribution="Reuters BIP Coding Group" action="confirmed" date="1997-03-14"/>
  </code>
  <code code="M143">
    <editdetail attribution="Reuters BIP Coding Group" action="confirmed" date="1997-03-14"/>
  </code>
  <code code="MCAT">
    <editdetail attribution="Reuters BIP Coding Group" action="confirmed" date="1997-03-14"/>
  </code>
</codes>
<dc element="dc.date.created" value="1997-03-14"/>
<dc element="dc.publisher" value="Reuters Holdings Plc"/>
<dc element="dc.date.published" value="1997-03-14"/>
<dc element="dc.source" value="Reuters"/>
<dc element="dc.creator.location" value="LONDON"/>
<dc element="dc.creator.location.country.name" value="UK"/>
<dc element="dc.source" value="Reuters"/>
</metadata>
</newsitem>
