<?xml version="1.0" encoding="iso-8859-1" ?>
<newsitem itemid="442027" id="root" date="1997-03-14" xml:lang="en">
<title>ESTONIA: C.BANK HEAD SAYS NEW GOVT TO MAKE NO CHANGE.</title>
<headline>C.BANK HEAD SAYS NEW GOVT TO MAKE NO CHANGE.</headline>
<dateline>TALLINN 1997-03-14</dateline>
<text>
<p>Estonia's central bank governor Vahur Kraft said on Friday that the change in government would not affect the country's economic reform.</p>
<p>&quot;We don't see any changes,&quot; Kraft told Reuters in an interview.</p>
<p>&quot;The new prime minister has said that he will continue the last government's policy and this policy will be the open economy, balanced budget for reporting the strong fiscal and monetary policy.</p>
<p>&quot;This policy will be continued.&quot;</p>
<p>Mart Siimann is the candidate for prime minister and is currently putting together a government that has to be presented to the president by March 19 at the latest.</p>
<p>-- Belinda Goldsmith, Tallinn newsroom +372 630 8400, reuters@reuters.ee</p>
</text>
<copyright>(c) Reuters Limited 1997</copyright>
<metadata>
<codes class="bip:countries:1.0">
  <code code="ESTNIA">
    <editdetail attribution="Reuters BIP Coding Group" action="confirmed" date="1997-03-14"/>
  </code>
</codes>
<codes class="bip:topics:1.0">
  <code code="E12">
    <editdetail attribution="Reuters BIP Coding Group" action="confirmed" date="1997-03-14"/>
  </code>
  <code code="ECAT">
    <editdetail attribution="Reuters BIP Coding Group" action="confirmed" date="1997-03-14"/>
  </code>
  <code code="GCAT">
    <editdetail attribution="Reuters BIP Coding Group" action="confirmed" date="1997-03-14"/>
  </code>
  <code code="GPOL">
    <editdetail attribution="Reuters BIP Coding Group" action="confirmed" date="1997-03-14"/>
  </code>
</codes>
<dc element="dc.date.created" value="1997-03-14"/>
<dc element="dc.publisher" value="Reuters Holdings Plc"/>
<dc element="dc.date.published" value="1997-03-14"/>
<dc element="dc.source" value="Reuters"/>
<dc element="dc.creator.location" value="TALLINN"/>
<dc element="dc.creator.location.country.name" value="ESTONIA"/>
<dc element="dc.source" value="Reuters"/>
</metadata>
</newsitem>
