<?xml version="1.0" encoding="iso-8859-1" ?>
<newsitem itemid="442042" id="root" date="1997-03-14" xml:lang="en">
<title>UK: Man killed in N.Ireland shooting - police.</title>
<headline>Man killed in N.Ireland shooting - police.</headline>
<byline>Martin Cowley</byline>
<dateline>BELFAST 1997-03-14</dateline>
<text>
<p>A man was killed in a gun attack near an Irish nationalist stronghold in west Belfast on Friday night, police said.</p>
<p>&quot;A man has been shot dead,&quot; a police spokesman said.</p>
<p>The Royal Ulster Constabulary was unable to say whether the shooting was linked to Northern Ireland's long-running sectarian conflict between rival guerrilla groups.</p>
<p>However a spokesman for Sinn Fein, the political arm of the Irish Republican Army, said the victim was a Catholic and blamed pro-British Protestant guerrillas for his death.</p>
<p>&quot;All the indications are at this stage that this was an attack by a (Protestant) Loyalist death sqaud. It is additional evidence that confirms that the Loyalist cessation of violence ended some time ago,&quot; he said. The shooting comes during a time of heightened tension and a deteriorating security climate in the British province, where rival factions are in conflict over the future of British rule.</p>
<p>A ceasefire called by guerrillas who are loyal to Britain has been in operation since October 1994 but has grown increasingly unstable as a result of a surge in IRA hostilities since December.</p>
<p>The IRA, which is fighting to end British rule and merge Northern Ireland with largely Catholic Ireland, ended a 17-month truce in February 1996.</p>
<p>Initial details of Friday night's shooting were sketchy but police said the attack happened in a housing development at Broadway, near the city's Catholic Falls Road.</p>
<p>Neighbours said the victim was a quiet family man with several children.</p>
<p>&quot;The man has been confirmed as a fatality,&quot; said a security source. &quot; Someone has approached him and he has been shot. He would appear to have been singled out.&quot;</p>
<p>The killing follows a renewed spate of guerrilla violence.</p>
<p>The IRA has killed two British soldiers in the province since last October and launched a string of mortar and grenade attacks on police and soldiers.</p>
<p>A policeman and soldier were seriously wounded late on Thursday when a bomb was detonated beside a security force patrol in a Catholic enclave in east Belfast.</p>
<p>Britain blamed the IRA. Loyalists were blamed for a failed bomb attack on Sinn Fein offices in Monaghan town in the republic of Ireland two weeks ago. That was the fourth attack since December to be attributed by security sources to Protestant hardliners determined to retaliate for IRA actions.</p>
<p>Loyalist extremists were also suspected of the murder of a Catholic taxi driver in Portadown town last July, during sectarian tension that swept the province in an annual period of Protestant parades.</p>
<p>The Combined Loyalist Military Command has insisted, however, that the ceasefire remains in place.</p>
</text>
<copyright>(c) Reuters Limited 1997</copyright>
<metadata>
<codes class="bip:countries:1.0">
  <code code="UK">
    <editdetail attribution="Reuters BIP Coding Group" action="confirmed" date="1997-03-14"/>
  </code>
</codes>
<codes class="bip:topics:1.0">
  <code code="GCAT">
    <editdetail attribution="Reuters BIP Coding Group" action="confirmed" date="1997-03-14"/>
  </code>
  <code code="GVIO">
    <editdetail attribution="Reuters BIP Coding Group" action="confirmed" date="1997-03-14"/>
  </code>
</codes>
<dc element="dc.date.created" value="1997-03-14"/>
<dc element="dc.publisher" value="Reuters Holdings Plc"/>
<dc element="dc.date.published" value="1997-03-14"/>
<dc element="dc.source" value="Reuters"/>
<dc element="dc.creator.location" value="BELFAST"/>
<dc element="dc.creator.location.country.name" value="UK"/>
<dc element="dc.source" value="Reuters"/>
</metadata>
</newsitem>
