<?xml version="1.0" encoding="iso-8859-1" ?>
<newsitem itemid="442014" id="root" date="1997-03-14" xml:lang="en">
<title>LITHUANIA: POLISH BANKS EYEING MARKET, OFFICIAL SAYS.</title>
<headline>POLISH BANKS EYEING MARKET, OFFICIAL SAYS.</headline>
<dateline>VILNIUS 1997-03-14</dateline>
<text>
<p>Several Polish banks are interested in operating in Lithuania, a senior Polish banking official said on Friday.</p>
<p>&quot;Several Polish banks are interested in working in Lithuania,&quot; Wojciech Kwasniak, deputy director of the general inspectorate of banking supervision of the National Bank of Poland, told a news conference.</p>
<p>He declined to name any of the banks.  </p>
<p>&quot;Polish banks will come to Lithuania following their clients who are interested in investing in the country,&quot; Kwasniak said.</p>
<p>&quot;At the beginning they will carefully observe Lithuania's market, the activities of Lithuanian and other Polish banks which are operating in Lithuania,&quot; he added.</p>
<p>Polish Kredyt bank SA will be the first foreign bank to open its branch office in Lithuania. Bank Polska Kasa Opieki SA has a representative office in Vilnius.</p>
<p>Lithuanian and Polish bankers were in Vilnius for a two day seminar to exchange views on banking and tax legislation, management of bad loans and deposit insurance systems in the two countries.</p>
<p>The practice of central banks, liquidity and merger posibilities and money laundering prevention will be on Saturday's seminar agenda. --Andrius Vilkancas, Vilnius newroom + 370 2 22 35 17</p>
</text>
<copyright>(c) Reuters Limited 1997</copyright>
<metadata>
<codes class="bip:countries:1.0">
  <code code="LITH">
    <editdetail attribution="Reuters BIP Coding Group" action="confirmed" date="1997-03-14"/>
  </code>
  <code code="POL">
    <editdetail attribution="Reuters BIP Coding Group" action="confirmed" date="1997-03-14"/>
  </code>
</codes>
<codes class="bip:industries:1.0">
  <code code="I81402">
    <editdetail attribution="Reuters BIP Coding Group" action="confirmed" date="1997-03-14"/>
  </code>
</codes>
<codes class="bip:topics:1.0">
  <code code="C11">
    <editdetail attribution="Reuters BIP Coding Group" action="confirmed" date="1997-03-14"/>
  </code>
  <code code="C31">
    <editdetail attribution="Reuters BIP Coding Group" action="confirmed" date="1997-03-14"/>
  </code>
  <code code="CCAT">
    <editdetail attribution="Reuters BIP Coding Group" action="confirmed" date="1997-03-14"/>
  </code>
</codes>
<dc element="dc.date.created" value="1997-03-14"/>
<dc element="dc.publisher" value="Reuters Holdings Plc"/>
<dc element="dc.date.published" value="1997-03-14"/>
<dc element="dc.source" value="Reuters"/>
<dc element="dc.creator.location" value="VILNIUS"/>
<dc element="dc.creator.location.country.name" value="LITHUANIA"/>
<dc element="dc.source" value="Reuters"/>
</metadata>
</newsitem>
