<?xml version="1.0" encoding="iso-8859-1" ?>
<newsitem itemid="442058" id="root" date="1997-03-14" xml:lang="en">
<title>UK: NWE gas oil mostly firmer, German DIN leads the way.</title>
<headline>NWE gas oil mostly firmer, German DIN leads the way.</headline>
<dateline>LONDON 1997-03-14</dateline>
<text>
<p>German heating oil cargo premiums held on to recent gains on Friday, but the stronger sentiment failed to knock on to the barge market where differentials made only modest gains.</p>
<p>Heating oil barges traded at April IPE -75 cents and -50 cents a tonne fob ARA, slightly up on Thursday's traded levels.</p>
<p>A German heating oil cargo traded late on Thursday at April IPE +$6.50 a tonne, a leap of around $4 on recent levels. The buyer of the 10,000 tonne DIN cargo said that he also bought 20,000 tonnes of similar material earlier in the week at April +$6.</p>
<p>Traders said that the movement of some 250,000 tonnes of Russian gas oil from the Baltic to Asia this month helped to keep the heat under differentials.</p>
<p>&quot;There's just a little bit of (heating oil) material from Scandinavia and the U.K. suitable for Germany,&quot; a dealer said.</p>
<p>German DIN was actively talked around the firmer levels, with first half April discussed at April IPE +$5/$7 a tonne but no deals were concluded.</p>
<p>But discussion on FOD premiums were thin with French buyers sticking to the sidelines. Differentials were assessed around April IPE +$2/$3, while EN590 was pegged at April +$11.50/$12.50 a tonne cif Le Havre.</p>
<p>German diesel barges were talked slightly firmer at April IPE +$12.50/$13.00, while Benelux spec barges were discussed at a $1 discount.</p>
<p>IPE gas oil futures barely shifted on Friday, with April last traded 25 cents up at $169.50 a tonne.</p>
<p>--Rosalind Russell, London Newsroom +44 171 542 5387</p>
</text>
<copyright>(c) Reuters Limited 1997</copyright>
<metadata>
<codes class="bip:countries:1.0">
  <code code="UK">
    <editdetail attribution="Reuters BIP Coding Group" action="confirmed" date="1997-03-14"/>
  </code>
</codes>
<codes class="bip:topics:1.0">
  <code code="M14">
    <editdetail attribution="Reuters BIP Coding Group" action="confirmed" date="1997-03-14"/>
  </code>
  <code code="M143">
    <editdetail attribution="Reuters BIP Coding Group" action="confirmed" date="1997-03-14"/>
  </code>
  <code code="MCAT">
    <editdetail attribution="Reuters BIP Coding Group" action="confirmed" date="1997-03-14"/>
  </code>
</codes>
<dc element="dc.date.created" value="1997-03-14"/>
<dc element="dc.publisher" value="Reuters Holdings Plc"/>
<dc element="dc.date.published" value="1997-03-14"/>
<dc element="dc.source" value="Reuters"/>
<dc element="dc.creator.location" value="LONDON"/>
<dc element="dc.creator.location.country.name" value="UK"/>
<dc element="dc.source" value="Reuters"/>
</metadata>
</newsitem>
