<?xml version="1.0" encoding="iso-8859-1" ?>
<newsitem itemid="442084" id="root" date="1997-03-14" xml:lang="en">
<title>UK: IPE gas oil ends up 25 cts, Brent trades 24 cts.</title>
<headline>IPE gas oil ends up 25 cts, Brent trades 24 cts.</headline>
<dateline>LONDON 1997-03-14</dateline>
<text>
<p>IPE gas oil closed up 25 cents on Friday, posting a lame performance that barely managed to track stronger Brent and U.S. heating oil, traders said.</p>
<p>Front month April gas oil settled at $169.50 a tonne, 50 cents shy of the high and 75 cents off the low after moving in a narrow $1.25 range.</p>
<p>&quot;It was very quiet. Gas oil followed Brent up but if anything the increase lagged behind crude's rise,&quot; a trader said.</p>
<p>It's well supplied and although there is some cold weather about it just wasn't enough to provide support,&quot; he added.</p>
<p>April Brent futures were up 25 cents at $20.14 a barrel at 1758 GMT. May was up 23 cents at $190.65.</p>
<p>Traders said crude's gains originated in jockeying for positions ahead of the expiry of the April contract.</p>
<p>NYMEX heating oil was up 68 cents at 54.95 cents a gallon.</p>
<p>The April/May spread on IPE Brent has ballooned out to 49 cents, compared with just a few cents at one point earlier in the week. Spreads further forward were also wider, with May/June out at around +12 cents compared with seven or eight yesterday.</p>
<p>Markets rose on Thursday after news that April's Brent loading programme would be eight cargoes lighter than March.</p>
<p>Traders said the strength on Friday was partly a follow-through from that.</p>
<p>-- William Maclean London newsroom +44 171 542 7646</p>
</text>
<copyright>(c) Reuters Limited 1997</copyright>
<metadata>
<codes class="bip:countries:1.0">
  <code code="UK">
    <editdetail attribution="Reuters BIP Coding Group" action="confirmed" date="1997-03-14"/>
  </code>
</codes>
<codes class="bip:topics:1.0">
  <code code="M14">
    <editdetail attribution="Reuters BIP Coding Group" action="confirmed" date="1997-03-14"/>
  </code>
  <code code="M143">
    <editdetail attribution="Reuters BIP Coding Group" action="confirmed" date="1997-03-14"/>
  </code>
  <code code="MCAT">
    <editdetail attribution="Reuters BIP Coding Group" action="confirmed" date="1997-03-14"/>
  </code>
</codes>
<dc element="dc.date.created" value="1997-03-14"/>
<dc element="dc.publisher" value="Reuters Holdings Plc"/>
<dc element="dc.date.published" value="1997-03-14"/>
<dc element="dc.source" value="Reuters"/>
<dc element="dc.creator.location" value="LONDON"/>
<dc element="dc.creator.location.country.name" value="UK"/>
<dc element="dc.source" value="Reuters"/>
</metadata>
</newsitem>
