<?xml version="1.0" encoding="iso-8859-1" ?>
<newsitem itemid="442079" id="root" date="1997-03-14" xml:lang="en">
<title>UK: LIFFE grains up as physical players seek supplies.</title>
<headline>LIFFE grains up as physical players seek supplies.</headline>
<dateline>LONDON 1997-03-14</dateline>
<text>
<p>LIFFE grains ended the week firm as buyers turned to futures from an under-supplied physical market.</p>
<p>The buying appears to indicate that there are shippers who need more grain to cover export demand, one trader said.</p>
<p>The market had started down amid good merchant and buyer selling, he said. But it rallied later.</p>
<p>&quot;People are taking chunks on the futures. They can't get it on the physical market,&quot; he said.</p>
<p>Active May wheat last traded 1.00 stg higher at 99.70 stg. May volume was 213 of a total 442 lots on wheat.</p>
<p>November was most active of the barley contracts. It last traded 0.50 stg up at 93.50 stg. November volume was 20 of a total 27 lots of barley.</p>
<p>--Christopher Lyddon, London newsroom +44 171 542 7928</p>
</text>
<copyright>(c) Reuters Limited 1997</copyright>
<metadata>
<codes class="bip:countries:1.0">
  <code code="UK">
    <editdetail attribution="Reuters BIP Coding Group" action="confirmed" date="1997-03-14"/>
  </code>
</codes>
<codes class="bip:topics:1.0">
  <code code="M14">
    <editdetail attribution="Reuters BIP Coding Group" action="confirmed" date="1997-03-14"/>
  </code>
  <code code="M141">
    <editdetail attribution="Reuters BIP Coding Group" action="confirmed" date="1997-03-14"/>
  </code>
  <code code="MCAT">
    <editdetail attribution="Reuters BIP Coding Group" action="confirmed" date="1997-03-14"/>
  </code>
</codes>
<dc element="dc.date.created" value="1997-03-14"/>
<dc element="dc.publisher" value="Reuters Holdings Plc"/>
<dc element="dc.date.published" value="1997-03-14"/>
<dc element="dc.source" value="Reuters"/>
<dc element="dc.creator.location" value="LONDON"/>
<dc element="dc.creator.location.country.name" value="UK"/>
<dc element="dc.source" value="Reuters"/>
</metadata>
</newsitem>
