<?xml version="1.0" encoding="iso-8859-1" ?>
<newsitem itemid="442009" id="root" date="1997-03-14" xml:lang="en">
<title>POLAND: POLISH POLIFARBS TO OFFER 8.3 MLN SHARES RIGHTS.</title>
<headline>POLISH POLIFARBS TO OFFER 8.3 MLN SHARES RIGHTS.</headline>
<dateline>WARSAW 1997-03-14</dateline>
<text>
<p>Polish paintmakers Polifarb Cieszyn and Polifarb Wroclaw , which seek a mid-year merger, will conduct a one-for-five rights issue of up to 8,245,764 shares after the merge, Polifarb Cieszyn said.</p>
<p>Polifarb Cieszyn said in a statement on Friday that its shareholders would vote on the issue of at least four million shares at their meeting due on March 24, as well as on a proposal to name the new entity Polifarb Cieszyn-Wroclaw SA.</p>
<p>The statement said the rights issue's record date would come after the registration of the new firm, which was expected by September 30 this year.</p>
<p>Cieszyn shareholders will also vote on a scrip issue of 2,978,820 shares to equal Wroclaw's 22,103,820 shares and set another issue of 22,103,820 shares for Wroclaw shareholders. </p>
<p>Polifarb Cieszyn would take over all the assets of its Wroclaw-based namesake with the new firm based in Wroclaw.</p>
<p>On March 25 Polifarb Wroclaw's shareholders are due to vote on the merger which would create a firm with a market share of more than 40 percent.</p>
<p>-- Warsaw Newsroom +48 22 653 9700</p>
</text>
<copyright>(c) Reuters Limited 1997</copyright>
<metadata>
<codes class="bip:countries:1.0">
  <code code="POL">
    <editdetail attribution="Reuters BIP Coding Group" action="confirmed" date="1997-03-14"/>
  </code>
</codes>
<codes class="bip:industries:1.0">
  <code code="I25510">
    <editdetail attribution="Reuters BIP Coding Group" action="confirmed" date="1997-03-14"/>
  </code>
</codes>
<codes class="bip:topics:1.0">
  <code code="C17">
    <editdetail attribution="Reuters BIP Coding Group" action="confirmed" date="1997-03-14"/>
  </code>
  <code code="C171">
    <editdetail attribution="Reuters BIP Coding Group" action="confirmed" date="1997-03-14"/>
  </code>
  <code code="C18">
    <editdetail attribution="Reuters BIP Coding Group" action="confirmed" date="1997-03-14"/>
  </code>
  <code code="C181">
    <editdetail attribution="Reuters BIP Coding Group" action="confirmed" date="1997-03-14"/>
  </code>
  <code code="CCAT">
    <editdetail attribution="Reuters BIP Coding Group" action="confirmed" date="1997-03-14"/>
  </code>
</codes>
<dc element="dc.date.created" value="1997-03-14"/>
<dc element="dc.publisher" value="Reuters Holdings Plc"/>
<dc element="dc.date.published" value="1997-03-14"/>
<dc element="dc.source" value="Reuters"/>
<dc element="dc.creator.location" value="WARSAW"/>
<dc element="dc.creator.location.country.name" value="POLAND"/>
<dc element="dc.source" value="Reuters"/>
</metadata>
</newsitem>
