<?xml version="1.0" encoding="iso-8859-1" ?>
<newsitem itemid="442071" id="root" date="1997-03-14" xml:lang="en">
<title>UK: Chevron finds oil in N.Sea Bressay well.</title>
<headline>Chevron finds oil in N.Sea Bressay well.</headline>
<dateline>LONDON 1997-03-14</dateline>
<text>
<p>Chevron Corp completed Bressay appraisal well 3/28a-4Z in the northern North Sea and encountered oil in the Paleocene reservoir but had to abandon the well before tests because of bad weather, consultants Arthur Andersen said.</p>
<p>Andersen said in their weekly well report that the well was plugged and abandoned and Chevron was due to make an announcement soon giving details.</p>
<p>-- London newsroom +44 171 542 7630</p>
</text>
<copyright>(c) Reuters Limited 1997</copyright>
<metadata>
<codes class="bip:countries:1.0">
  <code code="UK">
    <editdetail attribution="Reuters BIP Coding Group" action="confirmed" date="1997-03-14"/>
  </code>
</codes>
<codes class="bip:industries:1.0">
  <code code="I13000">
    <editdetail attribution="Reuters BIP Coding Group" action="confirmed" date="1997-03-14"/>
  </code>
</codes>
<codes class="bip:topics:1.0">
  <code code="C24">
    <editdetail attribution="Reuters BIP Coding Group" action="confirmed" date="1997-03-14"/>
  </code>
  <code code="CCAT">
    <editdetail attribution="Reuters BIP Coding Group" action="confirmed" date="1997-03-14"/>
  </code>
</codes>
<dc element="dc.date.created" value="1997-03-14"/>
<dc element="dc.publisher" value="Reuters Holdings Plc"/>
<dc element="dc.date.published" value="1997-03-14"/>
<dc element="dc.source" value="Reuters"/>
<dc element="dc.creator.location" value="LONDON"/>
<dc element="dc.creator.location.country.name" value="UK"/>
<dc element="dc.source" value="Reuters"/>
</metadata>
</newsitem>
