<?xml version="1.0" encoding="iso-8859-1" ?>
<newsitem itemid="442082" id="root" date="1997-03-14" xml:lang="en">
<title>UK: Italy's Eni tenders to sell crude, products reserve.</title>
<headline>Italy's Eni tenders to sell crude, products reserve.</headline>
<dateline>LONDON 1997-03-14</dateline>
<text>
<p>State Italian energy group Eni on Friday tendered to sell crude, gas oil and gasoline from national strategic reserves.</p>
<p>Eni requested bids for 100,000 tonnes of Saudi crude loading May 6-8 fob Priolo and 105,000 tonnes loading May 21-23 fob Milazzo.</p>
<p>It also offered four 17,000 tonne shipments of leaded gasoline loading between May 6 and May 30 fob Gaeta.</p>
<p>It said 25,000 tonnes of 0.05 percent gas oil were available loading June 2-6 fob Gaeta.</p>
<p>Small quantities of diesel, heating oil and gasoline were offered for stock transfer at Volpiano and Ravenna between April 28 and June 24.</p>
<p>Eni said bids must be made to its representative Sogesco SpA by April 14.</p>
<p>--London newsroom +44 17 542 8060</p>
</text>
<copyright>(c) Reuters Limited 1997</copyright>
<metadata>
<codes class="bip:countries:1.0">
  <code code="ITALY">
    <editdetail attribution="Reuters BIP Coding Group" action="confirmed" date="1997-03-14"/>
  </code>
  <code code="UK">
    <editdetail attribution="Reuters BIP Coding Group" action="confirmed" date="1997-03-14"/>
  </code>
</codes>
<codes class="bip:industries:1.0">
  <code code="I13000">
    <editdetail attribution="Reuters BIP Coding Group" action="confirmed" date="1997-03-14"/>
  </code>
</codes>
<codes class="bip:topics:1.0">
  <code code="C33">
    <editdetail attribution="Reuters BIP Coding Group" action="confirmed" date="1997-03-14"/>
  </code>
  <code code="CCAT">
    <editdetail attribution="Reuters BIP Coding Group" action="confirmed" date="1997-03-14"/>
  </code>
  <code code="M14">
    <editdetail attribution="Reuters BIP Coding Group" action="confirmed" date="1997-03-14"/>
  </code>
  <code code="M143">
    <editdetail attribution="Reuters BIP Coding Group" action="confirmed" date="1997-03-14"/>
  </code>
  <code code="MCAT">
    <editdetail attribution="Reuters BIP Coding Group" action="confirmed" date="1997-03-14"/>
  </code>
</codes>
<dc element="dc.date.created" value="1997-03-14"/>
<dc element="dc.publisher" value="Reuters Holdings Plc"/>
<dc element="dc.date.published" value="1997-03-14"/>
<dc element="dc.source" value="Reuters"/>
<dc element="dc.creator.location" value="LONDON"/>
<dc element="dc.creator.location.country.name" value="UK"/>
<dc element="dc.source" value="Reuters"/>
</metadata>
</newsitem>
