<?xml version="1.0" encoding="iso-8859-1" ?>
<newsitem itemid="442051" id="root" date="1997-03-14" xml:lang="en">
<title>UK: British police arrest duo over stolen Picasso.</title>
<headline>British police arrest duo over stolen Picasso.</headline>
<dateline>LONDON 1997-03-14</dateline>
<text>
<p>British police charged two men on Friday with conspiracy to handle a stolen work of art following the theft of a $1-million Picasso painting.</p>
<p>The hunt for the thief continues.</p>
<p>&quot;Tete de Femme&quot; was stolen from the Lefevre Gallery in London's Mayfair district last week by a man armed with a shotgun. He ran out of the gallery and hijacked a passing taxi, which he abandoned in south London.</p>
<p>The 1939 impressionist portrait was recovered on Thursday.</p>
<p>Police said the picture did not appear to be damaged but had been removed from its frame.</p>
<p>Peter Scott, 66, and Ronald Spring, 69, both of north London, are due to appear in court on Saturday, police said.</p>
</text>
<copyright>(c) Reuters Limited 1997</copyright>
<metadata>
<codes class="bip:countries:1.0">
  <code code="UK">
    <editdetail attribution="Reuters BIP Coding Group" action="confirmed" date="1997-03-14"/>
  </code>
</codes>
<codes class="bip:topics:1.0">
  <code code="GCAT">
    <editdetail attribution="Reuters BIP Coding Group" action="confirmed" date="1997-03-14"/>
  </code>
  <code code="GCRIM">
    <editdetail attribution="Reuters BIP Coding Group" action="confirmed" date="1997-03-14"/>
  </code>
</codes>
<dc element="dc.date.created" value="1997-03-14"/>
<dc element="dc.publisher" value="Reuters Holdings Plc"/>
<dc element="dc.date.published" value="1997-03-14"/>
<dc element="dc.source" value="Reuters"/>
<dc element="dc.creator.location" value="LONDON"/>
<dc element="dc.creator.location.country.name" value="UK"/>
<dc element="dc.source" value="Reuters"/>
</metadata>
</newsitem>
