<?xml version="1.0" encoding="iso-8859-1" ?>
<newsitem itemid="442068" id="root" date="1997-03-14" xml:lang="en">
<title>UK: Ex-UK air cargo rates to Africa/Scandinavia mainly firm.</title>
<headline>Ex-UK air cargo rates to Africa/Scandinavia mainly firm.</headline>
<byline>Bob Murphy</byline>
<dateline>LONDON 1997-03-14</dateline>
<text>
<p>Air cargo rates to Africa from the UK have generally held firm over the past fortnight although discounting by British Airways has caused concern, a Reuters survey showed.</p>
<p>In Europe most rates to Scandinavia improved slightly but aggressive price competition forced rates down to Copenhagen and airlines sources said no real change is predicted for the foreseeable future.</p>
<p>BA's continuing discounting scheme applicable to most markets is causing some concern at South African Airways, said the latter's UK cargo sales executive Ben Audibert.</p>
<p>&quot;Although we are gettng more freight on the London-Johannesburg route, our yields have come down over the past six months. Part of this is due to the low value of the rand against the pound sterling and also the fact that more and more capacity has been coming on to the route,&quot; he said.</p>
<p>But he stressed that BA's promotional pricing campaign had not helped.</p>
<p>&quot;Direct carriers on the route should stick together and keep to the same rates, which is not what BA has been doing. Some of their pallet rates are 50 percent off (published tariffs) and we are getting requests from agents to match these,&quot; he said.</p>
<p>&quot;But we won't do this. We are not a charity and we will try and keep yields as high as we can. Why should we lose money? If we followed (BA's) practice, we would certainly not be very popular with our South African head office,&quot; he said.</p>
<p>Audibert also warned that, although UK-South Africa air cargo business - if not yields - was presently good, this could be due to final import purchases before the March 31 fiscal year end. &quot;Maybe after that they will import less,&quot; he said.</p>
<p>Lufthansa Cargo's UK/Ireland marketing manager Ruediger Helm said several carriers had been driving down UK-South Africa cargo rates and added his UK station was these days experiencing little difficulty in obtaining space on the carrier's Frankfurt-Johannesburg flights.</p>
<p>Lufthansa also operates its own weekly 40-tonne capacity DC-8 freighter service between London Gatwick and Nairobi -- using an aircraft leased from MK Airlines -- from where feeder services are provided to other parts of Africa.</p>
<p>&quot;Africa as a whole is a very important market for Lufthansa, particularly for us in the UK,&quot; said Helm.</p>
<p>&quot;To Kenya, we carry mainly general cargo...nothing specific,&quot; he said.</p>
<p>Apart from LAN-Chile, Air Logistics also acts as UK cargo gsa for Trans Arabian Air Transport (TAAT), which operates twice-weekly Boeing 707 freighter flights, each with a 38-tonne capacity, from London Gatwick to Khartoum and Nairobi.</p>
<p>&quot;Kenya is a developing market for the UK. Airfreight business to Nairobi is currently very buoyant, mostly for general cargo, and we see it continuing that way,&quot; he said.</p>
<p>Jeffrey Fish, UK cargo manager of Kenya Airways, said that although there were presently some six carriers competing in the UK-Kenya airfreight market, &quot;business remains reasonably buoyant&quot;.</p>
<p>&quot;Although Kenya has experienced a high inflation period, its economy is now not doing too badly. Our business southbound -- very much general cargo, especially hi-tech and office equipment -- is now steady. We are not seeing the seasonal peaks and troughs in the marketplace as we, and the air cargo industry as a whole, once did,&quot; he added.</p>
<p>In the UK-Sweden air cargo market, services are provided by major player such as SAS, BA, Finnair, Air France, KLM and Lufthansa. Unsurprisingly, the strength of this competition persistently forces downward pressure on rates.</p>
<p>Nevertheless, said SAS's Howard Jones: &quot;In the first 10 weeks of this year, our business on the route has been fairly buoyant.</p>
<p>&quot;However, there are some strong economic pressures looming, related to currency exchange rates. Over the past year, the rising value of sterling has hit Swedes with a 12 percent rise in the price of goods they can buy from the UK, and the same has been the case in Denmark and Norway,&quot; he stated.</p>
<p>Jones added that ex-UK airlines might now be depending on Scandinavian import orders placed some time ago. &quot;I don't think the market will remain as buoyant as it is now,&quot; he said.</p>
<p>While the UK-Sweden freight market is dominated by geographical necessity by airlines, the same is not the case with UK-Denmark. The likes of BA, SAS, Lufthansa and Maersk Air confront ever-increasing competition from surface transport operators.</p>
<p>This has seen the average per kg for a 100 kg shipment airfreight rate drop two pence to 0.68 stg since the beginning of March.</p>
<p>&quot;The lower end of the (air cargo) marketplace is bringing the average down. I was recently asked to compete with (a rival airline) to carry two tonnes of cargo a day, London-Copenhagen, five-days-a-week. At 40 pence a kilo,&quot; said Jones.</p>
<p>&quot;I turned it down straight away. We don't give our space away,&quot; he added. - Reuters Air Cargo Newsroom Tel+44 171 542 7706 Fax+5017</p>
</text>
<copyright>(c) Reuters Limited 1997</copyright>
<metadata>
<codes class="bip:countries:1.0">
  <code code="UK">
    <editdetail attribution="Reuters BIP Coding Group" action="confirmed" date="1997-03-14"/>
  </code>
</codes>
<codes class="bip:industries:1.0">
  <code code="I75000">
    <editdetail attribution="Reuters BIP Coding Group" action="confirmed" date="1997-03-14"/>
  </code>
  <code code="I77002">
    <editdetail attribution="Reuters BIP Coding Group" action="confirmed" date="1997-03-14"/>
  </code>
</codes>
<codes class="bip:topics:1.0">
  <code code="C31">
    <editdetail attribution="Reuters BIP Coding Group" action="confirmed" date="1997-03-14"/>
  </code>
  <code code="CCAT">
    <editdetail attribution="Reuters BIP Coding Group" action="confirmed" date="1997-03-14"/>
  </code>
</codes>
<dc element="dc.date.created" value="1997-03-14"/>
<dc element="dc.publisher" value="Reuters Holdings Plc"/>
<dc element="dc.date.published" value="1997-03-14"/>
<dc element="dc.source" value="Reuters"/>
<dc element="dc.creator.location" value="LONDON"/>
<dc element="dc.creator.location.country.name" value="UK"/>
<dc element="dc.source" value="Reuters"/>
</metadata>
</newsitem>
