<?xml version="1.0" encoding="iso-8859-1" ?>
<newsitem itemid="442035" id="root" date="1997-03-14" xml:lang="en">
<title>LITHUANIA: SNORAS BANK SEES 96 PROFIT AT 13 MLN LITAS.</title>
<headline>SNORAS BANK SEES 96 PROFIT AT 13 MLN LITAS.</headline>
<dateline>VILNIUS 1997-03-14</dateline>
<text>
<p>Lithuania's Snoras Bank's deputy chairman Alexander Churnov said on Friday that it expected its 1996 net profit to be 13 million litas versus just over one million litas in 1995.  </p>
<p>&quot;We expect that our 1996 net profit will be 13 million litas,&quot; Churnov told Reuters in an interview.</p>
<p>&quot;We had originally planned a net profit of five million litas in 1996,&quot; he added.</p>
<p>He also said that the bank intended to boost its share capital this year to meet the central bank's minimum requirement of five million ECU.</p>
<p>The bank's share capital currently stands at 20 million litas.</p>
<p>Churnov said that the bank's strong profits were the result of its activities in the Russian debt market.</p>
<p>&quot;It was a fantastic year for Russian T-bills,&quot; he said.</p>
<p>He added that the bank was scanning other lucrative debt opportunities including Ukraine.</p>
<p>The bank is also very active in the soft currency trading market, with a daily turnover of $7 million in this area, he said.</p>
<p>He added that the bank planned to rapidly expand its retail operations.</p>
<p>&quot;We have issued about 10,000 electronic banking cards and plan this year to increase that number to 100,000,&quot; he said.</p>
<p>--Ed Stoddard, Vilnius newsroom +370 2 22 35 17</p>
</text>
<copyright>(c) Reuters Limited 1997</copyright>
<metadata>
<codes class="bip:countries:1.0">
  <code code="LITH">
    <editdetail attribution="Reuters BIP Coding Group" action="confirmed" date="1997-03-14"/>
  </code>
</codes>
<codes class="bip:industries:1.0">
  <code code="I81402">
    <editdetail attribution="Reuters BIP Coding Group" action="confirmed" date="1997-03-14"/>
  </code>
</codes>
<codes class="bip:topics:1.0">
  <code code="C15">
    <editdetail attribution="Reuters BIP Coding Group" action="confirmed" date="1997-03-14"/>
  </code>
  <code code="C152">
    <editdetail attribution="Reuters BIP Coding Group" action="confirmed" date="1997-03-14"/>
  </code>
  <code code="CCAT">
    <editdetail attribution="Reuters BIP Coding Group" action="confirmed" date="1997-03-14"/>
  </code>
</codes>
<dc element="dc.date.created" value="1997-03-14"/>
<dc element="dc.publisher" value="Reuters Holdings Plc"/>
<dc element="dc.date.published" value="1997-03-14"/>
<dc element="dc.source" value="Reuters"/>
<dc element="dc.creator.location" value="VILNIUS"/>
<dc element="dc.creator.location.country.name" value="LITHUANIA"/>
<dc element="dc.source" value="Reuters"/>
</metadata>
</newsitem>
