<?xml version="1.0" encoding="iso-8859-1" ?>
<newsitem itemid="442034" id="root" date="1997-03-14" xml:lang="en">
<title>HUNGARY: EAST EUROPE MARKETS SHARE WORLDWIDE NERVOUSNESS.</title>
<headline>EAST EUROPE MARKETS SHARE WORLDWIDE NERVOUSNESS.</headline>
<byline>Emese Bartha</byline>
<dateline>BUDAPEST 1997-03-14</dateline>
<text>
<p>Central European bourses</p>
<p>traded in mostly negative territory this week as Wall Street,</p>
<p>breaking record on Tuesday, hardly gave any help.</p>
<p>The Central European Share Index (CESI), which follows</p>
<p>price movements in 73 selective Czech, Polish, Hungarian,</p>
<p>Slovak and Slovenian stocks, shed almost two percent.</p>
<p>BUDAPEST</p>
<p>The Hungarian share market tumbled nearly five percent this</p>
<p>week and traders, though divided on how long the sluggish</p>
<p>period will last, said they expected the underlying trend to</p>
<p>remain unchanged.</p>
<p>Many traders believe that a sideways trend will last until</p>
<p>the next phase of the privatisation of oil company MOL</p>
<p>takes place in May, but there are who believe that</p>
<p>falling prices may encourage new purchases.</p>
<p>&quot;I'm not that pessimistic,&quot; said Andrea Keresztesi of</p>
<p>ABN-AMRO Hoare Govett (Hungary) said. &quot;Should the market fall</p>
<p>some more it would become attractive again to trigger some</p>
<p>rises.&quot;</p>
<p>On Thursday the BUX index closed at 5,118.60 points, down</p>
<p>262.55 from last Friday.</p>
<p>WARSAW</p>
<p>Polish shares fell 1.6 percent this week and analysts said</p>
<p>the market, now at 17,414.8 points, would apparently fall more</p>
<p>after having gained 38 percent from mid-December to</p>
<p>mid-February.</p>
<p>&quot;There's been no radical overvaluing for us to expect a big</p>
<p>correction...but definitely we'll have a correction of about 10</p>
<p>percent to 16,000 points,&quot; said Michal Szczurek, an analyst at</p>
<p>ING BSK Asset Management.</p>
<p>Other analysts said 17,000 points would more likely provide</p>
<p>support. Analysts said small-cap stocks, recent leaders, had</p>
<p>joined blue chips in performing poorly.</p>
<p>PRAGUE</p>
<p>Czech shares moved lower throughout the week with analysts</p>
<p>saying foreign investors were becoming increasingly cautious</p>
<p>about prospects for Czech equities because of concerns about</p>
<p>the country's macroeconomic fundamentals.</p>
<p>&quot;Generally it (the downturn) is caused by lack of demand</p>
<p>because there are no new orders from abroad and domestic</p>
<p>speculators see no reason to buy,&quot; said Pavel Sobisek of</p>
<p>Zivnostenska Banka.</p>
<p>&quot;People are just sitting and watching,&quot; added Radim Bajgar</p>
<p>of ING Barings.</p>
<p>The three most heavily capitalised shares on the PX50 --</p>
<p>SPT Telecom , CEZ and Komercni Banka</p>
<p>-- which account for 45 percent of the index's</p>
<p>capitalisation dropped by an average of 3.6 percent.</p>
<p>BRATISLAVA</p>
<p>The Slovak bourse extended its mini bull run posted over</p>
<p>the past few weeks with the official 16-share SAX index</p>
<p>reaching a year high of 207.75 points on Tuesday.</p>
<p>Brokers said the Slovak bourse appeared unaffected by the</p>
<p>current downtrend on the neigbouring markets, adding that the</p>
<p>BSE should hold at its current levels, or post a slight</p>
<p>increase, in the mid-term.</p>
<p>&quot;Even after including the potential risk of the political</p>
<p>situation, our market is still undervalued compared with other</p>
<p>bourses in the region,&quot; said Libor Briska of Creditanstalt.</p>
<p>On Thursday the SAX index finished at 206.38 points, down a</p>
<p>fraction from last Friday.</p>
<p>ZAGREB</p>
<p>Croatian stocks were mixed on lower volumes on Thursday,</p>
<p>but traders said the lull was only temporary as the market</p>
<p>gears up for further gains. The lull came about as investors</p>
<p>became cautious, awaiting results of the local elections set</p>
<p>for April 13.</p>
<p>Traders singled out fully listed Zagrebacka Banka as the</p>
<p>most promissing issue, which will set pace for the rest of the</p>
<p>market. The bank hit an all-time high on Wednesday.</p>
<p>&quot;Zagrebacka is going sky high, but we feel there is quite</p>
<p>some potential left for further growth,&quot; Damir Cikotic of</p>
<p>Faktor brokerage said.</p>
<p>LJUBLJANA</p>
<p>Slovenian shares firmed 1.35 percent this week pushing the</p>
<p>SBI index to 1,396.34 points, up 18.64, but Brokerage Dadas</p>
<p>sharply outperformed the market, soaring more than 32 percent.</p>
<p>Turnover on the Slovenian bourse's primary market totalled</p>
<p>$1.96 million.</p>
<p>BUCHAREST</p>
<p>Bucharest bourse turnover edged lower with most stocks</p>
<p>falling this week as investor interest continued to dim.</p>
<p>Trading at the week's three sessions was dominated by</p>
<p>first-tier Oltchim SA chemical plant and fertiliser maker</p>
<p>Azomures SA, with interest in second-tier shares almost absent.</p>
<p>Brokers said several elements, including a firmer leu and</p>
<p>high interest rates on banking deposits, combined to cap buying</p>
<p>by domestic and foreign investors.</p>
<p>		CLOSE	WEEK'S CHANGE     1997/HIGH    1997/LOW</p>
<p>		MARCH 13   NET	 PCT</p>
<p> CESI	1,582.61    -30.27   -1.88    1,751.89    1,479.18</p>
<p> BUDAPEST  5,118.60   -262.55   -4.88    5,815.38    4,291.29</p>
<p> WARSAW   17,414.8    -289.2    -1.6    18,339.4    14,421.6</p>
<p> PRAGUE	574.6	-9.1    -1.55	629.4	 425.9</p>
<p> BRATISLAVA  206.38     -0.40   -0.19	207.75	174.05</p>
<p>BUCHAREST</p>
<p>  VAB-Index  409.1     -51.2   -11.1	 555.9	 262.0</p>
<p>  BIG-Index  420.15    -47.24  -10.11	557.56	266.43</p>
<p> LJUBLJANA 1,396.34    +18.64   +1.35    1,655.4     1,156.02</p>
<p>All-time highs: CESI 1,751.89 (Feb 24/1997); BUX 5,815.38</p>
<p>(Feb 5/1997); WIG 20,760.3 (March 8/1994); PX50 1,002.4 (April</p>
<p>7, 1994); SAX Feb 405.49 (Feb/23, 1994); SBI 1,655.4 (Feb</p>
<p>10/1997).</p>
</text>
<copyright>(c) Reuters Limited 1997</copyright>
<metadata>
<codes class="bip:countries:1.0">
  <code code="CRTIA">
    <editdetail attribution="Reuters BIP Coding Group" action="confirmed" date="1997-03-14"/>
  </code>
  <code code="CZREP">
    <editdetail attribution="Reuters BIP Coding Group" action="confirmed" date="1997-03-14"/>
  </code>
  <code code="HUNG">
    <editdetail attribution="Reuters BIP Coding Group" action="confirmed" date="1997-03-14"/>
  </code>
  <code code="POL">
    <editdetail attribution="Reuters BIP Coding Group" action="confirmed" date="1997-03-14"/>
  </code>
  <code code="ROM">
    <editdetail attribution="Reuters BIP Coding Group" action="confirmed" date="1997-03-14"/>
  </code>
  <code code="SLVAK">
    <editdetail attribution="Reuters BIP Coding Group" action="confirmed" date="1997-03-14"/>
  </code>
  <code code="SLVNIA">
    <editdetail attribution="Reuters BIP Coding Group" action="confirmed" date="1997-03-14"/>
  </code>
</codes>
<codes class="bip:topics:1.0">
  <code code="M11">
    <editdetail attribution="Reuters BIP Coding Group" action="confirmed" date="1997-03-14"/>
  </code>
  <code code="MCAT">
    <editdetail attribution="Reuters BIP Coding Group" action="confirmed" date="1997-03-14"/>
  </code>
</codes>
<dc element="dc.date.created" value="1997-03-14"/>
<dc element="dc.publisher" value="Reuters Holdings Plc"/>
<dc element="dc.date.published" value="1997-03-14"/>
<dc element="dc.source" value="Reuters"/>
<dc element="dc.creator.location" value="BUDAPEST"/>
<dc element="dc.creator.location.country.name" value="HUNGARY"/>
<dc element="dc.source" value="Reuters"/>
</metadata>
</newsitem>
