<?xml version="1.0" encoding="iso-8859-1" ?>
<newsitem itemid="442038" id="root" date="1997-03-14" xml:lang="en">
<title>HUNGARY: HUNGARY'S POSTABANK SECURITIES RATES BCHEM AS 'BUY'.</title>
<headline>HUNGARY'S POSTABANK SECURITIES RATES BCHEM AS 'BUY'.</headline>
<dateline>BUDAPEST 1997-03-14</dateline>
<text>
<p>Shares in Hungarian chemicals company Borsodchem are undervalued compared to the rest of the market, Hungary's Postabank Securities said, rating the stocks as 'buy.'</p>
<p>&quot;Shares are traded at a 1997 P/E of six times at present (with March 12 closing price of 6,150 forints) which is approximately a 40 percent discount to the market,&quot; analyst Ferenc Szollosi said in a company report.</p>
<p>&quot;We believe that the discount should decrease and therefore recommend the purchase of shares,&quot; he said.</p>
<p>Szollosi said that company's risk is decreasing gradually as a result of product diversification, good cost management and a strong financial position.</p>
<p>Borsodchem produces PVC and is the only manufacturer of methylene diphenyl diisocyanate (MDI) in central and eastern Europe. In addition, Austria's Krems Chemie AG plans to build a formaldehyde plant in Hungary, jointly with Borsodchem.</p>
<p>Last year Borsodchem boosted its PVC capacity to an annual 250 kilotonnes from 210 kilotonnes and its MDI capacity to 32.5 kilotonnes from 25 kilotoness.</p>
<p>&quot;We estimate that the new capacity will result in approximately a seven to 7.5 billion forint increase in sales,&quot; Szollosi said.</p>
<p>He added that he expected Borsodchem's sales to rise 26 percent this year to 55.4 billion forints, and saw the company's earnings per share ratio rising 50 percent to 1,025 forints in 1997.</p>
<p>-- Emese Bartha, Budapest newsroom +36 1 327-4040</p>
</text>
<copyright>(c) Reuters Limited 1997</copyright>
<metadata>
<codes class="bip:countries:1.0">
  <code code="HUNG">
    <editdetail attribution="Reuters BIP Coding Group" action="confirmed" date="1997-03-14"/>
  </code>
</codes>
<codes class="bip:industries:1.0">
  <code code="I25000">
    <editdetail attribution="Reuters BIP Coding Group" action="confirmed" date="1997-03-14"/>
  </code>
</codes>
<codes class="bip:topics:1.0">
  <code code="C15">
    <editdetail attribution="Reuters BIP Coding Group" action="confirmed" date="1997-03-14"/>
  </code>
  <code code="C152">
    <editdetail attribution="Reuters BIP Coding Group" action="confirmed" date="1997-03-14"/>
  </code>
  <code code="CCAT">
    <editdetail attribution="Reuters BIP Coding Group" action="confirmed" date="1997-03-14"/>
  </code>
</codes>
<dc element="dc.date.created" value="1997-03-14"/>
<dc element="dc.publisher" value="Reuters Holdings Plc"/>
<dc element="dc.date.published" value="1997-03-14"/>
<dc element="dc.source" value="Reuters"/>
<dc element="dc.creator.location" value="BUDAPEST"/>
<dc element="dc.creator.location.country.name" value="HUNGARY"/>
<dc element="dc.source" value="Reuters"/>
</metadata>
</newsitem>
