<?xml version="1.0" encoding="iso-8859-1" ?>
<newsitem itemid="442024" id="root" date="1997-03-14" xml:lang="en">
<title>ESTONIA: ESTONIA-HANSAINVEST SEES MORTGAGE FINANCE AGENCY BY AUG.</title>
<headline>ESTONIA-HANSAINVEST SEES MORTGAGE FINANCE AGENCY BY AUG.</headline>
<dateline>TALLINN 1997-03-14</dateline>
<text>
<p>Estonia's Hansa Investments said on Friday that it expected to make a final decision on setting up a mortgage finance agency in Estonia on March 26.</p>
<p>Chairman Joakim Helenius said if the final business plan was approved at a meeting on March 26 then registration could be completed by June and the agency could be operational by August.  </p>
<p>&quot;This will be the first such agency in all of central and eastern Europe,&quot; Helenius told Reuters in an interview.</p>
<p>He said the agency, regulated by the central bank, will be an independently capitalised, single purpose agency.</p>
<p>&quot;It will stand ready to buy mortgages from the banking sector. It is very difficult for the banks themselves to securitise their mortgages,&quot; Helenius said.</p>
<p>&quot;This agency will be able to totally take over the ownership and legal responsibility of their mortgages thereby freeing up the balance sheets of the banks.</p>
<p>&quot;By operating as a central agency it will able to accumulate large enough volumes to securitise them and issue securities backed up by these mortgage.</p>
<p>&quot;These will become the largest by far Estonian originated securities.&quot;</p>
<p>Helenius said there was already strong interest.</p>
<p>&quot;We have very strong interest from international investors because of the margins we will able to provide and they will probably also be of interest to Estonian clients,&quot; Helenius said.</p>
<p>-- David Mardiste, Tallinn newsroom +372 630 8400, reuters@reuters.ee</p>
</text>
<copyright>(c) Reuters Limited 1997</copyright>
<metadata>
<codes class="bip:countries:1.0">
  <code code="ESTNIA">
    <editdetail attribution="Reuters BIP Coding Group" action="confirmed" date="1997-03-14"/>
  </code>
</codes>
<codes class="bip:industries:1.0">
  <code code="I81501">
    <editdetail attribution="Reuters BIP Coding Group" action="confirmed" date="1997-03-14"/>
  </code>
  <code code="I8150103">
    <editdetail attribution="Reuters BIP Coding Group" action="confirmed" date="1997-03-14"/>
  </code>
  <code code="I81502">
    <editdetail attribution="Reuters BIP Coding Group" action="confirmed" date="1997-03-14"/>
  </code>
</codes>
<codes class="bip:topics:1.0">
  <code code="C11">
    <editdetail attribution="Reuters BIP Coding Group" action="confirmed" date="1997-03-14"/>
  </code>
  <code code="CCAT">
    <editdetail attribution="Reuters BIP Coding Group" action="confirmed" date="1997-03-14"/>
  </code>
</codes>
<dc element="dc.date.created" value="1997-03-14"/>
<dc element="dc.publisher" value="Reuters Holdings Plc"/>
<dc element="dc.date.published" value="1997-03-14"/>
<dc element="dc.source" value="Reuters"/>
<dc element="dc.creator.location" value="TALLINN"/>
<dc element="dc.creator.location.country.name" value="ESTONIA"/>
<dc element="dc.source" value="Reuters"/>
</metadata>
</newsitem>
