<?xml version="1.0" encoding="iso-8859-1" ?>
<newsitem itemid="442072" id="root" date="1997-03-14" xml:lang="en">
<title>UK: Western firms urge action on Russia PSA amendments.</title>
<headline>Western firms urge action on Russia PSA amendments.</headline>
<dateline>LONDON 1997-03-14</dateline>
<text>
<p>Western oil industry executives urged Russia on Friday to speed up amendments to production sharing agreement (PSA) laws, saying lack of clear-cut legislation was stalling foreign investment.</p>
<p>&quot;Regulation needs to be put in place,&quot; Frank Duffield, President of the Moscow-based Sakhalin Energy Investment Company told a conference on the Russian oil industry in London.</p>
<p>Sakhalin Energy Investment represents foreign shareholders in an oil and gas project off Russia's Far East Sakhalin island known as Sakhalin II.</p>
<p>&quot;We have adopted a phased development approach to see how legislation progresses but it is becoming increasingly difficult to reassure my investors,&quot; Duffield said.</p>
<p>Sakhalin Energy Investment's shareholders are USX Marathon with 30 percent, Mitsui with 20 percent, McDermott with 20 percent, Royal Dutch/Shell with 20 percent amd Mitsubishi with 10 percent.</p>
<p>Duffield welcomed news the Russian State Duma, the lower house of parliament, was to hold the first reading of a draft law to approve a list of oil and gas blocks eligible for production sharing on March 20.</p>
<p>Approval of the draft law would pave the way for further PSA amendments.</p>
<p>&quot;It is crucial that it's successful,&quot; said Duffield</p>
<p>Alexei Mikhailov, chairman of the State Duma's Natural Resources Committee told the conference he was optimistic the draft would go through.</p>
<p>&quot;It's an important sign that the Duma has actually set aside a whole afternoon to discuss the draft on March 20,&quot; he said.</p>
<p>He added that until the law on the list was approved it was unlikely further ammendments on the PSAs could be carried out.</p>
<p>&quot;Until the question of the list is settled it's unlikely the Duma will discuss other PSA issues,&quot; he said. &quot;Parliament wants to know how many blocks will be involved. Is it a handful, a dozen or hundreds?&quot;</p>
<p>Mikhailov said he expected roughly 20 blocks to be included on the list against an original list including some 250 fields.</p>
<p>The Paris-based International Energy Agency also stressed the need for amendments in the PSAs.</p>
<p>&quot;As long as the major concerns in the legal framework for PSAs remain unresolved, pending projects are unlikely to advance,&quot; the IEA said in a paper prepared for the conference.</p>
<p>&quot;Investors consider passage of the Law of Amendments and Law on Lists essential for PSAs to become effective,&quot; the paper said.</p>
<p>-- Melanie Goodfellow, London Newsroom, +44 171 542 7714</p>
</text>
<copyright>(c) Reuters Limited 1997</copyright>
<metadata>
<codes class="bip:countries:1.0">
  <code code="RUSS">
    <editdetail attribution="Reuters BIP Coding Group" action="confirmed" date="1997-03-14"/>
  </code>
  <code code="UK">
    <editdetail attribution="Reuters BIP Coding Group" action="confirmed" date="1997-03-14"/>
  </code>
</codes>
<codes class="bip:industries:1.0">
  <code code="I13000">
    <editdetail attribution="Reuters BIP Coding Group" action="confirmed" date="1997-03-14"/>
  </code>
  <code code="I1300003">
    <editdetail attribution="Reuters BIP Coding Group" action="confirmed" date="1997-03-14"/>
  </code>
  <code code="I14000">
    <editdetail attribution="Reuters BIP Coding Group" action="confirmed" date="1997-03-14"/>
  </code>
  <code code="I32540">
    <editdetail attribution="Reuters BIP Coding Group" action="confirmed" date="1997-03-14"/>
  </code>
  <code code="I34100">
    <editdetail attribution="Reuters BIP Coding Group" action="confirmed" date="1997-03-14"/>
  </code>
  <code code="I63000">
    <editdetail attribution="Reuters BIP Coding Group" action="confirmed" date="1997-03-14"/>
  </code>
</codes>
<codes class="bip:topics:1.0">
  <code code="C11">
    <editdetail attribution="Reuters BIP Coding Group" action="confirmed" date="1997-03-14"/>
  </code>
  <code code="C21">
    <editdetail attribution="Reuters BIP Coding Group" action="confirmed" date="1997-03-14"/>
  </code>
  <code code="C24">
    <editdetail attribution="Reuters BIP Coding Group" action="confirmed" date="1997-03-14"/>
  </code>
  <code code="CCAT">
    <editdetail attribution="Reuters BIP Coding Group" action="confirmed" date="1997-03-14"/>
  </code>
</codes>
<dc element="dc.date.created" value="1997-03-14"/>
<dc element="dc.publisher" value="Reuters Holdings Plc"/>
<dc element="dc.date.published" value="1997-03-14"/>
<dc element="dc.source" value="Reuters"/>
<dc element="dc.creator.location" value="LONDON"/>
<dc element="dc.creator.location.country.name" value="UK"/>
<dc element="dc.source" value="Reuters"/>
</metadata>
</newsitem>
