<?xml version="1.0" encoding="iso-8859-1" ?>
<newsitem itemid="442146" id="root" date="1997-03-14" xml:lang="en">
<title>SOUTH AFRICA: SAfrica's Vodacom buys 25 pct of Cellphones Direct.</title>
<headline>SAfrica's Vodacom buys 25 pct of Cellphones Direct.</headline>
<dateline>JOHANNESBURG 1997-03-14</dateline>
<text>
<p>South African mobile phone network firm Vodacom said on Friday it had bought a 25 percent stake in service provider Cellphones Direct in a &quot;multi-million rand&quot; deal.</p>
<p>No actual price tag was given for the purchase.</p>
<p>&quot;We have always recognised distribution as one of the key factors in our growth and as the only direct response service provider in the market, Cellphones Direct gives Vodacom another route to the market,&quot; Vodacom managing director Alan Knott-Craig said in a statement.</p>
<p>Vodacom shareholder, Vodafone Group Plc, holds a 16 percent stake in Cellphones Direct's parent, a U.K.-based firm of the same name. Vodafone holds a 31.5 percent stake in Vodacom.</p>
<p>Mervyn Visagie, managing director of Cellphones Direct, said plans were in progress to diversify the company's product range into &quot;synergy niches&quot; including other telecommunications and information technology products or services.</p>
<p>-- Johannesburg newsroom, +27 11 482 1003</p>
</text>
<copyright>(c) Reuters Limited 1997</copyright>
<metadata>
<codes class="bip:countries:1.0">
  <code code="SAFR">
    <editdetail attribution="Reuters BIP Coding Group" action="confirmed" date="1997-03-14"/>
  </code>
  <code code="UK">
    <editdetail attribution="Reuters BIP Coding Group" action="confirmed" date="1997-03-14"/>
  </code>
</codes>
<codes class="bip:industries:1.0">
  <code code="I79020">
    <editdetail attribution="Reuters BIP Coding Group" action="confirmed" date="1997-03-14"/>
  </code>
</codes>
<codes class="bip:topics:1.0">
  <code code="C18">
    <editdetail attribution="Reuters BIP Coding Group" action="confirmed" date="1997-03-14"/>
  </code>
  <code code="C181">
    <editdetail attribution="Reuters BIP Coding Group" action="confirmed" date="1997-03-14"/>
  </code>
  <code code="CCAT">
    <editdetail attribution="Reuters BIP Coding Group" action="confirmed" date="1997-03-14"/>
  </code>
</codes>
<dc element="dc.date.created" value="1997-03-14"/>
<dc element="dc.publisher" value="Reuters Holdings Plc"/>
<dc element="dc.date.published" value="1997-03-14"/>
<dc element="dc.source" value="Reuters"/>
<dc element="dc.creator.location" value="JOHANNESBURG"/>
<dc element="dc.creator.location.country.name" value="SOUTH AFRICA"/>
<dc element="dc.source" value="Reuters"/>
</metadata>
</newsitem>
