<?xml version="1.0" encoding="iso-8859-1" ?>
<newsitem itemid="442167" id="root" date="1997-03-14" xml:lang="en">
<title>SOUTH AFRICA: S.Africa stocks ride U.S. roller coaster.</title>
<headline>S.Africa stocks ride U.S. roller coaster.</headline>
<dateline>JOHANNESBURG</dateline>
<text>
<p>South African shares rode a United States-inspired roller coaster on Friday and ended firmly down after taking a knock from Thursday's huge fall on Wall Street, dealers said.</p>
<p>Dow Jones industrial shares shed 160 points in the fifth biggest points fall ever and the reaction was immediate upon South African shares as they tumbled.</p>
<p>The drop had been triggered by a sudden bout of panic on the outlook for short-term U.S. interest rates, with many fearing an imminent hike.</p>
<p>However, just before the close of trade figures were released that showed U.S producer prices had fallen by more than expected, doing much to soothe market fears.</p>
<p>South African stocks took heart and launched a late rally that saw them recapture some of the earlier lost ground.</p>
<p>The all-share index dropped 44.5 points to 7,127.1 as industrials shed 46.9 points to end at 8,327.2.</p>
<p>South African shares were particularly vulnerable to international influences as investors, saturated with local facts and figures from the recent budget, looked abroad for future guidance.</p>
<p>The trend is set to continue next week with all eyes firmly fixed on New York.</p>
<p>The golds index had another weak day as more bullion price fears plagued the market. The index ended off 21.3 points, or 1.49 percent, to 1,408.3.</p>
</text>
<copyright>(c) Reuters Limited 1997</copyright>
<metadata>
<codes class="bip:countries:1.0">
  <code code="SAFR">
    <editdetail attribution="Reuters BIP Coding Group" action="confirmed" date="1997-03-14"/>
  </code>
</codes>
<codes class="bip:topics:1.0">
  <code code="M11">
    <editdetail attribution="Reuters BIP Coding Group" action="confirmed" date="1997-03-14"/>
  </code>
  <code code="MCAT">
    <editdetail attribution="Reuters BIP Coding Group" action="confirmed" date="1997-03-14"/>
  </code>
</codes>
<dc element="dc.publisher" value="Reuters Holdings Plc"/>
<dc element="dc.date.published" value="1997-03-14"/>
<dc element="dc.source" value="Reuters"/>
<dc element="dc.creator.location" value="JOHANNESBURG"/>
<dc element="dc.creator.location.country.name" value="SOUTH AFRICA"/>
<dc element="dc.source" value="Reuters"/>
</metadata>
</newsitem>
