<?xml version="1.0" encoding="iso-8859-1" ?>
<newsitem itemid="442181" id="root" date="1997-03-14" xml:lang="en">
<title>SOUTH AFRICA: S.Africa Stals says rand stable around 4.40 on dlr.</title>
<headline>S.Africa Stals says rand stable around 4.40 on dlr.</headline>
<dateline>CAPE TOWN 1997-03-14</dateline>
<text>
<p>South African Reserve Bank Governor Chris Stals said on Friday that the rand appeared relatively stable at around 4.40 to the dollar.</p>
<p>&quot;It looks like it's fairly stable at this level of 4.40 now,&quot; he told parliament's finance committee.  </p>
<p>Stals emphasised that the Reserve Bank, with limited foreign exchange reserves, could not dictate the exchange rate of the currency, but said he was reasonably happy with the present rate.</p>
<p>&quot;If the markets are satisfied with the level of 4.40 and we can have a stable exchange rate there, at least for the rest of the year, we will be quite satisfied with that,&quot; he said.</p>
<p>-- Cape Town newsroom, +27 21 252-238</p>
</text>
<copyright>(c) Reuters Limited 1997</copyright>
<metadata>
<codes class="bip:countries:1.0">
  <code code="SAFR">
    <editdetail attribution="Reuters BIP Coding Group" action="confirmed" date="1997-03-14"/>
  </code>
</codes>
<codes class="bip:topics:1.0">
  <code code="E12">
    <editdetail attribution="Reuters BIP Coding Group" action="confirmed" date="1997-03-14"/>
  </code>
  <code code="ECAT">
    <editdetail attribution="Reuters BIP Coding Group" action="confirmed" date="1997-03-14"/>
  </code>
  <code code="M13">
    <editdetail attribution="Reuters BIP Coding Group" action="confirmed" date="1997-03-14"/>
  </code>
  <code code="M132">
    <editdetail attribution="Reuters BIP Coding Group" action="confirmed" date="1997-03-14"/>
  </code>
  <code code="MCAT">
    <editdetail attribution="Reuters BIP Coding Group" action="confirmed" date="1997-03-14"/>
  </code>
</codes>
<dc element="dc.date.created" value="1997-03-14"/>
<dc element="dc.publisher" value="Reuters Holdings Plc"/>
<dc element="dc.date.published" value="1997-03-14"/>
<dc element="dc.source" value="Reuters"/>
<dc element="dc.creator.location" value="CAPE TOWN"/>
<dc element="dc.creator.location.country.name" value="SOUTH AFRICA"/>
<dc element="dc.source" value="Reuters"/>
</metadata>
</newsitem>
