<?xml version="1.0" encoding="iso-8859-1" ?>
<newsitem itemid="442189" id="root" date="1997-03-14" xml:lang="en">
<title>SOUTH AFRICA: S.African stocks to watch Wall Street next week.</title>
<headline>S.African stocks to watch Wall Street next week.</headline>
<byline>Paul Harris</byline>
<dateline>JOHANNESBURG 1997-03-14</dateline>
<text>
<p>South African stocks, battered on Friday by a steep fall on Wall Street, will be watching New York shares closely next week for any signs the United State's market may be faltering, dealers and portfolio managers said on Friday.</p>
<p>A renewed bout of panic over interest rates sliced 160 points off the Dow Industrials index on Thursday -- the market's fifth largest points fall ever.</p>
<p>The delivery of Finance Minister Trevor Manuel's budget on Wednesday made South African shares particularly vulnerable to such fluctuations as investors, saturated with local facts and figures, looked abroad for future guidance.</p>
<p>&quot;People will be looking very closely at what Wall Street will be doing. With the budget safely out of the way there are not many local factors for people to focus on,&quot; said one portfolio manager who declined to be named.</p>
<p>But most share watchers think that the Wall Street fall will be a temporary setback and shares will start to rise again, continuing an astonishing bull run on the U.S. market.</p>
<p>If that is the case, the South African market could offer some good selective buying opportunities next week as dealers will swoop to take advantage of the temporary dip.</p>
<p>&quot;The market isn't cheap, but we are still selectively positive. There are buying opportunities in the market,&quot; said James Scott, equity marketing manager at Societe Generale Frankel Pollak.</p>
<p>Economists see South Africa's fundamentals as strong and that view has been boosted by the positive reception given to Manuel's maiden budget.</p>
<p>An easing of foreign exchange controls and promises to reign in spending all impressed investors and have led to a firm currency and strong bond market.</p>
<p>But trade at the start of next week is likely to be cautious with the close-out of March futures contract on Monday. Derivatives traders will be rushing to close their positions, leaving the share market open to extreme volatility.</p>
<p>&quot;People will be staying out of the market on Monday, apart from the futures traders,&quot; Scott said.</p>
<p>There are no major economic figures coming out next week, but several major companies are publishing financial results.</p>
<p>On Monday Anglo American Industrial Corp Ltd will reveal year results, followed on Wednesday by JCI Ltd's interim figures and Omnia Ltd's year numbers.</p>
<p>-- Johannesburg newsroom +27 11 482 1003</p>
</text>
<copyright>(c) Reuters Limited 1997</copyright>
<metadata>
<codes class="bip:countries:1.0">
  <code code="SAFR">
    <editdetail attribution="Reuters BIP Coding Group" action="confirmed" date="1997-03-14"/>
  </code>
</codes>
<codes class="bip:topics:1.0">
  <code code="M11">
    <editdetail attribution="Reuters BIP Coding Group" action="confirmed" date="1997-03-14"/>
  </code>
  <code code="MCAT">
    <editdetail attribution="Reuters BIP Coding Group" action="confirmed" date="1997-03-14"/>
  </code>
</codes>
<dc element="dc.date.created" value="1997-03-14"/>
<dc element="dc.publisher" value="Reuters Holdings Plc"/>
<dc element="dc.date.published" value="1997-03-14"/>
<dc element="dc.source" value="Reuters"/>
<dc element="dc.creator.location" value="JOHANNESBURG"/>
<dc element="dc.creator.location.country.name" value="SOUTH AFRICA"/>
<dc element="dc.source" value="Reuters"/>
</metadata>
</newsitem>
