<?xml version="1.0" encoding="iso-8859-1" ?>
<newsitem itemid="442160" id="root" date="1997-03-14" xml:lang="en">
<title>KENYA: Nairobi bourse index eases, market mixed.</title>
<headline>Nairobi bourse index eases, market mixed.</headline>
<dateline>NAIROBI 1997-03-14</dateline>
<text>
<p>The Nairobi Stock Exchange 20-share index eased marginally on Friday in a mixed market where prices on average held at very low levels, brokers said.</p>
<p>The index shed 9.96 points to close at 3392.25. Turnover was posted at 72.475 million shillings on 868,228 shares compared to 26.961 million shillings on 412,466 shares on Thursday.</p>
<p>Oil firm Total Kenya was the biggest decline, maintaining a downward trend seen the whole week. The share lost three shillings to close at 59.50.</p>
<p>&quot;There was a lot of selling pressure from investors disappointed by year-end results and most buyers were not willing to come up on the price,&quot; a bourse official said.</p>
<p>Other key shares in a downward posture were Uchumi Supermarket which closed at 38.25 from 40 and Diamond Trust Bank Kenya at 30.75 from 32.</p>
<p>Lonrho Motors gained 39 to close at 164.</p>
<p>&quot;Lonrho is the hot cake in the market right now,&quot; a senior broker said, adding that a bonus issue of two shares for every one share held and a final dividend of eight shillings had boosted demand for the share.</p>
<p>Kenya Commercial Bank adjusted after a loss of 4.0 seen on Thursday, to close at 97 from 93. Brokers had said the drop was temporary and not a reaction to year-end results released on Wednesday.</p>
<p>Barclays Bank traded at 120 on the one-hour hold special board, while Kenya Power &amp; Lighting was unchanged at 120.</p>
<p>Standard Chartered Bank closed at 46.25 from 46.50 while Kenya Airways eased to 8.50 from 8.60.</p>
<p>Rea Vipingo was unchanged at 10.</p>
<p>--Wambui Chege, Nairobi Newsroom ++254-2 330-261.</p>
</text>
<copyright>(c) Reuters Limited 1997</copyright>
<metadata>
<codes class="bip:countries:1.0">
  <code code="KENYA">
    <editdetail attribution="Reuters BIP Coding Group" action="confirmed" date="1997-03-14"/>
  </code>
</codes>
<codes class="bip:topics:1.0">
  <code code="M11">
    <editdetail attribution="Reuters BIP Coding Group" action="confirmed" date="1997-03-14"/>
  </code>
  <code code="MCAT">
    <editdetail attribution="Reuters BIP Coding Group" action="confirmed" date="1997-03-14"/>
  </code>
</codes>
<dc element="dc.date.created" value="1997-03-14"/>
<dc element="dc.publisher" value="Reuters Holdings Plc"/>
<dc element="dc.date.published" value="1997-03-14"/>
<dc element="dc.source" value="Reuters"/>
<dc element="dc.creator.location" value="NAIROBI"/>
<dc element="dc.creator.location.country.name" value="KENYA"/>
<dc element="dc.source" value="Reuters"/>
</metadata>
</newsitem>
