<?xml version="1.0" encoding="iso-8859-1" ?>
<newsitem itemid="442163" id="root" date="1997-03-14" xml:lang="en">
<title>KENYA: Kenya shilling stable vs dlr, drop likely.</title>
<headline>Kenya shilling stable vs dlr, drop likely.</headline>
<dateline>NAIROBI 1997-03-14</dateline>
<text>
<p>The Kenyan shilling held steady against the dollar on Friday in a matched market and the central bank governor hinted at marginal losses in coming days.</p>
<p>&quot;We are conscious of the fact that the recent trends in the shilling exchange rate may be hurting exporters,&quot; Governor Micah Cheserem said in a speech at a horticulture exhibition.</p>
<p>&quot;We at the central bank would therefore have no objection to a progressive movement in the shilling exchange rate to levels acceptable to both importers and exporters as long as the movement is in response to economic fundamentals,&quot; he added.</p>
<p>Cheserem emphasised that any action taken by the central bank to align the shilling exchange rate or ease the high level of interest rates should not generate inflationary pressures.</p>
<p>He said central bank policy was to let the shilling exchange rate be determined by market forces of demand and supply.</p>
<p>The Central Bank of Kenya posted a shilling mean rate of 54.93 unchanged for the fourth day, while against the pound it was posted at a mean rate of 87.55 from 87.84 on Thursday.</p>
<p>&quot;A lot of the supply received from regular corporates was matched by demand from foreign investors who were in the market to buy treasury bills,&quot; a dealer told Reuters.</p>
<p>Dealers said with little incentive to trade, the shilling was set to remain stable in the short run.</p>
<p>Dealers have previously said the central bank was buying dollars to stem a shilling rise.</p>
<p>The money market was liquid with overnight rates quoted below 10 percent compared to 8-13 percent on Thursday.</p>
<p>--Manoah Esipisu, Nairobi Newsroom ++254-2 330-261. REUTER ME</p>
</text>
<copyright>(c) Reuters Limited 1997</copyright>
<metadata>
<codes class="bip:countries:1.0">
  <code code="KENYA">
    <editdetail attribution="Reuters BIP Coding Group" action="confirmed" date="1997-03-14"/>
  </code>
</codes>
<codes class="bip:topics:1.0">
  <code code="M13">
    <editdetail attribution="Reuters BIP Coding Group" action="confirmed" date="1997-03-14"/>
  </code>
  <code code="M132">
    <editdetail attribution="Reuters BIP Coding Group" action="confirmed" date="1997-03-14"/>
  </code>
  <code code="MCAT">
    <editdetail attribution="Reuters BIP Coding Group" action="confirmed" date="1997-03-14"/>
  </code>
</codes>
<dc element="dc.date.created" value="1997-03-14"/>
<dc element="dc.publisher" value="Reuters Holdings Plc"/>
<dc element="dc.date.published" value="1997-03-14"/>
<dc element="dc.source" value="Reuters"/>
<dc element="dc.creator.location" value="NAIROBI"/>
<dc element="dc.creator.location.country.name" value="KENYA"/>
<dc element="dc.source" value="Reuters"/>
</metadata>
</newsitem>
