<?xml version="1.0" encoding="iso-8859-1" ?>
<newsitem itemid="442180" id="root" date="1997-03-14" xml:lang="en">
<title>SOUTH AFRICA: S.Africa Stals says budget paves way for rate cut.</title>
<headline>S.Africa Stals says budget paves way for rate cut.</headline>
<dateline>CAPE TOWN 1997-03-14</dateline>
<text>
<p>South African Reserve Bank Governor Chris Stals said on Friday that a tight 1997/98 budget paved the way for a possible cut in interest rates later this year.  </p>
<p>&quot;Just about everything in this budget moved in the right direction to make monetary policy easier,&quot; he told parliament's finance committee.</p>
<p>Stals said the reduction in the budget deficit as a percentage of GDP to four percent from over five percent and the actual fall in the gross borrowing requirement to 36.85 billion rand from 41.02 billion would help considerably in cutting government demands on the market.</p>
<p>&quot;This is certainly going to reduce the total demand for funds in the market. There will be more funds available for private sector economic development, therefore there will be less demand for bank credit and in the whole process less pressure on interest rates.&quot;</p>
<p>But Stals said he remained concerned that government was still dissaving and the deficit before borrowing needed to be reduced to around two percent of GDP to equal capital expenditure.</p>
<p>-- Parliamentary newsroom +27 21 403 2502</p>
</text>
<copyright>(c) Reuters Limited 1997</copyright>
<metadata>
<codes class="bip:countries:1.0">
  <code code="SAFR">
    <editdetail attribution="Reuters BIP Coding Group" action="confirmed" date="1997-03-14"/>
  </code>
</codes>
<codes class="bip:topics:1.0">
  <code code="E12">
    <editdetail attribution="Reuters BIP Coding Group" action="confirmed" date="1997-03-14"/>
  </code>
  <code code="E21">
    <editdetail attribution="Reuters BIP Coding Group" action="confirmed" date="1997-03-14"/>
  </code>
  <code code="E211">
    <editdetail attribution="Reuters BIP Coding Group" action="confirmed" date="1997-03-14"/>
  </code>
  <code code="ECAT">
    <editdetail attribution="Reuters BIP Coding Group" action="confirmed" date="1997-03-14"/>
  </code>
</codes>
<dc element="dc.date.created" value="1997-03-14"/>
<dc element="dc.publisher" value="Reuters Holdings Plc"/>
<dc element="dc.date.published" value="1997-03-14"/>
<dc element="dc.source" value="Reuters"/>
<dc element="dc.creator.location" value="CAPE TOWN"/>
<dc element="dc.creator.location.country.name" value="SOUTH AFRICA"/>
<dc element="dc.source" value="Reuters"/>
</metadata>
</newsitem>
