<?xml version="1.0" encoding="iso-8859-1" ?>
<newsitem itemid="442174" id="root" date="1997-03-14" xml:lang="en">
<title>CONGO: Police disperse Congo students with teargas.</title>
<headline>Police disperse Congo students with teargas.</headline>
<dateline>BRAZZAVILLE 1997-03-14</dateline>
<text>
<p>Police dispersed protesting students with teargas in Congo's capital Brazzaville on Friday after they gathered in the arts faculty to demand that the government pay grant arrears, witnesses said.</p>
<p>Police detained a handful of students on suspicion of organising the demonstration and deployed around the university to prevent further protests.</p>
<p>President Pascal Lissouba, who faces presidential elections in July, met student representatives on Thursday to discuss their grievances. The arrears date back over a year.</p>
<p>Brazzaville's Marien Ngouabi University has 20,000 students. Classes were suspended pending a return to normal.</p>
</text>
<copyright>(c) Reuters Limited 1997</copyright>
<metadata>
<codes class="bip:countries:1.0">
  <code code="CONGO">
    <editdetail attribution="Reuters BIP Coding Group" action="confirmed" date="1997-03-14"/>
  </code>
</codes>
<codes class="bip:topics:1.0">
  <code code="GCAT">
    <editdetail attribution="Reuters BIP Coding Group" action="confirmed" date="1997-03-14"/>
  </code>
  <code code="GVIO">
    <editdetail attribution="Reuters BIP Coding Group" action="confirmed" date="1997-03-14"/>
  </code>
</codes>
<dc element="dc.date.created" value="1997-03-14"/>
<dc element="dc.publisher" value="Reuters Holdings Plc"/>
<dc element="dc.date.published" value="1997-03-14"/>
<dc element="dc.source" value="Reuters"/>
<dc element="dc.creator.location" value="BRAZZAVILLE"/>
<dc element="dc.creator.location.country.name" value="CONGO"/>
<dc element="dc.source" value="Reuters"/>
</metadata>
</newsitem>
