<?xml version="1.0" encoding="iso-8859-1" ?>
<newsitem itemid="442131" id="root" date="1997-03-14" xml:lang="en">
<title>CANADA: Canadian oilseeds weekly crushing data - March 12.</title>
<headline>Canadian oilseeds weekly crushing data - March 12.</headline>
<dateline>WINNIPEG 1997-03-14</dateline>
<text>
<p>Canadian Oilseed Processors Association weekly summary of member crushing, in tonnes -</p>
<p>WEEK ENDING	  CANOLA    SOYBEANS</p>
<p>March 12	     57,215    27,610</p>
<p>change prv week    +3.2 pct -12.3 pct</p>
<p>March 5		55,417    31,493</p>
<p>February 26	  48,505    36,679</p>
<p>February 19	  53,091    30,467</p>
<p>February 12	  57,365    31,919</p>
<p>Aug 1 to date   1,658,444   887,851</p>
<p>-- Note: COPA consists of Archer Daniels Midland Co, CanAmera Foods, Canbra Foods Ltd and Northern Lite Canola Inc with crush data also provided by Cargill Ltd, the Canadian unit of Minnesota-based Cargill Inc. -- R=revised.</p>
<p>((Gilbert Le Gras 204 947 3548))</p>
</text>
<copyright>(c) Reuters Limited 1997</copyright>
<metadata>
<codes class="bip:countries:1.0">
  <code code="CANA">
    <editdetail attribution="Reuters BIP Coding Group" action="confirmed" date="1997-03-14"/>
  </code>
</codes>
<codes class="bip:topics:1.0">
  <code code="M14">
    <editdetail attribution="Reuters BIP Coding Group" action="confirmed" date="1997-03-14"/>
  </code>
  <code code="M141">
    <editdetail attribution="Reuters BIP Coding Group" action="confirmed" date="1997-03-14"/>
  </code>
  <code code="MCAT">
    <editdetail attribution="Reuters BIP Coding Group" action="confirmed" date="1997-03-14"/>
  </code>
</codes>
<dc element="dc.date.created" value="1997-03-14"/>
<dc element="dc.publisher" value="Reuters Holdings Plc"/>
<dc element="dc.date.published" value="1997-03-14"/>
<dc element="dc.source" value="Reuters"/>
<dc element="dc.creator.location" value="WINNIPEG"/>
<dc element="dc.creator.location.country.name" value="CANADA"/>
<dc element="dc.source" value="Reuters"/>
</metadata>
</newsitem>
