<?xml version="1.0" encoding="iso-8859-1" ?>
<newsitem itemid="442109" id="root" date="1997-03-14" xml:lang="en">
<title>UK: Markets on U.S interest rate alert next week.</title>
<headline>Markets on U.S interest rate alert next week.</headline>
<byline>Jennifer Scott</byline>
<dateline>LONDON 1997-03-14</dateline>
<text>
<p>Financial markets will scour key U.S. price data in the coming week, eager for clues on the timing of the next U.S. rate rise, economists said on Friday.</p>
<p>But a wealth of British data, a possible firm date for the British election and the German Ifo survey and M3 figures, will provide plenty of domestic fodder for European markets too.</p>
<p>&quot;Markets remain on interest rate alert,&quot; said Nick Stamenkovic, international economist at DKB International here.</p>
<p>&quot;We've got key U.S. CPI figures on Wednesday, and in view of (last) Thursday's strong retail sales data...if we see any sign of inflationary pressures, then that will increase the risk of the Fed moving at the March FOMC (Federal Open Market Committee).&quot;</p>
<p>U.S. February consumer price data, due 1330 GMT on Wednesday, are expected to show a modest monthly rise.</p>
<p>&quot;We expect it to be bond market friendly, but any bad news will increase the chances of a rate hike,&quot; Stamenkovic added.</p>
<p>The U.S. Federal Open Market Committee is due to meet on March 25.</p>
<p>Economists are divided over the chances of an interest rate rise, but agree the coming week's figures will help shape expectations.</p>
<p>&quot;The CPI data are hugely important because any indication of an acceleration there will be seen as increasing the likelihood of a rate hike,&quot; said Bank America senior economic adviser Jeremy Hawkins.</p>
<p>He said he expected the CPI to be moderate, but added U.S. housing starts, due on Tuesday, would show a bounce.</p>
<p>&quot;There's an ongoing dichotomy between the real side numbers and the inflation figures in the U.S.,&quot; said Hawkins.</p>
<p>&quot;It's a case of whether the Fed will tighten pre-emptively or wait for the inflation numbers to deteriorate first.&quot;</p>
<p>Markets will glean further clues on the Fed's intentions on Thursday when Greenspan testifies to the joint economic committe on Fed policy.</p>
<p>&quot;We expect him to reiterate his message from the Humphrey Hawkins testimony, and suggest risks to inflation remain on the upside,&quot; said Stamenkovic. &quot;The Fed are prepared to raise rates but they need something to hang that on.&quot;</p>
<p>While European debt markets will be dictated largely by U.S. interest rate sentiment, events closer to home will also garner some attention, economists said. &quot;Germany's Ifo survey could underpin Bunds and be negative for Spain and Italy,&quot; said Phyllis Reed, European bond strategist at BZW.</p>
<p>&quot;If the numbers are even marginally weaker than expected, it will open up the question of whether the single currency can go ahead.&quot; The IFO report is expected to be released on Thursday.</p>
<p>A wealth of data from Britain combined with growing speculation that Prime Minister John Major is on the verge of naming the election day will also keep gilts on their toes.</p>
<p>&quot;The initial reaction (to the election date) will be interesting,&quot; said Reed. &quot;If the (gilt) market doesn't go down, you could see a number of investors looking to buy.&quot;</p>
<p>UK January average earnings and unit wage costs plus February unemployment and retail sales data are due on Wednesday, followed by February retail price data on Thursday.</p>
<p>&quot;Next week's data should reinforce the Chancellor's hand,&quot; said Stamenkovic. &quot;Wage pressure will remain subdued and inflation data should show the chances of the government hitting its inflation target by early summer increasing.&quot;</p>
</text>
<copyright>(c) Reuters Limited 1997</copyright>
<metadata>
<codes class="bip:countries:1.0">
  <code code="UK">
    <editdetail attribution="Reuters BIP Coding Group" action="confirmed" date="1997-03-14"/>
  </code>
  <code code="USA">
    <editdetail attribution="Reuters BIP Coding Group" action="confirmed" date="1997-03-14"/>
  </code>
</codes>
<codes class="bip:topics:1.0">
  <code code="E12">
    <editdetail attribution="Reuters BIP Coding Group" action="confirmed" date="1997-03-14"/>
  </code>
  <code code="ECAT">
    <editdetail attribution="Reuters BIP Coding Group" action="confirmed" date="1997-03-14"/>
  </code>
  <code code="MCAT">
    <editdetail attribution="Reuters BIP Coding Group" action="confirmed" date="1997-03-14"/>
  </code>
</codes>
<dc element="dc.date.created" value="1997-03-14"/>
<dc element="dc.publisher" value="Reuters Holdings Plc"/>
<dc element="dc.date.published" value="1997-03-14"/>
<dc element="dc.source" value="Reuters"/>
<dc element="dc.creator.location" value="LONDON"/>
<dc element="dc.creator.location.country.name" value="UK"/>
<dc element="dc.source" value="Reuters"/>
</metadata>
</newsitem>
