<?xml version="1.0" encoding="iso-8859-1" ?>
<newsitem itemid="442198" id="root" date="1997-03-14" xml:lang="en">
<title>SOUTH AFRICA: S.African average T-Bill rate 15.82 pct.</title>
<headline>S.African average T-Bill rate 15.82 pct.</headline>
<dateline>PRETORIA 1997-03-14</dateline>
<text>
<p>The average discount rate for South African three-month Treasury Bills was unchanged at 15.82 percent at the latest weekly tender, the Reserve Bank said.</p>
<p>Applications for the 700 million rand of bills on offer totalled 1.733 billion rand. The average price was 96.055 rand percent.</p>
<p>The average rate for six-month bills was 15.08 percent from 15.10 percent. Applications for the 200 million rand of bills on offer totalled 745 million rand. The average price was 92.480 rand percent.</p>
</text>
<copyright>(c) Reuters Limited 1997</copyright>
<metadata>
<codes class="bip:countries:1.0">
  <code code="SAFR">
    <editdetail attribution="Reuters BIP Coding Group" action="confirmed" date="1997-03-14"/>
  </code>
</codes>
<codes class="bip:topics:1.0">
  <code code="M13">
    <editdetail attribution="Reuters BIP Coding Group" action="confirmed" date="1997-03-14"/>
  </code>
  <code code="M131">
    <editdetail attribution="Reuters BIP Coding Group" action="confirmed" date="1997-03-14"/>
  </code>
  <code code="MCAT">
    <editdetail attribution="Reuters BIP Coding Group" action="confirmed" date="1997-03-14"/>
  </code>
</codes>
<dc element="dc.date.created" value="1997-03-14"/>
<dc element="dc.publisher" value="Reuters Holdings Plc"/>
<dc element="dc.date.published" value="1997-03-14"/>
<dc element="dc.source" value="Reuters"/>
<dc element="dc.creator.location" value="PRETORIA"/>
<dc element="dc.creator.location.country.name" value="SOUTH AFRICA"/>
<dc element="dc.source" value="Reuters"/>
</metadata>
</newsitem>
