<?xml version="1.0" encoding="iso-8859-1" ?>
<newsitem itemid="442172" id="root" date="1997-03-14" xml:lang="en">
<title>MAURITIUS: Mauritius rupee weakens against dollar and pound.</title>
<headline>Mauritius rupee weakens against dollar and pound.</headline>
<dateline>PORT LOUIS 1997-03-14</dateline>
<text>
<p>The Mauritian rupee weakened against the dollar and pound on Friday, dealers said.</p>
<p>The rupee weakened to a mean commercial rate of 20.1910 against the dollar from 20.0885 on Thursday. The rupee traded at a mean of 32.180 for one pound from 32.130 on Thursday.</p>
<p>Dealers said the softer rupee was a result of dollar strength overnight in international markets.</p>
<p>&quot;Forex reserves in some banks are getting a little short. This is also putting a slight weakening pressure on the rupee,&quot; one dealer said.</p>
<p>The dealer blamed the slight shortage in commercial banks to forex demand from importers starting to exceed hard currency inflows from the island's main export sectors.</p>
<p>The central bank was seen selling dollars in the interbank forex market last Monday to relieve the slight shortage situation, dealers said.</p>
<p>More forex inflows to banks took place last Tuesday with a Mauritius Sugar Syndicate tender sale of pounds obtained from the island's sugar export proceeds.</p>
</text>
<copyright>(c) Reuters Limited 1997</copyright>
<metadata>
<codes class="bip:countries:1.0">
  <code code="MAURTS">
    <editdetail attribution="Reuters BIP Coding Group" action="confirmed" date="1997-03-14"/>
  </code>
</codes>
<codes class="bip:topics:1.0">
  <code code="M13">
    <editdetail attribution="Reuters BIP Coding Group" action="confirmed" date="1997-03-14"/>
  </code>
  <code code="M132">
    <editdetail attribution="Reuters BIP Coding Group" action="confirmed" date="1997-03-14"/>
  </code>
  <code code="MCAT">
    <editdetail attribution="Reuters BIP Coding Group" action="confirmed" date="1997-03-14"/>
  </code>
</codes>
<dc element="dc.date.created" value="1997-03-14"/>
<dc element="dc.publisher" value="Reuters Holdings Plc"/>
<dc element="dc.date.published" value="1997-03-14"/>
<dc element="dc.source" value="Reuters"/>
<dc element="dc.creator.location" value="PORT LOUIS"/>
<dc element="dc.creator.location.country.name" value="MAURITIUS"/>
<dc element="dc.source" value="Reuters"/>
</metadata>
</newsitem>
