<?xml version="1.0" encoding="iso-8859-1" ?>
<newsitem itemid="442175" id="root" date="1997-03-14" xml:lang="en">
<title>SOUTH AFRICA: FORECAST - Coal seen fuelling JCI H1 shr.</title>
<headline>FORECAST - Coal seen fuelling JCI H1 shr.</headline>
<byline>Ellis Mnyandu</byline>
<dateline>JOHANNESBURG 1997-03-14</dateline>
<text>
<p>Better coal prices on world markets and a weaker currency are likely to pull up South African mining house JCI Ltd's interim profits, countering some of the dullness from gold operations, analysts said on Friday.</p>
<p>They said that the rand's weakness last year swelled unlisted coal unit Tavistok's export income.</p>
<p>&quot;It's been quite a good year. The coal side will be much stronger because the coal prices have been up and the rand has been weaker,&quot; said an analyst who asked not to be identified.</p>
<p>Analysts polled by Reuters forecast earnings per share in a range of 112 t0 130 cents with consensus at 124 cents per share, up from 85 cents previously.</p>
<p>The dividend was seen between 24 and 35 cents a share with consensus at 29.6 cents compared to 24 cents a year ago.</p>
<p>JCI reports results for the period ended December 31 on Wednesday.</p>
<p>Analysts said JCI's coal division was likely to contribute about 28 percent to the overall first half earnings.</p>
<p>But not everything looked jolly.</p>
<p>A stunted bullion price would hit profits in gold operations whose earlier glee over a much weaker rand bringing in richer rand gold prices appeared now over, analysts said.</p>
<p>The rand was last bid at 4.4360 on the dollar.</p>
<p>&quot;Their gold earnings will be lower, pretty much flat because the rand gold price has been weaker,&quot; one analyst said.</p>
<p>The bullion price was last bid at $352.70 an ounce.</p>
<p>Nick Goodwin, mining financials analyst at Fedsure Asset Management Ltd said that he saw even worse woes ahead for JCI's gold mining stable, with the gold price looking unable to bounce over the next couple of months.</p>
<p>&quot;Not a whole lot has happened in 1996. But there has really been no growth I would say,&quot; he told Reuters.</p>
<p>&quot;In the second half gold is going to be worse, chrome will be about the same and coal will be down. The gold price is down quite a bit from last year. I think it's going lower,&quot; he added.</p>
<p>Nevertheless, JCI's gold mining stable -- Randfontein Estates, H.J. Joel Mining Co Ltd and Western Areas -- did increase profit by 17 percent to 128.24 million rand in the three months to end-September 1996.</p>
<p>Analysts said that the sale of Anglo American Corp's 34.9 stake in JCI to black business consortium African Mining Group (AMG) -- a deal yet to be concluded -- for 2.9 billion rand ($654m) would not affect JCI's first half results.</p>
<p>The consortium has until May 2, to raise the funding to close the deal which would give black business its first significant stake in the South African mining industry.</p>
<p>&quot;The deal should not affect results. Operations carry on and, on the ground, nothing has changed,&quot; an analyst commented.</p>
<p>-- Johannesburg newsroom +27 11 482 1003</p>
</text>
<copyright>(c) Reuters Limited 1997</copyright>
<metadata>
<codes class="bip:countries:1.0">
  <code code="SAFR">
    <editdetail attribution="Reuters BIP Coding Group" action="confirmed" date="1997-03-14"/>
  </code>
</codes>
<codes class="bip:industries:1.0">
  <code code="I21000">
    <editdetail attribution="Reuters BIP Coding Group" action="confirmed" date="1997-03-14"/>
  </code>
  <code code="I83960">
    <editdetail attribution="Reuters BIP Coding Group" action="confirmed" date="1997-03-14"/>
  </code>
</codes>
<codes class="bip:topics:1.0">
  <code code="C15">
    <editdetail attribution="Reuters BIP Coding Group" action="confirmed" date="1997-03-14"/>
  </code>
  <code code="C152">
    <editdetail attribution="Reuters BIP Coding Group" action="confirmed" date="1997-03-14"/>
  </code>
  <code code="CCAT">
    <editdetail attribution="Reuters BIP Coding Group" action="confirmed" date="1997-03-14"/>
  </code>
</codes>
<dc element="dc.date.created" value="1997-03-14"/>
<dc element="dc.publisher" value="Reuters Holdings Plc"/>
<dc element="dc.date.published" value="1997-03-14"/>
<dc element="dc.source" value="Reuters"/>
<dc element="dc.creator.location" value="JOHANNESBURG"/>
<dc element="dc.creator.location.country.name" value="SOUTH AFRICA"/>
<dc element="dc.source" value="Reuters"/>
</metadata>
</newsitem>
