<?xml version="1.0" encoding="iso-8859-1" ?>
<newsitem itemid="442166" id="root" date="1997-03-14" xml:lang="en">
<title>SOUTH AFRICA: Liberty Investors ups yr shr, div.</title>
<headline>Liberty Investors ups yr shr, div.</headline>
<dateline>JOHANNESBURG 1997-03-14</dateline>
<text>
<p>Year ended Feb 28, 1997</p>
<p>			(million rand unless stated)</p>
<p>    Shr, attrib (cts)	     110.3     vs    88.2</p>
<p>    Div (cts)	  31.0 making 52.0     vs    41.0</p>
<p>    Attrib income		  247.94     vs    189.26</p>
<p>Div payable Arpil 4</p>
<p>on register February 28</p>
<p>Full name: Liberty Investors Ltd</p>
<p>-- Johannesburg newsroom +27 11 482 1003</p>
</text>
<copyright>(c) Reuters Limited 1997</copyright>
<metadata>
<codes class="bip:countries:1.0">
  <code code="SAFR">
    <editdetail attribution="Reuters BIP Coding Group" action="confirmed" date="1997-03-14"/>
  </code>
</codes>
<codes class="bip:industries:1.0">
  <code code="I82002">
    <editdetail attribution="Reuters BIP Coding Group" action="confirmed" date="1997-03-14"/>
  </code>
</codes>
<codes class="bip:topics:1.0">
  <code code="C15">
    <editdetail attribution="Reuters BIP Coding Group" action="confirmed" date="1997-03-14"/>
  </code>
  <code code="C151">
    <editdetail attribution="Reuters BIP Coding Group" action="confirmed" date="1997-03-14"/>
  </code>
  <code code="C1511">
    <editdetail attribution="Reuters BIP Coding Group" action="confirmed" date="1997-03-14"/>
  </code>
  <code code="CCAT">
    <editdetail attribution="Reuters BIP Coding Group" action="confirmed" date="1997-03-14"/>
  </code>
</codes>
<dc element="dc.date.created" value="1997-03-14"/>
<dc element="dc.publisher" value="Reuters Holdings Plc"/>
<dc element="dc.date.published" value="1997-03-14"/>
<dc element="dc.source" value="Reuters"/>
<dc element="dc.creator.location" value="JOHANNESBURG"/>
<dc element="dc.creator.location.country.name" value="SOUTH AFRICA"/>
<dc element="dc.source" value="Reuters"/>
</metadata>
</newsitem>
