<?xml version="1.0" encoding="iso-8859-1" ?>
<newsitem itemid="442187" id="root" date="1997-03-14" xml:lang="en">
<title>ZAMBIA: New ZCCM owners will inherit $580 mln debt.</title>
<headline>New ZCCM owners will inherit $580 mln debt.</headline>
<dateline>LUSAKA 1997-03-14</dateline>
<text>
<p>The new owners of Zambia Consolidated Copper Mines (ZCCM), due to be privatised soon, will inherit the company's debts of around $580 million, the Zambia Privatisation Agency (ZPA) said on Friday.</p>
<p>&quot;The company has long-term debts totalling 437 billion kwacha ($338.5 million) and short-term debts totalling 337 billion kwacha,&quot; a ZPA official said.</p>
<p>&quot;The debts will be allocated to the various investors during privatisation negotiations,&quot; the official added.</p>
<p>Companies bidding for ZCCM assets, to be sold under 10 packages, include an Avmin-led consortium, Phelps Dodge Corp, Noranda Inc, Commonwealth Development Corp, Straits Resources Ltd and the Binani Group.</p>
<p>Bids for the company's assets were opened on February 28 and the government expects to conclude negotiations with successful bidders by the end of the year.</p>
<p>-- Lusaka newsroom +2601 222 689 ($ = 1291 Zambian Kwacha)</p>
</text>
<copyright>(c) Reuters Limited 1997</copyright>
<metadata>
<codes class="bip:countries:1.0">
  <code code="ZAMBIA">
    <editdetail attribution="Reuters BIP Coding Group" action="confirmed" date="1997-03-14"/>
  </code>
</codes>
<codes class="bip:industries:1.0">
  <code code="I21000">
    <editdetail attribution="Reuters BIP Coding Group" action="confirmed" date="1997-03-14"/>
  </code>
  <code code="I22460">
    <editdetail attribution="Reuters BIP Coding Group" action="confirmed" date="1997-03-14"/>
  </code>
</codes>
<codes class="bip:topics:1.0">
  <code code="C17">
    <editdetail attribution="Reuters BIP Coding Group" action="confirmed" date="1997-03-14"/>
  </code>
  <code code="C18">
    <editdetail attribution="Reuters BIP Coding Group" action="confirmed" date="1997-03-14"/>
  </code>
  <code code="C181">
    <editdetail attribution="Reuters BIP Coding Group" action="confirmed" date="1997-03-14"/>
  </code>
  <code code="C183">
    <editdetail attribution="Reuters BIP Coding Group" action="confirmed" date="1997-03-14"/>
  </code>
  <code code="CCAT">
    <editdetail attribution="Reuters BIP Coding Group" action="confirmed" date="1997-03-14"/>
  </code>
</codes>
<dc element="dc.date.created" value="1997-03-14"/>
<dc element="dc.publisher" value="Reuters Holdings Plc"/>
<dc element="dc.date.published" value="1997-03-14"/>
<dc element="dc.source" value="Reuters"/>
<dc element="dc.creator.location" value="LUSAKA"/>
<dc element="dc.creator.location.country.name" value="ZAMBIA"/>
<dc element="dc.source" value="Reuters"/>
</metadata>
</newsitem>
