<?xml version="1.0" encoding="iso-8859-1" ?>
<newsitem itemid="442186" id="root" date="1997-03-14" xml:lang="en">
<title>SOUTH AFRICA: Demand good for S.African equity options seats.</title>
<headline>Demand good for S.African equity options seats.</headline>
<dateline>JOHANNESBURG 1997-03-14</dateline>
<text>
<p>There has been good demand for seats on South Africa's planned Equity Options Market as the deadline for applying for a place ends on Friday, a Johannesburg Stock Exchange spokeswoman said.</p>
<p>&quot;It has been a reasonably good response,&quot; she said.</p>
<p>The applications for 75 seats on the market -- to be known as EOM -- will now be presented to the Johannesburg Stock Exchange's (JSE) executive committee and a statement will be made on Monday.</p>
<p>EOM is planned for launch in October and will list standardised American style scrip-settled call and put options on the equities underlying the ALSI40, GLDI10, INDI25 and FINDI30 indices.</p>
<p>This will provide traded options on around 50 blue chip stocks.</p>
<p>Trading is to be initially conducted on a screen and telephone basis before moving to an automated system at a later date.</p>
<p>The seats cost 85,000 rand each and industry sources said some financial insitutions had asked for an extension to the deadline as they were still considering whether to join the market.</p>
<p>The issue is to be considered at the executive committee meeting on Monday, the sources said.</p>
<p>-- Paul Harris, Johannesburg newsroom +27 11 482 1003</p>
</text>
<copyright>(c) Reuters Limited 1997</copyright>
<metadata>
<codes class="bip:countries:1.0">
  <code code="SAFR">
    <editdetail attribution="Reuters BIP Coding Group" action="confirmed" date="1997-03-14"/>
  </code>
</codes>
<codes class="bip:topics:1.0">
  <code code="M11">
    <editdetail attribution="Reuters BIP Coding Group" action="confirmed" date="1997-03-14"/>
  </code>
  <code code="MCAT">
    <editdetail attribution="Reuters BIP Coding Group" action="confirmed" date="1997-03-14"/>
  </code>
</codes>
<dc element="dc.date.created" value="1997-03-14"/>
<dc element="dc.publisher" value="Reuters Holdings Plc"/>
<dc element="dc.date.published" value="1997-03-14"/>
<dc element="dc.source" value="Reuters"/>
<dc element="dc.creator.location" value="JOHANNESBURG"/>
<dc element="dc.creator.location.country.name" value="SOUTH AFRICA"/>
<dc element="dc.source" value="Reuters"/>
</metadata>
</newsitem>
