<?xml version="1.0" encoding="iso-8859-1" ?>
<newsitem itemid="442145" id="root" date="1997-03-14" xml:lang="en">
<title>ANGOLA: Angolan govt supporting Zaire rebels - diplomats.</title>
<headline>Angolan govt supporting Zaire rebels - diplomats.</headline>
<dateline>LUANDA 1997-03-14</dateline>
<text>
<p>The Angolan government is sending exiled Zairean Katangese rebels back home to join in the fight to overthrow veteran President Mobutu Seso Seko, diplomatic sources said on Friday.</p>
<p>&quot;We all know that the government has sent the Katangese back to Zaire to fight with the rebels,&quot; said an African diplomat who asked not to be identified.</p>
<p>&quot;The Angolan government may be saying publicly they do not have any troops in Zaire, but the fact is they are flying transport planes with these Katangese aboard out of bases around Luanda to Zaire.&quot;</p>
<p>Angolan army spokesman Brigadier Jose Manuel Jota denied any Angolan involvement in the Zairean fighting, where rebels have taken control of at least one-fifth of the country after a campaign starting last October.</p>
<p>The Katangese rebels fought failed secessionist wars in Zaire's southern Shaba province against Mobutu in the 1960s and 1970s. Many left for Angola after they were defeated, where some joined the military.</p>
<p>&quot;There are a number of Angolan military units made up entirely of Katangese. These are the ones who have been sent over to help out the rebels,&quot; another African diplomat said.</p>
<p>Western diplomats said a number of senior Angolan government officials, while outwardly denying any involvement in the Zairean conflict, were supporting the rebels who have been fighting in the east of the country since October last year.</p>
<p>They said the strife was seen as an opportunity to strike back at Mobutu for his support of parties opposed to the Angolan government.</p>
<p>&quot;Several people in the Angolan military have come to us and said there is this group in the upper circles of the government and in the military that want to punish Zaire for its past support of the FNLA (National Front for the Liberation of Angola) and UNITA,&quot; one diplomat said.</p>
<p>The FNLA was an early independence group and UNITA a rebel movement which fought a long civil war against the government.</p>
<p>Diplomats and military analysts in Luanda estimate that Kantagese living in Angola number &quot;in the thousands&quot;.</p>
<p>One diplomat said flights had initially left from Luanda but were later moved to an airbase south of the city called Cabo Ledo. Another diplomat said Katangese had also been moved back to Zaire from a government base at Saurimo, in Lunda Sul Province.</p>
</text>
<copyright>(c) Reuters Limited 1997</copyright>
<metadata>
<codes class="bip:countries:1.0">
  <code code="ANGOL">
    <editdetail attribution="Reuters BIP Coding Group" action="confirmed" date="1997-03-14"/>
  </code>
  <code code="ZAIRE">
    <editdetail attribution="Reuters BIP Coding Group" action="confirmed" date="1997-03-14"/>
  </code>
</codes>
<codes class="bip:topics:1.0">
  <code code="GCAT">
    <editdetail attribution="Reuters BIP Coding Group" action="confirmed" date="1997-03-14"/>
  </code>
  <code code="GDIP">
    <editdetail attribution="Reuters BIP Coding Group" action="confirmed" date="1997-03-14"/>
  </code>
  <code code="GVIO">
    <editdetail attribution="Reuters BIP Coding Group" action="confirmed" date="1997-03-14"/>
  </code>
</codes>
<dc element="dc.date.created" value="1997-03-14"/>
<dc element="dc.publisher" value="Reuters Holdings Plc"/>
<dc element="dc.date.published" value="1997-03-14"/>
<dc element="dc.source" value="Reuters"/>
<dc element="dc.creator.location" value="LUANDA"/>
<dc element="dc.creator.location.country.name" value="ANGOLA"/>
<dc element="dc.source" value="Reuters"/>
</metadata>
</newsitem>
