<?xml version="1.0" encoding="iso-8859-1" ?>
<newsitem itemid="442103" id="root" date="1997-03-14" xml:lang="en">
<title>UK: BA's says problem solved on Boeing 777s.</title>
<headline>BA's says problem solved on Boeing 777s.</headline>
<dateline>LONDON 1997-03-14</dateline>
<text>
<p>British Airways Plc said on Friday that it expects to put its new Boeing 777 twinjet aircraft back on transatlantic service within the next 10 days, after solving engine &quot;teething problems&quot;.</p>
<p>The airline said it had moved the three twinjets off long range operations over water onto European and middle eastern routes at the beginning of March after engineers suspected there had been excessive wear in some gearbox bearings in the General Electric GE-90 engines.</p>
<p>&quot;We took a decision to withdraw them from transatlantic routes as a precaution because of some teething problems,&quot; a spokesman said. &quot;A solution for this has been identified by our engineers and is being implemented to have them back in extended range operation within the next 10 days.&quot;</p>
<p>-- London Newsroom +44 171 542 7717</p>
</text>
<copyright>(c) Reuters Limited 1997</copyright>
<metadata>
<codes class="bip:countries:1.0">
  <code code="UK">
    <editdetail attribution="Reuters BIP Coding Group" action="confirmed" date="1997-03-14"/>
  </code>
</codes>
<codes class="bip:industries:1.0">
  <code code="I34000">
    <editdetail attribution="Reuters BIP Coding Group" action="confirmed" date="1997-03-14"/>
  </code>
  <code code="I36400">
    <editdetail attribution="Reuters BIP Coding Group" action="confirmed" date="1997-03-14"/>
  </code>
  <code code="I3640010">
    <editdetail attribution="Reuters BIP Coding Group" action="confirmed" date="1997-03-14"/>
  </code>
  <code code="I75000">
    <editdetail attribution="Reuters BIP Coding Group" action="confirmed" date="1997-03-14"/>
  </code>
</codes>
<codes class="bip:topics:1.0">
  <code code="C13">
    <editdetail attribution="Reuters BIP Coding Group" action="confirmed" date="1997-03-14"/>
  </code>
  <code code="C24">
    <editdetail attribution="Reuters BIP Coding Group" action="confirmed" date="1997-03-14"/>
  </code>
  <code code="CCAT">
    <editdetail attribution="Reuters BIP Coding Group" action="confirmed" date="1997-03-14"/>
  </code>
</codes>
<dc element="dc.date.created" value="1997-03-14"/>
<dc element="dc.publisher" value="Reuters Holdings Plc"/>
<dc element="dc.date.published" value="1997-03-14"/>
<dc element="dc.source" value="Reuters"/>
<dc element="dc.creator.location" value="LONDON"/>
<dc element="dc.creator.location.country.name" value="UK"/>
<dc element="dc.source" value="Reuters"/>
</metadata>
</newsitem>
