<?xml version="1.0" encoding="iso-8859-1" ?>
<newsitem itemid="442149" id="root" date="1997-03-14" xml:lang="en">
<title>NIGERIA: Nigerian share trade set to strengthen next week.</title>
<headline>Nigerian share trade set to strengthen next week.</headline>
<dateline>LAGOS 1997-03-14</dateline>
<text>
<p>The Nigerian stock market ended in an optimistic mood on Friday and traders said it was set to maintain the run next week.</p>
<p>The all-share index closed at 8140.50 from 8081.82 on Thursday.</p>
<p>Prices of equities remained on the rise as investors' appetite was unflagging, traders said.</p>
<p>&quot;Some of the gains are artificial, only subsisting because the market lacks depth and breadth,&quot; one told Reuters.</p>
<p>Bank shares were gaining from the market perception that they would capitalise to meet a new government directive asking all banks to raise their capital base nine-fold to 500 million naira.</p>
<p>While First Bank touched 16.45 naira on a 15 kobo gain, investors jostling for Union Bank shares paid an additional 40 kobo for it, to close at 14.20 naira.</p>
<p>Oil shares maintained their strong position on growing demand and Agip's full year result which saw profit steady.</p>
<p>Agip closed five kobo higher at 30.25 naira after announcing a 225.1 million naira profit after tax for the year to end-December 1996 against 220.1 million naira a year ago.</p>
<p>Unipetrol added 10 kobo to 75.10 naira, Texaco was 44.30 naira and National Oil ended at 60.00 naira, both rising by 30 kobo.</p>
<p>Computer and office equipment firms were depressed because sellers outnumbered buyers. Thomas Wyatt and WTN fell 10 kobo each to 4.90 naira and 6.45 naira, respectively.</p>
<p>Analysts said shares would remain strong, predicting a relatively trouble-free local government election on Saturday.</p>
<p>They said it was unlikely there would be a breach of security during the poll, which will show whether or not the military rulers are sincere about returning Nigeria to civil rule in 1998.</p>
<p>&quot;The reasons for the current bull run are still operating. As long as they are unchanged equities will remain hot cakes,&quot; analyst Ayo Odutayo, said.</p>
<p>($=85 naira)</p>
<p>-- Lagos newsroom +234 1 263 03 17 REUTER STR JIJ</p>
</text>
<copyright>(c) Reuters Limited 1997</copyright>
<metadata>
<codes class="bip:countries:1.0">
  <code code="NIGEA">
    <editdetail attribution="Reuters BIP Coding Group" action="confirmed" date="1997-03-14"/>
  </code>
</codes>
<codes class="bip:topics:1.0">
  <code code="M11">
    <editdetail attribution="Reuters BIP Coding Group" action="confirmed" date="1997-03-14"/>
  </code>
  <code code="MCAT">
    <editdetail attribution="Reuters BIP Coding Group" action="confirmed" date="1997-03-14"/>
  </code>
</codes>
<dc element="dc.date.created" value="1997-03-14"/>
<dc element="dc.publisher" value="Reuters Holdings Plc"/>
<dc element="dc.date.published" value="1997-03-14"/>
<dc element="dc.source" value="Reuters"/>
<dc element="dc.creator.location" value="LAGOS"/>
<dc element="dc.creator.location.country.name" value="NIGERIA"/>
<dc element="dc.source" value="Reuters"/>
</metadata>
</newsitem>
