<?xml version="1.0" encoding="iso-8859-1" ?>
<newsitem itemid="442147" id="root" date="1997-03-14" xml:lang="en">
<title>GHANA: Meningitis kills over 400 people in north Ghana.</title>
<headline>Meningitis kills over 400 people in north Ghana.</headline>
<dateline>ACCRA 1997-03-14</dateline>
<text>
<p>An outbreak of meningitis in northern Ghana has killed more than 400 people, mainly children, since the beginning of the year, health ministry figures showed.</p>
<p>Ghana is on the edge of a belt of countries across Sub-Saharan Africa traditionally ravaged by the disease at this time of year.</p>
<p>The ministry figures reported 3,757 cases in Upper-East, Upper-West and Northern Region, of which 411 had proved fatal.</p>
<p>A ministry official said two planes with medical staff and supplies had left for the northern town of Tamale on Friday.</p>
<p>The Dutch branch of Medecins Sans Frontieres said it had a plane with vaccines and medical staff in Accra waiting for permission to fly north.</p>
<p>Meningitis is an inflammation of the brain and spinal cord which torments arid regions of Africa during the dry season. Babies and young children are the main victims.</p>
<p>The World Health Organisation described 1996 as the worst year on record for meningitis in Africa, with around 150,000 reported cases and 16,000 deaths.</p>
<p>It said on March 7, that this year's epidemic had killed 1,506 people -- 724 of them in Burkina Faso. Benin, Gambia, Togo, Niger and Mali were among other nations hit this year.</p>
<p>Chad and Nigeria are among other countries in the region's meningitis belt, which extends from Senegal to Ethiopia. Health workers say the belt is moving south, in the absence of monitoring and vaccination campaigns.</p>
</text>
<copyright>(c) Reuters Limited 1997</copyright>
<metadata>
<codes class="bip:countries:1.0">
  <code code="GHANA">
    <editdetail attribution="Reuters BIP Coding Group" action="confirmed" date="1997-03-14"/>
  </code>
</codes>
<codes class="bip:topics:1.0">
  <code code="GCAT">
    <editdetail attribution="Reuters BIP Coding Group" action="confirmed" date="1997-03-14"/>
  </code>
  <code code="GHEA">
    <editdetail attribution="Reuters BIP Coding Group" action="confirmed" date="1997-03-14"/>
  </code>
</codes>
<dc element="dc.date.created" value="1997-03-14"/>
<dc element="dc.publisher" value="Reuters Holdings Plc"/>
<dc element="dc.date.published" value="1997-03-14"/>
<dc element="dc.source" value="Reuters"/>
<dc element="dc.creator.location" value="ACCRA"/>
<dc element="dc.creator.location.country.name" value="GHANA"/>
<dc element="dc.source" value="Reuters"/>
</metadata>
</newsitem>
