<?xml version="1.0" encoding="iso-8859-1" ?>
<newsitem itemid="442154" id="root" date="1997-03-14" xml:lang="en">
<title>ZAIRE: Kinshasa rejects Mobutu, upbeat on Kabila -- poll.</title>
<headline>Kinshasa rejects Mobutu, upbeat on Kabila -- poll.</headline>
<byline>William Wallis</byline>
<dateline>KINSHASA 1997-03-14</dateline>
<text>
<p>President Mobutu Sese Seko's popularity has plunged to a two-year low, five months after the start of the rebellion in the east, according to an opinion poll conducted in Zaire's sprawling capital Kinshasa.</p>
<p>The same poll, dismissed by critics as unrepresentative of the nation as a whole, showed over half those questioned had &quot;a good opinion&quot; of rebel leader Laurent Kabila -- but few said they would ever vote for him.</p>
<p>The Zaire-based consulting company, BERCI, which conducted the poll this month and describes itself as independent, said that almost 73 per cent of those questioned had a &quot;bad opinion&quot; of Zaire's ruler of 31 years.</p>
<p>&quot;President Mobutu's image has suffered considerable erosion. Those with a good opinion of Marshal Mobutu have gone from 29 percent in December to 13 percent in March,&quot; BERCI said.</p>
<p>Mobutu, 66, seized power in a 1965 military coup.</p>
<p>He is currently at his villa in the South of France. He had prostate cancer surgery in Switzerland in August and has spent most of his time in Europe since then. A prominent supporter predicted on Friday that he would return on Monday.</p>
<p>The poll said the majority of those questioned felt Mobutu had failed to deliver on a pledge made during a visit in December to resolve the crisis in the east. &quot;For almost 88 percent of those questioned, the head of state has not responded to the expectations raised during his speech,&quot; it said.</p>
<p>Critics said the capital, with a population estimated around five million, was a traditional hotbed of opposition to Mobutu, and not representative of nationwide opinion. Mobutu's support has traditionally been much stronger outside the capital.</p>
<p>Tutsi-led rebels who took up arms in October vowing to topple Mobutu hold a vaste swathe of eastern Zaire after meeting little resistance from the notoriously undisciplined army.</p>
<p>Only 13.6 percent of those polled believed that the army was capable of recapturing territory from the rebels.</p>
<p>Kabila, a native of the southern copper-rich province of Shaba, has seen his forces pile victory upon victory.</p>
<p>&quot;Almost 51 percent of those questioned have a good opinion of the rebel leader,&quot; the BERCI poll analysis said. &quot;Laurent Kabila constitutes the major beneficiary of Zairean public opinion for the actions by the Tutsi and Banyamulenge revolt.&quot;</p>
<p>Migrants from regions affected by the war had a lower opinion of him -- &quot;61 percent of natives of Bandundu trust Kabila, against 27 percent from Shaba, and 28 percent from upper Zaire, two regions suffering from the effects of the war.&quot;</p>
<p>BERCI first experimented with opinion polls in Kinshasa in 1991, but stopped political polling until 1995 after insecurity and army-led looting in the capital frightened interviewees.</p>
<p>Olivier Kamitatu, a BERCI director, said it funded political research from market research for Zaire-based businesses.</p>
<p>It conducts polls every two months with face-to-face interviews at home. It says its margin of error is one percent.</p>
<p>In March, it interviewed 1,000 people from 22 districs from a broad cross-section of society.</p>
<p>Only four percent of those questioned said they would vote for Kabila in presidential elections. Paradoxally 56.6 percent disapproved of armed struggle as a means of taking power.</p>
<p>The poll suggested radical opposition leader Etienne Tshisekedi would win an immediate presidential election with 38.5 percent of the vote. Kinshasa is his stronghold.</p>
<p>Prime Minister Kengo wa Dondo came in for an even greater battering than Mobutu -- 88.7 percent had a bad opinion of him.</p>
</text>
<copyright>(c) Reuters Limited 1997</copyright>
<metadata>
<codes class="bip:countries:1.0">
  <code code="ZAIRE">
    <editdetail attribution="Reuters BIP Coding Group" action="confirmed" date="1997-03-14"/>
  </code>
</codes>
<codes class="bip:topics:1.0">
  <code code="GCAT">
    <editdetail attribution="Reuters BIP Coding Group" action="confirmed" date="1997-03-14"/>
  </code>
  <code code="GPOL">
    <editdetail attribution="Reuters BIP Coding Group" action="confirmed" date="1997-03-14"/>
  </code>
</codes>
<dc element="dc.date.created" value="1997-03-14"/>
<dc element="dc.publisher" value="Reuters Holdings Plc"/>
<dc element="dc.date.published" value="1997-03-14"/>
<dc element="dc.source" value="Reuters"/>
<dc element="dc.creator.location" value="KINSHASA"/>
<dc element="dc.creator.location.country.name" value="ZAIRE"/>
<dc element="dc.source" value="Reuters"/>
</metadata>
</newsitem>
