<?xml version="1.0" encoding="iso-8859-1" ?>
<newsitem itemid="442138" id="root" date="1997-03-14" xml:lang="en">
<title>ERITREA: Sudan rebels say capture 1,000 government soldiers.</title>
<headline>Sudan rebels say capture 1,000 government soldiers.</headline>
<byline>Victoria Engstrand</byline>
<dateline>ASMARA, Eritrea 1997-03-14</dateline>
<text>
<p>Sudanese rebels said on Friday they had captured 1,000 government soldiers after overrunning the major town of Yei and Morobo garrison in the south.</p>
<p>Yassir Arman, spokesman for the Sudan People's Liberation Army (SPLA), told Reuters at rebel headquarters in the Eritrean capital Asmara that the soldiers were lured into rebel-held territory.</p>
<p>&quot;The SPLA captured around 1,000 prisoners of war,&quot; said Arman. He said government troops had fled a combined rebel force.</p>
<p>On Thursday, Arman said the SPLA led by veteran guerrilla leader John Garang had captured Yei, biggest town in Western Equatoria region, on Wednesday after seizing Morobo garrison. Morobo is close to Sudan's borders with Zaire and Uganda.</p>
<p>He said SPLA forces besieged Lainya garrison, 100 km (60 miles) south of Juba and the south's biggest city, and on Thursday ambushed an army convoy between Juba and Lainya.</p>
<p>&quot;The SPLA have destroyed in Kaya, Bazi, Morobo and Yei, a division of the NIF (National Islamic Front), which is about 5,000 to 6,000 men,&quot; said the rebel spokesman. He did not give rebel casualties.</p>
<p>In Khartoum, a cabinet minister was on Friday quoted as denying that Yei had fallen to the rebels but said there was intensive fighting in the area.</p>
<p>&quot;Yei is secure,&quot; Sudanese newspapers quoted Culture and Information Minister Al-Tayeb Ibrahim Mohamed Khair as saying in a briefing on Thursday. &quot;As for their claims that they have captured some areas, these are not towns but inspection posts.&quot;</p>
<p>Khair said six officers were killed at Lainya, Loka and Yei.</p>
<p>Arman said the SPLA had also captured 15 T-55 tanks, three BM-21 artillery pieces and two 130mm long-range artillery in recent days. The spokesman said in an ambush on a convoy on Thursday from Juba, the SPLA destroyed six trucks of NIF troops.</p>
<p>&quot;We have captured a huge amount of arms from the NIF, and we are going to use them in the coming battles. When we use them, the NIF will accuse the U.S., Israel, Uganda and Eritrea of supplying us with arms, but it is the NIF which is supplying us with arms,&quot; said Arman.</p>
<p>Khair said weapons the rebels used in the fighting were too sophisticated to be Uganda's, Sudanese newspapers reported.</p>
<p>&quot;Uganda does not possess these sophisticated weapons. Nor does it have the ability to launch the attack,&quot; he said.</p>
<p>Sudan's state radio quoted army spokesman Lieutenant-General Mohamad al-Sanousi Ahmed as saying on Thursday: &quot;The military equipment used is definitely America's, so are the rations.&quot;</p>
<p>The Islamic-backed military government in Khartoum frequently accuses Uganda, Ethiopia and Eritrea of backing Garang rebels. All three deny the charge.</p>
<p>The SPLA has been fighting Khartoum since 1983, demanding greater autonomy for the mainly Christian and animist south of Sudan from the Moslem and Arabised north.</p>
</text>
<copyright>(c) Reuters Limited 1997</copyright>
<metadata>
<codes class="bip:countries:1.0">
  <code code="ERTRA">
    <editdetail attribution="Reuters BIP Coding Group" action="confirmed" date="1997-03-14"/>
  </code>
  <code code="SUDAN">
    <editdetail attribution="Reuters BIP Coding Group" action="confirmed" date="1997-03-14"/>
  </code>
</codes>
<codes class="bip:topics:1.0">
  <code code="GCAT">
    <editdetail attribution="Reuters BIP Coding Group" action="confirmed" date="1997-03-14"/>
  </code>
  <code code="GVIO">
    <editdetail attribution="Reuters BIP Coding Group" action="confirmed" date="1997-03-14"/>
  </code>
</codes>
<dc element="dc.date.created" value="1997-03-14"/>
<dc element="dc.publisher" value="Reuters Holdings Plc"/>
<dc element="dc.date.published" value="1997-03-14"/>
<dc element="dc.source" value="Reuters"/>
<dc element="dc.creator.location" value="ASMARA, Eritrea"/>
<dc element="dc.creator.location.country.name" value="ERITREA"/>
<dc element="dc.source" value="Reuters"/>
</metadata>
</newsitem>
