<?xml version="1.0" encoding="iso-8859-1" ?>
<newsitem itemid="442129" id="root" date="1997-03-14" xml:lang="en">
<title>CANADA: WCE canola ends up on commercials, Brazil tax talk.</title>
<headline>WCE canola ends up on commercials, Brazil tax talk.</headline>
<dateline>WINNIPEG 1997-03-14</dateline>
<text>
<p>WCE canola futures ended up on commercial demand and rumour Brazil would impose an export tax on soybeans, traders said.</p>
<p>&quot;Brazil was more of a factor as the day wore on prompting commission demand in futures and call options, UGG bought, (ADM unit) Benson Quinn bought 500 November, Japan bought May and July, Cargill sold May and July all day,&quot; a trader said. May WCE futures crush profit margin rose to -14.35 Friday from -14.69 Thursday. About 700 May-July spread at $0.90, May-Nov $53.50. Volume was 7,977 lots with 1,060 hedges.</p>
<p>Japan bought 4,000-5,000 tonnes overnight, sources said.</p>
<p>May canola rose $6.60 to $431.50, July up $6.40 to $431.70 and November rose $5.20 to $377.20. May flax ended unchanged at $359 on commercial demand met by hedges. July-Nov spread at $34. Volume was 140 lots, 40 hedges. Oats did not trade.</p>
<p>May feed wheat rose $3.20 to $174 as commission buy stops were triggered at $173 and Alberta Wheat Pool sold, July up $2.10 to $171. Midland-Walwyn bought 250 May-July at $3, Mar-May spread at $10, traders said. Volume was 1,600 lots.</p>
<p>May western barley rose $2 to $145.20 on commercial buying after commission buy stops were hit at $146 and AWP sold at $145, Louis Dreyfus bought July up $1.70 to $142.60, traders.</p>
<p>(All values in Canadian dollars, except feed peas)</p>
<p>((Gilbert Le Gras 204 947 3548))</p>
</text>
<copyright>(c) Reuters Limited 1997</copyright>
<metadata>
<codes class="bip:countries:1.0">
  <code code="CANA">
    <editdetail attribution="Reuters BIP Coding Group" action="confirmed" date="1997-03-14"/>
  </code>
</codes>
<codes class="bip:topics:1.0">
  <code code="M14">
    <editdetail attribution="Reuters BIP Coding Group" action="confirmed" date="1997-03-14"/>
  </code>
  <code code="M141">
    <editdetail attribution="Reuters BIP Coding Group" action="confirmed" date="1997-03-14"/>
  </code>
  <code code="MCAT">
    <editdetail attribution="Reuters BIP Coding Group" action="confirmed" date="1997-03-14"/>
  </code>
</codes>
<dc element="dc.date.created" value="1997-03-14"/>
<dc element="dc.publisher" value="Reuters Holdings Plc"/>
<dc element="dc.date.published" value="1997-03-14"/>
<dc element="dc.source" value="Reuters"/>
<dc element="dc.creator.location" value="WINNIPEG"/>
<dc element="dc.creator.location.country.name" value="CANADA"/>
<dc element="dc.source" value="Reuters"/>
</metadata>
</newsitem>
