<?xml version="1.0" encoding="iso-8859-1" ?>
<newsitem itemid="442150" id="root" date="1997-03-14" xml:lang="en">
<title>KENYA: Kenya shippers seek end to cargo charter rules.</title>
<headline>Kenya shippers seek end to cargo charter rules.</headline>
<byline>Maja Wallengren</byline>
<dateline>NAIROBI 1997-03-14</dateline>
<text>
<p>The Central Bank of Kenya and the Fresh Produce Exporters Association of Kenya (FPEAK) on Friday urged the government and the country's aviation authority to end landing restrictions on chartered cargo flights.</p>
<p>&quot;We are looking for new markets for Kenyan fresh produce but we still see freight problems and air capacity as a bottleneck for development. We need more flexibility for landing rights,&quot; said FPEAK Chairman Simon Ethangatta.</p>
<p>&quot;The current problem is that not anyone can land at the airport. You need a special and very strict approval, so even if you can offer a cheaper chartered freight carrier you are not allowed to land,&quot; he told Reuters.</p>
<p>Central bank governor Micah Cheserem said he supported the request by the FPEAK to allow private freighters to use chartered cargo flights. He encouraged Kenyan importers to cooperate with horticultural exporters to pool freight costs.</p>
<p>Industry sources said freight costs had dropped over the past few years but inflexibility of landing rights meant they remained high and could take up to 40 percent of the profit from exports of fresh produce.</p>
<p>&quot;With more flexible landing rights you would get more competition between the airlines offering air freight and we could more easily increase exports, and we want to expand,&quot; Ethangatta said.</p>
<p>&quot;Horticulture is moving very fast, but a lot of the produce still goes with passenger flights.&quot; He urged the authorities to completely remove landing right restrictions for air cargo flights.</p>
<p>He was speaking to delegates at Kenya's annual three-day horticultural exhibition, Hortec '97, which is the biggest such trade fair in sub-Saharan Africa.</p>
<p>Some 90 percent of Kenya's output of flowers, fruits and vegetables is moved by air out of Nairobi, mostly to the Eurpean markets of the Netherlands, Britain, France and Germany.</p>
<p>Europe took 86 percent of the 84,824 tonnes produced in 1996.</p>
<p>Central Bank Governor Micah Cheserem told the growers, traders and exporters that he supported the request, recognising horticulture's dependence on air cargo.</p>
<p>&quot;We encourage you to increase areas of cooperation within the industry such as pooling freight so as to reduce costs and expand markets,&quot; he said.</p>
<p>&quot;The volume of your exports is now large enough for you to seriously investigate the possibility of cooperation with Kenyan importers so that you could charter planes to export your produce, with Kenyan imports as return cargo,&quot; he said.</p>
<p>Speaking to Reuters after the function, Cheserem said there was an obvious need to investigate landing rights.</p>
<p>&quot;The question of freight is very important. The horticulture industry and air cargo industry depend on each other,&quot; the central bank governor said.</p>
<p>Ethangatta said anyone who could offer a chartered freighter should be allowed to do so because capacity for fruit and vegetables was a major problem.</p>
<p>&quot;At the moment there is not adequate space available for vegetables and fruits so a lot of that produce has to be transported with passenger planes.</p>
<p>&quot;For flowers it's not a problem, because the destination for flowers is more definite with almost all the flowers going to the Netherlands,&quot; he said. --Reuters Air Cargo Newsroom Tel+44-171-542-7706  Fax+5017</p>
</text>
<copyright>(c) Reuters Limited 1997</copyright>
<metadata>
<codes class="bip:countries:1.0">
  <code code="KENYA">
    <editdetail attribution="Reuters BIP Coding Group" action="confirmed" date="1997-03-14"/>
  </code>
</codes>
<codes class="bip:industries:1.0">
  <code code="I01001">
    <editdetail attribution="Reuters BIP Coding Group" action="confirmed" date="1997-03-14"/>
  </code>
  <code code="I01002">
    <editdetail attribution="Reuters BIP Coding Group" action="confirmed" date="1997-03-14"/>
  </code>
  <code code="I75000">
    <editdetail attribution="Reuters BIP Coding Group" action="confirmed" date="1997-03-14"/>
  </code>
  <code code="I77002">
    <editdetail attribution="Reuters BIP Coding Group" action="confirmed" date="1997-03-14"/>
  </code>
</codes>
<codes class="bip:topics:1.0">
  <code code="C13">
    <editdetail attribution="Reuters BIP Coding Group" action="confirmed" date="1997-03-14"/>
  </code>
  <code code="C31">
    <editdetail attribution="Reuters BIP Coding Group" action="confirmed" date="1997-03-14"/>
  </code>
  <code code="C312">
    <editdetail attribution="Reuters BIP Coding Group" action="confirmed" date="1997-03-14"/>
  </code>
  <code code="CCAT">
    <editdetail attribution="Reuters BIP Coding Group" action="confirmed" date="1997-03-14"/>
  </code>
</codes>
<dc element="dc.date.created" value="1997-03-14"/>
<dc element="dc.publisher" value="Reuters Holdings Plc"/>
<dc element="dc.date.published" value="1997-03-14"/>
<dc element="dc.source" value="Reuters"/>
<dc element="dc.creator.location" value="NAIROBI"/>
<dc element="dc.creator.location.country.name" value="KENYA"/>
<dc element="dc.source" value="Reuters"/>
</metadata>
</newsitem>
