<?xml version="1.0" encoding="iso-8859-1" ?>
<newsitem itemid="442112" id="root" date="1997-03-14" xml:lang="en">
<title>UK: Shield Diagnostics plunges on sample warning.</title>
<headline>Shield Diagnostics plunges on sample warning.</headline>
<dateline>LONDON 1997-03-14</dateline>
<text>
<p>Shares in Shield Diagnostics lost more than half its value on Friday after the company warned that some of its U.S. trial samples may lead to misleading conclusions after mishandling during storage.</p>
<p>The shares dived 290 pence to 515 minutes after the announcement, having earlier touched a new year high of 928p.  </p>
<p>Thomas Geimer, biotechnology analyst at Henry Cooke Lumsden, criticised the company for allowing the share price to race away in recent weeks when &quot;they don't even know if the product correlates to a use that a regulatory authority would approve.&quot;</p>
<p>The group's share price rose sharply after publication of a document, the AFT Newsletter, earlier this year and &quot;initial positive results&quot; from a UK trial published on February 21.</p>
<p>&quot;The product may be valid and be fine,&quot; Geimer said, but he added that the problems with the U.S. trial showed the need for investors to be very selective in this market.</p>
<p>-- London Newsroom +44 171 542 7717</p>
</text>
<copyright>(c) Reuters Limited 1997</copyright>
<metadata>
<codes class="bip:countries:1.0">
  <code code="UK">
    <editdetail attribution="Reuters BIP Coding Group" action="confirmed" date="1997-03-14"/>
  </code>
  <code code="USA">
    <editdetail attribution="Reuters BIP Coding Group" action="confirmed" date="1997-03-14"/>
  </code>
</codes>
<codes class="bip:industries:1.0">
  <code code="I25700">
    <editdetail attribution="Reuters BIP Coding Group" action="confirmed" date="1997-03-14"/>
  </code>
</codes>
<codes class="bip:topics:1.0">
  <code code="C15">
    <editdetail attribution="Reuters BIP Coding Group" action="confirmed" date="1997-03-14"/>
  </code>
  <code code="C152">
    <editdetail attribution="Reuters BIP Coding Group" action="confirmed" date="1997-03-14"/>
  </code>
  <code code="CCAT">
    <editdetail attribution="Reuters BIP Coding Group" action="confirmed" date="1997-03-14"/>
  </code>
</codes>
<dc element="dc.date.created" value="1997-03-14"/>
<dc element="dc.publisher" value="Reuters Holdings Plc"/>
<dc element="dc.date.published" value="1997-03-14"/>
<dc element="dc.source" value="Reuters"/>
<dc element="dc.creator.location" value="LONDON"/>
<dc element="dc.creator.location.country.name" value="UK"/>
<dc element="dc.source" value="Reuters"/>
</metadata>
</newsitem>
