<?xml version="1.0" encoding="iso-8859-1" ?>
<newsitem itemid="442117" id="root" date="1997-03-14" xml:lang="en">
<title>NEW ZEALAND: RUGBY UNION - Dowd itching for action in Super 12.</title>
<headline>RUGBY UNION - Dowd itching for action in Super 12.</headline>
<text>
<p>AUCKLAND, March 14 - All Black and Auckland Blues prop Craig Dowd is itching for action after missing out on his team's opening two Super 12 rugby matches in South Africa, NZPA reports.</p>
<p>Dowd was granted dispensation by the Blues management to stay at home with his wife, who was due to give birth during the Blues tour to Europe and South Africa.</p>
<p>Back for tonight's big game against the Waikato Chiefs at Albany, Dowd said it had been difficult watching all the action on television.  </p>
<p>&quot;I am eager, it has been a long time and it has been pretty hard to sit on the sidelines and watch a few games,&quot; he said.</p>
<p>&quot;I have some concerns over my match fitness; I have been training but it is a completely different story when it comes to games.&quot;</p>
<p>Dowd said he was aware of how well the Waikato Chiefs front row of Michael Collins, Greg Smith and Richard Loe had performed so far, but added that it was up to the Blues to collar them quickly.  </p>
<p>&quot;I am expecting more of the same from them, but it is up to us to do our job and put our own pressure on to stop them,&quot; he said.</p>
<p>Dowd has also noticed the emergence of a handful of impressive young front rowers such as Collins, Auckland's Paul Thomson and Otago's Carl Hoeft and Kees Meuws, to name a few.</p>
<p>&quot;Those young fellas who are coming through, one day they could be good props. Those days are coming, they are getting hardened and it is getting tougher (to dominate),&quot; Dowd said.</p>
</text>
<copyright>(c) Reuters Limited 1997</copyright>
<metadata>
<codes class="bip:countries:1.0">
  <code code="NZ">
    <editdetail attribution="Reuters BIP Coding Group" action="confirmed" date="1997-03-14"/>
  </code>
  <code code="SAFR">
    <editdetail attribution="Reuters BIP Coding Group" action="confirmed" date="1997-03-14"/>
  </code>
</codes>
<codes class="bip:topics:1.0">
  <code code="GCAT">
    <editdetail attribution="Reuters BIP Coding Group" action="confirmed" date="1997-03-14"/>
  </code>
  <code code="GSPO">
    <editdetail attribution="Reuters BIP Coding Group" action="confirmed" date="1997-03-14"/>
  </code>
</codes>
<dc element="dc.publisher" value="Reuters Holdings Plc"/>
<dc element="dc.date.published" value="1997-03-14"/>
<dc element="dc.source" value="Reuters"/>
<dc element="dc.creator.location.country.name" value="NEW ZEALAND"/>
<dc element="dc.source" value="Reuters"/>
</metadata>
</newsitem>
