<?xml version="1.0" encoding="iso-8859-1" ?>
<newsitem itemid="442101" id="root" date="1997-03-14" xml:lang="en">
<title>UK: FORECAST-Vickers yr profits to nudge ahead.</title>
<headline>FORECAST-Vickers yr profits to nudge ahead.</headline>
<dateline>LONDON 1997-03-14</dateline>
<text>
<p>Year profits at defence to Rolls-Royce car maker Vickers Plc are expected to edge forward on Wednesday to around 83.5 million stg, say analysts, compared with 75 million last year.</p>
<p>The profit forecasts range between 82 million and 85 million, with the dividend expected to be pitched at a consensus 7.5 pence per share. Earnings per share is seen at around 16.8 pence per share.</p>
<p>Analysts said they expected the group to be hampered by the big investment costs into a new Rolls Royce motor car and the Cosworth unit.</p>
<p>Capital expenditure is seen remaining at a high level, with negative group cash flow.</p>
<p>The Rolls Royce unit is expected to deliver modest growth. In early January, the group said world sales of Rolls Royce and Bentley cars was up 12 percent in 1996 on the previous year.</p>
<p>Elsewhere, the automotive business is seen remaining flat, said Zafar Khan, analyst at SocGen who is forecasting profits of 85 million stg. Defence profits are seen being restrained.</p>
<p>The strong level of sterling is unlikely to have too damaging an impact on the results, said analysts, with currency hedging already likely to be in place.</p>
<p>--London newsroom +44 171 5427717.</p>
</text>
<copyright>(c) Reuters Limited 1997</copyright>
<metadata>
<codes class="bip:countries:1.0">
  <code code="UK">
    <editdetail attribution="Reuters BIP Coding Group" action="confirmed" date="1997-03-14"/>
  </code>
</codes>
<codes class="bip:industries:1.0">
  <code code="I32000">
    <editdetail attribution="Reuters BIP Coding Group" action="confirmed" date="1997-03-14"/>
  </code>
</codes>
<codes class="bip:topics:1.0">
  <code code="C15">
    <editdetail attribution="Reuters BIP Coding Group" action="confirmed" date="1997-03-14"/>
  </code>
  <code code="C152">
    <editdetail attribution="Reuters BIP Coding Group" action="confirmed" date="1997-03-14"/>
  </code>
  <code code="CCAT">
    <editdetail attribution="Reuters BIP Coding Group" action="confirmed" date="1997-03-14"/>
  </code>
</codes>
<dc element="dc.date.created" value="1997-03-14"/>
<dc element="dc.publisher" value="Reuters Holdings Plc"/>
<dc element="dc.date.published" value="1997-03-14"/>
<dc element="dc.source" value="Reuters"/>
<dc element="dc.creator.location" value="LONDON"/>
<dc element="dc.creator.location.country.name" value="UK"/>
<dc element="dc.source" value="Reuters"/>
</metadata>
</newsitem>
