<?xml version="1.0" encoding="iso-8859-1" ?>
<newsitem itemid="442161" id="root" date="1997-03-14" xml:lang="en">
<title>COTE D'IVOIRE: Ivorian cocoa product exports near twice '96 level.</title>
<headline>Ivorian cocoa product exports near twice '96 level.</headline>
<dateline>ABIDJAN 1997-03-14</dateline>
<text>
<p>Ivory Coast's semi-finished cocoa products and powder exports rose to 8,864 tonnes in January from 7,160 tonnes in December but the cumulative total was almost twice the 1995/96 level, official shipping data show.</p>
<p>Cumulative product and powder shipments in the first four months of the 1996/97 (Oct-Sept) season -- including shipments from October 1 to October 24 when the season opened late -- were 31,873 tonnes against 18,560 tonnes in the same period of 1995/96.</p>
<p>Ivory Coast's cocoa processing capacity has risen steadily since late 1995 in line with its policy of boosting volumes.</p>
<p>Product shipments from Abidjan in January totalled 7,101 tonnes, including 331 tonnes of powder, whereas San Pedro shipped 1,763 tonnes of cocoa products shown grouped together in one category.</p>
<p>Product exports in January 1995 were only 4,565 tonnes but new factory capacity was added afterwards in Abidjan. A completely new factory in San Pedro, Ivory Coast's second port, came on stream in late 1995.</p>
<p>The figures do not separate liquor, butter and cake shipments but figures for powder exports are given. Cumulative shipments stand at 2,177 tonnes this season against 1,404 in 1995/96 and 38 tonnes the year before.</p>
<p>Ivory Coast has four processing factories with capacity set to rise to around 180,000 tonnes of beans a year.</p>
<p>Ivorian Commodities minister Guy-Alain Gauze said at International Cocoa Organization (ICCO) talks in London this week that Ivory Coast planned to process 300,000 tonnes of cocoa in 1997.</p>
<p>Local industry sources said completion of new processing capacity is unlikely before the 1997/98 cocoa season (Oct-Sept).</p>
<p>Abidjan-based UNICAO is planning a 21,500 tonnes extension to raise its factory capacity to 86,000 tonnes by January 1998.</p>
<p>A spokesman said the new extension could be complete by October but was unlikely to go on stream until the new year.</p>
<p>UNICAO's only main rival Callebaut-Barry has three plants grinding up to 80,000 tonnes of beans a year.</p>
<p>Other firms planning three new plants are still in discussions but if they proceed total processing capacity would rise to a maximum of around 330,000 tonnes.</p>
<p>Local processing of beans is part of Ivory Coast's policy to add value to exports while taking low quality mid-crop (April-Sept) beans off the international market.</p>
<p>U.S.-based Cargill, in discussion with Ivorian exporter SICC, expects no progress with its plans, or a final decision on whether to proceed, for at least another three months, sources said.</p>
<p>--Matthew Bunce, Abidjan Newsroom + 225 21 90 90</p>
</text>
<copyright>(c) Reuters Limited 1997</copyright>
<metadata>
<codes class="bip:countries:1.0">
  <code code="ICST">
    <editdetail attribution="Reuters BIP Coding Group" action="confirmed" date="1997-03-14"/>
  </code>
</codes>
<codes class="bip:industries:1.0">
  <code code="I01001">
    <editdetail attribution="Reuters BIP Coding Group" action="confirmed" date="1997-03-14"/>
  </code>
  <code code="I0100144">
    <editdetail attribution="Reuters BIP Coding Group" action="confirmed" date="1997-03-14"/>
  </code>
</codes>
<codes class="bip:topics:1.0">
  <code code="C21">
    <editdetail attribution="Reuters BIP Coding Group" action="confirmed" date="1997-03-14"/>
  </code>
  <code code="C31">
    <editdetail attribution="Reuters BIP Coding Group" action="confirmed" date="1997-03-14"/>
  </code>
  <code code="C312">
    <editdetail attribution="Reuters BIP Coding Group" action="confirmed" date="1997-03-14"/>
  </code>
  <code code="CCAT">
    <editdetail attribution="Reuters BIP Coding Group" action="confirmed" date="1997-03-14"/>
  </code>
  <code code="E51">
    <editdetail attribution="Reuters BIP Coding Group" action="confirmed" date="1997-03-14"/>
  </code>
  <code code="E512">
    <editdetail attribution="Reuters BIP Coding Group" action="confirmed" date="1997-03-14"/>
  </code>
  <code code="ECAT">
    <editdetail attribution="Reuters BIP Coding Group" action="confirmed" date="1997-03-14"/>
  </code>
  <code code="M14">
    <editdetail attribution="Reuters BIP Coding Group" action="confirmed" date="1997-03-14"/>
  </code>
  <code code="M141">
    <editdetail attribution="Reuters BIP Coding Group" action="confirmed" date="1997-03-14"/>
  </code>
  <code code="MCAT">
    <editdetail attribution="Reuters BIP Coding Group" action="confirmed" date="1997-03-14"/>
  </code>
</codes>
<dc element="dc.date.created" value="1997-03-14"/>
<dc element="dc.publisher" value="Reuters Holdings Plc"/>
<dc element="dc.date.published" value="1997-03-14"/>
<dc element="dc.source" value="Reuters"/>
<dc element="dc.creator.location" value="ABIDJAN"/>
<dc element="dc.creator.location.country.name" value="COTE D'IVOIRE"/>
<dc element="dc.source" value="Reuters"/>
</metadata>
</newsitem>
