<?xml version="1.0" encoding="iso-8859-1" ?>
<newsitem itemid="442176" id="root" date="1997-03-14" xml:lang="en">
<title>ZAIRE: Zaire forces resist rebels north of Kisangani.</title>
<headline>Zaire forces resist rebels north of Kisangani.</headline>
<dateline>KINSHASA 1997-03-14</dateline>
<text>
<p>The Zairean army destroyed a rebel command post and killed 35 rebels in two days of heavy fighting around 80 km (50 miles) north of the strategic city of Kisangani, a Defence Ministry spokesman said on Friday.</p>
<p>The rebels were trying to break through Zairean defences on the road that leads from the town of Bafwasende, the spokesman told Reuters.</p>
<p>&quot;There has been heavy fighting for two days on the road to Bafwasende. The Zairean armed forces destroyed a rebel command post and pushed the rebels back by another 10 km (six miles),&quot; he said. &quot;Among 35 rebels killed were a colonel and a major from the rebel forces.&quot;</p>
<p>After the fighting, the army seized 67 crates of mortar shells that had come from North Korea and an unspecified Arab country, he added.</p>
</text>
<copyright>(c) Reuters Limited 1997</copyright>
<metadata>
<codes class="bip:countries:1.0">
  <code code="ZAIRE">
    <editdetail attribution="Reuters BIP Coding Group" action="confirmed" date="1997-03-14"/>
  </code>
</codes>
<codes class="bip:topics:1.0">
  <code code="GCAT">
    <editdetail attribution="Reuters BIP Coding Group" action="confirmed" date="1997-03-14"/>
  </code>
  <code code="GVIO">
    <editdetail attribution="Reuters BIP Coding Group" action="confirmed" date="1997-03-14"/>
  </code>
</codes>
<dc element="dc.date.created" value="1997-03-14"/>
<dc element="dc.publisher" value="Reuters Holdings Plc"/>
<dc element="dc.date.published" value="1997-03-14"/>
<dc element="dc.source" value="Reuters"/>
<dc element="dc.creator.location" value="KINSHASA"/>
<dc element="dc.creator.location.country.name" value="ZAIRE"/>
<dc element="dc.source" value="Reuters"/>
</metadata>
</newsitem>
