<?xml version="1.0" encoding="iso-8859-1" ?>
<newsitem itemid="442108" id="root" date="1997-03-14" xml:lang="en">
<title>UK: NWE jet fuel still subdued but Med perks up.</title>
<headline>NWE jet fuel still subdued but Med perks up.</headline>
<dateline>LONDON 1997-03-14</dateline>
<text>
<p>The NWE jet fuel market was still languishing in the doldrums on Friday, but Mediterranean premiums were supported by arbitrage buying, traders said.</p>
<p>&quot;The North is a dog, it's still long and I don't see anything to stimulate it,&quot; said one.</p>
<p>Differentials for cargoes were assessed steady at around April IPE gas oil +$23/25 a tonne cif NWE, while barges were pegged at April +20 fob ARA.</p>
<p>Traders said that buying interest was thin and material was on offer out of the main refining centres in the ARA and U.K., as well as Scandinavia and Ireland.</p>
<p>In the Med, Asian buying helping to push premiums higher, and arbitrage opportunities were also seen to the West Africa and Latin America.</p>
<p>&quot;The Eastern arb is opening and shutting, but at least one or two pieces have floated in that direction already,&quot; a trader said.</p>
<p>Med cargoes were assessed at April IPE +$8/$10 a tonne for EU-qualified material and +$4/$5 for non-EU material.</p>
<p>April IPE gas oil futures were trading 50 cents up at $169.75 a tonne at 1625 GMT.</p>
<p>-- London Newsroom +44 171 542 8980</p>
</text>
<copyright>(c) Reuters Limited 1997</copyright>
<metadata>
<codes class="bip:countries:1.0">
  <code code="UK">
    <editdetail attribution="Reuters BIP Coding Group" action="confirmed" date="1997-03-14"/>
  </code>
</codes>
<codes class="bip:topics:1.0">
  <code code="M14">
    <editdetail attribution="Reuters BIP Coding Group" action="confirmed" date="1997-03-14"/>
  </code>
  <code code="M143">
    <editdetail attribution="Reuters BIP Coding Group" action="confirmed" date="1997-03-14"/>
  </code>
  <code code="MCAT">
    <editdetail attribution="Reuters BIP Coding Group" action="confirmed" date="1997-03-14"/>
  </code>
</codes>
<dc element="dc.date.created" value="1997-03-14"/>
<dc element="dc.publisher" value="Reuters Holdings Plc"/>
<dc element="dc.date.published" value="1997-03-14"/>
<dc element="dc.source" value="Reuters"/>
<dc element="dc.creator.location" value="LONDON"/>
<dc element="dc.creator.location.country.name" value="UK"/>
<dc element="dc.source" value="Reuters"/>
</metadata>
</newsitem>
