<?xml version="1.0" encoding="iso-8859-1" ?>
<newsitem itemid="442141" id="root" date="1997-03-14" xml:lang="en">
<title>KENYA: Zaire rebel meets U.N. envoy, rejects ceasefire.</title>
<headline>Zaire rebel meets U.N. envoy, rejects ceasefire.</headline>
<byline>Buchizya Mseteka</byline>
<dateline>NAIROBI 1997-03-14</dateline>
<text>
<p>Zairean rebel leader Laurent Kabila met U.N. special envoy Mohamed Sahnoun on Thursday in the northern Ugandan town of Gulu but rejected pleas for a ceasefire, diplomats said on Friday.</p>
<p>The diplomats, told Reuters by telephone from the Ugandan capital that the meeting in the war-torn outpost was hosted by Ugandan President Yoweri Museveni, who is in Gulu supervising a government offensive against Sudan-backed Ugandan rebels.</p>
<p>A regional military source told Reuters the meeting came as Kabila's rebels advanced on the lakeside town of Pweto in the mineral-rich Shaba province and consolidated their positions on several fronts around Kisangani, Zaire's third largest city.</p>
<p>The diplomats said Museveni, a regional power broker accused by Zaire of backing Kabila's Alliance of Democratic Forces for the Liberation of Congo-Zaire, facilitated the face-to-face meeting but did not take sides.</p>
<p>&quot;They (Kabila and Sahnoun) met in Gulu in talks chaired by Museveni but Kabila bluntly refused to commit himself to a ceasefire of any kind,&quot; a diplomat said.</p>
<p>Another diplomat who closely monitored the secret meeting added: &quot;Kabila said he did not see any logic in a ceasefire while (Zairean President) Mobutu Sese Seko refused to deal with the rebel group or at least issue guarantees for talks.&quot;</p>
<p>Sahnoun is mandated by the U.N. Security Council and the Organisation of African Unity to lead efforts to end the fighting in Zaire and find a political settlement there and in the surrounding &quot;Great Lakes&quot; region of Central Africa.</p>
<p>Kabila, advancing on Kisangani in a challenge to Mobutu who is ailing in France, has accepted a U.N. peace plan as a basis for talks but rejected its call for a ceasefire.</p>
<p>&quot;He (Kabila) says he sees no point in committing his group to a ceasefire while Kinshasa gives mixed signals and vows to settle the matter militarily,&quot; another diplomat said.</p>
<p>On Thursday, France called on the international community to consider setting up a &quot;security framework&quot; for Zaire -- code words for a multinational intervention force.</p>
<p>&quot;If there is no ceasefire, the international community must consider setting up a security framework (to help delivery of) humanitarian aid,&quot; Foreign Ministry spokesman Jacques Rummelhardt told a news briefing.</p>
<p>But at a Brussels meeting of high-level officials from the 15-nation European Union, the French call got a cool reception.</p>
<p>Kabila's rebels have made significant gains and a regional military source said on Friday they were advancing on the town of Pweto on Lake Tanganyika in the mineral-rich Shaba province. He said rebels had also consolidated positions around Kisangani.</p>
<p>Kisangani -- a diamond and gold centre on River Zaire -- is the biggest prize in Africa's latest war while Shaba is highly strategic because of rich copper and cobalt deposits.</p>
<p>&quot;We have detected major movements towards Pweto and the rebels are being aided by Kabila's popular support in that area,&quot; the source said.</p>
<p>&quot;Around Kisangani, we have detected massive consolidation by the rebels but no major action yet. Movement towards Kisangani appears to have been slowed down by heavy mining of the area,&quot; he added.</p>
<p>Zaire accuses Rwanda and Uganda of sponsoring Kabila's rebels and deploying troops in the eastern war zone. They deny the charge.</p>
</text>
<copyright>(c) Reuters Limited 1997</copyright>
<metadata>
<codes class="bip:countries:1.0">
  <code code="KENYA">
    <editdetail attribution="Reuters BIP Coding Group" action="confirmed" date="1997-03-14"/>
  </code>
  <code code="SUDAN">
    <editdetail attribution="Reuters BIP Coding Group" action="confirmed" date="1997-03-14"/>
  </code>
  <code code="UGANDA">
    <editdetail attribution="Reuters BIP Coding Group" action="confirmed" date="1997-03-14"/>
  </code>
  <code code="UN">
    <editdetail attribution="Reuters BIP Coding Group" action="confirmed" date="1997-03-14"/>
  </code>
  <code code="ZAIRE">
    <editdetail attribution="Reuters BIP Coding Group" action="confirmed" date="1997-03-14"/>
  </code>
</codes>
<codes class="bip:topics:1.0">
  <code code="GCAT">
    <editdetail attribution="Reuters BIP Coding Group" action="confirmed" date="1997-03-14"/>
  </code>
  <code code="GDIP">
    <editdetail attribution="Reuters BIP Coding Group" action="confirmed" date="1997-03-14"/>
  </code>
  <code code="GVIO">
    <editdetail attribution="Reuters BIP Coding Group" action="confirmed" date="1997-03-14"/>
  </code>
</codes>
<dc element="dc.date.created" value="1997-03-14"/>
<dc element="dc.publisher" value="Reuters Holdings Plc"/>
<dc element="dc.date.published" value="1997-03-14"/>
<dc element="dc.source" value="Reuters"/>
<dc element="dc.creator.location" value="NAIROBI"/>
<dc element="dc.creator.location.country.name" value="KENYA"/>
<dc element="dc.source" value="Reuters"/>
</metadata>
</newsitem>
