<?xml version="1.0" encoding="iso-8859-1" ?>
<newsitem itemid="442188" id="root" date="1997-03-14" xml:lang="en">
<title>GHANA: Ghana seeks bids for floating power station.</title>
<headline>Ghana seeks bids for floating power station.</headline>
<dateline>ACCRA 1997-03-14</dateline>
<text>
<p>The Ghana National Petroleum Corporation (GNPC) will invite tenders from March 17 for building a Japanese-funded barge with gas-fired turbines, capable of generating between 85 and 125 Megawatts, GNPC said.</p>
<p>Project coordinator Ben Dagadu told Reuters that GNPC was also inviting tenders for building two 161kV overhead transmission lines (total 176 km), a new 225/161kV substation and the extension of an existing substation.</p>
<p>Japan's Overseas Economic Cooperation Fund had pledged 12.9 billion yen to finance the barge and the extension of the grid, he said. GNPC is to raise 4.0 billion cedis locally.</p>
<p>The barge, to be delivered in Q1 1999, is part of GNPC's ambitious floating power house project in a lagoon near the border with Ivory Coast.</p>
<p>Dagadu said a first barge with two 48 Megawatt turbines was being built by Westinghouse of Orlando, Florida. The $65 million barge is financed by the U.S. Maritime Administration. Commissioning of that barge is scheduled for Q4 1998.</p>
<p>Natural gas from Ghana's Tano oil and gas fields will fuel the barges. Proven reserves there are 287 billion cubic feet, of which 193 billion cubic feet is recoverable. Exploration continues, gas production facilities are yet to be put in place.</p>
<p>In the long run, the floating power house is to tap gas from an off-shore pipeline between Nigeria and Ivory Coast.</p>
<p>Tender documents will be on sale from March 17. Bidding closes at 1200 GMT on May 19. Details available from Ben Dagadu Tel: +233-22-204726 Fax: 232039/232053 or A. Kikuchi of EPDCI-JCI-Sogelerg in Tokyo Tel: +81-3 -3206-3511 Fax: 3206-3592. -- Abidjan newsroom +225 21 90 90 ($1=1,860 CFA francs $1=121 yen)</p>
</text>
<copyright>(c) Reuters Limited 1997</copyright>
<metadata>
<codes class="bip:countries:1.0">
  <code code="GHANA">
    <editdetail attribution="Reuters BIP Coding Group" action="confirmed" date="1997-03-14"/>
  </code>
  <code code="JAP">
    <editdetail attribution="Reuters BIP Coding Group" action="confirmed" date="1997-03-14"/>
  </code>
</codes>
<codes class="bip:industries:1.0">
  <code code="I13000">
    <editdetail attribution="Reuters BIP Coding Group" action="confirmed" date="1997-03-14"/>
  </code>
  <code code="I34000">
    <editdetail attribution="Reuters BIP Coding Group" action="confirmed" date="1997-03-14"/>
  </code>
  <code code="I36200">
    <editdetail attribution="Reuters BIP Coding Group" action="confirmed" date="1997-03-14"/>
  </code>
  <code code="I50200">
    <editdetail attribution="Reuters BIP Coding Group" action="confirmed" date="1997-03-14"/>
  </code>
  <code code="I5020044">
    <editdetail attribution="Reuters BIP Coding Group" action="confirmed" date="1997-03-14"/>
  </code>
</codes>
<codes class="bip:topics:1.0">
  <code code="C24">
    <editdetail attribution="Reuters BIP Coding Group" action="confirmed" date="1997-03-14"/>
  </code>
  <code code="C33">
    <editdetail attribution="Reuters BIP Coding Group" action="confirmed" date="1997-03-14"/>
  </code>
  <code code="CCAT">
    <editdetail attribution="Reuters BIP Coding Group" action="confirmed" date="1997-03-14"/>
  </code>
</codes>
<dc element="dc.date.created" value="1997-03-14"/>
<dc element="dc.publisher" value="Reuters Holdings Plc"/>
<dc element="dc.date.published" value="1997-03-14"/>
<dc element="dc.source" value="Reuters"/>
<dc element="dc.creator.location" value="ACCRA"/>
<dc element="dc.creator.location.country.name" value="GHANA"/>
<dc element="dc.source" value="Reuters"/>
</metadata>
</newsitem>
