<?xml version="1.0" encoding="iso-8859-1" ?>
<newsitem itemid="442171" id="root" date="1997-03-14" xml:lang="en">
<title>SOUTH AFRICA: Rollovers seen aiding efficient SAfrica govt spend.</title>
<headline>Rollovers seen aiding efficient SAfrica govt spend.</headline>
<dateline>CAPE TOWN 1997-03-14</dateline>
<text>
<p>Rollovers, which saved the state 14 billion rand ($3.2 billion) between 1992/93 and 1996/97, had proved an effective way of ensuring state funds were spent efficiently, director general of state expenditure Hannes Smit said.</p>
<p>&quot;Obviously, we would not have saved all that, and...there would have been quite a sum in there that would have been wasted, without that system,&quot; he told the parliamentary finance committee on Friday.</p>
<p>Rollovers had initially been introduced in 1992/93 to prevent government departments from wasting unspent funds before the end of each financial year as the money could not be kept.</p>
<p>&quot;Although the reason for rollovers has changed over time, we think that it is a good instrument to ensure the efficient spending of government funds,&quot; Smit said.</p>
<p>Controls on rollovers had been tightened since last year and Smit said that he believed that they should be maintained.</p>
<p>In 1992/93, a 1.4 billion rand rollover was approved, but 4.1 billion rand was surrendered at the end of the year. In 1993/94, 3.4 billion rand was allowed and 8.4 billion rand was surrendered.</p>
<p>In 1995/96, rollovers totalled 6.8 billion rand and 13 billion rand was surrendered, of which 8.9 billion was rolled over into 1996/97.</p>
<p>Smit said the increase in rollovers since 1994, despite the greater social needs of South Africa's first non-racial government, was due to new departments taking longer than expected to reprioritise spending and plan and implement projects.</p>
<p>-- Cape Town parliamentary newsroom +27 21 403-2502 ($ = 4.418 South African Rand)</p>
</text>
<copyright>(c) Reuters Limited 1997</copyright>
<metadata>
<codes class="bip:countries:1.0">
  <code code="SAFR">
    <editdetail attribution="Reuters BIP Coding Group" action="confirmed" date="1997-03-14"/>
  </code>
</codes>
<codes class="bip:topics:1.0">
  <code code="E12">
    <editdetail attribution="Reuters BIP Coding Group" action="confirmed" date="1997-03-14"/>
  </code>
  <code code="E21">
    <editdetail attribution="Reuters BIP Coding Group" action="confirmed" date="1997-03-14"/>
  </code>
  <code code="E211">
    <editdetail attribution="Reuters BIP Coding Group" action="confirmed" date="1997-03-14"/>
  </code>
  <code code="ECAT">
    <editdetail attribution="Reuters BIP Coding Group" action="confirmed" date="1997-03-14"/>
  </code>
</codes>
<dc element="dc.date.created" value="1997-03-14"/>
<dc element="dc.publisher" value="Reuters Holdings Plc"/>
<dc element="dc.date.published" value="1997-03-14"/>
<dc element="dc.source" value="Reuters"/>
<dc element="dc.creator.location" value="CAPE TOWN"/>
<dc element="dc.creator.location.country.name" value="SOUTH AFRICA"/>
<dc element="dc.source" value="Reuters"/>
</metadata>
</newsitem>
