<?xml version="1.0" encoding="iso-8859-1" ?>
<newsitem itemid="442197" id="root" date="1997-03-14" xml:lang="en">
<title>COTE D'IVOIRE: Ivory Coast coffee bean exports rise in January.</title>
<headline>Ivory Coast coffee bean exports rise in January.</headline>
<dateline>ABIDJAN 1997-03-14</dateline>
<text>
<p>Ivory Coast exported 5,373 tonnes of robusta coffee beans in January against 1,247 tonnes in December, but the cumulative 1996/97 total so far was still down on last season, official shipping data show.</p>
<p>Shipments included 4,594 tonnes of beans leaving from Abidjan, and 779 tonnes from San Pedro, the second port.</p>
<p>Coffee bean exports for January alone were up on a total of 4,147 tonnes shipped in January 1996.</p>
<p>Cumulative exports in the first four months of the 1996/97 (Oct-Sept) season were lower at 18,200 tonnes against 24,228 tonnes in the same period of 1995/96.</p>
<p>No roasted coffee was shipped but 861 tonnes of soluble coffee also left from Abidjan, against 498 tonnes in December -- and 278 tonnes in January 1995/96.</p>
<p>Coffee exports were slower in early 1996/97 than last year because of a combination of initially low world rates, bankers' caution over financing and longer grading time due to poor quality in some areas.</p>
<p>All of January 1995/96 exports were shipped from Abidjan.</p>
<p>Exporters expected shipment volumes to rise in February this year but data has not yet been compiled.</p>
<p>-- Matthew Bunce, Abidjan Newsroom +225 21 90 90</p>
</text>
<copyright>(c) Reuters Limited 1997</copyright>
<metadata>
<codes class="bip:countries:1.0">
  <code code="ICST">
    <editdetail attribution="Reuters BIP Coding Group" action="confirmed" date="1997-03-14"/>
  </code>
</codes>
<codes class="bip:industries:1.0">
  <code code="I01001">
    <editdetail attribution="Reuters BIP Coding Group" action="confirmed" date="1997-03-14"/>
  </code>
  <code code="I0100137">
    <editdetail attribution="Reuters BIP Coding Group" action="confirmed" date="1997-03-14"/>
  </code>
</codes>
<codes class="bip:topics:1.0">
  <code code="C31">
    <editdetail attribution="Reuters BIP Coding Group" action="confirmed" date="1997-03-14"/>
  </code>
  <code code="C312">
    <editdetail attribution="Reuters BIP Coding Group" action="confirmed" date="1997-03-14"/>
  </code>
  <code code="CCAT">
    <editdetail attribution="Reuters BIP Coding Group" action="confirmed" date="1997-03-14"/>
  </code>
  <code code="M14">
    <editdetail attribution="Reuters BIP Coding Group" action="confirmed" date="1997-03-14"/>
  </code>
  <code code="M141">
    <editdetail attribution="Reuters BIP Coding Group" action="confirmed" date="1997-03-14"/>
  </code>
  <code code="MCAT">
    <editdetail attribution="Reuters BIP Coding Group" action="confirmed" date="1997-03-14"/>
  </code>
</codes>
<dc element="dc.date.created" value="1997-03-14"/>
<dc element="dc.publisher" value="Reuters Holdings Plc"/>
<dc element="dc.date.published" value="1997-03-14"/>
<dc element="dc.source" value="Reuters"/>
<dc element="dc.creator.location" value="ABIDJAN"/>
<dc element="dc.creator.location.country.name" value="COTE D'IVOIRE"/>
<dc element="dc.source" value="Reuters"/>
</metadata>
</newsitem>
