<?xml version="1.0" encoding="iso-8859-1" ?>
<newsitem itemid="442113" id="root" date="1997-03-14" xml:lang="en">
<title>AUSTRALIA: RTRS-Rugby Union - Smith called up by New South Wales.</title>
<headline>RTRS-Rugby Union - Smith called up by New South Wales.</headline>
<dateline>SYDNEY 1997-03-14</dateline>
<text>
<p>Randwick winger Gareth Smith has been called into New South Wales' squad for two Super 12 matches in South Africa later this month as cover for David Campese, who is playing in the Hong Kong Sevens.</p>
<p>The Waratahs will face Transvaal at Ellis Park in Johannesburg on March 22 before travelling to Durban for the fixture against Natal one week later.</p>
<p>New South Wales lost their opening Super 12 match against Waikato at home last Saturday and take on another New Zealand team, Canterbury, at Sydney Football Stadium tonight.</p>
<p>Campese will be unavailable for the match against Transvaal because of his commitment to represent Australia in Hong Kong, prompting Smith's selection in a 26-man squad. Smith can also cover at fullback and as a goal kicker.</p>
<p>New South Wales squad: Mark Bell, Andrew Blades, Cameron Blades, Graeme Bond, Scott Bowen, Tom Bowman, Michael Brial, Matthew Burke, David Campese, Sam Domoni, Fili Finau, Tim Gavin, Richard Harry, Andrew Heath, Phil Kearns, Chris Latham, Adam Leach, Jason Madz, Daniel Manu, Alistair Murdoch, Sam Payne, Stu Pinkerton, Gareth Smith, Nathan Spooner, Richard Tombs, Chris Whitaker.</p>
<p>-- Sydney Newsroom 61-2 9373 1800</p>
</text>
<copyright>(c) Reuters Limited 1997</copyright>
<metadata>
<codes class="bip:countries:1.0">
  <code code="AUSTR">
    <editdetail attribution="Reuters BIP Coding Group" action="confirmed" date="1997-03-14"/>
  </code>
  <code code="SAFR">
    <editdetail attribution="Reuters BIP Coding Group" action="confirmed" date="1997-03-14"/>
  </code>
</codes>
<codes class="bip:topics:1.0">
  <code code="GCAT">
    <editdetail attribution="Reuters BIP Coding Group" action="confirmed" date="1997-03-14"/>
  </code>
  <code code="GSPO">
    <editdetail attribution="Reuters BIP Coding Group" action="confirmed" date="1997-03-14"/>
  </code>
</codes>
<dc element="dc.date.created" value="1997-03-14"/>
<dc element="dc.publisher" value="Reuters Holdings Plc"/>
<dc element="dc.date.published" value="1997-03-14"/>
<dc element="dc.source" value="Reuters"/>
<dc element="dc.creator.location" value="SYDNEY"/>
<dc element="dc.creator.location.country.name" value="AUSTRALIA"/>
<dc element="dc.source" value="Reuters"/>
</metadata>
</newsitem>
