<?xml version="1.0" encoding="iso-8859-1" ?>
<newsitem itemid="442177" id="root" date="1997-03-14" xml:lang="en">
<title>SOUTH AFRICA: Weaker rand seeing aiding S.African tariff reform.</title>
<headline>Weaker rand seeing aiding S.African tariff reform.</headline>
<dateline>CAPE TOWN 1997-03-14</dateline>
<text>
<p>The weaker rand provided scope for an accelerated tariff reform programme to minimise import prices for South African producers, finance department director general Maria Ramos said on Friday.</p>
<p>Briefing the parliamentary finance committee on the 1997/98 budget, Ramos said the trade and industry department was considering &quot;compensatory tariff reductions to adjust for the depreciation of the currency, which had been more than what had been anticipated.&quot;</p>
<p>Ramos said that although last year's sharp slide in the rand -- it lost 29 percent of its value against the U.S. dollar -- had been difficult to deal with, it had not been entirely negative.</p>
<p>&quot;The currency did have to depreciate. There were times when it did depreciate way beyond a level that we would require to get exports going. It was quite undervalued at times, but the depreciation of the currency did help to boost exports.&quot;</p>
<p>But the weaker rand had placed upward pressure on costs, pushing higher South Africa's expected average inflation rate this year to 8.5 percent.</p>
<p>Responding to concerns about the apparently low levels of capital expenditure provided for in the budget, Ramos said it was clear that there would be no job creation without such investment.</p>
<p>&quot;Reprioritisation of government expenditure is difficult with the kind of budgetary process that we have in place and that we are in the course of changing,&quot; she said.</p>
<p>She agreed that government was not investing enough in fixed investment but said that it did not have the resources to make a meaningful impact on its own. It was therefore forming alliances with the private sector to accelerate capital expenditure.</p>
<p>-- Cape Town parliamentary newsroom +27 21 403-2502</p>
</text>
<copyright>(c) Reuters Limited 1997</copyright>
<metadata>
<codes class="bip:countries:1.0">
  <code code="SAFR">
    <editdetail attribution="Reuters BIP Coding Group" action="confirmed" date="1997-03-14"/>
  </code>
</codes>
<codes class="bip:topics:1.0">
  <code code="E21">
    <editdetail attribution="Reuters BIP Coding Group" action="confirmed" date="1997-03-14"/>
  </code>
  <code code="E211">
    <editdetail attribution="Reuters BIP Coding Group" action="confirmed" date="1997-03-14"/>
  </code>
  <code code="E51">
    <editdetail attribution="Reuters BIP Coding Group" action="confirmed" date="1997-03-14"/>
  </code>
  <code code="E512">
    <editdetail attribution="Reuters BIP Coding Group" action="confirmed" date="1997-03-14"/>
  </code>
  <code code="ECAT">
    <editdetail attribution="Reuters BIP Coding Group" action="confirmed" date="1997-03-14"/>
  </code>
</codes>
<dc element="dc.date.created" value="1997-03-14"/>
<dc element="dc.publisher" value="Reuters Holdings Plc"/>
<dc element="dc.date.published" value="1997-03-14"/>
<dc element="dc.source" value="Reuters"/>
<dc element="dc.creator.location" value="CAPE TOWN"/>
<dc element="dc.creator.location.country.name" value="SOUTH AFRICA"/>
<dc element="dc.source" value="Reuters"/>
</metadata>
</newsitem>
