<?xml version="1.0" encoding="iso-8859-1" ?>
<newsitem itemid="442165" id="root" date="1997-03-14" xml:lang="en">
<title>SOUTH AFRICA: S.African alcohol duties rise seen hitting revenue.</title>
<headline>S.African alcohol duties rise seen hitting revenue.</headline>
<dateline>CAPE TOWN 1997-03-14</dateline>
<text>
<p>The steep increases in excise duties on alcohol announced by Finance Minister Trevor Manuel this week could encourage smuggling and illegal trading, a leading retailer warned on Friday.</p>
<p>It could also dampen sales and the combined effect would be to decrease expected revenue levels, Picardi Rebel marking director Darron Swersky said. The store is part of the Rebhold group.</p>
<p>He said that while excise duty increases had been expected, he was concerned that the government had not given any indication of reallocating revenues to alleviate problems facing the industry.</p>
<p>These included illegal trading, smuggling and excise avoidance.</p>
<p>&quot;It is unfortunate that the government is not visibly redirecting funds to support the liquor industry (and solve these problems),&quot; Swersky said.</p>
<p>-- Cape Town office +27 21 25-2238</p>
</text>
<copyright>(c) Reuters Limited 1997</copyright>
<metadata>
<codes class="bip:countries:1.0">
  <code code="SAFR">
    <editdetail attribution="Reuters BIP Coding Group" action="confirmed" date="1997-03-14"/>
  </code>
</codes>
<codes class="bip:industries:1.0">
  <code code="I42400">
    <editdetail attribution="Reuters BIP Coding Group" action="confirmed" date="1997-03-14"/>
  </code>
</codes>
<codes class="bip:topics:1.0">
  <code code="C13">
    <editdetail attribution="Reuters BIP Coding Group" action="confirmed" date="1997-03-14"/>
  </code>
  <code code="C31">
    <editdetail attribution="Reuters BIP Coding Group" action="confirmed" date="1997-03-14"/>
  </code>
  <code code="CCAT">
    <editdetail attribution="Reuters BIP Coding Group" action="confirmed" date="1997-03-14"/>
  </code>
  <code code="E21">
    <editdetail attribution="Reuters BIP Coding Group" action="confirmed" date="1997-03-14"/>
  </code>
  <code code="E211">
    <editdetail attribution="Reuters BIP Coding Group" action="confirmed" date="1997-03-14"/>
  </code>
  <code code="E51">
    <editdetail attribution="Reuters BIP Coding Group" action="confirmed" date="1997-03-14"/>
  </code>
  <code code="E512">
    <editdetail attribution="Reuters BIP Coding Group" action="confirmed" date="1997-03-14"/>
  </code>
  <code code="ECAT">
    <editdetail attribution="Reuters BIP Coding Group" action="confirmed" date="1997-03-14"/>
  </code>
</codes>
<dc element="dc.date.created" value="1997-03-14"/>
<dc element="dc.publisher" value="Reuters Holdings Plc"/>
<dc element="dc.date.published" value="1997-03-14"/>
<dc element="dc.source" value="Reuters"/>
<dc element="dc.creator.location" value="CAPE TOWN"/>
<dc element="dc.creator.location.country.name" value="SOUTH AFRICA"/>
<dc element="dc.source" value="Reuters"/>
</metadata>
</newsitem>
