<?xml version="1.0" encoding="iso-8859-1" ?>
<newsitem itemid="442170" id="root" date="1997-03-14" xml:lang="en">
<title>SOUTH AFRICA: S.Africa discussing fx control moves with banks.</title>
<headline>S.Africa discussing fx control moves with banks.</headline>
<dateline>CAPE TOWN 1997-03-14</dateline>
<text>
<p>South Africa's Reserve Bank would be discussing details of the relaxation of exchange controls, announced in Wednesday's budget, with commercial banks over the next two to three weeks, governor Chris Stals said on Friday.</p>
<p>Following these discussions the central bank would be in a better position to advise government as to how much individuals should be allowed to invest overseas or hold in local foreign currency bank accounts, he told parliament's finance committee.</p>
<p>Finance Minister Trevor Manuel said in his budget that individuals would be allowed to invest an unspecified amount offshore from July 1.</p>
<p>Issues to be resolved included how banks should cover individuals' foreign currency acounts with foreign assets, whether this should form part of the bank's balance sheet for capital adequacy purposes, whether a bank would have to hold cash reserves at the Reserve Bank against these liabilities and how it would affect liquid asset requirements.</p>
<p>&quot;Those are things we will have to sort out with the banks, and we will do so in the next two or three weeks...Once we have gone through that whole exercise it will be easier to advise the minister on the amount that should be fixed for each individual to invest outside of the country or through the banks,&quot; Stals said.</p>
<p>-- Parliament newsroom+27 21 403 2502</p>
</text>
<copyright>(c) Reuters Limited 1997</copyright>
<metadata>
<codes class="bip:countries:1.0">
  <code code="SAFR">
    <editdetail attribution="Reuters BIP Coding Group" action="confirmed" date="1997-03-14"/>
  </code>
</codes>
<codes class="bip:topics:1.0">
  <code code="E12">
    <editdetail attribution="Reuters BIP Coding Group" action="confirmed" date="1997-03-14"/>
  </code>
  <code code="ECAT">
    <editdetail attribution="Reuters BIP Coding Group" action="confirmed" date="1997-03-14"/>
  </code>
  <code code="M13">
    <editdetail attribution="Reuters BIP Coding Group" action="confirmed" date="1997-03-14"/>
  </code>
  <code code="M132">
    <editdetail attribution="Reuters BIP Coding Group" action="confirmed" date="1997-03-14"/>
  </code>
  <code code="MCAT">
    <editdetail attribution="Reuters BIP Coding Group" action="confirmed" date="1997-03-14"/>
  </code>
</codes>
<dc element="dc.date.created" value="1997-03-14"/>
<dc element="dc.publisher" value="Reuters Holdings Plc"/>
<dc element="dc.date.published" value="1997-03-14"/>
<dc element="dc.source" value="Reuters"/>
<dc element="dc.creator.location" value="CAPE TOWN"/>
<dc element="dc.creator.location.country.name" value="SOUTH AFRICA"/>
<dc element="dc.source" value="Reuters"/>
</metadata>
</newsitem>
