<?xml version="1.0" encoding="iso-8859-1" ?>
<newsitem itemid="442192" id="root" date="1997-03-14" xml:lang="en">
<title>TANZANIA: Tanzania shilling stable vs dlr, up on pound.</title>
<headline>Tanzania shilling stable vs dlr, up on pound.</headline>
<dateline>DAR ES SALAAM 1997-03-14</dateline>
<text>
<p>The Tanzanian shilling was unchanged against the dollar on Friday, bottoming out after more than two months of slight declines, dealers said.</p>
<p>The shilling exchanged at a commercial mean rate of 600.1380 unchanged from Thursday. Last Friday, it stood at 600.1974.</p>
<p>Against the pound, the shilling stood at a mean rate of 956.1114 from 959.7722 on Thursday. Last Friday, it traded at 968.9717 against the pound.</p>
<p>Financial analysts and dealers said they expected the shilling to remain stable against the dollar and then, appreciate.</p>
<p>&quot;It is stable. Donor funds are coming in on the supply side while there is no new element of demand. We're back to stable demand for imports,&quot; said one analyst.</p>
<p>Dealers said the market was quiet, and the business community planned no major moves before the June budget.</p>
<p>&quot;The outlook is one of continued modest upturn. There's expectations about the budget so the business sector has adopted a wait-and-see (attitude),&quot; a dealer said.</p>
<p>But one analyst was eyeing what effects a prolonged drought would have on the economy. The drought could spur a rash of food imports, the analyst said.</p>
<p>&quot;The government may be forced to call on the Bank of Tanzania (BoT) for foreign currency to finance imports of food,&quot; said the analyst.</p>
<p>Tanzania, like Kenya, is in the midst of a severe drought and faces the prospect of widespread crop failure.</p>
</text>
<copyright>(c) Reuters Limited 1997</copyright>
<metadata>
<codes class="bip:countries:1.0">
  <code code="TANZA">
    <editdetail attribution="Reuters BIP Coding Group" action="confirmed" date="1997-03-14"/>
  </code>
</codes>
<codes class="bip:topics:1.0">
  <code code="M13">
    <editdetail attribution="Reuters BIP Coding Group" action="confirmed" date="1997-03-14"/>
  </code>
  <code code="M132">
    <editdetail attribution="Reuters BIP Coding Group" action="confirmed" date="1997-03-14"/>
  </code>
  <code code="MCAT">
    <editdetail attribution="Reuters BIP Coding Group" action="confirmed" date="1997-03-14"/>
  </code>
</codes>
<dc element="dc.date.created" value="1997-03-14"/>
<dc element="dc.publisher" value="Reuters Holdings Plc"/>
<dc element="dc.date.published" value="1997-03-14"/>
<dc element="dc.source" value="Reuters"/>
<dc element="dc.creator.location" value="DAR ES SALAAM"/>
<dc element="dc.creator.location.country.name" value="TANZANIA"/>
<dc element="dc.source" value="Reuters"/>
</metadata>
</newsitem>
