<?xml version="1.0" encoding="iso-8859-1" ?>
<newsitem itemid="442148" id="root" date="1997-03-14" xml:lang="en">
<title>ZAIRE: Zaire rebels say S.African envoys met Kabila.</title>
<headline>Zaire rebels say S.African envoys met Kabila.</headline>
<dateline>GOMA, Zaire 1997-03-14</dateline>
<text>
<p>Zairean rebels said on Friday envoys of South African President Nelson Mandela met their leader Laurent Kabila in rebel-held territory to pave the way for negotiations to end the war with the government.</p>
<p>The envoys arrived in the eastern border town of Goma on Wednesday, said Kakudji Gaetan, foreign affairs commissar of the Alliance of Democratic Forces for the Liberation of Congo-Zaire (AFDL).</p>
<p>They met Kabila in Goma, Kakudji told reporters. He did not say when the meeting took place.</p>
<p>&quot;They came here to make contact with us and to make possible the start of negotiations,&quot; Kakudji said. &quot;Negotiations will concern the passing of power but not our surrender.&quot;</p>
<p>The AFDL says it will negotiate but insists that Zaire's ailing president Mobutu Sese Seko show a firm commitment to taking part.</p>
<p>Kabila made a diplomatic breakthrough in his search for recognition when Mandela received him in Johannesburg on February 26, but even then he turned down Mandela's request for a ceasefire.</p>
<p>&quot;Given his international stature Mandela is the person indicated to mediate between the parties in the conflict in Zaire,&quot; Kakudji said.</p>
<p>Diplomats said Kabila met United Nations special envoy Mohamed Sahnoun on Thursday in the northern Ugandan town of Gulu but again rejected U.N. pleas for a ceasefire.</p>
<p>Zairean rebels who control at least one-fifth of the country after a campaign starting last October are advancing on Zaire's third city Kisangani.</p>
</text>
<copyright>(c) Reuters Limited 1997</copyright>
<metadata>
<codes class="bip:countries:1.0">
  <code code="SAFR">
    <editdetail attribution="Reuters BIP Coding Group" action="confirmed" date="1997-03-14"/>
  </code>
  <code code="ZAIRE">
    <editdetail attribution="Reuters BIP Coding Group" action="confirmed" date="1997-03-14"/>
  </code>
</codes>
<codes class="bip:topics:1.0">
  <code code="GCAT">
    <editdetail attribution="Reuters BIP Coding Group" action="confirmed" date="1997-03-14"/>
  </code>
  <code code="GDIP">
    <editdetail attribution="Reuters BIP Coding Group" action="confirmed" date="1997-03-14"/>
  </code>
  <code code="GPOL">
    <editdetail attribution="Reuters BIP Coding Group" action="confirmed" date="1997-03-14"/>
  </code>
</codes>
<dc element="dc.date.created" value="1997-03-14"/>
<dc element="dc.publisher" value="Reuters Holdings Plc"/>
<dc element="dc.date.published" value="1997-03-14"/>
<dc element="dc.source" value="Reuters"/>
<dc element="dc.creator.location" value="GOMA, Zaire"/>
<dc element="dc.creator.location.country.name" value="ZAIRE"/>
<dc element="dc.source" value="Reuters"/>
</metadata>
</newsitem>
