<?xml version="1.0" encoding="iso-8859-1" ?>
<newsitem itemid="442136" id="root" date="1997-03-14" xml:lang="en">
<title>NIGERIA: African mission in Nigeria sees Saro-Wiwa's mother.</title>
<headline>African mission in Nigeria sees Saro-Wiwa's mother.</headline>
<byline>Felix Onuah</byline>
<dateline>ABUJA 1997-03-14</dateline>
<text>
<p>An African team checking Nigerian human rights said they met military ruler General Sani Abacha and the mother of executed author Ken Saro-Wiwa during a week long visit which ended on Friday.</p>
<p>The three-member delegation apologised to local activists for its failure to meet them last Saturday.</p>
<p>&quot;It was a matter of deep regret for members of the mission that inclement weather forced us to be driven by road to Abuja from Lagos while unknown to us as a result of poor communications a room bursting with representatives of NGOs were waiting for a meeting with us...We apologise profusely,&quot; the statement said.</p>
<p>The team, from the Gambia-based African Commission on Human and Peoples' Rights has been largely shunned by local rights activists because it came after two UN investigators called off a similar trip when the military authorities denied them access to jails and detainees.</p>
<p>Ghanaian professor Victor Danqua, who led the three-man team, said they met Saro-Wiwa's mother in volatile Ogoniland where they also saw 19 youths from the Ogoni tribe awaiting trial for the same murders for which Saro-Wiwa and eight others were hanged.</p>
<p>&quot;We visited Ogoni yesterday where we had discussions with Ken Saro-Wiwa's mother and the 19 Ogoni youths in detention,&quot; he told Reuters. &quot;The meeting was fruitful, they were happy to meet with us and they narrated their plight which we also noted.&quot;</p>
<p>He said they also met military ruler Abacha behind closed doors in his Aso Rock villa, but gave no details.</p>
<p>The 19 have been detained since 1994 when four prominent chiefs were murdered in Ogoniland.</p>
<p>Saro-Wiwa and eight other Ogoni activists were hanged for the murders the following year after a trial by a tribunal, provoking worldwide condemnation of Nigeria's military leaders.</p>
<p>&quot;Their (Ogoni 19) concerns will be passed onto the appropriate authorities,&quot; their end-of-mission statement said.</p>
<p>The statement did not say if the delegation had succeeded in meeting Moshood Abiola, the businessman believed to have won Nigeria's annulled 1993 presidential election.</p>
<p>Abiola has been held in seclusion since 1994 when he proclaimed himself president in defiance of the military rulers.</p>
<p>Abacha's government is implementing a programme to restore civil rule next year starting with municipal polls on Saturday.</p>
</text>
<copyright>(c) Reuters Limited 1997</copyright>
<metadata>
<codes class="bip:countries:1.0">
  <code code="NIGEA">
    <editdetail attribution="Reuters BIP Coding Group" action="confirmed" date="1997-03-14"/>
  </code>
</codes>
<codes class="bip:topics:1.0">
  <code code="GCAT">
    <editdetail attribution="Reuters BIP Coding Group" action="confirmed" date="1997-03-14"/>
  </code>
  <code code="GDIP">
    <editdetail attribution="Reuters BIP Coding Group" action="confirmed" date="1997-03-14"/>
  </code>
  <code code="GPOL">
    <editdetail attribution="Reuters BIP Coding Group" action="confirmed" date="1997-03-14"/>
  </code>
  <code code="GVIO">
    <editdetail attribution="Reuters BIP Coding Group" action="confirmed" date="1997-03-14"/>
  </code>
</codes>
<dc element="dc.date.created" value="1997-03-14"/>
<dc element="dc.publisher" value="Reuters Holdings Plc"/>
<dc element="dc.date.published" value="1997-03-14"/>
<dc element="dc.source" value="Reuters"/>
<dc element="dc.creator.location" value="ABUJA"/>
<dc element="dc.creator.location.country.name" value="NIGERIA"/>
<dc element="dc.source" value="Reuters"/>
</metadata>
</newsitem>
