<?xml version="1.0" encoding="iso-8859-1" ?>
<newsitem itemid="442169" id="root" date="1997-03-14" xml:lang="en">
<title>COMOROS: Comoros secessionists storm airport.</title>
<headline>Comoros secessionists storm airport.</headline>
<dateline>MORONI 1997-03-14</dateline>
<text>
<p>Secessionists on the Comoros island of Anjouan stormed the airport on Friday on the third day of a general strike rapidly turning to open rebellion against the archipelago's authorities.</p>
<p>For a third day secessionists burned tyres and set up roadblocks, rejecting an offer by the governor of Anjouan Ahmed Abdalla Sourette for talks.</p>
<p>&quot;We want separation but not talks,&quot; said a crowd at Mutsamudu, the regional capital and the Indian Ocean Comoro Islands' only deep sea port.</p>
<p>At least one plane was grounded as a result of the airport invasion, Civil Aviation Authorities in Moroni said.</p>
<p>Anjouan island, about 130 km (80 miles) southeast of the main island of Grande Comore, is poorer than Grande Comore with fewer employment opportunities for its 190,000 population.</p>
<p>Prime Minister Ahmed Abdou whose house was burned by a mob on Thursday denounced the Anjouan secessionists.</p>
<p>The unrest is ... &quot;designed to destabilise the country ... The security forces have been given the clear mission of restoring order at all costs,&quot; he said on state-run radio Comoros on Thursday.</p>
<p>The Comoro islands, which have had 17 coups and attempted coups since independence from France in 1975, have this year been swept by a series of strikes by civil servants demanding salary arrears.</p>
</text>
<copyright>(c) Reuters Limited 1997</copyright>
<metadata>
<codes class="bip:countries:1.0">
  <code code="COMOR">
    <editdetail attribution="Reuters BIP Coding Group" action="confirmed" date="1997-03-14"/>
  </code>
</codes>
<codes class="bip:topics:1.0">
  <code code="GCAT">
    <editdetail attribution="Reuters BIP Coding Group" action="confirmed" date="1997-03-14"/>
  </code>
  <code code="GVIO">
    <editdetail attribution="Reuters BIP Coding Group" action="confirmed" date="1997-03-14"/>
  </code>
</codes>
<dc element="dc.date.created" value="1997-03-14"/>
<dc element="dc.publisher" value="Reuters Holdings Plc"/>
<dc element="dc.date.published" value="1997-03-14"/>
<dc element="dc.source" value="Reuters"/>
<dc element="dc.creator.location" value="MORONI"/>
<dc element="dc.creator.location.country.name" value="COMOROS"/>
<dc element="dc.source" value="Reuters"/>
</metadata>
</newsitem>
