<?xml version="1.0" encoding="iso-8859-1" ?>
<newsitem itemid="442123" id="root" date="1997-03-14" xml:lang="en">
<title>CANADA: Shell Canada plans major oil sands project.</title>
<headline>Shell Canada plans major oil sands project.</headline>
<byline>Jeffrey Jones</byline>
<dateline>CALGARY, Alberta 1997-03-14</dateline>
<text>
<p>Shell Canada Ltd, the Canadian arm of Royal Dutch/Shell Group, said on Friday it planned to build the country's second-largest oil sands mining and synthetic oil project at a cost of C$1 billion ($734 million).</p>
<p>Calgary-based Shell Canada said it filed a proposal with regulators to develop its Lease 13 in northern Alberta, in a project that would initially produce 120,000 barrels per day of bitumen -- the heavy oil in oil sands -- starting in 2002.</p>
<p>&quot;This filing is the first step toward regulatory approval. We are also working hard on the technical and commercial milestones we have to meet to make this project a reality,&quot; said Shell Canada Vice-President Neil Camarta.</p>
<p>The regulatory procedure, called a public disclosure, lets Alberta's Energy and Utilities Board know general plans for the project based on preliminary studies.</p>
<p>Lease 13, first acquired by Shell Canada in 1956 but never developed despite two previous proposals, is located 70 km (44 miles) north of Fort McMurray, Alberta, where the Syncrude Canada Ltd. and Suncor Inc. oil sands projects have been in operation for several years.</p>
<p>Production from Syncrude, Canada's biggest project, and Suncor now feed 20 percent of Canada's crude oil demand.</p>
<p>Shell Canada had been searching for a partner to help it develop and operate the mining portion of the project, but a front-runner had yet to emerge, said John Broadhurst, the company's manager of oil sands development.</p>
<p>&quot;We're not looking for equity participation. However, if there was some organisation that could bring significant value-added beyond capital -- like technology and know-how -- we'd certainly be willing to discuss that,&quot; Broadhurst said.</p>
<p>&quot;We haven't closed the door on that being a possibility.&quot;</p>
<p>Shell Canada said it would transport its bitumen through a new pipeline, and was mulling a number of possibilities for upgrading it into synthetic petroleum products. Options included building a new upgrading plant at the company's Scotford refinery near Edmonton.</p>
<p>The company, which told investors last year it was considering the Lease 13 development, said it hoped to win full regulatory approval in late 1997 and start preparing the site before the end of 1998 if studies showed the economics to be good.</p>
<p>The company is one of 18 that announced plans last June to spend a combined C$5.8 billion ($4.2 billion) over the next decade developing oilsands projects in northern Alberta.</p>
<p>Development of Alberta's vast oil sands, estimated to contain more crude oil than Saudi Arabia's reserves, was accelerated last year after the Alberta and Canadian governments unveiled favourable new tax and royalty changes.</p>
<p>Projects require massive capital investment because, while conventional oil is pumped from wells, oil sands -- which have the consistency of damp clay -- are mined in open pits and transported to extraction plants where heat and chemicals separate the bitumen from the sand.</p>
<p>It has only been in the last five years that technological advancements have pushed oil sands production costs down to near those of conventional oil.</p>
</text>
<copyright>(c) Reuters Limited 1997</copyright>
<metadata>
<codes class="bip:countries:1.0">
  <code code="CANA">
    <editdetail attribution="Reuters BIP Coding Group" action="confirmed" date="1997-03-14"/>
  </code>
</codes>
<codes class="bip:industries:1.0">
  <code code="I13000">
    <editdetail attribution="Reuters BIP Coding Group" action="confirmed" date="1997-03-14"/>
  </code>
  <code code="I1300003">
    <editdetail attribution="Reuters BIP Coding Group" action="confirmed" date="1997-03-14"/>
  </code>
  <code code="I14000">
    <editdetail attribution="Reuters BIP Coding Group" action="confirmed" date="1997-03-14"/>
  </code>
</codes>
<codes class="bip:topics:1.0">
  <code code="C24">
    <editdetail attribution="Reuters BIP Coding Group" action="confirmed" date="1997-03-14"/>
  </code>
  <code code="CCAT">
    <editdetail attribution="Reuters BIP Coding Group" action="confirmed" date="1997-03-14"/>
  </code>
</codes>
<dc element="dc.date.created" value="1997-03-14"/>
<dc element="dc.publisher" value="Reuters Holdings Plc"/>
<dc element="dc.date.published" value="1997-03-14"/>
<dc element="dc.source" value="Reuters"/>
<dc element="dc.creator.location" value="CALGARY, Alberta"/>
<dc element="dc.creator.location.country.name" value="CANADA"/>
<dc element="dc.source" value="Reuters"/>
</metadata>
</newsitem>
