<?xml version="1.0" encoding="iso-8859-1" ?>
<newsitem itemid="442104" id="root" date="1997-03-14" xml:lang="en">
<title>UK: UK's FTSE 100 ends at day's best as Dow recovers.</title>
<headline>UK's FTSE 100 ends at day's best as Dow recovers.</headline>
<dateline>LONDON 1997-03-14</dateline>
<text>
<p>The UK's leading FTSE 100 share index ended on a stronger note on Friday, tracking Wall Street higher after the latest U.S. inflation figures eased fears of a near-term U.S. interest rate hike, dealers said.</p>
<p>The blue chip index, which spent most of the session struggling in negative territory, cleared the 4,400 hurdle late in the session and ended 26.6 points higher at 4,424.3.</p>
<p>FTSE 100 advancers beat decliners by a margin of two to one. Total SEAQ volume registered 781 million shares at 1639 GMT.</p>
<p>The Dow, up 75 points when London markets closed, rebounded from Thursday's 160-point spill.</p>
</text>
<copyright>(c) Reuters Limited 1997</copyright>
<metadata>
<codes class="bip:countries:1.0">
  <code code="UK">
    <editdetail attribution="Reuters BIP Coding Group" action="confirmed" date="1997-03-14"/>
  </code>
</codes>
<codes class="bip:topics:1.0">
  <code code="M11">
    <editdetail attribution="Reuters BIP Coding Group" action="confirmed" date="1997-03-14"/>
  </code>
  <code code="MCAT">
    <editdetail attribution="Reuters BIP Coding Group" action="confirmed" date="1997-03-14"/>
  </code>
</codes>
<dc element="dc.date.created" value="1997-03-14"/>
<dc element="dc.publisher" value="Reuters Holdings Plc"/>
<dc element="dc.date.published" value="1997-03-14"/>
<dc element="dc.source" value="Reuters"/>
<dc element="dc.creator.location" value="LONDON"/>
<dc element="dc.creator.location.country.name" value="UK"/>
<dc element="dc.source" value="Reuters"/>
</metadata>
</newsitem>
