<?xml version="1.0" encoding="iso-8859-1" ?>
<newsitem itemid="442125" id="root" date="1997-03-14" xml:lang="en">
<title>CANADA: Canada detains Saudi wanted on servicemen bombing.</title>
<headline>Canada detains Saudi wanted on servicemen bombing.</headline>
<byline>Randall Palmer</byline>
<dateline>OTTAWA 1997-03-14</dateline>
<text>
<p>Canada has detained a Saudi man who claimed he was being sought in connection with a truck bomb blast in Saudi Arabia that killed 19 U.S. soldiers last year, a Canadian official said on Friday.</p>
<p>The man, Fahad al-Shehri, sought refugee status in Canada and said he was part of a mujahideen (holy warriors) group though he denied involvement in the bombings, Citizenship and Immigration spokeswoman Joanne John told Reuters.</p>
<p>&quot;He was claiming refugee status because he claimed to be wanted in Saudi Arabia in connection with the bombings and for being a member of the mujahideen, but he denied any involvement in the bombings himself,&quot; John said.</p>
<p>He did not say the group was involved either, she said.</p>
<p>It appeared unlikely, however, that he would be sent back to Saudi Arabia lest he face capital punishment, a penalty Canada has banned.</p>
<p>The truck bomb last June at a military housing complex near the Saudi oil city of Dhahran killed 19 U.S. airmen and injured about 400 people. A car bomb in 1995 killed five U.S. troops and two Indians in the capital Riyadh.</p>
<p>Shehri applied to be a refugee on his arrival at Ottawa airport on December 6, and was arrested and detained by Canadian immigration officials three days later, John said.</p>
<p>The grounds were that he gave reason to believe that he was a member of a terrorist group and &quot;could pose a danger to the Canadian public,&quot; she added.</p>
<p>An inquiry into whether to grant him refugee status opened on March 3 but was adjourned for procedural reasons until March 26.</p>
<p>John said a person can be deemed to be a danger and deported either to his home country or another, but there were other considerations, including what risk going back home posed for an individual.</p>
<p>She said Canada generally would not deport a person to a country where he would face the death penalty. Last May Saudi Arabia beheaded four of its citizens who confessed on state television that they were behind the 1995 explosion.</p>
</text>
<copyright>(c) Reuters Limited 1997</copyright>
<metadata>
<codes class="bip:countries:1.0">
  <code code="CANA">
    <editdetail attribution="Reuters BIP Coding Group" action="confirmed" date="1997-03-14"/>
  </code>
  <code code="SAARAB">
    <editdetail attribution="Reuters BIP Coding Group" action="confirmed" date="1997-03-14"/>
  </code>
  <code code="USA">
    <editdetail attribution="Reuters BIP Coding Group" action="confirmed" date="1997-03-14"/>
  </code>
</codes>
<codes class="bip:topics:1.0">
  <code code="GCAT">
    <editdetail attribution="Reuters BIP Coding Group" action="confirmed" date="1997-03-14"/>
  </code>
  <code code="GDEF">
    <editdetail attribution="Reuters BIP Coding Group" action="confirmed" date="1997-03-14"/>
  </code>
  <code code="GVIO">
    <editdetail attribution="Reuters BIP Coding Group" action="confirmed" date="1997-03-14"/>
  </code>
</codes>
<dc element="dc.date.created" value="1997-03-14"/>
<dc element="dc.publisher" value="Reuters Holdings Plc"/>
<dc element="dc.date.published" value="1997-03-14"/>
<dc element="dc.source" value="Reuters"/>
<dc element="dc.creator.location" value="OTTAWA"/>
<dc element="dc.creator.location.country.name" value="CANADA"/>
<dc element="dc.source" value="Reuters"/>
</metadata>
</newsitem>
