<?xml version="1.0" encoding="iso-8859-1" ?>
<newsitem itemid="442158" id="root" date="1997-03-14" xml:lang="en">
<title>ZAIRE: Zaire's Mobutu to return home on Monday - aide.</title>
<headline>Zaire's Mobutu to return home on Monday - aide.</headline>
<dateline>KINSHASA 1997-03-14</dateline>
<text>
<p>Zaire President Mobutu Sese Seko will return home from France on Monday, a senior member of his party said on Friday.</p>
<p>Banza Mukalayi, deputy president of Mobutu's Popular Revolutionary Movement MPR, said it was not immediately clear whether the veteran leader would return to the capital Kinshasa or his jungle palace at Gbadolite.</p>
<p>&quot;The president is expected back in Zaire on Monday,&quot; he told Reuters.</p>
<p>Mobutu, who seized power in a 1965 coup, had prostate cancer surgery in Switzerland last August and has spent most of his time in Europe since then, returning only for brief visits.</p>
<p>Tutsi-led rebels took up arms in October vowing to topple him. They hold towns and territory in the east and have been pushing steadily west and south.</p>
</text>
<copyright>(c) Reuters Limited 1997</copyright>
<metadata>
<codes class="bip:countries:1.0">
  <code code="FRA">
    <editdetail attribution="Reuters BIP Coding Group" action="confirmed" date="1997-03-14"/>
  </code>
  <code code="ZAIRE">
    <editdetail attribution="Reuters BIP Coding Group" action="confirmed" date="1997-03-14"/>
  </code>
</codes>
<codes class="bip:topics:1.0">
  <code code="GCAT">
    <editdetail attribution="Reuters BIP Coding Group" action="confirmed" date="1997-03-14"/>
  </code>
  <code code="GPOL">
    <editdetail attribution="Reuters BIP Coding Group" action="confirmed" date="1997-03-14"/>
  </code>
</codes>
<dc element="dc.date.created" value="1997-03-14"/>
<dc element="dc.publisher" value="Reuters Holdings Plc"/>
<dc element="dc.date.published" value="1997-03-14"/>
<dc element="dc.source" value="Reuters"/>
<dc element="dc.creator.location" value="KINSHASA"/>
<dc element="dc.creator.location.country.name" value="ZAIRE"/>
<dc element="dc.source" value="Reuters"/>
</metadata>
</newsitem>
