<?xml version="1.0" encoding="iso-8859-1" ?>
<newsitem itemid="442194" id="root" date="1997-03-14" xml:lang="en">
<title>COTE D'IVOIRE: PRESS DIGEST - Ivory Coast - March 14.</title>
<headline>PRESS DIGEST - Ivory Coast - March 14.</headline>
<dateline>ABIDJAN 1997-03-14</dateline>
<text>
<p>These are significant items in the Ivorian press on Friday. Reuters has not verified these items and does not vouch for their accuracy.</p>
<p>FRATERNITE MATIN</p>
<p>- Delegation from China's Jiangzhou province to launch a joint venture company to grow rice around Ivory Coast's capital Yamoussoukro</p>
<p>- New book by Ivorian economics professor N'guessan Tchetche says low three percent interest rate offered by the West Africa CFA franc zone Central Bank, the BCEAO, encourages capital flight from the region</p>
<p>- Ivorian government sells off two hotels -- Palm Club in Abidjan and Mont Korhogo in the northern town of Korhogo -- as part of privatisation exercise; both bought by Ivorian companies</p>
<p>LA VOIE</p>
<p>- Ivorian national assembly discusses book on tax procedures designed to smoothe relations between tax officials and those being taxed</p>
<p>LE JOUR</p>
<p>- Privatisation committee says that sale of shares in Ivorian packaging company SIEM, a subsidiary of CarnaudMetalBox, has been extended to March 28; shares to be quoted on Abidjan stock exchange on second-tier market</p>
<p>($1=571 CFA francs)</p>
<p>-- Abidjan newsroom +225 21 90 90</p>
</text>
<copyright>(c) Reuters Limited 1997</copyright>
<metadata>
<codes class="bip:countries:1.0">
  <code code="ICST">
    <editdetail attribution="Reuters BIP Coding Group" action="confirmed" date="1997-03-14"/>
  </code>
</codes>
<codes class="bip:topics:1.0">
  <code code="GCAT">
    <editdetail attribution="Reuters BIP Coding Group" action="confirmed" date="1997-03-14"/>
  </code>
</codes>
<dc element="dc.date.created" value="1997-03-14"/>
<dc element="dc.publisher" value="Reuters Holdings Plc"/>
<dc element="dc.date.published" value="1997-03-14"/>
<dc element="dc.source" value="Reuters"/>
<dc element="dc.creator.location" value="ABIDJAN"/>
<dc element="dc.creator.location.country.name" value="COTE D'IVOIRE"/>
<dc element="dc.source" value="Reuters"/>
</metadata>
</newsitem>
