<?xml version="1.0" encoding="iso-8859-1" ?>
<newsitem itemid="442151" id="root" date="1997-03-14" xml:lang="en">
<title>NIGERIA: Nigerian 35-day T-bonds sell at 6.25 pct.</title>
<headline>Nigerian 35-day T-bonds sell at 6.25 pct.</headline>
<dateline>LAGOS 1997-03-14</dateline>
<text>
<p>Nigeria's Central Bank said on Friday it sold 1.2 million naira worth of 35-day treasury bonds at a weighted average rate of 8.5 percent.</p>
<p>Bids totalled 16.3 million naira and the true yield will be 7.75 percent.</p>
<p>Last week's sales were 8.1 million naira worth of 10-day treasury bonds at a weighted average rate of 6.25 percent.</p>
<p>The central bank also said that on the primary market, 91-day treasury bills worth 4.62 million naira were sold at a marginal rate of eight percent and true yield of 8.2 percent.</p>
<p>It said the bids were worth 5.92 million.</p>
<p>--Lagos newsroom +234 1 263 03 17</p>
</text>
<copyright>(c) Reuters Limited 1997</copyright>
<metadata>
<codes class="bip:countries:1.0">
  <code code="NIGEA">
    <editdetail attribution="Reuters BIP Coding Group" action="confirmed" date="1997-03-14"/>
  </code>
</codes>
<codes class="bip:topics:1.0">
  <code code="M13">
    <editdetail attribution="Reuters BIP Coding Group" action="confirmed" date="1997-03-14"/>
  </code>
  <code code="M131">
    <editdetail attribution="Reuters BIP Coding Group" action="confirmed" date="1997-03-14"/>
  </code>
  <code code="MCAT">
    <editdetail attribution="Reuters BIP Coding Group" action="confirmed" date="1997-03-14"/>
  </code>
</codes>
<dc element="dc.date.created" value="1997-03-14"/>
<dc element="dc.publisher" value="Reuters Holdings Plc"/>
<dc element="dc.date.published" value="1997-03-14"/>
<dc element="dc.source" value="Reuters"/>
<dc element="dc.creator.location" value="LAGOS"/>
<dc element="dc.creator.location.country.name" value="NIGERIA"/>
<dc element="dc.source" value="Reuters"/>
</metadata>
</newsitem>
