<?xml version="1.0" encoding="iso-8859-1" ?>
<newsitem itemid="442144" id="root" date="1997-03-14" xml:lang="en">
<title>GHANA: Consumer and brewery shares lead Ghana bourse rise.</title>
<headline>Consumer and brewery shares lead Ghana bourse rise.</headline>
<dateline>ACCRA 1997-03-14</dateline>
<text>
<p>The Ghana Stock Exchange share index edged higher on Friday with blue-chip Unilever leading gains in moderately active trade.</p>
<p>The GSE all-share index rose 0.84 points to 363.32 points from 362.48.</p>
<p>Unilever rose 10 cedis to 800 cedis, after a stable few weeks, with Guiness Ghana Ltd, up four to 354, and Pioneer Tobacco Co up four to 150.</p>
<p>Many other share prices retained their values at the week's close, while shares in Fan Milk, the only loser, fell by five cedis to 390 cedis.</p>
<p>A total of 31,200 shares changed hands. Bids outpaced offers by 3,866,200 to 549,200.</p>
<p>($=1,860 cedis)</p>
<p>-- Abidjan newsroom: +225 21 90 90</p>
</text>
<copyright>(c) Reuters Limited 1997</copyright>
<metadata>
<codes class="bip:countries:1.0">
  <code code="GHANA">
    <editdetail attribution="Reuters BIP Coding Group" action="confirmed" date="1997-03-14"/>
  </code>
</codes>
<codes class="bip:topics:1.0">
  <code code="M11">
    <editdetail attribution="Reuters BIP Coding Group" action="confirmed" date="1997-03-14"/>
  </code>
  <code code="MCAT">
    <editdetail attribution="Reuters BIP Coding Group" action="confirmed" date="1997-03-14"/>
  </code>
</codes>
<dc element="dc.date.created" value="1997-03-14"/>
<dc element="dc.publisher" value="Reuters Holdings Plc"/>
<dc element="dc.date.published" value="1997-03-14"/>
<dc element="dc.source" value="Reuters"/>
<dc element="dc.creator.location" value="ACCRA"/>
<dc element="dc.creator.location.country.name" value="GHANA"/>
<dc element="dc.source" value="Reuters"/>
</metadata>
</newsitem>
