<?xml version="1.0" encoding="iso-8859-1" ?>
<newsitem itemid="442164" id="root" date="1997-03-14" xml:lang="en">
<title>KENYA: Kenya eyes Middle East as new perishables market.</title>
<headline>Kenya eyes Middle East as new perishables market.</headline>
<byline>Maja Wallengren</byline>
<dateline>NAIROBI 1997-03-14</dateline>
<text>
<p>Kenya's horticulture industry is increasingly eyeing the wealthy Middle East markets of the U.A.E. and Saudi Arabia as potential importers of the country's large volumes of fresh produce, traders and officials said on Friday.</p>
<p>Micah Cheserem, governor of the Central Bank of Kenya, urged producers, traders and industry officials to develop the potential for increasing exports of fruits and vegetables into the key markets in Saudi Arabia, Dubai and Abu Dhabi.</p>
<p>&quot;Your board should make it one of its key objectives to put maximum effort into open up new markets in the countries of the Middle East and the Far East,&quot; Cheserem told the Fresh Produce Exporters Association of Kenya (FPEAK).</p>
<p>Cheserem was speaking about the importance on the Kenyan economy of the country's fast growing horticulture sector, and said the government would continue to support the &quot;impressive growth&quot; seen in the industry over the past five years.</p>
<p>Almost the entire Kenyan production of flowers, fruits and vegetables, which came to almost 85,000 tonnes worth $240 million in expert earnings in 1996, are shipped out of Nairobi as air cargo.</p>
<p>Some 90 percent of total fresh produce is transported by air, mostly to the European markets of Holland, the U.K., France and Germany, which account for 86 percent of Kenya's horticulture exports. Only 2.9 percent goes to the Middle East.</p>
<p>&quot;We are now exploiting these new markets and the Middle East especially is coming up very well. They have to import all the fruit they eat and at the moment the imports from Africa are very minor,&quot; said Simon Ethangatta, chairman of FPEAK.</p>
<p>&quot;We have a lot of flights going between Nairobi and Dubai and over the next few years we expect to see exports to the Middle East increase by at least 15 percent,&quot; Ethangatta told Reuters.</p>
<p>He said the FPEAK over the last year had sent several trade missions to the Gulf States in order to establish more contacts between traders and exporters associations.</p>
<p>All the major Gulf carriers fly to Nairobi, many of them with additional stops in other East African capitals, and several airlines, including Gulf Air and Emirates, have within the past six months increased route frequency.</p>
<p>&quot;In the Middle East there is a big consumption of fresh produce, especially in Dubai where they are very interested in mangos. European markets are almost saturated and becoming more regulated and protectionist. Freight rates despite a downward trend are still high and space is getting harder to find.</p>
<p>&quot;The Middle East is much closer but like Europe, enjoys a high standard of living and, because of the scarcity of water cannot produce very much fresh produce,&quot; said Gordon Burr, speaking on behalf of COLEAPC.</p>
<p>According to figures provided by COLEAPC, an independent association promoting the trade of horticulture products from 70 African, Pacific and Caribbean (APC) countries, the Middle East has in recent years increased imports of fresh produce.</p>
<p>&quot;From 1991 to 1994 the UAE imports of fresh fruit and vegetables have increased by 40 percent in value to 1.2 million tonnes worth some $450 million.</p>
<p>&quot;From 1991 to 1994 the Saudi Arabian imports of fresh fruits and vegetables have increased by 12 percent in value to 1.4 million tonnes worth slightly over $400 million,&quot; it said.</p>
<p>But of the total imports of fruits and vegetables to the UAE only three precent came from Africa while for Saudi Arabia African imports only accounted for 11 percent.</p>
<p>&quot;There is still a lot of room for growth. In addition fresh fruit and vegetables are also used in very large volumes in the area because of a tradition of over catering and because alcohol is not used much,&quot; Burr said.</p>
<p>&quot;Transport costs are a major factor in the competition for markets and Kenya's proximity to the Middle East...gives Kenyan exporters a big advantage over their Southern African and South American rivals,&quot; he said.</p>
<p>Burr said the &quot;most significant markets&quot; were the UAE and Saudi Arabia, with Dubai being the major air transport hub in the Gulf region.</p>
<p>&quot;Produce consumption is increasing in UAE because of increasing wealth, increasing population and the growth in tourism,&quot; he said.</p>
<p>However, he warned Kenyan exporters to &quot;carefully check potential customers and build business gradually until trust is established&quot; as payment difficulties may occur when dealing with some Middle East markets.</p>
<p>&quot;The market there is a bit difficult, you have to be careful about who you deal with. That's why we have been making a lot of trade missions there to establish good contacts. But every time we have been there with a mission we have got a lot of interest,&quot; FPEAK's Ethangatta said. --Reuters Air Cargo Newsroom Tel+44-171-542-7706  Fax+5017</p>
</text>
<copyright>(c) Reuters Limited 1997</copyright>
<metadata>
<codes class="bip:countries:1.0">
  <code code="KENYA">
    <editdetail attribution="Reuters BIP Coding Group" action="confirmed" date="1997-03-14"/>
  </code>
  <code code="SAARAB">
    <editdetail attribution="Reuters BIP Coding Group" action="confirmed" date="1997-03-14"/>
  </code>
  <code code="UAE">
    <editdetail attribution="Reuters BIP Coding Group" action="confirmed" date="1997-03-14"/>
  </code>
</codes>
<codes class="bip:industries:1.0">
  <code code="I01002">
    <editdetail attribution="Reuters BIP Coding Group" action="confirmed" date="1997-03-14"/>
  </code>
  <code code="I0100206">
    <editdetail attribution="Reuters BIP Coding Group" action="confirmed" date="1997-03-14"/>
  </code>
  <code code="I0100216">
    <editdetail attribution="Reuters BIP Coding Group" action="confirmed" date="1997-03-14"/>
  </code>
</codes>
<codes class="bip:topics:1.0">
  <code code="C31">
    <editdetail attribution="Reuters BIP Coding Group" action="confirmed" date="1997-03-14"/>
  </code>
  <code code="C312">
    <editdetail attribution="Reuters BIP Coding Group" action="confirmed" date="1997-03-14"/>
  </code>
  <code code="CCAT">
    <editdetail attribution="Reuters BIP Coding Group" action="confirmed" date="1997-03-14"/>
  </code>
</codes>
<dc element="dc.date.created" value="1997-03-14"/>
<dc element="dc.publisher" value="Reuters Holdings Plc"/>
<dc element="dc.date.published" value="1997-03-14"/>
<dc element="dc.source" value="Reuters"/>
<dc element="dc.creator.location" value="NAIROBI"/>
<dc element="dc.creator.location.country.name" value="KENYA"/>
<dc element="dc.source" value="Reuters"/>
</metadata>
</newsitem>
