<?xml version="1.0" encoding="iso-8859-1" ?>
<newsitem itemid="442199" id="root" date="1997-03-14" xml:lang="en">
<title>MOZAMBIQUE: Zimbabwe urges closer trade ties with Mozambique.</title>
<headline>Zimbabwe urges closer trade ties with Mozambique.</headline>
<dateline>MAPUTO 1997-03-14</dateline>
<text>
<p>Zimbabwe's Deputy Industry and Commerce Minister Obert Mpofu on Friday urged Mozambique to sign a bilateral agreement to increase trade between the two countries.</p>
<p>Mpofu, who led a large business delegation to Mozambique this week, also urged more regular contact between business.</p>
<p>Zimbabwean and Mozambican companies were importing products from Europe or Asia instead of supporting local brands, he said, adding: &quot;We must do something to overcome this situation.&quot;</p>
<p>The minister said he had visited Maputo harbour on Thursday where he was surprised to find 1,000 car kits from Korea awaiting export to Botswana where they would be assembled and exported to Zimbabwe.</p>
<p>&quot;This is an absurd deal which brings no advantage to any of the three countries involved,&quot; said Mpofu, adding that it would be better to assemble the vehicles in Mozambique and then export them to other countries in southern Africa.</p>
<p>Mpofu's Mozambican counterpart, Abilio Bichinho, said he expected a bilateral agreement to be drawn up by a Mozambique-Zimbabwe Joint Cooperation Commission.</p>
<p>The business mission to Mozambique was organised by the Zimbabwe Trade Association which has invited Mozambican businessmen to visit Zimbabwe.</p>
</text>
<copyright>(c) Reuters Limited 1997</copyright>
<metadata>
<codes class="bip:countries:1.0">
  <code code="MOZAM">
    <editdetail attribution="Reuters BIP Coding Group" action="confirmed" date="1997-03-14"/>
  </code>
  <code code="ZIMBAB">
    <editdetail attribution="Reuters BIP Coding Group" action="confirmed" date="1997-03-14"/>
  </code>
</codes>
<codes class="bip:topics:1.0">
  <code code="E51">
    <editdetail attribution="Reuters BIP Coding Group" action="confirmed" date="1997-03-14"/>
  </code>
  <code code="E512">
    <editdetail attribution="Reuters BIP Coding Group" action="confirmed" date="1997-03-14"/>
  </code>
  <code code="ECAT">
    <editdetail attribution="Reuters BIP Coding Group" action="confirmed" date="1997-03-14"/>
  </code>
</codes>
<dc element="dc.date.created" value="1997-03-14"/>
<dc element="dc.publisher" value="Reuters Holdings Plc"/>
<dc element="dc.date.published" value="1997-03-14"/>
<dc element="dc.source" value="Reuters"/>
<dc element="dc.creator.location" value="MAPUTO"/>
<dc element="dc.creator.location.country.name" value="MOZAMBIQUE"/>
<dc element="dc.source" value="Reuters"/>
</metadata>
</newsitem>
