<?xml version="1.0" encoding="iso-8859-1" ?>
<newsitem itemid="442153" id="root" date="1997-03-14" xml:lang="en">
<title>COTE D'IVOIRE: Ivory Coast shipyard strike enters tenth day.</title>
<headline>Ivory Coast shipyard strike enters tenth day.</headline>
<dateline>ABIDJAN 1997-03-14</dateline>
<text>
<p>A pay strike paralysing Ivory Coast's French-owned ship building and repair firm CARENA entered its tenth day after workers refused to return to work on Friday, a spokesman said on Friday.</p>
<p>Offshore oil and gas operators, CARENA's main clients, said the strike had not had any impact.</p>
<p>The Ivorian ship builders' and repairers' union SYLICORENA is demanding pay in line with naval repair and construction trades instead of mechanical industry rates.</p>
<p>CARENA began a &quot;lock-out&quot; of its workers on Monday but none had returned to work on Friday when the ban was lifted, said a the spokesman.</p>
<p>CARENA services the offshore oil and gas exploration sector along with fishing vessels and lagoon transport boats.</p>
<p>&quot;Construction might be affected in two to three weeks -- I could go on with exploration for another two months,&quot; said a spokesman for Houston, U.S.-based United Meridian International Corporation (UMIC), the only producer of oil and gas currently operating off Ivory Coast.</p>
<p>&quot;It hit us at a low so we will not really be affected. We had most of our stuff out of there already.&quot; he told Reuters.</p>
<p>Offshore Ivory Coast oil production of 20,000 barrels per day and gas production ranging, according to demand, between 45,000-60,000 cubic feet a day would not be affected, he added.</p>
<p>CARENA, owned by 50 percent shareholding French firms Bollore and Ateliers des Chantiers du Havre, employs 340 staff, with another 260 on contractual terms, including 20 expatriates.</p>
<p>Around eight vessels had left CARENA since the strike began but two remained, said the spokesman, who would not be named.</p>
<p>&quot;(CARENA) is one of the best dry-docking facility in West Africa. It also has good machining facilites,&quot; said the UMIC spokesman.</p>
<p>UMIC began offshore production in Ivory Coast in April 1995. It has one oil and gas separation platform, one gas production platform and two oil and gas production platforms.</p>
<p>-- Abidjan newsroom +225 21 90 90</p>
</text>
<copyright>(c) Reuters Limited 1997</copyright>
<metadata>
<codes class="bip:countries:1.0">
  <code code="FRA">
    <editdetail attribution="Reuters BIP Coding Group" action="confirmed" date="1997-03-14"/>
  </code>
  <code code="ICST">
    <editdetail attribution="Reuters BIP Coding Group" action="confirmed" date="1997-03-14"/>
  </code>
</codes>
<codes class="bip:industries:1.0">
  <code code="I36101">
    <editdetail attribution="Reuters BIP Coding Group" action="confirmed" date="1997-03-14"/>
  </code>
  <code code="I83960">
    <editdetail attribution="Reuters BIP Coding Group" action="confirmed" date="1997-03-14"/>
  </code>
</codes>
<codes class="bip:topics:1.0">
  <code code="C42">
    <editdetail attribution="Reuters BIP Coding Group" action="confirmed" date="1997-03-14"/>
  </code>
  <code code="CCAT">
    <editdetail attribution="Reuters BIP Coding Group" action="confirmed" date="1997-03-14"/>
  </code>
  <code code="E41">
    <editdetail attribution="Reuters BIP Coding Group" action="confirmed" date="1997-03-14"/>
  </code>
  <code code="ECAT">
    <editdetail attribution="Reuters BIP Coding Group" action="confirmed" date="1997-03-14"/>
  </code>
  <code code="GCAT">
    <editdetail attribution="Reuters BIP Coding Group" action="confirmed" date="1997-03-14"/>
  </code>
  <code code="GJOB">
    <editdetail attribution="Reuters BIP Coding Group" action="confirmed" date="1997-03-14"/>
  </code>
</codes>
<dc element="dc.date.created" value="1997-03-14"/>
<dc element="dc.publisher" value="Reuters Holdings Plc"/>
<dc element="dc.date.published" value="1997-03-14"/>
<dc element="dc.source" value="Reuters"/>
<dc element="dc.creator.location" value="ABIDJAN"/>
<dc element="dc.creator.location.country.name" value="COTE D'IVOIRE"/>
<dc element="dc.source" value="Reuters"/>
</metadata>
</newsitem>
