<?xml version="1.0" encoding="iso-8859-1" ?>
<newsitem itemid="442122" id="root" date="1997-03-14" xml:lang="en">
<title>CANADA: Toronto indices closing - March 14.</title>
<headline>Toronto indices closing - March 14.</headline>
<text>
<p>Coms			 6197.70   +31.84</p>
<p> Met/Min		    5822.66    +65.1</p>
<p> Gold			11027.83   -16.75</p>
<p> Oil/Gas		    6411.57    +55.1</p>
<p> Volume		  75,985,060</p>
</text>
<copyright>(c) Reuters Limited 1997</copyright>
<metadata>
<codes class="bip:countries:1.0">
  <code code="CANA">
    <editdetail attribution="Reuters BIP Coding Group" action="confirmed" date="1997-03-14"/>
  </code>
</codes>
<codes class="bip:topics:1.0">
  <code code="M11">
    <editdetail attribution="Reuters BIP Coding Group" action="confirmed" date="1997-03-14"/>
  </code>
  <code code="MCAT">
    <editdetail attribution="Reuters BIP Coding Group" action="confirmed" date="1997-03-14"/>
  </code>
</codes>
<dc element="dc.publisher" value="Reuters Holdings Plc"/>
<dc element="dc.date.published" value="1997-03-14"/>
<dc element="dc.source" value="Reuters"/>
<dc element="dc.creator.location.country.name" value="CANADA"/>
<dc element="dc.source" value="Reuters"/>
</metadata>
</newsitem>
