<?xml version="1.0" encoding="iso-8859-1" ?>
<newsitem itemid="442119" id="root" date="1997-03-14" xml:lang="en">
<title>COLOMBIA: GOVERNMENT LIST.</title>
<headline>GOVERNMENT LIST.</headline>
<text>
<p>COLOMBIA GOVERNMENT LIST (970314)</p>
<p>President (Sworn in 7 Aug 94).....Ernesto SAMPER Pizano (LIB)</p>
<p>Vice-President.....Carlos Lemos SIMMONDS (LIB)</p>
<p>			     - - - - - - -</p>
<p>GOVERNMENT (Formed 7 Aug 94; Latest reshuffle 14 Mar 97):</p>
<p>MINISTERS:</p>
<p> Agriculture........Antonio GOMEZ Merlano (LIB)</p>
<p> Communications............Saulo ARBOLEDA (LIB)</p>
<p> Defence.......Guillermo Alberto GONZALEZ (LIB)</p>
<p> Economic Development....Orlando CABRALES (CON)</p>
<p> Education...........Olga DUQUE de Ospina (CON)</p>
<p> Environment....Eduardo VERANO de la Rosa (LIB)</p>
<p> Finance..............Jose Antonio OCAMPO (LIB)</p>
<p> Foreign..Maria Emma MEJIA (LIB)</p>
<p> Foreign Trade.....Carlos Ronderos TORRES (LIB)</p>
<p> Government (Interior)...............Horacio SERPA Uribe (LIB)</p>
<p> Health...............Maria Teresa FORERO (LIB)</p>
<p> Justice..........Carlos MEDELLIN Becerra (LIB)</p>
<p> Labour.........Ivan MORENO (AC)</p>
<p> Mines &amp; Energy........Rodrigo VILLAMIZAR (LIB)</p>
<p> National Planning..Cecilia LOPEZ Montano (LIB)</p>
<p> Transport............Carlos Hernan LOPEZ (CON)</p>
<p>				- - - - - - -</p>
<p> Central Bank Director...........Miguel URRUTIA</p>
<p>				- - - - - - -</p>
<p>PARTY AFFILIATIONS:</p>
<p>LIB -- Liberal Party</p>
<p>CON -- Conservative Party</p>
<p>AC  -- Alliance for Colombia</p>
<p>				- - - - - - -</p>
<p>	 NOTE: Any comments/queries on the content of this</p>
<p>		 government list, please contact the Reuter</p>
<p>		 Editorial Reference Unit, London, on (171) 542</p>
<p>		 7968.</p>
<p>			  (End government list)</p>
</text>
<copyright>(c) Reuters Limited 1997</copyright>
<metadata>
<codes class="bip:countries:1.0">
  <code code="COL">
    <editdetail attribution="Reuters BIP Coding Group" action="confirmed" date="1997-03-14"/>
  </code>
</codes>
<codes class="bip:topics:1.0">
  <code code="GCAT">
    <editdetail attribution="Reuters BIP Coding Group" action="confirmed" date="1997-03-14"/>
  </code>
  <code code="GPOL">
    <editdetail attribution="Reuters BIP Coding Group" action="confirmed" date="1997-03-14"/>
  </code>
</codes>
<dc element="dc.publisher" value="Reuters Holdings Plc"/>
<dc element="dc.date.published" value="1997-03-14"/>
<dc element="dc.source" value="Reuters"/>
<dc element="dc.creator.location.country.name" value="COLOMBIA"/>
<dc element="dc.source" value="Reuters"/>
</metadata>
</newsitem>
