<?xml version="1.0" encoding="iso-8859-1" ?>
<newsitem itemid="442230" id="root" date="1997-03-14" xml:lang="en">
<title>albania: German evacuees in Albania cross-fire.</title>
<headline>German evacuees in Albania cross-fire.</headline>
<dateline>TIRANA 1997-03-14</dateline>
<text>
<p>German troops exchange fire with Albanian gunmen during a perilous rescue of Western residents from an airfield near Tirana on Friday.</p>
<p>The unidentified gunmen started shooting at evacuees and German military helicopters, and the German soldiers fire back, a diplomatic source said. An Albanian was lightly wounded but no foreigners were hurt.</p>
<p>Officials in Bonn and diplomats in Tirana said five military helicopters sent in from Bosnia evacuated 120 people, mostly Germans and citizens of other European Union states, to Montenegro on Albania's northern border.</p>
<p>German military spokesmen in Bonn said there was a bullet hole in one of the German helicopters.</p>
<p>The mass evacuation of foreigners from the Albanian capital has proved to be a dangerous undertaking.</p>
<p>The United States suspended its operation after one of its helicopters came under fire from a surface-to-air missile and an Italian helicopter also came under fire.</p>
<p>Pictures from a Turkish television crew obtained by Reuters television showed German troops from the SFOR forces in Bosnia first hitting the ground when gunmen opened fire from a van and then shooting back as evacuees boarded the helicopters.</p>
<p>The television footage showed several of the evacuees cowering on the tarmac at an airfield near the capital. Some were praying.</p>
<p>&quot;It was a very difficult operation,&quot; German Defence Minister Volker Ruehe told journalists in Bonn. &quot;We originally planned to land in front of the American embassy. But the Americans broke off the evacuation when their helicopters were fired on when they were on the way.&quot;</p>
<p>The diplomatic source said the evacuees were taken to the Montenegran capital of Podgorica. They were due to be flown to Cologne in Germany later on Friday.</p>
<p>Diplomatic sources said they had opted for evacuation by helicopter as it was proving too dangerous on Albanian roads among large numbers of uncontrolled gunmen. Five Germans decided to stay behind.</p>
<p>&quot;There is apparently anarchy in all parts of the country,&quot; German Foreign Minister Klaus Kinkel said in Bonn. &quot;There is no apparent control anymore by the security forces, ministries or the administration. The security situation is completely confused and changes by the hour.&quot;</p>
<p>In Washington, a defence official announced that the United States had suspended its military evacuation of Americans after a Marine Cobra helicopter reported being fired on by a missile from the ground.</p>
<p>Another Cobra came under small-arms fire and returned the fire, the official said. Neither U.S. aircraft was hit. Officials said 480 U.S. nationals had been evacuated before the suspension.</p>
</text>
<copyright>(c) Reuters Limited 1997</copyright>
<metadata>
<codes class="bip:countries:1.0">
  <code code="ALB">
    <editdetail attribution="Reuters BIP Coding Group" action="confirmed" date="1997-03-14"/>
  </code>
  <code code="GFR">
    <editdetail attribution="Reuters BIP Coding Group" action="confirmed" date="1997-03-14"/>
  </code>
</codes>
<codes class="bip:topics:1.0">
  <code code="GCAT">
    <editdetail attribution="Reuters BIP Coding Group" action="confirmed" date="1997-03-14"/>
  </code>
  <code code="GVIO">
    <editdetail attribution="Reuters BIP Coding Group" action="confirmed" date="1997-03-14"/>
  </code>
</codes>
<dc element="dc.date.created" value="1997-03-14"/>
<dc element="dc.publisher" value="Reuters Holdings Plc"/>
<dc element="dc.date.published" value="1997-03-14"/>
<dc element="dc.source" value="Reuters"/>
<dc element="dc.creator.location" value="TIRANA"/>
<dc element="dc.creator.location.country.name" value="ALBANIA"/>
<dc element="dc.source" value="Reuters"/>
</metadata>
</newsitem>
