<?xml version="1.0" encoding="iso-8859-1" ?>
<newsitem itemid="442257" id="root" date="1997-03-14" xml:lang="en">
<title>MACEDONIA: Macedonian defence min visits Albania border.</title>
<headline>Macedonian defence min visits Albania border.</headline>
<dateline>STRUGA, Macedonia 1997-03-14</dateline>
<text>
<p>Macedonian defence minister Blagoj Hadzioski toured his Balkan nation's border with Albania on Friday and said authority across the frontier had collapsed.</p>
<p>&quot;There are too many people armed with various weapons, including hand grenades, and this includes little children,&quot; said Hadzioski, shown wearing a flak jacket on a border post by Macedonian TV.</p>
<p>&quot;The situation along the entire Macedonian-Albanian border has deteriorated. Albanian authorities, both civilian, army and police, have collapsed along the entire border,&quot; he added.</p>
<p>Foreign troops and the terrified evacuees they were trying to rescue came under fire in Albania on Friday as thousands of expatriates scrambled to escape from growing lawlessness sweeping the Balkan state.</p>
<p>Macedonian TV on Friday evening showed footage of the Albanian border crossing across from Struga being looting by dozens of people.</p>
<p>Few Albanians and some Turkish travellers who managed to cross the border on Friday spoke of massive looting in the area.</p>
</text>
<copyright>(c) Reuters Limited 1997</copyright>
<metadata>
<codes class="bip:countries:1.0">
  <code code="ALB">
    <editdetail attribution="Reuters BIP Coding Group" action="confirmed" date="1997-03-14"/>
  </code>
  <code code="MCDNIA">
    <editdetail attribution="Reuters BIP Coding Group" action="confirmed" date="1997-03-14"/>
  </code>
</codes>
<codes class="bip:topics:1.0">
  <code code="GCAT">
    <editdetail attribution="Reuters BIP Coding Group" action="confirmed" date="1997-03-14"/>
  </code>
  <code code="GVIO">
    <editdetail attribution="Reuters BIP Coding Group" action="confirmed" date="1997-03-14"/>
  </code>
</codes>
<dc element="dc.date.created" value="1997-03-14"/>
<dc element="dc.publisher" value="Reuters Holdings Plc"/>
<dc element="dc.date.published" value="1997-03-14"/>
<dc element="dc.source" value="Reuters"/>
<dc element="dc.creator.location" value="STRUGA, Macedonia"/>
<dc element="dc.creator.location.country.name" value="MACEDONIA"/>
<dc element="dc.source" value="Reuters"/>
</metadata>
</newsitem>
