<?xml version="1.0" encoding="iso-8859-1" ?>
<newsitem itemid="442266" id="root" date="1997-03-14" xml:lang="en">
<title>UKRAINE: Government no danger to Ukraine c.bank, experts say.</title>
<headline>Government no danger to Ukraine c.bank, experts say.</headline>
<byline>Irene Marushko</byline>
<dateline>KIEV 1997-03-14</dateline>
<text>
<p>Ukrainian government criticism of the central bank highlights the woes of a country which has gone months without a budget, but is little more than political posturing, Western economists said on Friday.</p>
<p>President Leonid Kuchma, Prime Minister Pavlo Lazarenko and Economy Minister Yuri Yekhanurov all attacked the National Bank of Ukraine (NBU) this week.</p>
<p>&quot;They need somebody to blame for Ukraine's economic problems,&quot; said one banker.</p>
<p>&quot;The guys from the government often misunderstand the role of the NBU,&quot; said a Western economic expert, who asked not to be named.</p>
<p>Kuchma summoned central bank chief Viktor Yushchenko to his office on Thursday and urged him to &quot;coordinate matters&quot; with the government.</p>
<p>Yekhanurov told reporters on Wednesday that the government would force the bank to work with it while on Tuesday, Lazarenko broadly hinted to parliament that the NBU should provide direct credits to the government.</p>
<p>Lazarenko could be urging the bank to issue direct credits as parliament was more than two months overdue with the 1997 budget, said the Western economist.</p>
<p>&quot;There are budget arrears, and that creates pressure on the government,&quot; he said, adding that the government had often relied on direct credits, which pushed annual inflation higher than 10,000 percent in 1993.</p>
<p>The economist said the bank would be reluctant to issue direct credits as Ukraine had agreed to follow tight IMF targets in the hope of getting a new $2.5-$3 billion loan.</p>
<p>The Extended Fund Facility loan depends on the budget and a tax reform package to underpin it being passed.</p>
<p>&quot;If they started printing money the damage would be disastrous,&quot; one banker said.</p>
<p>Yushchenko, re-appointed to a four-year term by a big majority in parliament last month, said after the Kuchma meeting that the bank was opposed to issuing direct credits.</p>
<p>Ukraine is working on a law to lay down the role of the central bank, whose chief must report to parliament.</p>
<p>The economist said Lazarenko, who criticised the bank for not imposing a currency corridor or band, could be trying to appease exporters hurt by the hryvnia's rise in recent weeks.</p>
<p>&quot;The NBU has introduced an informal trading band, and it's not falling in line with exporters or lobbyists who are pressuring the government,&quot; he said.</p>
<p>The hryvnia on Friday slipped to 1.8300 to the dollar from 1.8285 on the Ukraine Interbank Currency Exchange.</p>
<p>The currency's lowest level since it was introduced at 1.76 to the dollar last September was 1.8938 in January, and the</p>
</text>
<copyright>(c) Reuters Limited 1997</copyright>
<metadata>
<codes class="bip:countries:1.0">
  <code code="UKRN">
    <editdetail attribution="Reuters BIP Coding Group" action="confirmed" date="1997-03-14"/>
  </code>
</codes>
<codes class="bip:industries:1.0">
  <code code="I81401">
    <editdetail attribution="Reuters BIP Coding Group" action="confirmed" date="1997-03-14"/>
  </code>
</codes>
<codes class="bip:topics:1.0">
  <code code="C13">
    <editdetail attribution="Reuters BIP Coding Group" action="confirmed" date="1997-03-14"/>
  </code>
  <code code="CCAT">
    <editdetail attribution="Reuters BIP Coding Group" action="confirmed" date="1997-03-14"/>
  </code>
  <code code="E12">
    <editdetail attribution="Reuters BIP Coding Group" action="confirmed" date="1997-03-14"/>
  </code>
  <code code="ECAT">
    <editdetail attribution="Reuters BIP Coding Group" action="confirmed" date="1997-03-14"/>
  </code>
</codes>
<dc element="dc.date.created" value="1997-03-14"/>
<dc element="dc.publisher" value="Reuters Holdings Plc"/>
<dc element="dc.date.published" value="1997-03-14"/>
<dc element="dc.source" value="Reuters"/>
<dc element="dc.creator.location" value="KIEV"/>
<dc element="dc.creator.location.country.name" value="UKRAINE"/>
<dc element="dc.source" value="Reuters"/>
</metadata>
</newsitem>
