<?xml version="1.0" encoding="iso-8859-1" ?>
<newsitem itemid="442250" id="root" date="1997-03-14" xml:lang="en">
<title>BELARUS: Belarus opposition chief arrested ahead of protest.</title>
<headline>Belarus opposition chief arrested ahead of protest.</headline>
<dateline>MINSK 1997-03-14</dateline>
<text>
<p>Police arrested an opposition leader in Belarus overnight as he prepared for a street protest against President Alexander Lukashenko, officials of the opposition Popular Front group said on Friday.</p>
<p>Leader of the group, Professor Yuri Khodyko, 53, who spent 20 days in prison last year for helping to organise other anti-Lukashenko actions, was detained at the Front's office, a group spokesman said.</p>
<p>The spokesman said activists tried to resist when a group of uniformed and plain-clothed police officers broke into their headquarters. One person was injured.</p>
<p>There was no immediate word from the police, who have stepped up action against opposition groups in recent days ahead of Constitution Day on Saturday, when a big rally is planned.</p>
<p>Another rally is planned for Friday afternoon.</p>
<p>About 100 people were detained after scuffles at a protest of several thousand people on March 10.</p>
<p>That protest was directed against the arrival of a delegation of Russian deputies to discuss integration between the neighbouring states.</p>
<p>Opposition officials said at least two protesters were beaten by police including another Front leader, Lyavon Barshchevski.</p>
<p>Anti-Lukashenko activists say the former Soviet republic faces a &quot;political spring&quot; this year.</p>
<p>Lukashenko has adopted an increasingly authoritarian style, assuming sweeping powers and rewriting his country's constitution after a referendum in November which he won by a landslide.</p>
<p>Most of the 10 million Belarussians back the former farm boss but an active group of nationalists, intellectuals and students concentrated in the capital oppose him.</p>
<p>Lukashenko and Russian President Boris Yeltsin signed a deal last year on creating a &quot;community&quot; and agreed to step up moves towards closer union when they met in Moscow on March 7.</p>
<p>Lukashenko has faced sharp criticism from the West for his authoritarian style and international lending bodies have suspended credits to Belarus pending faster economic reforms.</p>
</text>
<copyright>(c) Reuters Limited 1997</copyright>
<metadata>
<codes class="bip:countries:1.0">
  <code code="BYELRS">
    <editdetail attribution="Reuters BIP Coding Group" action="confirmed" date="1997-03-14"/>
  </code>
</codes>
<codes class="bip:topics:1.0">
  <code code="GCAT">
    <editdetail attribution="Reuters BIP Coding Group" action="confirmed" date="1997-03-14"/>
  </code>
  <code code="GPOL">
    <editdetail attribution="Reuters BIP Coding Group" action="confirmed" date="1997-03-14"/>
  </code>
  <code code="GVIO">
    <editdetail attribution="Reuters BIP Coding Group" action="confirmed" date="1997-03-14"/>
  </code>
</codes>
<dc element="dc.date.created" value="1997-03-14"/>
<dc element="dc.publisher" value="Reuters Holdings Plc"/>
<dc element="dc.date.published" value="1997-03-14"/>
<dc element="dc.source" value="Reuters"/>
<dc element="dc.creator.location" value="MINSK"/>
<dc element="dc.creator.location.country.name" value="BELARUS"/>
<dc element="dc.source" value="Reuters"/>
</metadata>
</newsitem>
