<?xml version="1.0" encoding="iso-8859-1" ?>
<newsitem itemid="442297" id="root" date="1997-03-14" xml:lang="en">
<title>POLAND: Bill on Polish BGZ bank to allow EBRD purchase.</title>
<headline>Bill on Polish BGZ bank to allow EBRD purchase.</headline>
<dateline>WARSAW 1997-03-14</dateline>
<text>
<p>Polish  Bank Gospodarki Zywnosciowej SA (BGZ) is working on a plan, which would allow the European Bank for Reconstruction and Development (EBRD) to buy a BGZ stake, a senior BGZ official said on Friday.</p>
<p>The plan, to be ready by April, will pave the way for the government to amend a bill on BGZ so that it could embrace shareholders other than cooperative banks, which is required by the current law, the head of BGZ's board Antoni Magdon said.</p>
<p>&quot;The strategic plan for the (BGZ) group will be ready by April... It will amend the 1994 bill...in order to build a partnership with EBRD and the entry of its capital,&quot; he told Reuters.</p>
<p>Magdon said that BGZ, which is the so-called national bank for the country's 1,200 cooperative banks grouped in nine regional banks, picked Deliotte &amp; Touche last week to advise the bank in creating the new bill.</p>
<p>The treasury, which holds 66 percent of BGZ, said last year that it was in negotiations to sell 14 percent of the farming bank to EBRD.</p>
<p>BGZ's gross profit in 1996 rose 37.1 percent to 495.4 million zlotys. Its capital eased 6.3 percent to 1.502 billion zlotys and its gross balance sheet rose 20 percent to 13.952 billion zlotys.</p>
<p>-- Jacek Ramotowski +48 22 653 9700</p>
</text>
<copyright>(c) Reuters Limited 1997</copyright>
<metadata>
<codes class="bip:countries:1.0">
  <code code="POL">
    <editdetail attribution="Reuters BIP Coding Group" action="confirmed" date="1997-03-14"/>
  </code>
</codes>
<codes class="bip:industries:1.0">
  <code code="I81402">
    <editdetail attribution="Reuters BIP Coding Group" action="confirmed" date="1997-03-14"/>
  </code>
  <code code="I81501">
    <editdetail attribution="Reuters BIP Coding Group" action="confirmed" date="1997-03-14"/>
  </code>
  <code code="I8150106">
    <editdetail attribution="Reuters BIP Coding Group" action="confirmed" date="1997-03-14"/>
  </code>
</codes>
<codes class="bip:topics:1.0">
  <code code="C18">
    <editdetail attribution="Reuters BIP Coding Group" action="confirmed" date="1997-03-14"/>
  </code>
  <code code="C181">
    <editdetail attribution="Reuters BIP Coding Group" action="confirmed" date="1997-03-14"/>
  </code>
  <code code="CCAT">
    <editdetail attribution="Reuters BIP Coding Group" action="confirmed" date="1997-03-14"/>
  </code>
</codes>
<dc element="dc.date.created" value="1997-03-14"/>
<dc element="dc.publisher" value="Reuters Holdings Plc"/>
<dc element="dc.date.published" value="1997-03-14"/>
<dc element="dc.source" value="Reuters"/>
<dc element="dc.creator.location" value="WARSAW"/>
<dc element="dc.creator.location.country.name" value="POLAND"/>
<dc element="dc.source" value="Reuters"/>
</metadata>
</newsitem>
