<?xml version="1.0" encoding="iso-8859-1" ?>
<newsitem itemid="442279" id="root" date="1997-03-14" xml:lang="en">
<title>RUSSIA: Russian shares off but may spark up on new cabinet.</title>
<headline>Russian shares off but may spark up on new cabinet.</headline>
<dateline>MOSCOW 1997-03-14</dateline>
<text>
<p>Leading Russian shares eased on Friday as domestic operators took profits and foreign investors refused to rise to the bait of lower prices, traders said.</p>
<p>But some traders said the market could perk up next week, rising slightly if President Boris Yeltsin announces a reformist cabinet as expected, on Monday or Tuesday.</p>
<p>The Russian Trading System 23-share index fell 1.5 percent to 329.37 from 334.48 on Thursday on a relatively low $32.3 million total market volume.</p>
<p>Shares of national electric utility UES  fell to $0.2256 from $0.2315 at Thursday's close, LUKoil  oil producer dropped to $14.30 from $14.51 and Surgutneftegaz SNGS.RTS oil company eased to $0.840 from $0.854.</p>
<p>Top gainers, reflecting a recent trend, were dominated by less well known shares such as regional power utility Kubanenergo  which jumped to $18.80 from $16.90.</p>
<p>&quot;The market is openly weak,&quot; said Renaissance Capital trader Vladimir Chkhikvadze, though he predicted Yeltsin's appointments would cause shares to firm.</p>
<p>&quot;Next week should produce some good news, which will be reason for speculation,&quot; he said.</p>
<p>Peter Kizenko, chief equity trader at ING Barings said Thursday's 160-point plunge in the Dow Jones average had put the brakes on the Russian market.</p>
<p>&quot;American investors are distracted by their own problems, though London is also inactive,&quot; he said.</p>
<p>Second tiers were the only thing Westerners were buying, he said. &quot;For foreign investors there is little on this market to spark interest.&quot;</p>
<p>--Olga Popova, Moscow Newsroom, +7095 941 8520</p>
</text>
<copyright>(c) Reuters Limited 1997</copyright>
<metadata>
<codes class="bip:countries:1.0">
  <code code="RUSS">
    <editdetail attribution="Reuters BIP Coding Group" action="confirmed" date="1997-03-14"/>
  </code>
</codes>
<codes class="bip:topics:1.0">
  <code code="M11">
    <editdetail attribution="Reuters BIP Coding Group" action="confirmed" date="1997-03-14"/>
  </code>
  <code code="MCAT">
    <editdetail attribution="Reuters BIP Coding Group" action="confirmed" date="1997-03-14"/>
  </code>
</codes>
<dc element="dc.date.created" value="1997-03-14"/>
<dc element="dc.publisher" value="Reuters Holdings Plc"/>
<dc element="dc.date.published" value="1997-03-14"/>
<dc element="dc.source" value="Reuters"/>
<dc element="dc.creator.location" value="MOSCOW"/>
<dc element="dc.creator.location.country.name" value="RUSSIA"/>
<dc element="dc.source" value="Reuters"/>
</metadata>
</newsitem>
