<?xml version="1.0" encoding="iso-8859-1" ?>
<newsitem itemid="442274" id="root" date="1997-03-14" xml:lang="en">
<title>ROMANIA: Romania must fight crime to join NATO, EU - President.</title>
<headline>Romania must fight crime to join NATO, EU - President.</headline>
<byline>Karin Popescu</byline>
<dateline>BUCHAREST 1997-03-14</dateline>
<text>
<p>Romania should take tough action against corruption and organised crime if it wants early NATO and European Union membership, the country's president said on Friday.</p>
<p>&quot;Romania cannot join the Euro-Atlantic structures unless it proves it can stop organised crime, illegal emigration, terrorism and so-called strategic crime,&quot; Emil Constantinescu told a seminar attended by police and army officers.</p>
<p>The seminar was part of a crusade launched early this year by Constantinescu and the new centrist government headed by Prime Minister Victor Ciorbea to eradicate corruption, smuggling, fiscal and custom evasion which spread like wildfire after the 1989 collapse of communism.</p>
<p>Constantinescu, who defeated ex-communist president Ion Iliescu in last November elections, called for &quot;tough action, to restore the population's confidence in the authorities.&quot;</p>
<p>&quot;At stake is the future of our democracy, prosperity and the defence capability of the country,&quot; Constantinescu said.</p>
<p>Official data show money laundering caused losses worth 240 billion lei ($36.4 million) last year, when 20,000 cases of corruption, involving 7,400 people were investigated by police.</p>
<p>A report by the Romanian Intelligence Service said in 1996 the black economy accounted for up to 45 percent of the country's gross domestic product.</p>
<p>Romania, Eastern Europe's second largest market and military force after Poland, is expected to join NATO in a first wave of a planned enlargment expected to be announced at a NATO summit in Madrid in July.</p>
<p>&quot;For seven years Romania was robbed and turned into a poor country,&quot; Constantinescu said in in reference to the former leftist government ousted in last November's elections.</p>
<p>Analysts say slow economic reform, loopholes in legislation, red-tape and the reluctance of legal institutions to fight crime had helped corruption become endemic under the former leftist cabinet.</p>
<p>The war in neighbouring ex-Yugoslavia has also turned the country into a new Balkan route for smugglers of drugs, radioactive material, forged money and of illegal emigrants.</p>
<p>In 1996, police confiscated 5.6 tonnes of various drugs and 300 kilogrammes of radioactive materials. It also confiscated more than $550,000 and 590,000 marks in forged bills. ($ = 6600 Romanian Lei)</p>
</text>
<copyright>(c) Reuters Limited 1997</copyright>
<metadata>
<codes class="bip:countries:1.0">
  <code code="EEC">
    <editdetail attribution="Reuters BIP Coding Group" action="confirmed" date="1997-03-14"/>
  </code>
  <code code="NATO">
    <editdetail attribution="Reuters BIP Coding Group" action="confirmed" date="1997-03-14"/>
  </code>
  <code code="ROM">
    <editdetail attribution="Reuters BIP Coding Group" action="confirmed" date="1997-03-14"/>
  </code>
</codes>
<codes class="bip:topics:1.0">
  <code code="G15">
    <editdetail attribution="Reuters BIP Coding Group" action="confirmed" date="1997-03-14"/>
  </code>
  <code code="G158">
    <editdetail attribution="Reuters BIP Coding Group" action="confirmed" date="1997-03-14"/>
  </code>
  <code code="GCAT">
    <editdetail attribution="Reuters BIP Coding Group" action="confirmed" date="1997-03-14"/>
  </code>
  <code code="GCRIM">
    <editdetail attribution="Reuters BIP Coding Group" action="confirmed" date="1997-03-14"/>
  </code>
  <code code="GDIP">
    <editdetail attribution="Reuters BIP Coding Group" action="confirmed" date="1997-03-14"/>
  </code>
</codes>
<dc element="dc.date.created" value="1997-03-14"/>
<dc element="dc.publisher" value="Reuters Holdings Plc"/>
<dc element="dc.date.published" value="1997-03-14"/>
<dc element="dc.source" value="Reuters"/>
<dc element="dc.creator.location" value="BUCHAREST"/>
<dc element="dc.creator.location.country.name" value="ROMANIA"/>
<dc element="dc.source" value="Reuters"/>
</metadata>
</newsitem>
