<?xml version="1.0" encoding="iso-8859-1" ?>
<newsitem itemid="442221" id="root" date="1997-03-14" xml:lang="en">
<title>SOUTH AFRICA: Harvest raises yr shr, div.</title>
<headline>Harvest raises yr shr, div.</headline>
<dateline>JOHANNESBURG 1997-03-14</dateline>
<text>
<p>Year ended February 28 1997.</p>
<p>			(million rand unless stated)</p>
<p>Shr, attrib (cts)</p>
<p>excl net realised</p>
<p>    investment gains	34.6	  vs   28.6</p>
<p>    Div (cts)		 30.0	  vs   26.0</p>
<p>    Net income		8.89	  vs   5.42</p>
<p>    Pre-tax		  12.97	  vs  12.48</p>
<p>    Tax			 1.62	  vs   0.57</p>
<p>Div payable April 18</p>
<p>on register March 28</p>
<p>Full name: Harvest Securities Limited</p>
<p>-- Johannesburg newsroom +27 11 482 1003</p>
</text>
<copyright>(c) Reuters Limited 1997</copyright>
<metadata>
<codes class="bip:countries:1.0">
  <code code="SAFR">
    <editdetail attribution="Reuters BIP Coding Group" action="confirmed" date="1997-03-14"/>
  </code>
</codes>
<codes class="bip:industries:1.0">
  <code code="I81502">
    <editdetail attribution="Reuters BIP Coding Group" action="confirmed" date="1997-03-14"/>
  </code>
</codes>
<codes class="bip:topics:1.0">
  <code code="C15">
    <editdetail attribution="Reuters BIP Coding Group" action="confirmed" date="1997-03-14"/>
  </code>
  <code code="C151">
    <editdetail attribution="Reuters BIP Coding Group" action="confirmed" date="1997-03-14"/>
  </code>
  <code code="C1511">
    <editdetail attribution="Reuters BIP Coding Group" action="confirmed" date="1997-03-14"/>
  </code>
  <code code="CCAT">
    <editdetail attribution="Reuters BIP Coding Group" action="confirmed" date="1997-03-14"/>
  </code>
</codes>
<dc element="dc.date.created" value="1997-03-14"/>
<dc element="dc.publisher" value="Reuters Holdings Plc"/>
<dc element="dc.date.published" value="1997-03-14"/>
<dc element="dc.source" value="Reuters"/>
<dc element="dc.creator.location" value="JOHANNESBURG"/>
<dc element="dc.creator.location.country.name" value="SOUTH AFRICA"/>
<dc element="dc.source" value="Reuters"/>
</metadata>
</newsitem>
