<?xml version="1.0" encoding="iso-8859-1" ?>
<newsitem itemid="442288" id="root" date="1997-03-14" xml:lang="en">
<title>SLOVAKIA: Slovak blue chips mixed, SAX drops in quiet trade.</title>
<headline>Slovak blue chips mixed, SAX drops in quiet trade.</headline>
<dateline>BRATISLAVA 1997-03-14</dateline>
<text>
<p>Slovak blue chips closed mixed in quiet trade on the Bratislava Stock Exchange (BSE) on Friday, with losses to several heavily-weighted issues driving the 16-share SAX index down 1.73 points to 204.65.</p>
<p>Oil refiner Slovnaft closed down only five crowns  at 995, but its average price -- used for calculating the index -- eased 2.9 percent to help lead the bourse lower.</p>
<p>&quot;There is not enough Slovnaft shares available on the market at the moment, and though demand continues, it is not strong enough to push the issue back through its nominal (1,000 crown) value,&quot; said Dusan Sykora of ING Barings.</p>
<p>Steel maker VSZ rose five crowns to close at 700, but its average price also dropped, by 0.3 percent, adding to SAX's fall.</p>
<p>Brokers said they expected lower demand seen for VSZ stock over the past few days to push it even lower, but added that this was the share's typical cyclical movements.</p>
<p>Commercial bank VUB dropped one crown, to close at 1,700, but brokers noted that the share traded only insignificant volume of seven shares. Oil and gas storage company Nafta did not trade at all.</p>
<p>Overall volume rose to 389,434 shares, boosted by direct tardes, from 374,909 stocks traded on Thursday. Turnover increased to 254.84 million crowns, from 211.58 million on Thursday.</p>
</text>
<copyright>(c) Reuters Limited 1997</copyright>
<metadata>
<codes class="bip:countries:1.0">
  <code code="SLVAK">
    <editdetail attribution="Reuters BIP Coding Group" action="confirmed" date="1997-03-14"/>
  </code>
</codes>
<codes class="bip:topics:1.0">
  <code code="M11">
    <editdetail attribution="Reuters BIP Coding Group" action="confirmed" date="1997-03-14"/>
  </code>
  <code code="MCAT">
    <editdetail attribution="Reuters BIP Coding Group" action="confirmed" date="1997-03-14"/>
  </code>
</codes>
<dc element="dc.date.created" value="1997-03-14"/>
<dc element="dc.publisher" value="Reuters Holdings Plc"/>
<dc element="dc.date.published" value="1997-03-14"/>
<dc element="dc.source" value="Reuters"/>
<dc element="dc.creator.location" value="BRATISLAVA"/>
<dc element="dc.creator.location.country.name" value="SLOVAKIA"/>
<dc element="dc.source" value="Reuters"/>
</metadata>
</newsitem>
