<?xml version="1.0" encoding="iso-8859-1" ?>
<newsitem itemid="442227" id="root" date="1997-03-14" xml:lang="en">
<title>BELARUS: Belarus police break up anti-Lukashenko protest.</title>
<headline>Belarus police break up anti-Lukashenko protest.</headline>
<byline>Larisa Sayenko</byline>
<dateline>MINSK 1997-03-14</dateline>
<text>
<p>Police beat nationalists protesting against plans to form a union between Belarus and Russia on Friday and arrested about 50 people for trying to hold an unsanctioned demonstration.</p>
<p>Reuters correspondents on Independence Square in the capital of the former Soviet republic saw police bundling about 50 people -- including opposition journalists and two opposition politicians -- into two trucks and several police jeeps.</p>
<p>Some of those arrested looked dazed but there was no sign of bloodshed as police moved in to break up a gathering of about 1,000 nationalists, intellectuals and young people.</p>
<p>They were voicing their opposition to President Alexander Lukashenko's policy of forming a union with neighbouring Russia, set out in a deal last year on forming a &quot;commonwealth&quot; of the two Slav states.</p>
<p>President Boris Yeltsin told Russian media chiefs on Friday that Belarus might merge altogether with Russia in the future, Interfax news agency said. &quot;Maybe after all this will be a single state,&quot; he was quoted as saying.</p>
<p>Lukashenko said however the former Soviet republic had no plans for a full-scale merger.</p>
<p>&quot;Belarus will remain an independent state,&quot; spokesman Valery Tolkachyov quoted Lukashenko as saying in an interview with the earlier on Friday.</p>
<p>Later, police used clubs and forced street protesters to the ground after instructing them several times to clear the area.</p>
<p>Anatoly Lebedko and Boris Gunter, members of the alternative parliament of former deputies, were arrested.</p>
<p>Authorities had sanctioned the rally, titled &quot;Belarus into Europe,&quot; but they were banned from proceeding through the city.</p>
<p>They had planned to tour Western embassies to register their protest against Lukashenko's authoritarian rule.</p>
<p>Lukashenko, facing a &quot;political spring&quot; by opposition forces, has ordered restrictions on political rallies and banned his opponents from using post-independence national symbols, which he has scrapped in favour of old Soviet ones.</p>
<p>The press secretary for his policy-making Security Council, Vasily Baranov, accused the opposition of looking for a fight and of getting &quot;more and more out of control&quot;.</p>
<p>The U.S. State Department accused Belarus last week of failing to uphold democracy and human rights and announced it was halting all U.S. aid to the country of 10 million.</p>
<p>Police arrested Professor Yuri Khodyko, 53, a leader of the Popular Front which organised the protest, in an overnight raid.</p>
<p>Minsk authorities have also banned protesters from marching through the capital on Saturday, when opposition forces plan a large rally to mark Constitution Day.</p>
<p>The republic's first constitution was rewritten by the president last November when he won a landslide victory in a controversial referendum on expanding his powers.</p>
<p>Opposition deputies who refused to join the two-chamber parliament created under Lukashenko's constitution were meeting at a &quot;house of culture&quot; outside the centre.</p>
<p>The European parliament still recognises the old parliament, saying the new one was formed illegally.</p>
<p>Opposition leaders have vowed to proceed with Saturday's protest as well despite the restrictions.</p>
</text>
<copyright>(c) Reuters Limited 1997</copyright>
<metadata>
<codes class="bip:countries:1.0">
  <code code="BYELRS">
    <editdetail attribution="Reuters BIP Coding Group" action="confirmed" date="1997-03-14"/>
  </code>
  <code code="RUSS">
    <editdetail attribution="Reuters BIP Coding Group" action="confirmed" date="1997-03-14"/>
  </code>
</codes>
<codes class="bip:topics:1.0">
  <code code="GCAT">
    <editdetail attribution="Reuters BIP Coding Group" action="confirmed" date="1997-03-14"/>
  </code>
  <code code="GVIO">
    <editdetail attribution="Reuters BIP Coding Group" action="confirmed" date="1997-03-14"/>
  </code>
</codes>
<dc element="dc.date.created" value="1997-03-14"/>
<dc element="dc.publisher" value="Reuters Holdings Plc"/>
<dc element="dc.date.published" value="1997-03-14"/>
<dc element="dc.source" value="Reuters"/>
<dc element="dc.creator.location" value="MINSK"/>
<dc element="dc.creator.location.country.name" value="BELARUS"/>
<dc element="dc.source" value="Reuters"/>
</metadata>
</newsitem>
