<?xml version="1.0" encoding="iso-8859-1" ?>
<newsitem itemid="442233" id="root" date="1997-03-14" xml:lang="en">
<title>RUSSIA: New Russian govt to be announced next week-Kremlin.</title>
<headline>New Russian govt to be announced next week-Kremlin.</headline>
<dateline>MOSCOW 1997-03-14</dateline>
<text>
<p>President Boris Yeltsin is likely to announce a planned government shake-up next Monday or Tuesday and not before, a Kremlin spokesman said on Friday.</p>
<p>Some Russian media had earlier reported that Yeltsin planned to sign a decree restructuring the cabinet on Friday. But the spokesman told Reuters: &quot;There will be nothing today.&quot; Most probably the changes would be announced after Yeltsin met Prime Minister Viktor Chernomyrdin on Monday or Tuesday, he added.</p>
<p>Kremlin press secretary Sergei Yastrzhembsky was quoted by Itar-Tass news agency as saying Yeltsin would meet Chernomyrdin on Monday or Tuesday before flying to Helsinki on Wednesday for a summit with U.S. President Bill Clinton.</p>
<p>&quot;Probably after this meeting (with Chernomyrdin) the presidential decree on reorganising the cabinet will be made public,&quot; Tass said.</p>
<p>Yeltsin, making a comeback after eight months of illness, demanded sweeping government changes last week to address a deepening social and economic crisis. He named his liberal chief-of-staff Anatoly Chubais as first deputy to Chernomyrdin.</p>
<p>Yeltsin said on Friday the new government would be &quot;cardinally different&quot; from the previous one, though some of its members would keep their posts. &quot;The most important thing is that the people who will come will have new, fresh ideas and thoughts,&quot; Interfax news agency quoted him as saying.</p>
<p>He added that among the new cabinet members would be &quot;people from the regions, those who have done well recently&quot;.</p>
<p>Itar-Tass news agency quoted Yeltsin as saying the new government would include seven deputy prime ministers.</p>
<p>The old government structure had three first deputies to Chernomyrdin and nine deputies. The Kremlin says Chubais will be the one and only first deputy prime minister.</p>
<p>The number of deputy premiers mentioned by Yeltsin on Friday appeared higher than indicated in previous leaks from the Kremlin, which made clear Chubais wanted a united team of allies at the top of the cabinet.</p>
<p>This could mean that Yeltsin has decided to keep some of the older guard in the government.</p>
</text>
<copyright>(c) Reuters Limited 1997</copyright>
<metadata>
<codes class="bip:countries:1.0">
  <code code="RUSS">
    <editdetail attribution="Reuters BIP Coding Group" action="confirmed" date="1997-03-14"/>
  </code>
</codes>
<codes class="bip:topics:1.0">
  <code code="GCAT">
    <editdetail attribution="Reuters BIP Coding Group" action="confirmed" date="1997-03-14"/>
  </code>
  <code code="GPOL">
    <editdetail attribution="Reuters BIP Coding Group" action="confirmed" date="1997-03-14"/>
  </code>
</codes>
<dc element="dc.date.created" value="1997-03-14"/>
<dc element="dc.publisher" value="Reuters Holdings Plc"/>
<dc element="dc.date.published" value="1997-03-14"/>
<dc element="dc.source" value="Reuters"/>
<dc element="dc.creator.location" value="MOSCOW"/>
<dc element="dc.creator.location.country.name" value="RUSSIA"/>
<dc element="dc.source" value="Reuters"/>
</metadata>
</newsitem>
