<?xml version="1.0" encoding="iso-8859-1" ?>
<newsitem itemid="442278" id="root" date="1997-03-14" xml:lang="en">
<title>UKRAINE: Top Ukraine reporter dies, circumstances unclear.</title>
<headline>Top Ukraine reporter dies, circumstances unclear.</headline>
<dateline>KIEV 1997-03-14</dateline>
<text>
<p>The top reporter on Ukraine's mass-circulation Kievskiye Vedomosti newspaper has been found dead in suspicious circumstances, one of the daily paper's editors said on Friday.</p>
<p>&quot;Our reporter Petro Shevchenko was found hanged in a remote part of Kiev last night,&quot; Serhiy Rakhmanin, Vedomosti's deputy editor, told Reuters.</p>
<p>Rakhmanin said there was no clear sign of violence against the reporter but added: &quot;Nothing is clear at the moment.&quot;</p>
<p>Shevchenko had been reporting from the eastern industrial city of Lugansk on the Russian border and recently published several pieces on a conflict between the local mayor and the Ukrainian Security Services.</p>
<p>The UNIAN news agency, reporting on Shevchenko's death, said he had recently &quot;voiced concern about his situation&quot;.</p>
<p>&quot;We will insist that the investigation should take into account the possibility of a political explanation for the incident,&quot; Rakhmanin said.</p>
<p>&quot;We will also demand a criminal case be opened and that  a suicide scenario is not just assumed,&quot; he added.</p>
<p>Last week Iryna Pohorelova, a leading political commentator and journalist for a Ukrainian analytical agency, was beaten and robbed by unknown assailants near her Kiev appartment.</p>
<p>No official data have been gathered on violence against journalists, but independent surveys quote 15 percent of Ukrainian journalists as saying they have feared for their lives after publishing political stories.</p>
<p>They also say about 80 percent of journalists in the former Soviet republic feel there is political censorship in Ukraine.</p>
</text>
<copyright>(c) Reuters Limited 1997</copyright>
<metadata>
<codes class="bip:countries:1.0">
  <code code="UKRN">
    <editdetail attribution="Reuters BIP Coding Group" action="confirmed" date="1997-03-14"/>
  </code>
</codes>
<codes class="bip:topics:1.0">
  <code code="GCAT">
    <editdetail attribution="Reuters BIP Coding Group" action="confirmed" date="1997-03-14"/>
  </code>
  <code code="GOBIT">
    <editdetail attribution="Reuters BIP Coding Group" action="confirmed" date="1997-03-14"/>
  </code>
  <code code="GPOL">
    <editdetail attribution="Reuters BIP Coding Group" action="confirmed" date="1997-03-14"/>
  </code>
  <code code="GPRO">
    <editdetail attribution="Reuters BIP Coding Group" action="confirmed" date="1997-03-14"/>
  </code>
</codes>
<dc element="dc.date.created" value="1997-03-14"/>
<dc element="dc.publisher" value="Reuters Holdings Plc"/>
<dc element="dc.date.published" value="1997-03-14"/>
<dc element="dc.source" value="Reuters"/>
<dc element="dc.creator.location" value="KIEV"/>
<dc element="dc.creator.location.country.name" value="UKRAINE"/>
<dc element="dc.source" value="Reuters"/>
</metadata>
</newsitem>
