<?xml version="1.0" encoding="iso-8859-1" ?>
<newsitem itemid="442264" id="root" date="1997-03-14" xml:lang="en">
<title>YUGOSLAVIA: Yugoslav border sealed against Albanians.</title>
<headline>Yugoslav border sealed against Albanians.</headline>
<text>
<p>BELGRADE, March 14 (Reuter) Yugoslavia's border with Albania has been &quot;hermetically sealed&quot; against illegal immigration, Tanjug news agency quoted police and military sources as saying on Friday.</p>
<p>Yugoslav authorities fear the chaos in Albania could spill over into the southern Serbian province of Kosovo where the overwhelming majority of the 1.9 million population are ethnic Albanians</p>
<p>Yugoslav Army units in Kosovo have been placed on combat footing in case of trouble along the border which was closed on Thursday after clashes in neighbouring Macedonia between Macedonian and Albanian police.</p>
<p>No incidents were reported in Kosovo and Tanjug reported most frontier posts on the Albanian side of the border were no longer manned.</p>
<p>The border crossing between Montenegro and Albania at Bozaj was open on Friday but Tanjug said only a handful of people, all foreigners, crossed into Yugoslavia.</p>
<p>They included an Italian television crew robbed of their car and equipment by rebels shortly after they crossed into Albania.</p>
<p>The Macedonian government said U.N. peacekeeping troops in the former Yugoslav republic had opened three new observation posts on the Albanian border.</p>
</text>
<copyright>(c) Reuters Limited 1997</copyright>
<metadata>
<codes class="bip:countries:1.0">
  <code code="ALB">
    <editdetail attribution="Reuters BIP Coding Group" action="confirmed" date="1997-03-14"/>
  </code>
  <code code="MCDNIA">
    <editdetail attribution="Reuters BIP Coding Group" action="confirmed" date="1997-03-14"/>
  </code>
  <code code="YUG">
    <editdetail attribution="Reuters BIP Coding Group" action="confirmed" date="1997-03-14"/>
  </code>
</codes>
<codes class="bip:topics:1.0">
  <code code="GCAT">
    <editdetail attribution="Reuters BIP Coding Group" action="confirmed" date="1997-03-14"/>
  </code>
  <code code="GDIP">
    <editdetail attribution="Reuters BIP Coding Group" action="confirmed" date="1997-03-14"/>
  </code>
  <code code="GVIO">
    <editdetail attribution="Reuters BIP Coding Group" action="confirmed" date="1997-03-14"/>
  </code>
</codes>
<dc element="dc.publisher" value="Reuters Holdings Plc"/>
<dc element="dc.date.published" value="1997-03-14"/>
<dc element="dc.source" value="Reuters"/>
<dc element="dc.creator.location.country.name" value="YUGOSLAVIA"/>
<dc element="dc.source" value="Reuters"/>
</metadata>
</newsitem>
