<?xml version="1.0" encoding="iso-8859-1" ?>
<newsitem itemid="442206" id="root" date="1997-03-14" xml:lang="en">
<title>ZIMBABWE: PRESS DIGEST - Zimbabwe - March 14.</title>
<headline>PRESS DIGEST - Zimbabwe - March 14.</headline>
<dateline>HARARE 1997-03-14</dateline>
<text>
<p>These are the leading stories in the Zimbabwe press on Friday. Reuters has not verified these stories and does not vouch for their accuracy.</p>
<p>ZIMBABWE INDEPENDENT</p>
<p>- The International Monetary Fund, which summarily withdrew its credit support for Zimbabwe's economic reform programme two years ago, will consider resuming funding after the presentation of the southern African country's 18-month budget for the 1997/98 fiscal year in July.</p>
<p>- State-owned airliner Air Zimbabwe is bankrupt and cannot meet all its obligations, acting managing director Peter Chikumba has admitted in a detailed financial report.</p>
<p>- The Zimbabwe Independent goes on-line this week, becoming the country's first national newspaper to appear on the Internet.</p>
<p>THE HERALD</p>
<p>- Telecel International, working with a consortium of Zimbabwean organisations and individuals, will over the next four years invest more than Z$1.5 billion during the implementation stages of the country's second cellular phone network scheduled to be operational by September.</p>
<p>- Disciplinary charges against suspended Zimbabwe National Parks director Willie Nduku and his deputy Rowan Martin arose out of attempts to discredit and so eliminate the pair so that others could exercise the discretionary powers of the Parks directorate, their lawyers claim.</p>
<p>--Harare Newsroom: +263-4 72 52 28/9--</p>
</text>
<copyright>(c) Reuters Limited 1997</copyright>
<metadata>
<codes class="bip:countries:1.0">
  <code code="ZIMBAB">
    <editdetail attribution="Reuters BIP Coding Group" action="confirmed" date="1997-03-14"/>
  </code>
</codes>
<codes class="bip:topics:1.0">
  <code code="GCAT">
    <editdetail attribution="Reuters BIP Coding Group" action="confirmed" date="1997-03-14"/>
  </code>
</codes>
<dc element="dc.date.created" value="1997-03-14"/>
<dc element="dc.publisher" value="Reuters Holdings Plc"/>
<dc element="dc.date.published" value="1997-03-14"/>
<dc element="dc.source" value="Reuters"/>
<dc element="dc.creator.location" value="HARARE"/>
<dc element="dc.creator.location.country.name" value="ZIMBABWE"/>
<dc element="dc.source" value="Reuters"/>
</metadata>
</newsitem>
