<?xml version="1.0" encoding="iso-8859-1" ?>
<newsitem itemid="442205" id="root" date="1997-03-14" xml:lang="en">
<title>ZIMBABWE: Manager says Air Zimbabwe viability under threat.</title>
<headline>Manager says Air Zimbabwe viability under threat.</headline>
<dateline>HARARE 1997-03-14</dateline>
<text>
<p>Zimbabwe's state-owned airline, where some 70 pilots went on strike on Friday for higher pay, can be viable only if run on a totally commercial basis, the company's chief executive said.</p>
<p>Air Zimbabwe Corporation acting managing director Peter Chikumba said in a report published on Friday that the airline's profit had declined to an estimated Z$10 million (U.S.$896,000) in the financial year ended June 1996 from Z$31.3 million the previous year.</p>
<p>&quot;From a purely financial point of view and the experience of the corporation, Air Zimbabwe needs a minimum of Z$20 million profit to cover any unforeseen events,&quot; he said.</p>
<p>He said increased competition and old aircraft expensive to run had contributed to Air Zimbabwe's problems, although non-core business operations such as ground-handling were profitable.</p>
<p>&quot;Increased competition on the regional and international sectors contributed to the erosion of the revenue base as less passengers were carried compared to the previous year,&quot; Mukumba said.</p>
<p>&quot;To generate revenue and keep the airline going it is recommended that government urgently approve the commercialisation strategy in total and action the enabling Act of Parliament,&quot; Mukumba said.</p>
<p>He said the airline had to cut high running costs and terminate unprofitable routes.</p>
<p>&quot;The profitability of the corporation is on the decline and its existence cannot be guaranteed if some of the mentioned recommendations are not implemented as a matter of urgency. The business of our business is the bottom line,&quot; he said in the report published by the weekly Zimbabwe Independent newspaper.</p>
<p>($1=11.16)</p>
<p>---Cris Chinaka, Harare Newsroom: +263-4 72 52 27/8/9.--</p>
</text>
<copyright>(c) Reuters Limited 1997</copyright>
<metadata>
<codes class="bip:countries:1.0">
  <code code="ZIMBAB">
    <editdetail attribution="Reuters BIP Coding Group" action="confirmed" date="1997-03-14"/>
  </code>
</codes>
<codes class="bip:industries:1.0">
  <code code="I75000">
    <editdetail attribution="Reuters BIP Coding Group" action="confirmed" date="1997-03-14"/>
  </code>
</codes>
<codes class="bip:topics:1.0">
  <code code="C42">
    <editdetail attribution="Reuters BIP Coding Group" action="confirmed" date="1997-03-14"/>
  </code>
  <code code="CCAT">
    <editdetail attribution="Reuters BIP Coding Group" action="confirmed" date="1997-03-14"/>
  </code>
  <code code="E41">
    <editdetail attribution="Reuters BIP Coding Group" action="confirmed" date="1997-03-14"/>
  </code>
  <code code="ECAT">
    <editdetail attribution="Reuters BIP Coding Group" action="confirmed" date="1997-03-14"/>
  </code>
  <code code="GCAT">
    <editdetail attribution="Reuters BIP Coding Group" action="confirmed" date="1997-03-14"/>
  </code>
  <code code="GJOB">
    <editdetail attribution="Reuters BIP Coding Group" action="confirmed" date="1997-03-14"/>
  </code>
</codes>
<dc element="dc.date.created" value="1997-03-14"/>
<dc element="dc.publisher" value="Reuters Holdings Plc"/>
<dc element="dc.date.published" value="1997-03-14"/>
<dc element="dc.source" value="Reuters"/>
<dc element="dc.creator.location" value="HARARE"/>
<dc element="dc.creator.location.country.name" value="ZIMBABWE"/>
<dc element="dc.source" value="Reuters"/>
</metadata>
</newsitem>
