<?xml version="1.0" encoding="iso-8859-1" ?>
<newsitem itemid="442283" id="root" date="1997-03-14" xml:lang="en">
<title>LITHUANIA: Lithuania seen luring Baltic banks eventually.</title>
<headline>Lithuania seen luring Baltic banks eventually.</headline>
<byline>Abigail Schmelz</byline>
<dateline>VILNIUS 1997-03-14</dateline>
<text>
<p>Estonian and Latvian banks might spearhead a foreign drive into Lithuania as the banking sector recovers from a crisis that rocked its foundations, analysts say.</p>
<p>The first cross border move among Baltic banks was in early 1996 when Estonia's largest bank, Hansapank, bought Latvian bank Deutsch-Lettische Bank. So far none has ventured into the Lithuanian market and taken significant stakes.</p>
<p>&quot;It's only a matter of time,&quot; said Tomas Lind, senior area manager for Swedish commercial bank S-E-Banken covering the Baltic countries. &quot;It's difficult for the largest banks in Estonia to have any significant growth on the Estonia market.&quot;</p>
<p>&quot;The way to grow would be to invest into the other two countries which makes sense given the experience the Estonian banks have had of building up their operations in their own countries,&quot; Lind told Reuters.</p>
<p>The Estonian banking market is much farther advanced than Latvia's or Lithuania's.</p>
<p>As the dust settles from the crisis of end-1995 which disrupted the development of Lithuania's infant banking sector, two clear winners have pulled to the forefront, Vilniaus and Hermis.</p>
<p>Analysts named Estonia's Hansapank and Hoiupank and Latvia's Unibanka as likely candidates to move into the Lithuanian market benefiting from new laws which have made it easier for foreign banks to set up operations.</p>
<p>&quot;The Lithuanian market was somewhat restricted in terms of foreign investment until sometime last year. They have now opened their doors,&quot; Lind said.</p>
<p>Hansapank has set up leasing operations in Lithuania and Hoiupank will probably be interested in Lithuania's commercial market because it has the largest population of the Baltic countries, analysts say.</p>
<p>&quot;Hansapank has been the single most aggressive bank and I would imagine that they would either try to acquire or invest in a bank, starting from zero, in Lithuania,&quot; said Bo Kragh, area manager for Baltic financial institutions at Sweden's Handelsbanken.</p>
<p>&quot;Lithuania had its banking crisis first of the three countries and it's not over yet. This leads to a situation where newcomers can be welcome and prices of existing banks can be low,&quot; Kragh told Reuters.</p>
<p>Russian and Polish markets would be a bit too big for Baltic banks to take on, while Estonia is too small, Kragh said.</p>
<p>&quot;Hansapank has already said it has limited scope for expansion in its own country. So Lithuania would be the obvious match,&quot; Kragh said.</p>
<p>Poland's Kredyt Bank has received permission to set up operations in Lithuania and Latvia's Saules Bank, which is 20 percent owned by Tallinna Pank, is establishing leasing options and other banking activities in Lithuania.</p>
<p>The Lithuanian government said it would close two of the country's top banks, Litimpeks and Innovation, as part of a campaign to restore shaken consumer confidence in the system since the banking crisis.</p>
<p>Litimpeks has since been reopened but Innovation will be liquidated and its depositors compensated at an estimated cost of 350 million litas.</p>
<p>Two of the country's three big state banks, the Agriculture Bank and the State Commercial Bank, are slated to be privatised this year.</p>
<p>Some concern remains for the fledgling Lithuanian market, with some analysts saying it is still crippled by the lack of a functioning inter-bank market.</p>
<p>Lithuania's central bank has said it would try to remedy the situation and to help ease liquidity problems by beginning monthly repurchase tenders in April.</p>
<p>-- Vilnius newsroom +370 2 22 35 17</p>
</text>
<copyright>(c) Reuters Limited 1997</copyright>
<metadata>
<codes class="bip:countries:1.0">
  <code code="ESTNIA">
    <editdetail attribution="Reuters BIP Coding Group" action="confirmed" date="1997-03-14"/>
  </code>
  <code code="LATV">
    <editdetail attribution="Reuters BIP Coding Group" action="confirmed" date="1997-03-14"/>
  </code>
  <code code="LITH">
    <editdetail attribution="Reuters BIP Coding Group" action="confirmed" date="1997-03-14"/>
  </code>
</codes>
<codes class="bip:industries:1.0">
  <code code="I81402">
    <editdetail attribution="Reuters BIP Coding Group" action="confirmed" date="1997-03-14"/>
  </code>
  <code code="I81403">
    <editdetail attribution="Reuters BIP Coding Group" action="confirmed" date="1997-03-14"/>
  </code>
</codes>
<codes class="bip:topics:1.0">
  <code code="C11">
    <editdetail attribution="Reuters BIP Coding Group" action="confirmed" date="1997-03-14"/>
  </code>
  <code code="CCAT">
    <editdetail attribution="Reuters BIP Coding Group" action="confirmed" date="1997-03-14"/>
  </code>
</codes>
<dc element="dc.date.created" value="1997-03-14"/>
<dc element="dc.publisher" value="Reuters Holdings Plc"/>
<dc element="dc.date.published" value="1997-03-14"/>
<dc element="dc.source" value="Reuters"/>
<dc element="dc.creator.location" value="VILNIUS"/>
<dc element="dc.creator.location.country.name" value="LITHUANIA"/>
<dc element="dc.source" value="Reuters"/>
</metadata>
</newsitem>
