<?xml version="1.0" encoding="iso-8859-1" ?>
<newsitem itemid="442260" id="root" date="1997-03-14" xml:lang="en">
<title>RUSSIA: Moscow posts ousted Chechen leader to Africa.</title>
<headline>Moscow posts ousted Chechen leader to Africa.</headline>
<dateline>MOSCOW 1997-03-14</dateline>
<text>
<p>President Boris Yeltsin on Friday named the ousted pro-Moscow leader of the breakaway republic of Chechnya as Russia's ambassador to Tanzania.</p>
<p>Doku Zavgayev, Chechnya's Soviet communist boss until forced out by secessionist rebels in 1991, won a flawed presidential election in December 1995 while Russian troops held the capital Grozny.</p>
<p>But Zavgayev, branded Moscow's &quot;puppet&quot; by the separatists, was chased from the mainly Moslem region once again last August when rebel guerrillas stormed the city and succeeded in forcing Yeltsin to withdraw all his forces.</p>
<p>Separatist commander Aslan Maskhadov was elected Chechen president in January after elections judged free and fair by international observers.</p>
<p>A month earlier, Maskhadov pledged to punish Zavgayev.</p>
</text>
<copyright>(c) Reuters Limited 1997</copyright>
<metadata>
<codes class="bip:countries:1.0">
  <code code="RUSS">
    <editdetail attribution="Reuters BIP Coding Group" action="confirmed" date="1997-03-14"/>
  </code>
  <code code="TANZA">
    <editdetail attribution="Reuters BIP Coding Group" action="confirmed" date="1997-03-14"/>
  </code>
</codes>
<codes class="bip:topics:1.0">
  <code code="GCAT">
    <editdetail attribution="Reuters BIP Coding Group" action="confirmed" date="1997-03-14"/>
  </code>
  <code code="GDIP">
    <editdetail attribution="Reuters BIP Coding Group" action="confirmed" date="1997-03-14"/>
  </code>
  <code code="GPOL">
    <editdetail attribution="Reuters BIP Coding Group" action="confirmed" date="1997-03-14"/>
  </code>
</codes>
<dc element="dc.date.created" value="1997-03-14"/>
<dc element="dc.publisher" value="Reuters Holdings Plc"/>
<dc element="dc.date.published" value="1997-03-14"/>
<dc element="dc.source" value="Reuters"/>
<dc element="dc.creator.location" value="MOSCOW"/>
<dc element="dc.creator.location.country.name" value="RUSSIA"/>
<dc element="dc.source" value="Reuters"/>
</metadata>
</newsitem>
