<?xml version="1.0" encoding="iso-8859-1" ?>
<newsitem itemid="442202" id="root" date="1997-03-14" xml:lang="en">
<title>TANZANIA: Tanzania nominates OAU chief for re-election.</title>
<headline>Tanzania nominates OAU chief for re-election.</headline>
<dateline>DAR ES SALAAM 1997-03-14</dateline>
<text>
<p>Tanzania has nominated the Organisation of African Unity's chief Salim Ahmed Salim for a third term in office, a foreign ministry spokesman said on Friday.</p>
<p>&quot;We think the OAU still needs him. By the look of things Salim has done a good job particularly in conflict management and resolution,&quot; said spokesman Cyprian Majengo.</p>
<p>Tanzanian President Benjamin Mkapa this week wrote to African leaders to lobby support for Salim, a Tanzanian Zanzibari whose four-year term as OAU secretary-general expires in June.</p>
<p>Salim, who needs the vote of two-thirds of the OAU's 53 member states, is so far unopposed though diplomats say his re-election is not a foregone conclusion.</p>
</text>
<copyright>(c) Reuters Limited 1997</copyright>
<metadata>
<codes class="bip:countries:1.0">
  <code code="OAU">
    <editdetail attribution="Reuters BIP Coding Group" action="confirmed" date="1997-03-14"/>
  </code>
  <code code="TANZA">
    <editdetail attribution="Reuters BIP Coding Group" action="confirmed" date="1997-03-14"/>
  </code>
</codes>
<codes class="bip:topics:1.0">
  <code code="GCAT">
    <editdetail attribution="Reuters BIP Coding Group" action="confirmed" date="1997-03-14"/>
  </code>
  <code code="GDIP">
    <editdetail attribution="Reuters BIP Coding Group" action="confirmed" date="1997-03-14"/>
  </code>
  <code code="GPOL">
    <editdetail attribution="Reuters BIP Coding Group" action="confirmed" date="1997-03-14"/>
  </code>
</codes>
<dc element="dc.date.created" value="1997-03-14"/>
<dc element="dc.publisher" value="Reuters Holdings Plc"/>
<dc element="dc.date.published" value="1997-03-14"/>
<dc element="dc.source" value="Reuters"/>
<dc element="dc.creator.location" value="DAR ES SALAAM"/>
<dc element="dc.creator.location.country.name" value="TANZANIA"/>
<dc element="dc.source" value="Reuters"/>
</metadata>
</newsitem>
