<?xml version="1.0" encoding="iso-8859-1" ?>
<newsitem itemid="442255" id="root" date="1997-03-14" xml:lang="en">
<title>RUSSIA: Yeltsin wants &quot;more energetic&quot; reforms in Russia.</title>
<headline>Yeltsin wants &quot;more energetic&quot; reforms in Russia.</headline>
<dateline>MOSCOW 1997-03-14</dateline>
<text>
<p>Russian President Boris Yeltsin said in a radio address on Friday that radical government changes he is making were aimed at &quot;more energetic and consistent reforms than before&quot;.</p>
<p>&quot;As you know I have recently delivered my annual address to the Federal Assembly,&quot; Yeltsin, 66, said in a clear and confident voice.</p>
<p>&quot;Immediately after that, the first steps were made to implement it, first of all by making changes in the government. I am talking about more energetic and consistent continuation of reforms than before.&quot;</p>
<p>Yeltsin has ordered Prime Minister Viktor Chernomyrdin and his first deputy, liberal reformer Anatoly Chubais, to form a largely new government.</p>
<p>The new line-up is expected to be announced any day before Yeltsin leaves for a summit with U.S. President Bill Clintion in Helsinki next Wednesday.</p>
<p>Most of Yeltsin's address was devoted to the problems of the Russian media. He promised to support and protect the media, but also appealed for a responsible approach form them.</p>
<p>Later on Friday Yeltsin was due to meet Russian media bosses, whose role will be important in the next stage of reforms.</p>
<p>Some of the decisions the government faces, such as abolishing state subsidies for housing, will be unpopular with millions of people.</p>
<p>Yeltsin will need all the backing he can get from the liberal media, which also helped him secure victory in last year's presidential election.</p>
</text>
<copyright>(c) Reuters Limited 1997</copyright>
<metadata>
<codes class="bip:countries:1.0">
  <code code="RUSS">
    <editdetail attribution="Reuters BIP Coding Group" action="confirmed" date="1997-03-14"/>
  </code>
</codes>
<codes class="bip:topics:1.0">
  <code code="GCAT">
    <editdetail attribution="Reuters BIP Coding Group" action="confirmed" date="1997-03-14"/>
  </code>
  <code code="GPOL">
    <editdetail attribution="Reuters BIP Coding Group" action="confirmed" date="1997-03-14"/>
  </code>
</codes>
<dc element="dc.date.created" value="1997-03-14"/>
<dc element="dc.publisher" value="Reuters Holdings Plc"/>
<dc element="dc.date.published" value="1997-03-14"/>
<dc element="dc.source" value="Reuters"/>
<dc element="dc.creator.location" value="MOSCOW"/>
<dc element="dc.creator.location.country.name" value="RUSSIA"/>
<dc element="dc.source" value="Reuters"/>
</metadata>
</newsitem>
