<?xml version="1.0" encoding="iso-8859-1" ?>
<newsitem itemid="442207" id="root" date="1997-03-14" xml:lang="en">
<title>MAURITIUS: Mauritius Sun Resorts profit up 33 percent in 1996.</title>
<headline>Mauritius Sun Resorts profit up 33 percent in 1996.</headline>
<dateline>PORT LOUIS 1997-03-14</dateline>
<text>
<p>Mauritian hotel concern Sun Resorts on Friday posted a 33 percent rise in pre-tax profits to 244.2 million rupees ($12.16 million) for the year ended 31 December 1996 from 183.6 million rupees in 1995.</p>
<p>The company said Sun Resorts turnover rose to 1.47 billion rupees in 1996 from 1.13 billion rupees in 1995 and after-tax profit rose to 243.7 million rupees in 1996 from 186.5 million rupees in 1995.</p>
<p>It said the addition of two establishments to its hotel chain and better room occupancy rates accounted for the gains.</p>
<p>&quot;The group's hotels in Mauritius and the Comores achieved an average room occupancy of 74 percent during the year compared to 70 percent in the previous year,&quot; the company said.</p>
<p>Despite a slightly lower room occupancy rate during the first two months of 1997 as compared to 1996, the company saw further growth in the hotel's 1997 financial results.</p>
<p>&quot;Provided ... trading conditions remain favourable, the board anticipates that earnings per share for the 1997 year will show satisfactory growth over those of the previous year,&quot; it said.</p>
<p>($1=20.0885 Mauritian rupees).</p>
<p>--Port Louis ++230 211-9555</p>
</text>
<copyright>(c) Reuters Limited 1997</copyright>
<metadata>
<codes class="bip:countries:1.0">
  <code code="MAURTS">
    <editdetail attribution="Reuters BIP Coding Group" action="confirmed" date="1997-03-14"/>
  </code>
</codes>
<codes class="bip:topics:1.0">
  <code code="C15">
    <editdetail attribution="Reuters BIP Coding Group" action="confirmed" date="1997-03-14"/>
  </code>
  <code code="C151">
    <editdetail attribution="Reuters BIP Coding Group" action="confirmed" date="1997-03-14"/>
  </code>
  <code code="C1511">
    <editdetail attribution="Reuters BIP Coding Group" action="confirmed" date="1997-03-14"/>
  </code>
  <code code="CCAT">
    <editdetail attribution="Reuters BIP Coding Group" action="confirmed" date="1997-03-14"/>
  </code>
</codes>
<dc element="dc.date.created" value="1997-03-14"/>
<dc element="dc.publisher" value="Reuters Holdings Plc"/>
<dc element="dc.date.published" value="1997-03-14"/>
<dc element="dc.source" value="Reuters"/>
<dc element="dc.creator.location" value="PORT LOUIS"/>
<dc element="dc.creator.location.country.name" value="MAURITIUS"/>
<dc element="dc.source" value="Reuters"/>
</metadata>
</newsitem>
