<?xml version="1.0" encoding="iso-8859-1" ?>
<newsitem itemid="442217" id="root" date="1997-03-14" xml:lang="en">
<title>SOUTH AFRICA: Sabvest boosts yr shr, div flat.</title>
<headline>Sabvest boosts yr shr, div flat.</headline>
<dateline>JOHANNESBURG 1997-03-14</dateline>
<text>
<p>Year ended December 31 1996.</p>
<p>			(million rand unless stated)</p>
<p>    Shr, attrib (cts)     50.5	  vs     27.4</p>
<p>    Div (cts)		  3.0	  vs     3.0</p>
<p>    Attrib income	  26.09	  vs     5.88</p>
<p>    Pre-tax		  26.09	  vs    26.09</p>
<p>    Tax			  -	    vs	-</p>
<p>    Interest paid	   7.07	  vs     7.07</p>
<p>Income from operations</p>
<p>    and investments	19.02	  vs    19.02</p>
<p>Div payable around April 18</p>
<p>on register April 4</p>
<p>Full name: Sabvest Limited</p>
<p>    Share of associates' 17.09	  vs    17.09</p>
<p>NOTE - The group said its associates and investments were performing well and prospects were good. It anticipated dividends, headline earnings and net asset value per share of 4-5 cents, 28-33 cents and 350-400 cents respectively for 1997.</p>
<p>-- Johannesburg newsroom +27 11 482 1003</p>
</text>
<copyright>(c) Reuters Limited 1997</copyright>
<metadata>
<codes class="bip:countries:1.0">
  <code code="SAFR">
    <editdetail attribution="Reuters BIP Coding Group" action="confirmed" date="1997-03-14"/>
  </code>
</codes>
<codes class="bip:topics:1.0">
  <code code="C15">
    <editdetail attribution="Reuters BIP Coding Group" action="confirmed" date="1997-03-14"/>
  </code>
  <code code="C151">
    <editdetail attribution="Reuters BIP Coding Group" action="confirmed" date="1997-03-14"/>
  </code>
  <code code="C1511">
    <editdetail attribution="Reuters BIP Coding Group" action="confirmed" date="1997-03-14"/>
  </code>
  <code code="CCAT">
    <editdetail attribution="Reuters BIP Coding Group" action="confirmed" date="1997-03-14"/>
  </code>
</codes>
<dc element="dc.date.created" value="1997-03-14"/>
<dc element="dc.publisher" value="Reuters Holdings Plc"/>
<dc element="dc.date.published" value="1997-03-14"/>
<dc element="dc.source" value="Reuters"/>
<dc element="dc.creator.location" value="JOHANNESBURG"/>
<dc element="dc.creator.location.country.name" value="SOUTH AFRICA"/>
<dc element="dc.source" value="Reuters"/>
</metadata>
</newsitem>
