<?xml version="1.0" encoding="iso-8859-1" ?>
<newsitem itemid="442243" id="root" date="1997-03-14" xml:lang="en">
<title>TURKMENISTAN: Turkmenistan says unworried by NATO expansion.</title>
<headline>Turkmenistan says unworried by NATO expansion.</headline>
<dateline>ASHGABAT 1997-03-14</dateline>
<text>
<p>Turkmenistan, the last stop on the NATO secretary-general's tour of Central Asia, said on Friday it did not mind NATO's expansion eastwards but said Russia, a critic of NATO plans, remained its strategic partner.</p>
<p>&quot;We are not worried by NATO's expansion westwards or eastwards,&quot; Turkmen President Saparmurat Niyazov told reporters before meeting NATO Secretary-General Javier Solana.</p>
<p>But a foreign ministry spokesman said: &quot;Turkmenistan follows the principles of neutrality and defence sufficiency, being backed by its strategic partner -- Russia -- in issues of guarding the lengthy border with Afghanistan and Iran.&quot;</p>
<p>Solana arrived in the former Soviet republic early on Friday, ending his five-day tour of four Central Asian states.</p>
<p>The tour appears to be an attempt to convince these ex-Soviet states that NATO's sparring with the Kremlin over its planned eastward enlargement does not threaten stability in their own countries.</p>
<p>Solana also discussed with Central Asian leaders NATO's plan to set up a new partnership with ex-communist states -- the Atlantic Partnership Council -- which is expected to take over the Partnership for Peace programme created in 1994 to fill the security vacuum following the collapse of the Soviet Union.</p>
<p>&quot;Turkmenistan refers with understanding to changes within NATO and its peace-making role,&quot; Niyazov said.</p>
<p>Niyazov's words echoed the position of neighbouring Uzbekistan visited by Solana on Thursday.</p>
<p>Uzbek Foreign Minister Abdulaziz Kamilov told a news conference late on Thursday his country did not accept Russia's critical stance.</p>
<p>&quot;We think that alliance or non-alliance of any state with this or that organisation is its sovereign right,&quot; Kamilov said.</p>
<p>But the two other Central Asian states visited by Solana -- Kyrgyzstan and Kazakhstan -- share a different view.</p>
<p>&quot;We share Russia's concerns about NATO's enlargement,&quot; Kyrgyz President Askar Akayev told Solana on Wednesday.</p>
<p>Kazakh Foreign Minister Kasymzhomart Tokayev told reporters during Solana's visit on Tuesday, &quot;the process of expansion is inevitable but it is important to heed Russia's concerns&quot;.</p>
<p>Kyrgyzstan, Kazakhstan and Uzbekistan plan to hold a joint 10-day regional peacekeeping exercise with NATO in September.</p>
</text>
<copyright>(c) Reuters Limited 1997</copyright>
<metadata>
<codes class="bip:countries:1.0">
  <code code="NATO">
    <editdetail attribution="Reuters BIP Coding Group" action="confirmed" date="1997-03-14"/>
  </code>
  <code code="RUSS">
    <editdetail attribution="Reuters BIP Coding Group" action="confirmed" date="1997-03-14"/>
  </code>
  <code code="TURKM">
    <editdetail attribution="Reuters BIP Coding Group" action="confirmed" date="1997-03-14"/>
  </code>
</codes>
<codes class="bip:topics:1.0">
  <code code="GCAT">
    <editdetail attribution="Reuters BIP Coding Group" action="confirmed" date="1997-03-14"/>
  </code>
  <code code="GDEF">
    <editdetail attribution="Reuters BIP Coding Group" action="confirmed" date="1997-03-14"/>
  </code>
  <code code="GDIP">
    <editdetail attribution="Reuters BIP Coding Group" action="confirmed" date="1997-03-14"/>
  </code>
</codes>
<dc element="dc.date.created" value="1997-03-14"/>
<dc element="dc.publisher" value="Reuters Holdings Plc"/>
<dc element="dc.date.published" value="1997-03-14"/>
<dc element="dc.source" value="Reuters"/>
<dc element="dc.creator.location" value="ASHGABAT"/>
<dc element="dc.creator.location.country.name" value="TURKMENISTAN"/>
<dc element="dc.source" value="Reuters"/>
</metadata>
</newsitem>
