<?xml version="1.0" encoding="iso-8859-1" ?>
<newsitem itemid="442200" id="root" date="1997-03-14" xml:lang="en">
<title>NAMIBIA: PRESS DIGEST - Namibia - March 14.</title>
<headline>PRESS DIGEST - Namibia - March 14.</headline>
<dateline>WINDHOEK 1997-03-14</dateline>
<text>
<p>These are the leading stories in the Namibian press on Friday.</p>
<p>Reuters has not verified these stories and does not vouch for their accuracy.</p>
<p>- - - -</p>
<p>THE NAMIBIAN</p>
<p>- The director of customs, Saul Kaulinge, has been accused of not declaring his interests in a business which sells mostly clothing imported from Asia. He is also alleged to have used his authority to clear the goods and not paid tax nor duty on the wares. Kaulinge has denied the allegations.</p>
<p>- Prime Minister Hage Geingob had defended the planned amendment of the Local Authorities Act which will provide for the party list system to be used in December's local elections.</p>
<p>- - - -</p>
<p>WINDHOEK ADVERTISER</p>
<p>- Almost a million hectares along Namibia's coastline will be opened up for offshore diamond mining within the next ten years. Applications will be considered for the geological and environmental appraisal of at least 15 blocks and for proposed exploration programmes.</p>
<p>- - - -</p>
<p>ALLGEMEINE ZEITUNG</p>
<p>- Fisheries experts and scientists from 12 countries will meet on April 3 in Walvis Bay at the invitation of Namibia, South Africa and Angola to discuss an ambitious programme for the use of marine resources. The three countries share the marine environment of the Benguela current.</p>
</text>
<copyright>(c) Reuters Limited 1997</copyright>
<metadata>
<codes class="bip:countries:1.0">
  <code code="NAMIB">
    <editdetail attribution="Reuters BIP Coding Group" action="confirmed" date="1997-03-14"/>
  </code>
</codes>
<codes class="bip:topics:1.0">
  <code code="GCAT">
    <editdetail attribution="Reuters BIP Coding Group" action="confirmed" date="1997-03-14"/>
  </code>
</codes>
<dc element="dc.date.created" value="1997-03-14"/>
<dc element="dc.publisher" value="Reuters Holdings Plc"/>
<dc element="dc.date.published" value="1997-03-14"/>
<dc element="dc.source" value="Reuters"/>
<dc element="dc.creator.location" value="WINDHOEK"/>
<dc element="dc.creator.location.country.name" value="NAMIBIA"/>
<dc element="dc.source" value="Reuters"/>
</metadata>
</newsitem>
