<?xml version="1.0" encoding="iso-8859-1" ?>
<newsitem itemid="442282" id="root" date="1997-03-14" xml:lang="en">
<title>ROMANIA: Turnover up on Romania OTC market.</title>
<headline>Turnover up on Romania OTC market.</headline>
<dateline>BUCHAREST 1997-03-14</dateline>
<text>
<p>Romania's over-the-counter (OTC) market turnover rose slightly to 18.1 billion lei this week from the 16.7 billion lei level last week.</p>
<p>Traders said foreign investors had adopted a wait-and- see mood after the national leu currency appreciated over the past weeks, generating a thin interest in the OTC market.</p>
<p>Over 11.3 million shares were traded over the week on the RASDAQ -- the Romanian OTC system modelled on the U.S. NASDAQ -- up from 8.0 million in the previous week.</p>
<p>Investors' interest remained focussed on cement maker Romcim SA which closed 307 lei weaker at 34,000 lei, traders said.</p>
<p>The independent VAB-RASDAQ index, computed by Vanguard SA securities, rose 23.3 points on the week to 1,640.1. The RASDAQ, which opened last October to eventually trade 5,000 companies privatised under a mass selloff, now lists 2,685 stocks.</p>
<p>It traded an average 338 companies this week.</p>
<p>-- Andrei Iva, Bucharest Newsroom 40-1 3120264</p>
</text>
<copyright>(c) Reuters Limited 1997</copyright>
<metadata>
<codes class="bip:countries:1.0">
  <code code="ROM">
    <editdetail attribution="Reuters BIP Coding Group" action="confirmed" date="1997-03-14"/>
  </code>
</codes>
<codes class="bip:topics:1.0">
  <code code="M11">
    <editdetail attribution="Reuters BIP Coding Group" action="confirmed" date="1997-03-14"/>
  </code>
  <code code="MCAT">
    <editdetail attribution="Reuters BIP Coding Group" action="confirmed" date="1997-03-14"/>
  </code>
</codes>
<dc element="dc.date.created" value="1997-03-14"/>
<dc element="dc.publisher" value="Reuters Holdings Plc"/>
<dc element="dc.date.published" value="1997-03-14"/>
<dc element="dc.source" value="Reuters"/>
<dc element="dc.creator.location" value="BUCHAREST"/>
<dc element="dc.creator.location.country.name" value="ROMANIA"/>
<dc element="dc.source" value="Reuters"/>
</metadata>
</newsitem>
