<?xml version="1.0" encoding="iso-8859-1" ?>
<newsitem itemid="442265" id="root" date="1997-03-14" xml:lang="en">
<title>RUSSIA: Aeroflot, Continental begin code-sharing in April.</title>
<headline>Aeroflot, Continental begin code-sharing in April.</headline>
<dateline>MOSCOW 1997-03-14</dateline>
<text>
<p>Russian flag carrier Aeroflot and Continental Airlines of the United States will begin a code-sharing programme from April, both companies said on Friday.</p>
<p>Valeri Okulov, Aeroflot acting chief executive, said the code-sharing deal would begin with joint ticket sales.</p>
<p>&quot;We hope the programme will be profitable for both airlines,&quot; he said.</p>
<p>Berry Saimon, senior vice-president for Continental, told Reuters code-sharing flights may begin in September.  </p>
<p>In January, both carriers signed a five-year code-sharing deal to operate Moscow-New York flights and coordinate their schedules, reservations and tariffs.</p>
<p>According to the agreement, Aeroflot and Continental would jointly operate a new daily flight between Moscow and New York's Newark airport as a hub to reach the 157 other U.S. cities to which Continental flies. A Continental DC-10-30 aircraft will fly on the route.</p>
<p>The deal means Russian passengers can buy tickets in Moscow for flights to these destinations just as U.S. passengers can fly from the United States to Russian and ex-Soviet destinations Aeroflot serves.</p>
<p>Aeroflot would continue to operate three flights a week from Moscow's Sheremetyevo to New York's Kennedy Airport operating a Boeing 767 jet.</p>
<p>&quot;We also plan to cooperate with Continental on technical servicing, marketing and advertising,&quot; Okulov said.</p>
<p>Aeroflot plans to join Continental's frequent-flier programme soon.</p>
<p>-- Viktor Anoshkin, Moscow Newsroom, +7095 941 8520</p>
</text>
<copyright>(c) Reuters Limited 1997</copyright>
<metadata>
<codes class="bip:countries:1.0">
  <code code="RUSS">
    <editdetail attribution="Reuters BIP Coding Group" action="confirmed" date="1997-03-14"/>
  </code>
  <code code="USA">
    <editdetail attribution="Reuters BIP Coding Group" action="confirmed" date="1997-03-14"/>
  </code>
</codes>
<codes class="bip:industries:1.0">
  <code code="I75000">
    <editdetail attribution="Reuters BIP Coding Group" action="confirmed" date="1997-03-14"/>
  </code>
</codes>
<codes class="bip:topics:1.0">
  <code code="C11">
    <editdetail attribution="Reuters BIP Coding Group" action="confirmed" date="1997-03-14"/>
  </code>
  <code code="CCAT">
    <editdetail attribution="Reuters BIP Coding Group" action="confirmed" date="1997-03-14"/>
  </code>
</codes>
<dc element="dc.date.created" value="1997-03-14"/>
<dc element="dc.publisher" value="Reuters Holdings Plc"/>
<dc element="dc.date.published" value="1997-03-14"/>
<dc element="dc.source" value="Reuters"/>
<dc element="dc.creator.location" value="MOSCOW"/>
<dc element="dc.creator.location.country.name" value="RUSSIA"/>
<dc element="dc.source" value="Reuters"/>
</metadata>
</newsitem>
