<?xml version="1.0" encoding="iso-8859-1" ?>
<newsitem itemid="442203" id="root" date="1997-03-14" xml:lang="en">
<title>SOUTH AFRICA: S.Africa board offers 25,000 T barley for export.</title>
<headline>S.Africa board offers 25,000 T barley for export.</headline>
<dateline>JOHANNESBURG 1997-03-14</dateline>
<text>
<p>The South African Wheat Board said on Friday it was offering 25,150 tonnes of feed grade barley for export sale not later than April 30.</p>
<p>The board said the barley was five percent more or less sellers' option.</p>
<p>It said the barley was offered free on rail loading stations of the board's agents where the grade and mass of the barley will be final.</p>
<p>The exporter will be responsible for railing and/or loading of the barley on board a vessel, the board said. --Johannesburg newsroom, +27-11 482 1003</p>
</text>
<copyright>(c) Reuters Limited 1997</copyright>
<metadata>
<codes class="bip:countries:1.0">
  <code code="SAFR">
    <editdetail attribution="Reuters BIP Coding Group" action="confirmed" date="1997-03-14"/>
  </code>
</codes>
<codes class="bip:topics:1.0">
  <code code="M14">
    <editdetail attribution="Reuters BIP Coding Group" action="confirmed" date="1997-03-14"/>
  </code>
  <code code="M141">
    <editdetail attribution="Reuters BIP Coding Group" action="confirmed" date="1997-03-14"/>
  </code>
  <code code="MCAT">
    <editdetail attribution="Reuters BIP Coding Group" action="confirmed" date="1997-03-14"/>
  </code>
</codes>
<dc element="dc.date.created" value="1997-03-14"/>
<dc element="dc.publisher" value="Reuters Holdings Plc"/>
<dc element="dc.date.published" value="1997-03-14"/>
<dc element="dc.source" value="Reuters"/>
<dc element="dc.creator.location" value="JOHANNESBURG"/>
<dc element="dc.creator.location.country.name" value="SOUTH AFRICA"/>
<dc element="dc.source" value="Reuters"/>
</metadata>
</newsitem>
