<?xml version="1.0" encoding="iso-8859-1" ?>
<newsitem itemid="442271" id="root" date="1997-03-14" xml:lang="en">
<title>ROMANIA: Romania plans new forex liberalisation moves.</title>
<headline>Romania plans new forex liberalisation moves.</headline>
<dateline>BUCHAREST 1997-03-14</dateline>
<text>
<p>Romania's central bank (BNR) governor Mugur Isarescu on Friday pledged to take new steps to liberalise the foreign exchange market and give individuals the right to exchange more than a present $500 a year.</p>
<p>&quot;We hope we'll be able to abandon the $500 limit on individuals' exchanges later this year,&quot; Isarescu told a news conference.</p>
<p>Under current rules Romanians are compelled to limit their hard currency buyings to up to the equivalent of $500 annualy.</p>
<p>The planned move follows a BNR step in February to remove foreign exchange market curbs imposed by the former leftist government in 1996. The BNR restored dealer status to 24 banks to act as market makers along with the existing four dealers.</p>
<p>&quot;We consider last month's move the key to a full liberalisation of the foreign exchange market. But there are still few restrictions to be eliminated,&quot; Isarescu said.</p>
<p>He said that rules by the State Ownership Fund -- the major holder of state companies -- imposing that state firms resort only to state-run banks for their operations would also be abolished soon.</p>
<p>&quot;We want our market to operate normally on the long term, which will be the utmost incentive to foreign investors, amounting to all the facilities designed to attract them to Romania,&quot; said Isarescu.</p>
<p>Foreign investments in Romania, East Europe's second largest market after Poland, is $2.2 billion or about a tenth of what neighbouring Hungary has attracted over the past seven years since the fall of communism.</p>
<p>Isarescu said the foreign exchange market had turned liquid and &quot;very active&quot; after more than a year a lethargy, while the leu had recently stabilised at around 7,000 to the dollar.</p>
<p>The leu stabilisation followed a slump to 9,000 immediately after curbs had been removed.</p>
<p>&quot;We couldn't get a soft landing as the move triggered large fluctuations (of the exchange rate) but we are past that shock now,&quot; he said.</p>
<p>Banks' screen quotes continued to show wide ranges of leu-dollar quotes and spreads between 6,200/7,100 to 6,900/9,500 over the past weeks.</p>
<p>Vice-governor Vlad Soare acknowledged during the same news conference that some spreads were huge triggering a &quot;sort of segmentation of the market&quot; but he said he hoped the problem would be solved in the coming months.</p>
<p>&quot;This is an older disease of this market, which will hopefully be treated in time,&quot; Soare said.</p>
<p>Dealers said the leu traded near 6,900 to the dollar on Friday, with the market rather dormant ahead of the weekend.</p>
<p>-- Mirela Eremia, Bucharest Newsroom 40-1 312064</p>
</text>
<copyright>(c) Reuters Limited 1997</copyright>
<metadata>
<codes class="bip:countries:1.0">
  <code code="ROM">
    <editdetail attribution="Reuters BIP Coding Group" action="confirmed" date="1997-03-14"/>
  </code>
</codes>
<codes class="bip:topics:1.0">
  <code code="E12">
    <editdetail attribution="Reuters BIP Coding Group" action="confirmed" date="1997-03-14"/>
  </code>
  <code code="ECAT">
    <editdetail attribution="Reuters BIP Coding Group" action="confirmed" date="1997-03-14"/>
  </code>
  <code code="M13">
    <editdetail attribution="Reuters BIP Coding Group" action="confirmed" date="1997-03-14"/>
  </code>
  <code code="M132">
    <editdetail attribution="Reuters BIP Coding Group" action="confirmed" date="1997-03-14"/>
  </code>
  <code code="MCAT">
    <editdetail attribution="Reuters BIP Coding Group" action="confirmed" date="1997-03-14"/>
  </code>
</codes>
<dc element="dc.date.created" value="1997-03-14"/>
<dc element="dc.publisher" value="Reuters Holdings Plc"/>
<dc element="dc.date.published" value="1997-03-14"/>
<dc element="dc.source" value="Reuters"/>
<dc element="dc.creator.location" value="BUCHAREST"/>
<dc element="dc.creator.location.country.name" value="ROMANIA"/>
<dc element="dc.source" value="Reuters"/>
</metadata>
</newsitem>
