<?xml version="1.0" encoding="iso-8859-1" ?>
<newsitem itemid="442289" id="root" date="1997-03-14" xml:lang="en">
<title>CZECH REPUBLIC: FOCUS-Troubled Agrobanka readied for sale.</title>
<headline>FOCUS-Troubled Agrobanka readied for sale.</headline>
<byline>Alan Crosby</byline>
<dateline>PRAGUE 1997-03-14</dateline>
<text>
<p>The Czech central bank set out its plan on Friday to revive Agrobanka, the country's fifth largest bank, splitting the troubled institution's sound and questionable assets to allow the entry of a strategic investor.</p>
<p>The central bank said it was splitting the bank's assets into two parts -- questionable and sound -- allowing for the sound assets to be sold off in a tender while the questionable assets will be retained and &quot;their value realised&quot;.</p>
<p>&quot;It (the plan) allows...existing shareholders the opportunity to retain an interest in those assets against which substantial provisions are required by the auditors,&quot; central bank administrator Jiri Klumpar said in a statement.</p>
<p>&quot;The recommended option fully meets the objectives of the administration,&quot; he added.</p>
<p>In September, Agrobanka, the fifth largest bank, went into forced administration because of low liquidity connected with the failure of a smaller Plzen-based bank, Kreditni Banka a.s..</p>
<p>The central bank is currently searching for a majority shareholder to take control of Agrobanka which was connected to Kreditni through an obscure investment firm called Motoinvest.</p>
<p>The failure of Kreditni, which investigators said was caused by dubious debt-swap deals linked to Motoinvest, in turn caused a crisis of confidence in Agrobanka.</p>
<p>The statement added that preparations for the internal reorganisation of the bank would start immediately, allowing for the rapid sale of the new division.</p>
<p>&quot;The creation of a strong separate division of Agrobanka is likely to attract considerable interest from leading international commercial banks committed to the development of the Czech banking system,&quot; said John Sleeman, director of investment bank HSBC in Prague, which is arranging the tender.</p>
<p>Agrobanka has said that U.S. General Electric Capital Corp, and Austria's Raiffeisen bank, are among five bidders seeking a stake in the Prague-based bank through the tender.</p>
<p>Agrobanka was the largest fully-private financial institution in the country in terms of assets with 69.2 billion crowns ($2.4 billion) at the end of September. It posted a 372 million crown net profit in 1995, after 171 million in 1994.</p>
<p>Agrobanka is the 12th and the largest Czech bank to have been subjected to central bank intervention since post-Communist liberalisation of the sector created dozens of new banks in the early 1990s.</p>
<p>After a wave of collapses, the central bank drew up a plan under which an arm of the state-held Konsolidacni Banka would buy off doubtful assets from small banks at a nominal price for a certain period of time.</p>
<p>In exchange the banks had to adhere to strict rules and close central bank supervision.</p>
<p>-- Prague Newsroom, 420-2-2423-0003 ($ = 28.96 Czech Crowns)</p>
</text>
<copyright>(c) Reuters Limited 1997</copyright>
<metadata>
<codes class="bip:countries:1.0">
  <code code="CZREP">
    <editdetail attribution="Reuters BIP Coding Group" action="confirmed" date="1997-03-14"/>
  </code>
</codes>
<codes class="bip:industries:1.0">
  <code code="I81402">
    <editdetail attribution="Reuters BIP Coding Group" action="confirmed" date="1997-03-14"/>
  </code>
</codes>
<codes class="bip:topics:1.0">
  <code code="C18">
    <editdetail attribution="Reuters BIP Coding Group" action="confirmed" date="1997-03-14"/>
  </code>
  <code code="C181">
    <editdetail attribution="Reuters BIP Coding Group" action="confirmed" date="1997-03-14"/>
  </code>
  <code code="C183">
    <editdetail attribution="Reuters BIP Coding Group" action="confirmed" date="1997-03-14"/>
  </code>
  <code code="CCAT">
    <editdetail attribution="Reuters BIP Coding Group" action="confirmed" date="1997-03-14"/>
  </code>
  <code code="E12">
    <editdetail attribution="Reuters BIP Coding Group" action="confirmed" date="1997-03-14"/>
  </code>
  <code code="ECAT">
    <editdetail attribution="Reuters BIP Coding Group" action="confirmed" date="1997-03-14"/>
  </code>
</codes>
<dc element="dc.date.created" value="1997-03-14"/>
<dc element="dc.publisher" value="Reuters Holdings Plc"/>
<dc element="dc.date.published" value="1997-03-14"/>
<dc element="dc.source" value="Reuters"/>
<dc element="dc.creator.location" value="PRAGUE"/>
<dc element="dc.creator.location.country.name" value="CZECH REPUBLIC"/>
<dc element="dc.source" value="Reuters"/>
</metadata>
</newsitem>
