<?xml version="1.0" encoding="iso-8859-1" ?>
<newsitem itemid="442280" id="root" date="1997-03-14" xml:lang="en">
<title>BOSNIA: UN raps Croat charges against Moslems over violence.</title>
<headline>UN raps Croat charges against Moslems over violence.</headline>
<dateline>SARAJEVO 1997-03-14</dateline>
<text>
<p>The United Nations said on Friday that Bosnian Croat authorities had no cause to press criminal charges against Moslems over ethnic violence with Croats in the divided city of Mostar.</p>
<p>Authorities in the west half of Mostar run by nationalist Croats have charged five Croat policemen with assault on a Moslem crowd on February 10, Croat media said on Thursday. One Moslem was shot dead and 21 wounded in the bloodshed.</p>
<p>But a Croat police statement said 11 Moslems, including two regional officials from the city's eastern sector, had also been charged with unspecified offences in the incident close to the city's internal ethnic boundary.</p>
<p>A U.N. inquiry found that Croat police opened fire without provocation on a group of Moslem pilgrims trying to visit a cemetery on the Croat side of the city and produced photographs to back up its finding.</p>
<p>&quot;Our report made no mention of these (accused Moslems) and called for no action against them. We haven't seen the specific charges but judging by media reports they're totally irrelevant to the U.N. findings,&quot; said Liam McDowell of the U.N-affiliated International Police Task Force in postwar Bosnia.</p>
<p>A Croat police statement said that the charges were based on information from various sources including the IPTF report, videotapes, photographs and witnesses' statements.</p>
<p>It said five Croat policemen including deputy west Mostar chief Ivan Hrkac had been charged with &quot;maltreatment while performing their duty&quot;. All were earlier suspended from duty.</p>
<p>But the list excluded former police chief Marko Radic, who was suspended for his role in the violence and later replaced.</p>
<p>The IPTF and other international agencies helping rebuild Bosnia from 43 months of war had demanded that all Croats involved in the shooting attack be prosecuted, including Radic.</p>
</text>
<copyright>(c) Reuters Limited 1997</copyright>
<metadata>
<codes class="bip:countries:1.0">
  <code code="BSHZG">
    <editdetail attribution="Reuters BIP Coding Group" action="confirmed" date="1997-03-14"/>
  </code>
  <code code="CRTIA">
    <editdetail attribution="Reuters BIP Coding Group" action="confirmed" date="1997-03-14"/>
  </code>
  <code code="UN">
    <editdetail attribution="Reuters BIP Coding Group" action="confirmed" date="1997-03-14"/>
  </code>
</codes>
<codes class="bip:topics:1.0">
  <code code="GCAT">
    <editdetail attribution="Reuters BIP Coding Group" action="confirmed" date="1997-03-14"/>
  </code>
  <code code="GVIO">
    <editdetail attribution="Reuters BIP Coding Group" action="confirmed" date="1997-03-14"/>
  </code>
</codes>
<dc element="dc.date.created" value="1997-03-14"/>
<dc element="dc.publisher" value="Reuters Holdings Plc"/>
<dc element="dc.date.published" value="1997-03-14"/>
<dc element="dc.source" value="Reuters"/>
<dc element="dc.creator.location" value="SARAJEVO"/>
<dc element="dc.creator.location.country.name" value="BOSNIA"/>
<dc element="dc.source" value="Reuters"/>
</metadata>
</newsitem>
