<?xml version="1.0" encoding="iso-8859-1" ?>
<newsitem itemid="442222" id="root" date="1997-03-14" xml:lang="en">
<title>SOUTH AFRICA: Bowler Metcalf raises yr share, div.</title>
<headline>Bowler Metcalf raises yr share, div.</headline>
<dateline>JOHANNESBURG 1997-03-14</dateline>
<text>
<p>Year ended December 31</p>
<p>			(million rand unless stated)</p>
<p>    Shr, attrib (cts)     8.2	   vs 6.9</p>
<p>    Div (cts)		 2.9	   vs 2.5</p>
<p>    Attrib income	   6.95	  vs 5.84</p>
<p>    Pre-tax		  10.36	  vs 8.43</p>
<p>    Tax			 3.41	  vs 2.59</p>
<p>    Turnover		 46.66	  vs 39.88</p>
<p>Payable on register April 4</p>
<p>Full name: Bowler Metcalf Ltd</p>
<p>NOTE - The directors proposed that a dividend of 1.7 cents per share be payable to shareholders. They said the company has invested a further 4.0 million rand in new PET equipment since the year end to broaden its product range in line with international trends. They said the benefits should be felt this year.</p>
<p>-- Johannesburg newsroom +27 11 482 1003</p>
</text>
<copyright>(c) Reuters Limited 1997</copyright>
<metadata>
<codes class="bip:countries:1.0">
  <code code="SAFR">
    <editdetail attribution="Reuters BIP Coding Group" action="confirmed" date="1997-03-14"/>
  </code>
</codes>
<codes class="bip:industries:1.0">
  <code code="I48300">
    <editdetail attribution="Reuters BIP Coding Group" action="confirmed" date="1997-03-14"/>
  </code>
</codes>
<codes class="bip:topics:1.0">
  <code code="C15">
    <editdetail attribution="Reuters BIP Coding Group" action="confirmed" date="1997-03-14"/>
  </code>
  <code code="C151">
    <editdetail attribution="Reuters BIP Coding Group" action="confirmed" date="1997-03-14"/>
  </code>
  <code code="C1511">
    <editdetail attribution="Reuters BIP Coding Group" action="confirmed" date="1997-03-14"/>
  </code>
  <code code="CCAT">
    <editdetail attribution="Reuters BIP Coding Group" action="confirmed" date="1997-03-14"/>
  </code>
</codes>
<dc element="dc.date.created" value="1997-03-14"/>
<dc element="dc.publisher" value="Reuters Holdings Plc"/>
<dc element="dc.date.published" value="1997-03-14"/>
<dc element="dc.source" value="Reuters"/>
<dc element="dc.creator.location" value="JOHANNESBURG"/>
<dc element="dc.creator.location.country.name" value="SOUTH AFRICA"/>
<dc element="dc.source" value="Reuters"/>
</metadata>
</newsitem>
