<?xml version="1.0" encoding="iso-8859-1" ?>
<newsitem itemid="442204" id="root" date="1997-03-14" xml:lang="en">
<title>BOTSWANA: PRESS DIGEST - Botswana - March 14.</title>
<headline>PRESS DIGEST - Botswana - March 14.</headline>
<dateline>GABORONE 1997-03-14</dateline>
<text>
<p>These are the leading stories in the Botswana press on Friday.</p>
<p>Reuters has not verified these stories and does not vouch for their accuracy.</p>
<p>- - - -</p>
<p>THE GUARDIAN</p>
<p>- The Botswana Defence Force (BDF) has denied reports of dissent among troops over its refusal to pay certain allowances.</p>
<p>- The BDF will send observers to a multi-nation peacekeeping operation to be held in Zimbabwe next month.</p>
<p>- - - -</p>
<p>MMEGI</p>
<p>- The cattle restocking of the Ngamiland area, where more than 250,000 cattle infected with cattle lung disease were slaughtered, is under threat because the disease is now rampant in neighbouring Namibia. Five border fences are under construction to stop cattle crossing into Botswana.</p>
<p>- Gaborone newsroom +267-347 182</p>
</text>
<copyright>(c) Reuters Limited 1997</copyright>
<metadata>
<codes class="bip:countries:1.0">
  <code code="BOTS">
    <editdetail attribution="Reuters BIP Coding Group" action="confirmed" date="1997-03-14"/>
  </code>
</codes>
<codes class="bip:topics:1.0">
  <code code="GCAT">
    <editdetail attribution="Reuters BIP Coding Group" action="confirmed" date="1997-03-14"/>
  </code>
</codes>
<dc element="dc.date.created" value="1997-03-14"/>
<dc element="dc.publisher" value="Reuters Holdings Plc"/>
<dc element="dc.date.published" value="1997-03-14"/>
<dc element="dc.source" value="Reuters"/>
<dc element="dc.creator.location" value="GABORONE"/>
<dc element="dc.creator.location.country.name" value="BOTSWANA"/>
<dc element="dc.source" value="Reuters"/>
</metadata>
</newsitem>
