<?xml version="1.0" encoding="iso-8859-1" ?>
<newsitem itemid="442232" id="root" date="1997-03-14" xml:lang="en">
<title>BELARUS: Police arrest dozens at Belarus protest.</title>
<headline>Police arrest dozens at Belarus protest.</headline>
<dateline>MINSK 1997-03-14</dateline>
<text>
<p>Police beat protesters against hardline Belarus President Alexander Lukashenko in an unsanctioned demonstration on Friday.</p>
<p>Reuters correspondents on Independence Square in the capital of the former Soviet republic saw police arrest about 50 people -- including journalists and two leading opposition politicians.</p>
<p>Some of those arrested looked dazed but there was no sign of bloodshed. Police used truncheons and forced protesters to the ground before bundling them into trucks and police jeeps.</p>
<p>Anatoly Lebedko, a former advisor to Lukashenko who defected to the opposition and is a member of the alternative parliament of former deputies, was among those detained.</p>
<p>The second detained politician was Boris Gunter, who also refused to join the new parliament set up after Lukashenko won a referendum last November by a landslide.</p>
<p>About 1,000 mostly young activists had gathered on the square at 5 p.m. (1500 GMT) to start a tour of Western embassies to register their opposition to Lukashenko's authoritarian rule and policy of closer ties with Russia.</p>
<p>Authorities had sanctioned the rally, titled &quot;Belarus into Europe,&quot; but police moved in to stop the protesters leaving the square as they had been banned from proceeding through the city.</p>
<p>About 200 police with truncheons were waiting for the protesters on the square and others waited in side-streets.</p>
<p>They shouted instructions over loudspeakers to clear the area several times before moving in.</p>
<p>Meanwhile a court case was being held against Professor Yuri Khodyko, 53, a leader of the nationalist Popular Front which organised the protest.</p>
<p>He was arrested at the Front's headquarters in a late-night raid and charged with interfering with police activities.</p>
<p>Minsk authorities have also banned protesters from marching through the capital on Saturday, when opposition forces plan a large rally to mark Constitution Day.</p>
</text>
<copyright>(c) Reuters Limited 1997</copyright>
<metadata>
<codes class="bip:countries:1.0">
  <code code="BYELRS">
    <editdetail attribution="Reuters BIP Coding Group" action="confirmed" date="1997-03-14"/>
  </code>
</codes>
<codes class="bip:topics:1.0">
  <code code="GCAT">
    <editdetail attribution="Reuters BIP Coding Group" action="confirmed" date="1997-03-14"/>
  </code>
  <code code="GCRIM">
    <editdetail attribution="Reuters BIP Coding Group" action="confirmed" date="1997-03-14"/>
  </code>
  <code code="GPOL">
    <editdetail attribution="Reuters BIP Coding Group" action="confirmed" date="1997-03-14"/>
  </code>
  <code code="GVIO">
    <editdetail attribution="Reuters BIP Coding Group" action="confirmed" date="1997-03-14"/>
  </code>
</codes>
<dc element="dc.date.created" value="1997-03-14"/>
<dc element="dc.publisher" value="Reuters Holdings Plc"/>
<dc element="dc.date.published" value="1997-03-14"/>
<dc element="dc.source" value="Reuters"/>
<dc element="dc.creator.location" value="MINSK"/>
<dc element="dc.creator.location.country.name" value="BELARUS"/>
<dc element="dc.source" value="Reuters"/>
</metadata>
</newsitem>
