<?xml version="1.0" encoding="iso-8859-1" ?>
<newsitem itemid="442201" id="root" date="1997-03-14" xml:lang="en">
<title>NIGERIA: PRESS DIGEST - Nigeria - March 14.</title>
<headline>PRESS DIGEST - Nigeria - March 14.</headline>
<dateline>LAGOS 1997-03-14</dateline>
<text>
<p>These are significant stories in the Nigerian press on Friday. Reuters has not verified these stories and does not vouch for their accuracy.</p>
<p>DAILY TIMES</p>
<p>- All is now set for local council election on Saturday, the first step to full democracy next year; some 55.7 million voters registered to vote.</p>
<p>- Oil workers union PENGASSAN members stopped 300 staff of Elf Petroleum Nigeria Limited going into work in a strike to demand implementation of new remuneration package.</p>
<p>- Wildlife damages electricity line causing power failure nationwide for about eight hours.</p>
<p>- Canada finally closes its embassy in Nigeria following similar action by Nigeria last year.</p>
<p>THE GUARDIAN</p>
<p>- Visiting African human rights team meets mother of hanged minority rights activist Ken Saro-Wiwa and 19 youths from the Ogoni tribe who are being detained over the murder of four chiefs for which the activist and eight others were executed.</p>
<p>- Demand for foreign exchange at weekly auction falls as local naira currency depreciates.</p>
<p>- Government approves trip by cashew exporters to India.</p>
<p>- Vision 2010 committee planning Nigeria's economic future favours privatisation of loss-making state enterprises, says member Isaac Aluko-Olokun.</p>
<p>THISDAY</p>
<p>- Exiled wing of the opposition group NADECO meets in the United States and Britain over the trial of their key members who were charged this week with treason for recent bomb blasts in the country.</p>
<p>- Military ruler General Sani Abacha pleads for peaceful local council election on Saturday.</p>
<p>- Central bank reminds distressed banks that they face liquidation after March 31 if they do not recapitalise.</p>
<p>($1=85 naira)</p>
<p>-- Lagos newsroom +234 1 2630317</p>
</text>
<copyright>(c) Reuters Limited 1997</copyright>
<metadata>
<codes class="bip:countries:1.0">
  <code code="NIGEA">
    <editdetail attribution="Reuters BIP Coding Group" action="confirmed" date="1997-03-14"/>
  </code>
</codes>
<codes class="bip:topics:1.0">
  <code code="GCAT">
    <editdetail attribution="Reuters BIP Coding Group" action="confirmed" date="1997-03-14"/>
  </code>
</codes>
<dc element="dc.date.created" value="1997-03-14"/>
<dc element="dc.publisher" value="Reuters Holdings Plc"/>
<dc element="dc.date.published" value="1997-03-14"/>
<dc element="dc.source" value="Reuters"/>
<dc element="dc.creator.location" value="LAGOS"/>
<dc element="dc.creator.location.country.name" value="NIGERIA"/>
<dc element="dc.source" value="Reuters"/>
</metadata>
</newsitem>
