<?xml version="1.0" encoding="iso-8859-1" ?>
<newsitem itemid="442254" id="root" date="1997-03-14" xml:lang="en">
<title>POLAND: POLISH BGZ BANK TO OPEN MOSCOW OFFICE ON MARCH 20.</title>
<headline>POLISH BGZ BANK TO OPEN MOSCOW OFFICE ON MARCH 20.</headline>
<dateline>WARSAW 1997-03-14</dateline>
<text>
<p>Poland's Bank Gospodarki Zywnosciowej SA (BGZ) will open an office in Moscow on March 20, a senior official of the large cooperative bank said on Friday.</p>
<p>&quot;The opening of our office in Moscow will take place next Thursday. It will enable us to provide services to our clients on that market,&quot; Antoni Magdon, the president of the bank's supervisory board, told Reuters.</p>
<p>Madgon said the bank, specialising in food-related businesses, would also seek a Russian operating licence.</p>
<p>&quot;Attempts are being made to obtain an operating licence in Russia. We are taking into consideration buying a Russian bank, entering an equity partnership or seeking a licence separately,&quot; he said.</p>
<p>Madgon said BGZ estimated that trade with Russia would increase to $4 billion in 1997 from last year's $3 billion.</p>
<p>BGZ would be the fourth Polish bank to open an office in Russia after Pekao SA, Bank Handlowy SA and Kredyt Bank SA.</p>
<p>BGZ's gross profit increased by 37.1 percent to 495.4 million zlotys last year. Its balance sheet total rose 37 percent to nearly 14 billion zlotys.</p>
<p>-- Jacek Ramotowski +48 22 653 9700</p>
<p>* Trade on Swiss Options and Financial Futures Exchange (Soffex) concentrated on SMI futures.</p>
<p>SMI futures were easier to trade than the underlying stocks on the cash market, one dealer explained. In all 9,943 SMI future contracts changed hands, of which 8,583 were March futures. The March SMI was up 18.6 to 4,622.6 points.</p>
<p>Volume in options was lower at 109,829 contracts. The call/put ratio was at 1.38 to one.</p>
<p>-- Martin Gelnar, Zurich Newsroom, ++41 1 631 7342</p>
</text>
<copyright>(c) Reuters Limited 1997</copyright>
<metadata>
<codes class="bip:countries:1.0">
  <code code="POL">
    <editdetail attribution="Reuters BIP Coding Group" action="confirmed" date="1997-03-14"/>
  </code>
</codes>
<codes class="bip:industries:1.0">
  <code code="I81402">
    <editdetail attribution="Reuters BIP Coding Group" action="confirmed" date="1997-03-14"/>
  </code>
</codes>
<codes class="bip:topics:1.0">
  <code code="C24">
    <editdetail attribution="Reuters BIP Coding Group" action="confirmed" date="1997-03-14"/>
  </code>
  <code code="CCAT">
    <editdetail attribution="Reuters BIP Coding Group" action="confirmed" date="1997-03-14"/>
  </code>
</codes>
<dc element="dc.date.created" value="1997-03-14"/>
<dc element="dc.publisher" value="Reuters Holdings Plc"/>
<dc element="dc.date.published" value="1997-03-14"/>
<dc element="dc.source" value="Reuters"/>
<dc element="dc.creator.location" value="WARSAW"/>
<dc element="dc.creator.location.country.name" value="POLAND"/>
<dc element="dc.source" value="Reuters"/>
</metadata>
</newsitem>
