<?xml version="1.0" encoding="iso-8859-1" ?>
<newsitem itemid="442263" id="root" date="1997-03-14" xml:lang="en">
<title>CROATIA: Croatia honours reporter killed in 1991 siege.</title>
<headline>Croatia honours reporter killed in 1991 siege.</headline>
<dateline>ZAGREB 1997-03-14</dateline>
<text>
<p>A Croatian radio journalist apparently executed by Serbian forces for his dramatic reports from besieged Vukovar in 1991 was ceremonially buried on Friday in a memorial service attended by thousands.</p>
<p>The remains of Sinisa Glavasevic were recently identified among 200 bodies of Croat execution victims unearthed from a mass grave near Vukovar in Eastern Slavonia, a Serb enclave of Croatia due to revert to central government rule this summer.</p>
<p>War-crimes investigators say the 200 were primarily Vukovar hospital patients shot after the city fell to Serb forces in November 1991, near the end of Croatia's war for independence from Serbian-led federal Yugoslavia.</p>
<p>The war ended with Serb rebels holding Vukovar and its Slavonian hinterland but the region will now be reintegrated under U.N. supervision with the rest of Croatia after Croatian army victories over Serb separatists elsewhere in the country.</p>
<p>Glavasevic's persistent radio reports from Vukovar bomb shelters during the 100-day siege made him a Croatian national hero before he disappeared without a trace as the city fell.</p>
<p>His fate was unknown until his remains were identified among the Ovcara mass grave victims.</p>
<p>Several thousand people attended the funeral at Zagreb's crematorium, including scores of Croatian government officials, dignitaries and journalists as well as his family and friends.</p>
<p>&quot;Your memory will warm our hearts for a long time to come,&quot; said Alemka Mirkovic Nadj, Glavasevic's former colleague at Vukovar regional radio.</p>
<p>&quot;We are saying farewell to Sinisa Glavasevic who brought us encouragement during the most difficult times and whose reports gave us hope during the 100 days,&quot; said a Croat Catholic parish priest from Vukovar, Branimir Kosec.</p>
</text>
<copyright>(c) Reuters Limited 1997</copyright>
<metadata>
<codes class="bip:countries:1.0">
  <code code="CRTIA">
    <editdetail attribution="Reuters BIP Coding Group" action="confirmed" date="1997-03-14"/>
  </code>
  <code code="YUG">
    <editdetail attribution="Reuters BIP Coding Group" action="confirmed" date="1997-03-14"/>
  </code>
</codes>
<codes class="bip:topics:1.0">
  <code code="GCAT">
    <editdetail attribution="Reuters BIP Coding Group" action="confirmed" date="1997-03-14"/>
  </code>
  <code code="GVIO">
    <editdetail attribution="Reuters BIP Coding Group" action="confirmed" date="1997-03-14"/>
  </code>
</codes>
<dc element="dc.date.created" value="1997-03-14"/>
<dc element="dc.publisher" value="Reuters Holdings Plc"/>
<dc element="dc.date.published" value="1997-03-14"/>
<dc element="dc.source" value="Reuters"/>
<dc element="dc.creator.location" value="ZAGREB"/>
<dc element="dc.creator.location.country.name" value="CROATIA"/>
<dc element="dc.source" value="Reuters"/>
</metadata>
</newsitem>
