<?xml version="1.0" encoding="iso-8859-1" ?>
<newsitem itemid="442273" id="root" date="1997-03-14" xml:lang="en">
<title>POLAND: Espebepe says debt deal delay could cost.</title>
<headline>Espebepe says debt deal delay could cost.</headline>
<dateline>WARSAW 1997-03-14</dateline>
<text>
<p>Debt-ridden Polish builder Espebepe SA might lose contracts under negotiation due to a Friday decision to put off a creditors meeting on a possible debt write-off, the firm's head said.</p>
<p>Espebepe president Andrzej Hass told Reuters that a court's decision to postpone Friday's meeting on a possible debt write-off to April 14 could cost the firm contracts under negotiation worth about 60 million zlotys.</p>
<p>&quot;We are really pressed by time. I wanted the next meeting on March 24, but creditors did not agree and the judge set April 14....But in the meantime we can lose contracts for 60 million zlotys,&quot; Andrzej Hass said.</p>
<p>Hass told Reuters most of the creditors had already suggested they would vote for a debt restructuring deal envisaging a write-off of about 90 percent by large creditors and about 20 percent by smaller ones.</p>
<p>&quot;There is a big hope that they will agree, I had such signals,&quot; Hass said.</p>
<p>Espebepe, which has debts of 74.6 million zlotys, is the first Warsaw-listed firm to be endangered by bankruptcy since bourse trade was resumed in 1991.</p>
<p>The decision on the firm was postponed when a court in the northwestern city of Szczecin said the creditors meeting was invalid after some of the participants had failed to send confirmation that they had been notified of the meeting.</p>
<p>Hass said the fate of the agreement depended on Espebepe's biggest creditor,  Pomorski Bank Kredytowy SA, to which the firm owes 12 million zlotys.</p>
<p>&quot;If Pomorski votes in favour the agreement will be reached,&quot; Hass said.</p>
<p>Espebepe, which reported a 52.1-million-zloty net loss in 1996, has said that if the write-off deal comes through and it receives new orders while reducing its workforce by some 300 employees, the firm could break even in 1997.</p>
<p>-- Malgorzata Rzepka +48 22 653 9700</p>
</text>
<copyright>(c) Reuters Limited 1997</copyright>
<metadata>
<codes class="bip:countries:1.0">
  <code code="POL">
    <editdetail attribution="Reuters BIP Coding Group" action="confirmed" date="1997-03-14"/>
  </code>
</codes>
<codes class="bip:industries:1.0">
  <code code="I50100">
    <editdetail attribution="Reuters BIP Coding Group" action="confirmed" date="1997-03-14"/>
  </code>
</codes>
<codes class="bip:topics:1.0">
  <code code="C16">
    <editdetail attribution="Reuters BIP Coding Group" action="confirmed" date="1997-03-14"/>
  </code>
  <code code="C17">
    <editdetail attribution="Reuters BIP Coding Group" action="confirmed" date="1997-03-14"/>
  </code>
  <code code="C33">
    <editdetail attribution="Reuters BIP Coding Group" action="confirmed" date="1997-03-14"/>
  </code>
  <code code="CCAT">
    <editdetail attribution="Reuters BIP Coding Group" action="confirmed" date="1997-03-14"/>
  </code>
</codes>
<dc element="dc.date.created" value="1997-03-14"/>
<dc element="dc.publisher" value="Reuters Holdings Plc"/>
<dc element="dc.date.published" value="1997-03-14"/>
<dc element="dc.source" value="Reuters"/>
<dc element="dc.creator.location" value="WARSAW"/>
<dc element="dc.creator.location.country.name" value="POLAND"/>
<dc element="dc.source" value="Reuters"/>
</metadata>
</newsitem>
