<?xml version="1.0" encoding="iso-8859-1" ?>
<newsitem itemid="442259" id="root" date="1997-03-14" xml:lang="en">
<title>ALBANIA: Albanian secret police chief resigns - premier.</title>
<headline>Albanian secret police chief resigns - premier.</headline>
<dateline>TIRANA 1997-03-14</dateline>
<text>
<p>Albania's new Prime Minister Bashkim Fino announced on Friday that the head of the secret police had resigned and the widely-feared force would be controlled by the government rather than the president.</p>
<p>Fino, in his first news conference since being appointed earlier this week, also said parliament was considering a proposal to lift press censorship imposed as part of a state of emergency two weeks ago.  </p>
<p>The resignation of Bashkim Gazidede, head of the sinister leather-jacketed Shik secret police, was one of the main demands of anti-government rebels who seized most of southern Albania at the outbreak of unrest which has engulfed the whole country.</p>
<p>Fino said parliament was poised to approve an order putting the Shik under the control of the Defence and Interior ministries. At present it is directly controlled by the president, Sali Berisha.</p>
<p>Fino said he had discussed with European mediator Franz Vranitzky earlier on Friday the possible creation of an international force to help restore order in the country.</p>
<p>But he expressed the hope that Albanians themselves would succeed in restoring the rule of law, and that such a force would not be necessary.</p>
</text>
<copyright>(c) Reuters Limited 1997</copyright>
<metadata>
<codes class="bip:countries:1.0">
  <code code="ALB">
    <editdetail attribution="Reuters BIP Coding Group" action="confirmed" date="1997-03-14"/>
  </code>
</codes>
<codes class="bip:topics:1.0">
  <code code="GCAT">
    <editdetail attribution="Reuters BIP Coding Group" action="confirmed" date="1997-03-14"/>
  </code>
  <code code="GCRIM">
    <editdetail attribution="Reuters BIP Coding Group" action="confirmed" date="1997-03-14"/>
  </code>
  <code code="GPOL">
    <editdetail attribution="Reuters BIP Coding Group" action="confirmed" date="1997-03-14"/>
  </code>
  <code code="GVIO">
    <editdetail attribution="Reuters BIP Coding Group" action="confirmed" date="1997-03-14"/>
  </code>
</codes>
<dc element="dc.date.created" value="1997-03-14"/>
<dc element="dc.publisher" value="Reuters Holdings Plc"/>
<dc element="dc.date.published" value="1997-03-14"/>
<dc element="dc.source" value="Reuters"/>
<dc element="dc.creator.location" value="TIRANA"/>
<dc element="dc.creator.location.country.name" value="ALBANIA"/>
<dc element="dc.source" value="Reuters"/>
</metadata>
</newsitem>
