<?xml version="1.0" encoding="iso-8859-1" ?>
<newsitem itemid="442235" id="root" date="1997-03-14" xml:lang="en">
<title>ALBANIA: German evacuees in Albania in exchange of fire.</title>
<headline>German evacuees in Albania in exchange of fire.</headline>
<dateline>TIRANA 1997-03-14</dateline>
<text>
<p>German troops sent in by helicopter to help evacuate Western residents fleeing unrest in Albania fired on unidentified gunmen who shot at the evacuees and their aircraft on Friday.</p>
<p>A diplomatic source said 105 people, mostly Germans and other European Union nationals, eventually left aboard five helicopters and were taken to Montenegro on Albania's northern border. One Albanian was slightly hurt in the fracas, he said.</p>
<p>The mass evacuation of foreigners from the Albanian capital has proved to be a dangerous undertaking. The United States suspended its operation after one of its helicopters came under fire from a surface-to-air missile and an Italian helicopter also came under fire.</p>
<p>Pictures from a Turkish television crew obtained by Reuters television showed German troops first hitting the ground when the gunmen opened fire from a van and then shooting back as evacuees were boarding the helicopters.</p>
<p>The television footage showed several of the evacuees cowering on the tarmac at an airfield near the capital. Some were praying.</p>
<p>The diplomatic source said the evacuees were taken to the Montenegran capital of Podgorica and would be flown on to Frankfurt.</p>
<p>Diplomatic sources said they had opted for evacuation by helicopter as it was proving too dangerous on Albanian roads among large numbers of uncontrolled gunmen.</p>
<p>In Washington, a defence official announced that the United States had suspended its military evacuation of Americans after a Marine Cobra helicopter reported being fired on by a missile from the ground.</p>
<p>Another Cobra came under small-arms fire and returned the fire, the official said. Neither U.S. aircraft was hit. Officials said 480 U.S. nationals had been evacuated before the suspension.</p>
</text>
<copyright>(c) Reuters Limited 1997</copyright>
<metadata>
<codes class="bip:countries:1.0">
  <code code="ALB">
    <editdetail attribution="Reuters BIP Coding Group" action="confirmed" date="1997-03-14"/>
  </code>
  <code code="GFR">
    <editdetail attribution="Reuters BIP Coding Group" action="confirmed" date="1997-03-14"/>
  </code>
</codes>
<codes class="bip:topics:1.0">
  <code code="GCAT">
    <editdetail attribution="Reuters BIP Coding Group" action="confirmed" date="1997-03-14"/>
  </code>
  <code code="GVIO">
    <editdetail attribution="Reuters BIP Coding Group" action="confirmed" date="1997-03-14"/>
  </code>
</codes>
<dc element="dc.date.created" value="1997-03-14"/>
<dc element="dc.publisher" value="Reuters Holdings Plc"/>
<dc element="dc.date.published" value="1997-03-14"/>
<dc element="dc.source" value="Reuters"/>
<dc element="dc.creator.location" value="TIRANA"/>
<dc element="dc.creator.location.country.name" value="ALBANIA"/>
<dc element="dc.source" value="Reuters"/>
</metadata>
</newsitem>
