<?xml version="1.0" encoding="iso-8859-1" ?>
<newsitem itemid="442241" id="root" date="1997-03-14" xml:lang="en">
<title>RUSSIA: Yeltsin says Belarus might merge with Russia.</title>
<headline>Yeltsin says Belarus might merge with Russia.</headline>
<dateline>MOSCOW 1997-03-14</dateline>
<text>
<p>President Boris Yeltsin told Russian media chiefs on Friday that Belarus might merge with Russia in future, Interfax news agency said.</p>
<p>&quot;Maybe after all this will be a single state,&quot; Interfax quoted Yeltsin as saying.</p>
<p>Hardline Belarus President Alexander Lukashenko said however on Friday the former Soviet republic had no plans for a full-scale merger.</p>
<p>&quot;Belarus will remain an independent state,&quot; spokesman Valery Tolkachyov quoted Lukashenko as saying in an interview with the British Broadcasting Corporation early on Friday, before Yeltsin's remarks were reported.</p>
<p>&quot;There is nothing in Yeltsin's statement saying Russia and Belarus will become a single state in April or May,&quot; Tolkachyov said. &quot;Today we are only talking about a union of two independent states.&quot;</p>
<p>Russia and Belarus have announced plans to seek closer integration but so far Moscow has been cautious about how far it might go.</p>
<p>Last April Russia and Belarus, a Slav country where a majority of the population backs closer integration, formed a tighter bilateral community inside the loose 12-member Commonwealth of Independent States.</p>
<p>But Moscow officials have so far made clear that a full merger can only be discussed after Belarus moves further than its current rudimentary stage of economic reform and improves its record on human rights and political freedom.</p>
<p>Critics in Moscow say Russia will have to bear the financial cost of the merger, an expense it can ill afford because of its own economic crisis and growing public discontent.</p>
<p>Belarus nationalist groups and even some officials fear the merger means huge Russia swallowing up its small neighbour.</p>
<p>&quot;It is hard to say how integration will develop and the president also said today that it is hard to say what awaits us in the future,&quot; Lukashenko's spokesman said.</p>
<p>Yeltsin said he would meet  the Belarussian president on April 2 to discuss further steps in integration between the two states.</p>
<p>&quot;We should seriously advance in our relations and show an example for other Commonwealth states,&quot; Interfax quoted Yeltsin as saying.</p>
</text>
<copyright>(c) Reuters Limited 1997</copyright>
<metadata>
<codes class="bip:countries:1.0">
  <code code="BYELRS">
    <editdetail attribution="Reuters BIP Coding Group" action="confirmed" date="1997-03-14"/>
  </code>
  <code code="RUSS">
    <editdetail attribution="Reuters BIP Coding Group" action="confirmed" date="1997-03-14"/>
  </code>
</codes>
<codes class="bip:topics:1.0">
  <code code="GCAT">
    <editdetail attribution="Reuters BIP Coding Group" action="confirmed" date="1997-03-14"/>
  </code>
  <code code="GDIP">
    <editdetail attribution="Reuters BIP Coding Group" action="confirmed" date="1997-03-14"/>
  </code>
</codes>
<dc element="dc.date.created" value="1997-03-14"/>
<dc element="dc.publisher" value="Reuters Holdings Plc"/>
<dc element="dc.date.published" value="1997-03-14"/>
<dc element="dc.source" value="Reuters"/>
<dc element="dc.creator.location" value="MOSCOW"/>
<dc element="dc.creator.location.country.name" value="RUSSIA"/>
<dc element="dc.source" value="Reuters"/>
</metadata>
</newsitem>
