<?xml version="1.0" encoding="iso-8859-1" ?>
<newsitem itemid="442246" id="root" date="1997-03-14" xml:lang="en">
<title>RUSSIA: Yeltsin to unveil new government plans on Friday.</title>
<headline>Yeltsin to unveil new government plans on Friday.</headline>
<dateline>MOSCOW 1997-03-14</dateline>
<text>
<p>President Boris Yeltsin will sign an order on a new Russian government structure on Friday, Interfax news agency quoted the Kremlin leader as telling media editors.</p>
<p>Yeltsin said that the new government would be &quot;cardinally different&quot; from the previous one, though some of its members would keep their posts.</p>
<p>&quot;The most important thing is that the people who will come will have new, fresh ideas and thoughts,&quot; Interfax quoted him as saying.</p>
<p>He added among the new cabinet members would be &quot;people from the regions, those who have done well recently&quot;.</p>
<p>The wording used by Yeltsin did not make clear if he would announce the personnel line-up of the cabinet, being formed on his orders by Chernomyrdin and his first deputy Anatoly Chubais, or just the cabinet's structure.</p>
<p>Itar-Tass news agency quoted Yeltsin as saying the new government would include seven deputy prime ministers.</p>
<p>Yeltsin did not mention any names, apart from praising Communications Minister Vasily Bulgak.</p>
<p>The old government structure had three first deputies to Chernomyrdin and nine deputies. Yeltsin appointed liberal Chubais the one and only first deputy prime minister last Friday.</p>
<p>The number of deputy premiers appeared higher than indicated in previous leaks from the Kremlin, which made clear Chubais wanted a united team of allies at the top of the cabinet. This could mean that Yeltsin has decided to keep some of the older guard in the government.</p>
</text>
<copyright>(c) Reuters Limited 1997</copyright>
<metadata>
<codes class="bip:countries:1.0">
  <code code="RUSS">
    <editdetail attribution="Reuters BIP Coding Group" action="confirmed" date="1997-03-14"/>
  </code>
</codes>
<codes class="bip:topics:1.0">
  <code code="GCAT">
    <editdetail attribution="Reuters BIP Coding Group" action="confirmed" date="1997-03-14"/>
  </code>
  <code code="GPOL">
    <editdetail attribution="Reuters BIP Coding Group" action="confirmed" date="1997-03-14"/>
  </code>
</codes>
<dc element="dc.date.created" value="1997-03-14"/>
<dc element="dc.publisher" value="Reuters Holdings Plc"/>
<dc element="dc.date.published" value="1997-03-14"/>
<dc element="dc.source" value="Reuters"/>
<dc element="dc.creator.location" value="MOSCOW"/>
<dc element="dc.creator.location.country.name" value="RUSSIA"/>
<dc element="dc.source" value="Reuters"/>
</metadata>
</newsitem>
