<?xml version="1.0" encoding="iso-8859-1" ?>
<newsitem itemid="442253" id="root" date="1997-03-14" xml:lang="en">
<title>SLOVAKIA: PRESS DIGEST - Slovakia - March 14.</title>
<headline>PRESS DIGEST - Slovakia - March 14.</headline>
<text>
<p>NARODNA OBRODA - The two largest commercial banks, VUB and IRB, said they wanted to complete restructuring of their loan portfolios using their own resources without state participation.</p>
<p>- The opposition Christian Democratic Movement (KDH) plans to propose another law banning privatisation of the four largest financial institutions - VUB, IRB, the largest insurer Slovenska Poistovna and the biggest savings bank Slovenska Sporitelna - at the forthcoming regular parliamentary session, starting March 18.</p>
<p>- Jan Luptak, leader of junior ruling coalition member, the ultra-left Workers Party (ZRS), said those ZRS deputies who helped parliament approve a law allowing privatisation of VUB and IRB made a mistake, as they misunderstood the introduction of the vote.</p>
<p>- Croatia is interested in purchasing unspecified Slovak-made millitary equipment.</p>
<p>PRAVDA - Deputy Finance Minister Peter Stanek said about 20 percent of Slovak industrial companies will have to go to bankruptcy procedures.</p>
<p>- The government is preparing a series of unspecified measures to reduce the widening trade deficit. Stanek said one of the ways to fight the problem can be an increase of profits from transit of gas and oil through Slovakia's territory.</p>
<p>- ZRS Chairman Luptak has asked the National Bank of Slovakia (NBS) to allow the Highest Control Office to carry out a deep audit of the four largest financial institutions.</p>
<p>- KDH said it would demand the dismissal of Culture Minister Ivan Hudec and Interior Minister Gustav Krajci.</p>
<p>-- Bratislava Newsroom, 421-7-521-8402</p>
</text>
<copyright>(c) Reuters Limited 1997</copyright>
<metadata>
<codes class="bip:countries:1.0">
  <code code="SLVAK">
    <editdetail attribution="Reuters BIP Coding Group" action="confirmed" date="1997-03-14"/>
  </code>
</codes>
<codes class="bip:topics:1.0">
  <code code="GCAT">
    <editdetail attribution="Reuters BIP Coding Group" action="confirmed" date="1997-03-14"/>
  </code>
</codes>
<dc element="dc.publisher" value="Reuters Holdings Plc"/>
<dc element="dc.date.published" value="1997-03-14"/>
<dc element="dc.source" value="Reuters"/>
<dc element="dc.creator.location.country.name" value="SLOVAKIA"/>
<dc element="dc.source" value="Reuters"/>
</metadata>
</newsitem>
