<?xml version="1.0" encoding="iso-8859-1" ?>
<newsitem itemid="442295" id="root" date="1997-03-14" xml:lang="en">
<title>POLAND: Missing Dutch travellers found dead in Poland.</title>
<headline>Missing Dutch travellers found dead in Poland.</headline>
<dateline>WARSAW 1997-03-14</dateline>
<text>
<p>Two young Dutch people who had been missing for months were found dead in a Polish forest and had apparently killed themselves, a prosecutor said on Friday.</p>
<p>Janusz Ohar, spokesman for the prosecutor's office in Krosno, said the bodies of a woman aged 30 and a 27-year-old man had been discovered on Wednesday seated in a wooden shelter in the Bieszczady wilderness region of southeastern Poland.</p>
<p>They were holding hands and had masks and plastic bags over their faces, PAP news agency reported Ohar as saying.</p>
<p>&quot;According to preliminary conclusions they both committed suicide,&quot; Ohar told the agency.</p>
<p>The agency did not report their names, but their passports identified them as the missing couple.</p>
<p>Ohar said the two, last seen in late February in a nearby village, had written to tell their parents they planned to kill themselves.</p>
<p>An official at the Netherlands embassy in Warsaw said he was aware of the report but declined to comment.</p>
</text>
<copyright>(c) Reuters Limited 1997</copyright>
<metadata>
<codes class="bip:countries:1.0">
  <code code="NETH">
    <editdetail attribution="Reuters BIP Coding Group" action="confirmed" date="1997-03-14"/>
  </code>
  <code code="POL">
    <editdetail attribution="Reuters BIP Coding Group" action="confirmed" date="1997-03-14"/>
  </code>
</codes>
<codes class="bip:topics:1.0">
  <code code="GCAT">
    <editdetail attribution="Reuters BIP Coding Group" action="confirmed" date="1997-03-14"/>
  </code>
  <code code="GDIP">
    <editdetail attribution="Reuters BIP Coding Group" action="confirmed" date="1997-03-14"/>
  </code>
</codes>
<dc element="dc.date.created" value="1997-03-14"/>
<dc element="dc.publisher" value="Reuters Holdings Plc"/>
<dc element="dc.date.published" value="1997-03-14"/>
<dc element="dc.source" value="Reuters"/>
<dc element="dc.creator.location" value="WARSAW"/>
<dc element="dc.creator.location.country.name" value="POLAND"/>
<dc element="dc.source" value="Reuters"/>
</metadata>
</newsitem>
