<?xml version="1.0" encoding="iso-8859-1" ?>
<newsitem itemid="442268" id="root" date="1997-03-14" xml:lang="en">
<title>POLAND: BPH proposes 1996 dividend of PLN 5.6.</title>
<headline>BPH proposes 1996 dividend of PLN 5.6.</headline>
<dateline>WARSAW 1997-03-14</dateline>
<text>
<p>Annually</p>
<p>				   Latest 1996	 Prior 1995</p>
<p> Amount (PLN)		     5.6		    4.7</p>
<p> Pay				  na</p>
<p> Record			     na</p>
<p>NOTE: Full name of the Polish bank is Bank Przemyslowo- Handlowy SA. -- Warsaw Newsroom +48 22 653 9700</p>
</text>
<copyright>(c) Reuters Limited 1997</copyright>
<metadata>
<codes class="bip:countries:1.0">
  <code code="POL">
    <editdetail attribution="Reuters BIP Coding Group" action="confirmed" date="1997-03-14"/>
  </code>
</codes>
<codes class="bip:industries:1.0">
  <code code="I81402">
    <editdetail attribution="Reuters BIP Coding Group" action="confirmed" date="1997-03-14"/>
  </code>
</codes>
<codes class="bip:topics:1.0">
  <code code="C15">
    <editdetail attribution="Reuters BIP Coding Group" action="confirmed" date="1997-03-14"/>
  </code>
  <code code="C151">
    <editdetail attribution="Reuters BIP Coding Group" action="confirmed" date="1997-03-14"/>
  </code>
  <code code="CCAT">
    <editdetail attribution="Reuters BIP Coding Group" action="confirmed" date="1997-03-14"/>
  </code>
</codes>
<dc element="dc.date.created" value="1997-03-14"/>
<dc element="dc.publisher" value="Reuters Holdings Plc"/>
<dc element="dc.date.published" value="1997-03-14"/>
<dc element="dc.source" value="Reuters"/>
<dc element="dc.creator.location" value="WARSAW"/>
<dc element="dc.creator.location.country.name" value="POLAND"/>
<dc element="dc.source" value="Reuters"/>
</metadata>
</newsitem>
