<?xml version="1.0" encoding="iso-8859-1" ?>
<newsitem itemid="442258" id="root" date="1997-03-14" xml:lang="en">
<title>ESTONIA: Estonia's PM candidate awaits approval for govt.</title>
<headline>Estonia's PM candidate awaits approval for govt.</headline>
<dateline>TALLINN 1997-03-14</dateline>
<text>
<p>Estonia's prime ministerial candidate Mart Siimann presented his proposed government to the president on Friday but was still awaiting his approval, a spokesman for the president's office said.</p>
<p>&quot;The president has not yet announced his decision,&quot; spokesman Ando Noormets told Reuters.</p>
<p>Under the Estonian Constitution, President Lennart Meri has three days to make a decision on the appointment of a prime minister and his proposed government once the line-up is presented.</p>
<p>Siimann was given the authority by parliament on Wednesday to form a new government and had to present his proposed government to the president within seven days.</p>
<p>Siimann, 50, will replace veteran politician Tiit Vaehi who stepped down last month after 22 months in office.</p>
<p>Vaehi's resignation came after he only narrowly won a no confidence motion in parliament amid allegations he was involved in shady privatisation deals involving real estate.</p>
<p>Siimann, a former television and radio station manager, is the parliamentary leader of the Coalition Party, one of the two largest groups in parliament.</p>
<p>No major changes are expected to the cabinet but the Education Minister Rein Loik has resigned for personal reasons and the position of Agriculture Minister is in some doubt.</p>
<p>Siimann has already assured the country that his government -- the seventh since Estonia regained independence from the former Soviet Union in 1991 -- would continue the previous government's economic policies and reforms.</p>
<p>&quot;The new government sees its mission in continuing the reforms,&quot; Siimann told parliament on Wednesday.</p>
</text>
<copyright>(c) Reuters Limited 1997</copyright>
<metadata>
<codes class="bip:countries:1.0">
  <code code="ESTNIA">
    <editdetail attribution="Reuters BIP Coding Group" action="confirmed" date="1997-03-14"/>
  </code>
</codes>
<codes class="bip:topics:1.0">
  <code code="GCAT">
    <editdetail attribution="Reuters BIP Coding Group" action="confirmed" date="1997-03-14"/>
  </code>
  <code code="GPOL">
    <editdetail attribution="Reuters BIP Coding Group" action="confirmed" date="1997-03-14"/>
  </code>
  <code code="GVOTE">
    <editdetail attribution="Reuters BIP Coding Group" action="confirmed" date="1997-03-14"/>
  </code>
</codes>
<dc element="dc.date.created" value="1997-03-14"/>
<dc element="dc.publisher" value="Reuters Holdings Plc"/>
<dc element="dc.date.published" value="1997-03-14"/>
<dc element="dc.source" value="Reuters"/>
<dc element="dc.creator.location" value="TALLINN"/>
<dc element="dc.creator.location.country.name" value="ESTONIA"/>
<dc element="dc.source" value="Reuters"/>
</metadata>
</newsitem>
