<?xml version="1.0" encoding="iso-8859-1" ?>
<newsitem itemid="442248" id="root" date="1997-03-14" xml:lang="en">
<title>ALBANIA: OSCE mission to meet Albanian ministers on ship.</title>
<headline>OSCE mission to meet Albanian ministers on ship.</headline>
<dateline>TIRANA 1997-03-14</dateline>
<text>
<p>European mediator Franz Vranitzky planned to meet Albanian government ministers on Friday aboard an Italian warship off the Balkan country's Adriatic coast as part of international efforts to halt more than a month of political violence .</p>
<p>A spokeswoman for Vranitzky's Organisation for Security and Cooperation in Europe mission told reporters by telephone the former Austrian chancellor had flown from Vienna to the Italian port of Brindisi.</p>
<p>She said Vranitzky was flying by helicopter to the ship where he would meet senior Albanian officials, including newly appointed Prime Minister Bashkim Fino and Foreign Minister Arjan Starova.</p>
<p>President Sali Berisha, she said, would not be in attendance.</p>
<p>Albanian officials said the prime minister was due to give a news conference on Friday morning in Tirana but his exact timetable and whereabouts were unknown.</p>
<p>The spokeswoman said it was hoped representatives of rebels in the southern port of Vlore would take part in the talks. Vlore was the scene of some of the worst violence to date.</p>
<p>Vranitzky met Berisha in Tirana last week and had urged him to avoid violence in dealing with the rebellion. A top-level European Union mission also came to Tirana.</p>
<p>He had planned to return to the Albanian capital on Thursday but was prevented from travelling by the deterioriating security situation and the closure of Tirana airport.</p>
<p>Sporadic shooting reverberated through central Tirana on Friday morning but the city appeared calmer than the previous day.</p>
<p>Berisha and Albania's new all-party government have appealed to Europe's NATO members for military assistance to restore order.</p>
</text>
<copyright>(c) Reuters Limited 1997</copyright>
<metadata>
<codes class="bip:countries:1.0">
  <code code="ALB">
    <editdetail attribution="Reuters BIP Coding Group" action="confirmed" date="1997-03-14"/>
  </code>
  <code code="AUST">
    <editdetail attribution="Reuters BIP Coding Group" action="confirmed" date="1997-03-14"/>
  </code>
  <code code="ITALY">
    <editdetail attribution="Reuters BIP Coding Group" action="confirmed" date="1997-03-14"/>
  </code>
</codes>
<codes class="bip:topics:1.0">
  <code code="GCAT">
    <editdetail attribution="Reuters BIP Coding Group" action="confirmed" date="1997-03-14"/>
  </code>
  <code code="GDIP">
    <editdetail attribution="Reuters BIP Coding Group" action="confirmed" date="1997-03-14"/>
  </code>
  <code code="GVIO">
    <editdetail attribution="Reuters BIP Coding Group" action="confirmed" date="1997-03-14"/>
  </code>
</codes>
<dc element="dc.date.created" value="1997-03-14"/>
<dc element="dc.publisher" value="Reuters Holdings Plc"/>
<dc element="dc.date.published" value="1997-03-14"/>
<dc element="dc.source" value="Reuters"/>
<dc element="dc.creator.location" value="TIRANA"/>
<dc element="dc.creator.location.country.name" value="ALBANIA"/>
<dc element="dc.source" value="Reuters"/>
</metadata>
</newsitem>
