<?xml version="1.0" encoding="iso-8859-1" ?>
<newsitem itemid="442238" id="root" date="1997-03-14" xml:lang="en">
<title>RUSSIA: Yeltsin predicts tough summit, sets conditions.</title>
<headline>Yeltsin predicts tough summit, sets conditions.</headline>
<byline>Timothy Heritage</byline>
<dateline>MOSCOW 1997-03-14</dateline>
<text>
<p>Boris Yeltsin said on Friday next week's Russia-U.S. summit in Helsinki would be the hardest since he became Russian president in 1991 and he stepped up opposition to NATO membership for any former Soviet republics.</p>
<p>Yeltsin said differences over NATO's expansion plans could prove unbridgeable at the summit next Wednesday and Thursday with U.S. President Bill Clinton, but he told Russian media chiefs that would not be a tragedy and he was ready for compromise.</p>
<p>The talks &quot;will be the hardest in all the history of Russian-American relations&quot;, Interfax news agency quoted the 66-year-old Kremlin leader as saying.</p>
<p>But he added: &quot;In a recent telephone conversation Clinton made clear the United States is interested in compromise, and so am I. We are for a compromise which would not abuse the security of the Russian Federation.&quot;</p>
<p>Yeltsin's comments may lower expectations of a major breakthrough in the row with NATO over its plans to take in members from eastern and central Europe. Moscow says such moves would threaten its security.</p>
<p>But the remarks appeared intended partly for a domestic audience, showing he is not about to sell out Russia's interests at the summit.</p>
<p>Yeltsin wants to avoid relations with the West freezing over NATO's enlargement but cannot be seen by nationalists and communists to capitulate to Moscow's former Cold War foe.</p>
<p>The row over NATO's plans is set to dominate the summit, but arms control and economic issues are also on the agenda.</p>
<p>Final preparations will be made by Foreign Minister Yevgeny Primakov during a trip to Washington at the weekend which could go a long way to determining the outcome of the summit.</p>
<p>Many foreign policy experts in Moscow say a breakthrough is possible in Helsinki towards an agreement charting future relations between NATO and Russia.</p>
<p>But a final deal is not expected until much closer to a NATO summit in July at which the alliance is expected to issue invitations to Poland, Hungary and the Czech Republic.</p>
<p>&quot;We and the American side may disagree over questions of NATO expansion at the meeting in Helsinki but it is not worth making a tragedy out of this,&quot; Itar-Tass news agency quoted Yeltsin as saying.</p>
<p>He ruled out any concessions which might threaten Russia's defence capability.</p>
<p>Yeltsin said one &quot;categoric condition&quot; for Russia was that NATO should not try to draw in any of the 12 former Soviet republics which make up the Commonwealth of Independent States (CIS) or the Baltic states of Lithuania, Estonia and Latvia.</p>
<p>&quot;In connection with this, the Russian leadership is alarmed by contacts between NATO and the leaderships of these countries, including the trip by alliance Secretary-General Javier Solana to a series of CIS states,&quot; Yeltsin said.</p>
<p>He was referring to recent, much-criticised visits by Solana to several CIS states. Russia regards some of the former Soviet republics in Central Asia as forming its strategic underbelly and sees the Baltic states as a buffer from the West.</p>
<p>Yeltsin's comments highlighted Moscow's sensitivity over the Baltic states and moves by NATO which would mean the area separating Russia and its western enclave of Kaliningrad became part of the Western alliance.</p>
<p>Russia is also sensitive about the long-term prospect of Ukraine joining NATO. Kiev does not oppose NATO expansion and has not ruled out eventually joining the alliance.</p>
</text>
<copyright>(c) Reuters Limited 1997</copyright>
<metadata>
<codes class="bip:countries:1.0">
  <code code="NATO">
    <editdetail attribution="Reuters BIP Coding Group" action="confirmed" date="1997-03-14"/>
  </code>
  <code code="RUSS">
    <editdetail attribution="Reuters BIP Coding Group" action="confirmed" date="1997-03-14"/>
  </code>
  <code code="USA">
    <editdetail attribution="Reuters BIP Coding Group" action="confirmed" date="1997-03-14"/>
  </code>
</codes>
<codes class="bip:topics:1.0">
  <code code="GCAT">
    <editdetail attribution="Reuters BIP Coding Group" action="confirmed" date="1997-03-14"/>
  </code>
  <code code="GDEF">
    <editdetail attribution="Reuters BIP Coding Group" action="confirmed" date="1997-03-14"/>
  </code>
  <code code="GDIP">
    <editdetail attribution="Reuters BIP Coding Group" action="confirmed" date="1997-03-14"/>
  </code>
</codes>
<dc element="dc.date.created" value="1997-03-14"/>
<dc element="dc.publisher" value="Reuters Holdings Plc"/>
<dc element="dc.date.published" value="1997-03-14"/>
<dc element="dc.source" value="Reuters"/>
<dc element="dc.creator.location" value="MOSCOW"/>
<dc element="dc.creator.location.country.name" value="RUSSIA"/>
<dc element="dc.source" value="Reuters"/>
</metadata>
</newsitem>
