<?xml version="1.0" encoding="iso-8859-1" ?>
<newsitem itemid="442323" id="root" date="1997-03-14" xml:lang="en">
<title>CROATIA: Croatia details 3-yr extended arrangement with IMF.</title>
<headline>Croatia details 3-yr extended arrangement with IMF.</headline>
<byline>Kolumbina Bencevic</byline>
<dateline>ZAGREB 1997-03-14</dateline>
<text>
<p>Croatia hopes a new $486 million loan from the International Monetary Fund (IMF) would help it press on with key structural reforms in the next three years, central bank and government officials said on Friday.</p>
<p>To secure further IMF aid under a so-called extended fund facility (EFF), Croatia had to adopt a variety of medium-term policies in the monetary and fiscal sphere. They were approved by the Fund as a base for the new loan.</p>
<p>&quot;This is our programme and we would be implementing it even without the IMF('s loan),&quot; Deputy Prime Minister Borislav Skegro told a news conference.</p>
<p>But he said significance of the new arrangement was great, and not only in terms of financing but because it would help the country's image in the international financial circles.</p>
<p>The EFF comes at a time when the government has to tackle tough problems such as company restructuring and bank rehabilitation.</p>
<p>It must develop fledgling financial markets and set up a proper infrastructure, introduce a new payments system and also complete privatisation of the economy.</p>
<p>The EFF represents a continuation of an 18-month stand-by loan in support of its basic stabilisation efforts which expired in spring last year.</p>
<p>The fund's financial backing is designed to help Croatia create conditions for a healthy economic growth, basically by maintaining a stable macroeconomic environment.</p>
<p>It will be used to boost to the National Bank of Croatia's international reserves, now representing some 3-1/2 months worth of imports.</p>
<p>Croatia has been an IMF member since December 1992. The country's quota, determining its voting rights and access to IMF financing, is 261.6 million SDRs (about $360 million).</p>
<p>Total amount of aid through 1999 was put by government officials at 353.16 million special drawing rights (SDRs).</p>
<p>The funds will be withdrawn in quarterly lots and Croatia expects to use some $158 million of the total in the first year, said the central bank governor Marko Skreb.</p>
<p>He described terms of the loan, as &quot;very favourable&quot;:</p>
<p>&quot;We have a 4-1/2 year grace period and 10-year repayment, with the interest rate of around 4.2 percent.&quot;</p>
<p>The government took upon itself to keep inflation at a low 3-4 percent and preserve a stable rate of the national currency, the kuna, Skreb said.</p>
<p>It will also have to limit the central budget deficit to under 3.0 percent and reduce the current account deficit, seen at some six percent of the gross domestic product this year.</p>
<p>The fund aid was linked to a World Bank loan for enterprise and financial structuring which is expected to be approved in May, Skreb added.</p>
</text>
<copyright>(c) Reuters Limited 1997</copyright>
<metadata>
<codes class="bip:countries:1.0">
  <code code="CRTIA">
    <editdetail attribution="Reuters BIP Coding Group" action="confirmed" date="1997-03-14"/>
  </code>
</codes>
<codes class="bip:topics:1.0">
  <code code="E21">
    <editdetail attribution="Reuters BIP Coding Group" action="confirmed" date="1997-03-14"/>
  </code>
  <code code="E212">
    <editdetail attribution="Reuters BIP Coding Group" action="confirmed" date="1997-03-14"/>
  </code>
  <code code="ECAT">
    <editdetail attribution="Reuters BIP Coding Group" action="confirmed" date="1997-03-14"/>
  </code>
</codes>
<dc element="dc.date.created" value="1997-03-14"/>
<dc element="dc.publisher" value="Reuters Holdings Plc"/>
<dc element="dc.date.published" value="1997-03-14"/>
<dc element="dc.source" value="Reuters"/>
<dc element="dc.creator.location" value="ZAGREB"/>
<dc element="dc.creator.location.country.name" value="CROATIA"/>
<dc element="dc.source" value="Reuters"/>
</metadata>
</newsitem>
