<?xml version="1.0" encoding="iso-8859-1" ?>
<newsitem itemid="442311" id="root" date="1997-03-14" xml:lang="en">
<title>RUSSIA: Lebed launches new party with eye on Kremlin.</title>
<headline>Lebed launches new party with eye on Kremlin.</headline>
<byline>Philippa Fletcher</byline>
<dateline>MOSCOW 1997-03-14</dateline>
<text>
<p>General Alexander Lebed, undeterred by two false starts, launched a third bid for the Russian presidency on Friday with a new political party he said would take power this year.</p>
<p>The popular retired paratroop commander came closest to his Kremlin goal last autumn, when President Boris Yeltsin's heart problems increased the prospects for an early election and Lebed's own rating rose to record highs.</p>
<p>Yeltsin's apparent recovery this month has dimmed those prospects. But Lebed showed no signs of patience as he opened the first congress of his Russian Popular Republican Party.</p>
<p>&quot;We're not here because Lebed took it into his head to create a party. No,&quot; Lebed said in his characteristic growl.</p>
<p>&quot;The people asked us to create this party,&quot; he added. He said the 10,000 members it had attracted so far represented all sections of Russian society, which he said had been deceived and robbed by the current leadership.</p>
<p>Brushing off suggestions that Yeltsin would serve out the second four-year term he won in last July's election, Lebed said his rival's recent reappearance in public life would be shortlived.</p>
<p>&quot;It's not a return to politics,&quot; Lebed told a news conference. &quot;It is Boris Nikolayevich's swansong,&quot; he said, making a pun on his own last name, which means &quot;swan&quot; in Russian.</p>
<p>&quot;What we see today...is the death throes of power,&quot; he said. &quot;It will simply collapse...like its predecessors collapsed in 1991. It's unavoidable. It will happen this year, 1997.&quot;</p>
<p>&quot;We won't actively provoke this but...we have to be ready to grab power as it falls,&quot; the 46-year-old general said.</p>
<p>The hall, packed mainly with middle-aged men in brown and grey suits, applauded politely as Lebed said that God was with the party and called on the government to step down.</p>
<p>&quot;If you can't do your jobs then you must go, the sooner the better. It will clean up the atmosphere,&quot; he said.</p>
<p>Lebed raised the spectre of civil unrest if the government stayed in office, saying a nationwide strike planned for March 27 could be the catalyst. But he denied he favoured the use of force.</p>
<p>But his hour-long speech lacked some of the punch which marked his bid for the presidency last July, when he came third.</p>
<p>The idea behind the party is to create a grassroots vehicle for Lebed, who is bitterly opposed by the establishment and lacks the powerful financial backers who helped keep Yeltsin in office. Lebed has always denied speculation that the Kremlin funded him last year as a spoiler against the communists.</p>
<p>Asked who financed the congress, which brought several hundred delegates from all parts of the country to an ornate assembly hall in central Moscow, he said it was party members.</p>
<p>&quot;It's a party of the middle class, of small and medium-sized entrepreneurs and they finance their party,&quot; he said.</p>
<p>Lebed's first foray into politics involved joining forces with the small Congress of Russian Communities in 1995, but he parted company with it last year after arguing with its leaders.</p>
</text>
<copyright>(c) Reuters Limited 1997</copyright>
<metadata>
<codes class="bip:countries:1.0">
  <code code="RUSS">
    <editdetail attribution="Reuters BIP Coding Group" action="confirmed" date="1997-03-14"/>
  </code>
</codes>
<codes class="bip:topics:1.0">
  <code code="GCAT">
    <editdetail attribution="Reuters BIP Coding Group" action="confirmed" date="1997-03-14"/>
  </code>
  <code code="GPOL">
    <editdetail attribution="Reuters BIP Coding Group" action="confirmed" date="1997-03-14"/>
  </code>
</codes>
<dc element="dc.date.created" value="1997-03-14"/>
<dc element="dc.publisher" value="Reuters Holdings Plc"/>
<dc element="dc.date.published" value="1997-03-14"/>
<dc element="dc.source" value="Reuters"/>
<dc element="dc.creator.location" value="MOSCOW"/>
<dc element="dc.creator.location.country.name" value="RUSSIA"/>
<dc element="dc.source" value="Reuters"/>
</metadata>
</newsitem>
