<?xml version="1.0" encoding="iso-8859-1" ?>
<newsitem itemid="442357" id="root" date="1997-03-14" xml:lang="en">
<title>RUSSIA: Red October confectioner raising output to 72,000T.</title>
<headline>Red October confectioner raising output to 72,000T.</headline>
<dateline>MOSCOW 1997-03-14</dateline>
<text>
<p>Russia's biggest confectioner AO Red October  plans to raise its 1997 output to 72,000 tonnes from 58,000 tonnes in 1996, Interfax news agency quoted the company's president Anatoly Daursky as saying on Friday.</p>
<p>Daursky told Interfax that the rise would be due to the start of production at the company's new factory in Kolomna, with an annual capacity of 7,500 tonnes. The start of production in Kolomna is planned for May.</p>
<p>AOOT Moskovskaya Konditerskaya Fabrika Krasny Oktyabr (Red October) plans to issue preferred shares and a Eurobond soon to finance production in Kolomna.</p>
<p>A factory in Ryazan, 97-percent owned by Red October, plans to raise its production by over 6,000 tonnes to 12,500 tonnes in 1997, Daursky was quoted by Interfax as saying.</p>
<p>He said 75 percent of Red October's production was sold in Moscow and 15 percent are exported.</p>
<p>--Moscow Newsroom, +7095 941 8520</p>
</text>
<copyright>(c) Reuters Limited 1997</copyright>
<metadata>
<codes class="bip:countries:1.0">
  <code code="RUSS">
    <editdetail attribution="Reuters BIP Coding Group" action="confirmed" date="1997-03-14"/>
  </code>
</codes>
<codes class="bip:industries:1.0">
  <code code="I42100">
    <editdetail attribution="Reuters BIP Coding Group" action="confirmed" date="1997-03-14"/>
  </code>
</codes>
<codes class="bip:topics:1.0">
  <code code="C21">
    <editdetail attribution="Reuters BIP Coding Group" action="confirmed" date="1997-03-14"/>
  </code>
  <code code="CCAT">
    <editdetail attribution="Reuters BIP Coding Group" action="confirmed" date="1997-03-14"/>
  </code>
</codes>
<dc element="dc.date.created" value="1997-03-14"/>
<dc element="dc.publisher" value="Reuters Holdings Plc"/>
<dc element="dc.date.published" value="1997-03-14"/>
<dc element="dc.source" value="Reuters"/>
<dc element="dc.creator.location" value="MOSCOW"/>
<dc element="dc.creator.location.country.name" value="RUSSIA"/>
<dc element="dc.source" value="Reuters"/>
</metadata>
</newsitem>
