<?xml version="1.0" encoding="iso-8859-1" ?>
<newsitem itemid="442359" id="root" date="1997-03-14" xml:lang="en">
<title>RUSSIA: Rouble eases after earlier central bank selling.</title>
<headline>Rouble eases after earlier central bank selling.</headline>
<dateline>MOSCOW 1997-03-14</dateline>
<text>
<p>The rouble eased ahead of the weekend after active central bank rouble selling earlier this week, dealers said on Friday.</p>
<p> roubles/dollar	Mar 14 midday  Mar 14 early   Mar 13 close</p>
<p> today settlement    5,706-08	 5,706-08	 5,696-98</p>
<p> tomorrow settlement 5,706-07	 5,707-09	 5,705-07</p>
<p> overnight credit (%)    5-10	     5-15	     5-15</p>
<p>			   Mar 14				Mar 13</p>
<p> central bank	  5,695/5,711			 5,692/5,708</p>
<p> MICEX		   5,703				 5,701</p>
<p>&quot;The market paused for breath, as usual on Friday. Roubles have become cheap after constant dollar selling to the central bank,&quot; one dealer said.</p>
<p>Dealers said some roubles could be also coming from the Treasury bill market.</p>
<p>--Artyom Danielyan, Moscow newsroom (095) 941 8520</p>
</text>
<copyright>(c) Reuters Limited 1997</copyright>
<metadata>
<codes class="bip:countries:1.0">
  <code code="RUSS">
    <editdetail attribution="Reuters BIP Coding Group" action="confirmed" date="1997-03-14"/>
  </code>
</codes>
<codes class="bip:topics:1.0">
  <code code="E12">
    <editdetail attribution="Reuters BIP Coding Group" action="confirmed" date="1997-03-14"/>
  </code>
  <code code="ECAT">
    <editdetail attribution="Reuters BIP Coding Group" action="confirmed" date="1997-03-14"/>
  </code>
  <code code="M13">
    <editdetail attribution="Reuters BIP Coding Group" action="confirmed" date="1997-03-14"/>
  </code>
  <code code="M132">
    <editdetail attribution="Reuters BIP Coding Group" action="confirmed" date="1997-03-14"/>
  </code>
  <code code="MCAT">
    <editdetail attribution="Reuters BIP Coding Group" action="confirmed" date="1997-03-14"/>
  </code>
</codes>
<dc element="dc.date.created" value="1997-03-14"/>
<dc element="dc.publisher" value="Reuters Holdings Plc"/>
<dc element="dc.date.published" value="1997-03-14"/>
<dc element="dc.source" value="Reuters"/>
<dc element="dc.creator.location" value="MOSCOW"/>
<dc element="dc.creator.location.country.name" value="RUSSIA"/>
<dc element="dc.source" value="Reuters"/>
</metadata>
</newsitem>
