<?xml version="1.0" encoding="iso-8859-1" ?>
<newsitem itemid="442313" id="root" date="1997-03-14" xml:lang="en">
<title>HUNGARY: Maize futures down, new wheat up in busy Budapest.</title>
<headline>Maize futures down, new wheat up in busy Budapest.</headline>
<dateline>BUDAPEST 1997-03-14</dateline>
<text>
<p>Speculative trade in Budapest Commodity Exchange new (1997) crop milling wheat futures) reversed a three-day downward trend, traders said on Friday.</p>
<p>&quot;The price rose on speculation, belying market expectations of further falls,&quot; said Tamas Kobulniczky of Swap.</p>
<p>August milling wheat rose 300 forints per tonne to 21,500 forints, while September went up the daily limit ofd 400 forints per tonne to end at 21,900.</p>
<p>July, October and December remained steady and May dropped 300 forints to 24,000.</p>
<p>The milling wheat price increase triggered limit rises in new crop feed barley for July and August to 18,000 and 18,500 forints respectively.</p>
<p>Maize futures continued their downward movement, although at a slower pace then during the last three days.</p>
<p>May was the only maize maturity that was unchanged, at 17,540 forints, while others finished 40 to 100 forints lower.</p>
<p>Total turnover was 1,778 contracts or 736.83 million forints, a substantial amount for a traditionally slow Friday trade, with milling wheat accounting for 965 contracts. Lot size = 20,000 kgs ($1=177.45 Hungarian forints)</p>
<p>-- Denes Albert, Budapest newsroom +36 1 327 4040</p>
</text>
<copyright>(c) Reuters Limited 1997</copyright>
<metadata>
<codes class="bip:countries:1.0">
  <code code="HUNG">
    <editdetail attribution="Reuters BIP Coding Group" action="confirmed" date="1997-03-14"/>
  </code>
</codes>
<codes class="bip:topics:1.0">
  <code code="M14">
    <editdetail attribution="Reuters BIP Coding Group" action="confirmed" date="1997-03-14"/>
  </code>
  <code code="M141">
    <editdetail attribution="Reuters BIP Coding Group" action="confirmed" date="1997-03-14"/>
  </code>
  <code code="MCAT">
    <editdetail attribution="Reuters BIP Coding Group" action="confirmed" date="1997-03-14"/>
  </code>
</codes>
<dc element="dc.date.created" value="1997-03-14"/>
<dc element="dc.publisher" value="Reuters Holdings Plc"/>
<dc element="dc.date.published" value="1997-03-14"/>
<dc element="dc.source" value="Reuters"/>
<dc element="dc.creator.location" value="BUDAPEST"/>
<dc element="dc.creator.location.country.name" value="HUNGARY"/>
<dc element="dc.source" value="Reuters"/>
</metadata>
</newsitem>
