<?xml version="1.0" encoding="iso-8859-1" ?>
<newsitem itemid="442322" id="root" date="1997-03-14" xml:lang="en">
<title>YUGOSLAVIA: PRESS DIGEST - Yugoslavia - March 14.</title>
<headline>PRESS DIGEST - Yugoslavia - March 14.</headline>
<dateline>BELGRADE 1997-03-14</dateline>
<text>
<p>These are the leading stories in the Belgrade press on Friday. Reuters has not verified these stories and does not vouch for their accuracy.</p>
<p>NASA BORBA</p>
<p>- Yugoslav Supreme Defence Council decides to raise the degree of combat readiness of Yugoslav army in the region bordering with Albania.</p>
<p>- Bosnian Serb President Biljana Plavsic says the special ties agreement between Yugoslavia and Bosnian Serb Republic should have been first discussed in the Bosnian Serb parliament and said she would only sign such an agreement after it passed the required procedure.</p>
<p>- Yugoslav Foreign Minister Milan Milutinovic offers to go to Copenhagen on March 15 at the invitation of current OSCE chairman Niels Helve Petersen who proposed holding of separate talks between the Yugoslav government and the opposition coalition Zajedno there.</p>
<p>- The Belgrade University Council constituent session will be held on March 19, it is expected to endorse the resignation of rector Dragutin Velickovic.</p>
<p>- Five Yugoslav navy vessels are stationed off the Ulcinj coast because of the deteriorating situation in neighbouring Albania.</p>
<p>- New Democracy party is against privatisation of big state firms in the first round and for privatisation of medium and small firms first, because the current political situation considerably reduces the value of firms.</p>
<p>- Montenegrin government expected to adopt a privatisation plan on March 27 and to issue the first vouchers and launch ownership transformation in April.</p>
<p>- Partnership talks between Kragujevac Zastava and Korea's Hyundai are under way and results will be known soon, said the Korean charge d'affaires during visit to the Kragujevac car plant.</p>
<p>- The Yugoslav government will start issuing the first passports of the Federal Republic of Yugoslavia on April 15 .</p>
<p>- The Serbian government has paid 54 percent of its total debt to the farmers for their last year's crops, says Serbian agriculture minister Jovan Babovic.</p>
<p>- Russian NTV and reporter Oleg Chupin demand 615,000 dinars in damages fom Serbian police for injuries sustained from police beatings during reporting at Belgrade rallies.</p>
<p>POLITIKA</p>
<p>- Yugoslav government expresses concern with situation in Ablania and says it involves a deep destabilisation of the neighbouring country with implications for the stability of the region.</p>
<p>- Serbs have to be ready for elections and obtain necessary Croatian documents whether they plan to take part in them or not, said the head of the Serb government in Eastern Slavonia Vojislav Stanimirovic.</p>
<p>- Sanctions have had serious effects on Yugoslavia's energy sector and revival will take many years, it was concluded at an economists' round table on energy.</p>
<p>- Montenegrin President Momir Bulatovic says Yugoslav Bosnian Serb special ties agreement will contribute to stabilising peace during meeting with Serb member in Bosnian presidency Momciloo Krajisnik in Podgorica.</p>
<p>VECERNJE NOVOSTI</p>
<p>- New information bill does not have ideal solutions but is a good basis for making a good law through Serbia-wide discussions,  it was concluded at a panel discussion in the Serbian parliament not attended by main opposition parties.</p>
<p>- If Yugoslavia continues to be a limiting factor of Montenegro's development its citizens have the right to opt to live independently according to the constitution, said Montenegrin Prime Minister Milo Djukanovic in Washington.</p>
<p>-- Belgrade newsroom +381 11 2224305</p>
</text>
<copyright>(c) Reuters Limited 1997</copyright>
<metadata>
<codes class="bip:countries:1.0">
  <code code="YUG">
    <editdetail attribution="Reuters BIP Coding Group" action="confirmed" date="1997-03-14"/>
  </code>
</codes>
<codes class="bip:topics:1.0">
  <code code="GCAT">
    <editdetail attribution="Reuters BIP Coding Group" action="confirmed" date="1997-03-14"/>
  </code>
</codes>
<dc element="dc.date.created" value="1997-03-14"/>
<dc element="dc.publisher" value="Reuters Holdings Plc"/>
<dc element="dc.date.published" value="1997-03-14"/>
<dc element="dc.source" value="Reuters"/>
<dc element="dc.creator.location" value="BELGRADE"/>
<dc element="dc.creator.location.country.name" value="YUGOSLAVIA"/>
<dc element="dc.source" value="Reuters"/>
</metadata>
</newsitem>
