<?xml version="1.0" encoding="iso-8859-1" ?>
<newsitem itemid="442341" id="root" date="1997-03-14" xml:lang="en">
<title>RUSSIA: Kremlin awash with roses for Mrs Yeltsin's birthday.</title>
<headline>Kremlin awash with roses for Mrs Yeltsin's birthday.</headline>
<dateline>MOSCOW 1997-03-14</dateline>
<text>
<p>The Kremlin was flooded with roses on Friday as well-wishers across Russia sent birthday flowers to President Boris Yeltsin's wife Naina, Itar-Tass news agency reported.</p>
<p>Usually nimble flower delivery services were so overburdened they had to use heavy trolleys rather than carry in the flowers, the report said.</p>
<p>Perhaps employing a bit of poetic licence for the happy occasion, Tass said by midday more than a million roses had been delivered to Naina Yeltsin at the Kremlin, the Yeltsins' country residence and their Moscow apartment. Naina turned 65 on Friday. Her husband had his 66th birthday on February 1.</p>
</text>
<copyright>(c) Reuters Limited 1997</copyright>
<metadata>
<codes class="bip:countries:1.0">
  <code code="RUSS">
    <editdetail attribution="Reuters BIP Coding Group" action="confirmed" date="1997-03-14"/>
  </code>
</codes>
<codes class="bip:topics:1.0">
  <code code="GCAT">
    <editdetail attribution="Reuters BIP Coding Group" action="confirmed" date="1997-03-14"/>
  </code>
  <code code="GPOL">
    <editdetail attribution="Reuters BIP Coding Group" action="confirmed" date="1997-03-14"/>
  </code>
</codes>
<dc element="dc.date.created" value="1997-03-14"/>
<dc element="dc.publisher" value="Reuters Holdings Plc"/>
<dc element="dc.date.published" value="1997-03-14"/>
<dc element="dc.source" value="Reuters"/>
<dc element="dc.creator.location" value="MOSCOW"/>
<dc element="dc.creator.location.country.name" value="RUSSIA"/>
<dc element="dc.source" value="Reuters"/>
</metadata>
</newsitem>
