<?xml version="1.0" encoding="iso-8859-1" ?>
<newsitem itemid="442326" id="root" date="1997-03-14" xml:lang="en">
<title>RUSSIA: Russia could issue rouble eurobond next year.</title>
<headline>Russia could issue rouble eurobond next year.</headline>
<dateline>MOSCOW 1997-03-14</dateline>
<text>
<p>Russia could issue a rouble Eurobond next year, creating a new sector in the Euromarkets, Finance Minister Alexander Livshits said on Friday.</p>
<p>Earlier he told a news conference following Thursday's launch of Russia's first mark Eurobond that Russia intended to issue rouble paper alongside its dollar and mark issues.</p>
<p>Asked whether he meant a rouble Eurobond, he replied &quot;Yes.&quot;</p>
</text>
<copyright>(c) Reuters Limited 1997</copyright>
<metadata>
<codes class="bip:countries:1.0">
  <code code="RUSS">
    <editdetail attribution="Reuters BIP Coding Group" action="confirmed" date="1997-03-14"/>
  </code>
</codes>
<codes class="bip:topics:1.0">
  <code code="E21">
    <editdetail attribution="Reuters BIP Coding Group" action="confirmed" date="1997-03-14"/>
  </code>
  <code code="E212">
    <editdetail attribution="Reuters BIP Coding Group" action="confirmed" date="1997-03-14"/>
  </code>
  <code code="ECAT">
    <editdetail attribution="Reuters BIP Coding Group" action="confirmed" date="1997-03-14"/>
  </code>
</codes>
<dc element="dc.date.created" value="1997-03-14"/>
<dc element="dc.publisher" value="Reuters Holdings Plc"/>
<dc element="dc.date.published" value="1997-03-14"/>
<dc element="dc.source" value="Reuters"/>
<dc element="dc.creator.location" value="MOSCOW"/>
<dc element="dc.creator.location.country.name" value="RUSSIA"/>
<dc element="dc.source" value="Reuters"/>
</metadata>
</newsitem>
