<?xml version="1.0" encoding="iso-8859-1" ?>
<newsitem itemid="442312" id="root" date="1997-03-14" xml:lang="en">
<title>RUSSIA: KLM adds direct Amsterdam-St Petersburg route.</title>
<headline>KLM adds direct Amsterdam-St Petersburg route.</headline>
<dateline>ST PETERSBURG, Russia 1997-03-14</dateline>
<text>
<p>The Netherlands's KLM Royal Dutch Airlines NV air carrier will begin direct regular passenger flights between Amsterdam and St Petersburg, Russia, from March 31, a KLM representative said on Friday.</p>
<p>Irina Rumyantseva told Reuters that KLM would operate a Boeing 737 for flights on Mondays, Wednesdays, Fridays and Saturdays.</p>
<p>She said KLM now flies to St Petersburg via Helsinki. These flights would not be affected.</p>
<p>A KLM statement said the company now has 10 flights a week between Amsterdam and Moscow and seven weekly flights between Amsterdam and St Petersburg.</p>
<p>-- St Petersburg Newsroom (812) 219 92 09</p>
</text>
<copyright>(c) Reuters Limited 1997</copyright>
<metadata>
<codes class="bip:countries:1.0">
  <code code="NETH">
    <editdetail attribution="Reuters BIP Coding Group" action="confirmed" date="1997-03-14"/>
  </code>
  <code code="RUSS">
    <editdetail attribution="Reuters BIP Coding Group" action="confirmed" date="1997-03-14"/>
  </code>
</codes>
<codes class="bip:industries:1.0">
  <code code="I75000">
    <editdetail attribution="Reuters BIP Coding Group" action="confirmed" date="1997-03-14"/>
  </code>
</codes>
<codes class="bip:topics:1.0">
  <code code="C22">
    <editdetail attribution="Reuters BIP Coding Group" action="confirmed" date="1997-03-14"/>
  </code>
  <code code="CCAT">
    <editdetail attribution="Reuters BIP Coding Group" action="confirmed" date="1997-03-14"/>
  </code>
</codes>
<dc element="dc.date.created" value="1997-03-14"/>
<dc element="dc.publisher" value="Reuters Holdings Plc"/>
<dc element="dc.date.published" value="1997-03-14"/>
<dc element="dc.source" value="Reuters"/>
<dc element="dc.creator.location" value="ST PETERSBURG, Russia"/>
<dc element="dc.creator.location.country.name" value="RUSSIA"/>
<dc element="dc.source" value="Reuters"/>
</metadata>
</newsitem>
