<?xml version="1.0" encoding="iso-8859-1" ?>
<newsitem itemid="442317" id="root" date="1997-03-14" xml:lang="en">
<title>RUSSIA: Russia's Volga-Dnepr to expand U.S. operations.</title>
<headline>Russia's Volga-Dnepr to expand U.S. operations.</headline>
<dateline>MOSCOW 1997-03-14</dateline>
<text>
<p>Russia's private Volga-Dnepr Airlines plans to expand its heavy cargo operations in the United States this year, a top company official said on Friday.</p>
<p>&quot;There is big demand to carry such cargo in the United States,&quot; Alexei Isaikin, Volga-Dnepr chief executive, told a news conference. &quot;Shipments of oil and gas equipment are very promising.&quot;</p>
<p>He also said that Ulyanovsk-based Volga-Dnepr planned to lease more Antonov-124 freighters this year.</p>
<p>The company set up aircraft maintenance posts last year in Sharjah, United Arabs Emirates, and in Shannon, Ireland.</p>
<p>Volga-Dnepr operates seven Antonov-124 planes, each with a capacity of 120 tonnes, three Ilyushin-76s, one Antonov-12 and one Antonov-32.</p>
<p>The company also operates a regular passenger route between Ulyanovsk, in central Russia, and Moscow, using a Yakovlev-40.</p>
<p>Volga-Dnepr boosted sales in 1996 to $111 million from $87.2 million in 1995, carrying 45,100 tonnes of cargo last year, compared to 39,633 tonnes in 1995. A company spokesman said that most of 1996's sales were made on An-124s.</p>
<p>&quot;It gave us $101.4 million of our total sales volume,&quot; he said, adding that these aircraft carried 40,000 tonnes of cargo over 1996.</p>
<p>--Viktor Anoshkin, Moscow Newsroom, +7095 941 8520</p>
</text>
<copyright>(c) Reuters Limited 1997</copyright>
<metadata>
<codes class="bip:countries:1.0">
  <code code="RUSS">
    <editdetail attribution="Reuters BIP Coding Group" action="confirmed" date="1997-03-14"/>
  </code>
  <code code="USA">
    <editdetail attribution="Reuters BIP Coding Group" action="confirmed" date="1997-03-14"/>
  </code>
</codes>
<codes class="bip:industries:1.0">
  <code code="I36400">
    <editdetail attribution="Reuters BIP Coding Group" action="confirmed" date="1997-03-14"/>
  </code>
  <code code="I75000">
    <editdetail attribution="Reuters BIP Coding Group" action="confirmed" date="1997-03-14"/>
  </code>
  <code code="I77002">
    <editdetail attribution="Reuters BIP Coding Group" action="confirmed" date="1997-03-14"/>
  </code>
</codes>
<codes class="bip:topics:1.0">
  <code code="C21">
    <editdetail attribution="Reuters BIP Coding Group" action="confirmed" date="1997-03-14"/>
  </code>
  <code code="CCAT">
    <editdetail attribution="Reuters BIP Coding Group" action="confirmed" date="1997-03-14"/>
  </code>
</codes>
<dc element="dc.date.created" value="1997-03-14"/>
<dc element="dc.publisher" value="Reuters Holdings Plc"/>
<dc element="dc.date.published" value="1997-03-14"/>
<dc element="dc.source" value="Reuters"/>
<dc element="dc.creator.location" value="MOSCOW"/>
<dc element="dc.creator.location.country.name" value="RUSSIA"/>
<dc element="dc.source" value="Reuters"/>
</metadata>
</newsitem>
