<?xml version="1.0" encoding="iso-8859-1" ?>
<newsitem itemid="442315" id="root" date="1997-03-14" xml:lang="en">
<title>POLAND: Decision on Espebepe put off to April 14.</title>
<headline>Decision on Espebepe put off to April 14.</headline>
<dateline>WARSAW 1997-03-14</dateline>
<text>
<p>A decision by creditors on Poland's debt-ridden construction firm Espebepe SA has been postponed until April 14, PAP news agency reported.</p>
<p>The creditors met on Friday to decide on whether to offer the company a debt-relief programme, which would save it from bankruptcy.</p>
<p>&quot;The meeting of Espebepe creditors' representatives, which took place in Szczecin, was not regarded as valid due to procedural reasons,&quot; PAP quoted Marzenna Ernest, a judge of the economic court in nort-western city of Szczecin, as saying.</p>
<p>Espebepe earlier said that if creditors refused to write-off 95 percent of its 74.6-million-zloty debt, it would file for bankruptcy. This would be the first ever bankruptcy on the Polish bourse after it was restored in 1991.</p>
<p>The firm's officials were not immediately available for comment.</p>
<p>PAP quoted one of the creditors present at the meeting as saying that Friday's meeting was declared non-valid because not all creditors were notified about it.</p>
<p>Earlier on Friday, Espebepe said that the court rejected a motion for Espebepe's bankruptcy by  Stako Sp. zoo, a Krakow-based creditor of Espebepe.</p>
<p>The bourse suspended trade in Espebepe shares on Friday.</p>
<p>-- Warsaw Newsroom +48 22 653 9700</p>
</text>
<copyright>(c) Reuters Limited 1997</copyright>
<metadata>
<codes class="bip:countries:1.0">
  <code code="POL">
    <editdetail attribution="Reuters BIP Coding Group" action="confirmed" date="1997-03-14"/>
  </code>
</codes>
<codes class="bip:industries:1.0">
  <code code="I50100">
    <editdetail attribution="Reuters BIP Coding Group" action="confirmed" date="1997-03-14"/>
  </code>
</codes>
<codes class="bip:topics:1.0">
  <code code="C16">
    <editdetail attribution="Reuters BIP Coding Group" action="confirmed" date="1997-03-14"/>
  </code>
  <code code="C17">
    <editdetail attribution="Reuters BIP Coding Group" action="confirmed" date="1997-03-14"/>
  </code>
  <code code="CCAT">
    <editdetail attribution="Reuters BIP Coding Group" action="confirmed" date="1997-03-14"/>
  </code>
</codes>
<dc element="dc.date.created" value="1997-03-14"/>
<dc element="dc.publisher" value="Reuters Holdings Plc"/>
<dc element="dc.date.published" value="1997-03-14"/>
<dc element="dc.source" value="Reuters"/>
<dc element="dc.creator.location" value="WARSAW"/>
<dc element="dc.creator.location.country.name" value="POLAND"/>
<dc element="dc.source" value="Reuters"/>
</metadata>
</newsitem>
