<?xml version="1.0" encoding="iso-8859-1" ?>
<newsitem itemid="442304" id="root" date="1997-03-14" xml:lang="en">
<title>ALBANIA: German troops fire to protect Albania evacuees.</title>
<headline>German troops fire to protect Albania evacuees.</headline>
<dateline>TIRANA 1997-03-14</dateline>
<text>
<p>German troops sent in by helicopter to help evacuate Western residents fleeing unrest in Albania fired on unidentified gunmen who shot at the evacuees and their aircraft on Friday.</p>
<p>Pictures from a Turkish television crew obtained by Reuters television showed German troops first hitting the ground when the gunmen opened fire from a van and then shooting back. A diplomatic source said the evacuation had been successful with five helicopters airlifting 105 people to neighbouring Montenegro.  </p>
<p>The television footage showed several of the evacuees cowering on the tarmac at an airfield near the capital. Some were praying. It showed no one injured in the incident.</p>
<p>He said 105 people, mostly Germans and other European Union nationals, were taken to the town of Podgorica, just over Albania's northern border with Montenegro and would be flown on to Frankfurt.</p>
<p>In Washington, a U.S. defence official announced that the United States had suspended its military evacuation of Americans after a Marine helicopter reported being fired on by a missile from the ground. Officials said 480 U.S. nationals had been evacuated before the suspension.</p>
<p>An Italian military helicopter also reported being shot at during an evacuation operation.</p>
</text>
<copyright>(c) Reuters Limited 1997</copyright>
<metadata>
<codes class="bip:countries:1.0">
  <code code="ALB">
    <editdetail attribution="Reuters BIP Coding Group" action="confirmed" date="1997-03-14"/>
  </code>
  <code code="GFR">
    <editdetail attribution="Reuters BIP Coding Group" action="confirmed" date="1997-03-14"/>
  </code>
</codes>
<codes class="bip:topics:1.0">
  <code code="GCAT">
    <editdetail attribution="Reuters BIP Coding Group" action="confirmed" date="1997-03-14"/>
  </code>
  <code code="GVIO">
    <editdetail attribution="Reuters BIP Coding Group" action="confirmed" date="1997-03-14"/>
  </code>
</codes>
<dc element="dc.date.created" value="1997-03-14"/>
<dc element="dc.publisher" value="Reuters Holdings Plc"/>
<dc element="dc.date.published" value="1997-03-14"/>
<dc element="dc.source" value="Reuters"/>
<dc element="dc.creator.location" value="TIRANA"/>
<dc element="dc.creator.location.country.name" value="ALBANIA"/>
<dc element="dc.source" value="Reuters"/>
</metadata>
</newsitem>
