<?xml version="1.0" encoding="iso-8859-1" ?>
<newsitem itemid="442342" id="root" date="1997-03-14" xml:lang="en">
<title>RUSSIA: Yeltsin blasts unpopular Moscow sculptor.</title>
<headline>Yeltsin blasts unpopular Moscow sculptor.</headline>
<dateline>MOSCOW 1997-03-14</dateline>
<text>
<p>Russian President Boris Yeltsin on Friday criticised Moscow's leading monumentalist sculptor, who works have triggered a wave of discontent from a population weaned on massive Soviet art monuments of often dubious quality.</p>
<p>Interfax news agency said Yeltsin told Russian media chiefs that Zurab Tsereteli's monuments, including an omage to Tsar Peter the Great now in the works, were not beautifying the nation's capital.</p>
<p>&quot;I recently have more than once criticised Moscow Mayor Yuri Luzhkov and sculptor Tsereteli, especially for the monument to Peter I,&quot; Yeltsin said. &quot;Moscow's backing of Tsereteli is a vain thing. Don't we have other sculptors and artists?&quot;</p>
<p>The huge statue of the tsar, holding a ship's steering wheel as a symbol of the Russian fleet he created in the 18th century, now stands amid scaffolding on the Moscow River not far from the Kremlin.</p>
<p>Many Muscovites say the statue is just plain ugly, and add that the capital, hundreds of kilometres (miles) from the nearest port of St. Petersburg, has no seafaring tradition.</p>
<p>Tsereteli has become Russia's most controversial artist after Luzhkov commissioned him to do a series of projects, including a centerpiece for a World War Two museum which opened in 1995.</p>
<p>But the Russian media said Luzhkov support was lessening in wake of pressure from Moscow's artists and intellectuals, who are calling on him to halt the construction under the slogan &quot;Down with the Tsar!&quot;.</p>
<p>Yeltsin also said he approved of the idea of a referendum in Moscow, proposed by artists, on whether to proceed with the construction or to dismantle the sculpture.</p>
<p>A commission formed by artists and Moscow officials said on Friday the cost of the monument, once finished, would be 100 billion roubles ($17.5 million), while dismantling would cost 30 to 50 billion.</p>
</text>
<copyright>(c) Reuters Limited 1997</copyright>
<metadata>
<codes class="bip:countries:1.0">
  <code code="RUSS">
    <editdetail attribution="Reuters BIP Coding Group" action="confirmed" date="1997-03-14"/>
  </code>
  <code code="USSR">
    <editdetail attribution="Reuters BIP Coding Group" action="confirmed" date="1997-03-14"/>
  </code>
</codes>
<codes class="bip:topics:1.0">
  <code code="GCAT">
    <editdetail attribution="Reuters BIP Coding Group" action="confirmed" date="1997-03-14"/>
  </code>
  <code code="GENT">
    <editdetail attribution="Reuters BIP Coding Group" action="confirmed" date="1997-03-14"/>
  </code>
  <code code="GPOL">
    <editdetail attribution="Reuters BIP Coding Group" action="confirmed" date="1997-03-14"/>
  </code>
</codes>
<dc element="dc.date.created" value="1997-03-14"/>
<dc element="dc.publisher" value="Reuters Holdings Plc"/>
<dc element="dc.date.published" value="1997-03-14"/>
<dc element="dc.source" value="Reuters"/>
<dc element="dc.creator.location" value="MOSCOW"/>
<dc element="dc.creator.location.country.name" value="RUSSIA"/>
<dc element="dc.source" value="Reuters"/>
</metadata>
</newsitem>
