<?xml version="1.0" encoding="iso-8859-1" ?>
<newsitem itemid="442344" id="root" date="1997-03-14" xml:lang="en">
<title>SLOVENIA: Slovenian shares slip, market seen aimless.</title>
<headline>Slovenian shares slip, market seen aimless.</headline>
<dateline>LJUBLJANA 1997-03-14</dateline>
<text>
<p>Slovenian shares eased 0.38 percent on Friday on low turnover amid a lack of trading incentives and traders forecast the market would continue trading with little clear direction.</p>
<p>&quot;The market is desperate for some information concerning future of foreign investments. Turnover will stay on similar levels until fresh information about the issue becomes available,&quot; one trader said.</p>
<p>The central bank last month blocked the inflow of foreign investment by ordering international portfolio investors to open special custody accounts at one of Slovenia's 14 fully licensed banks in order to trade in Slovenian securities.</p>
<p>Banks said the cost of opening an account would be about 12 percent of the amount handled. Banks said they planned to open the first accounts by the end of March.</p>
<p>The SBI index fell 5.35 points to 1,390.99, ending a five-day rising streak. This week the index firmed 0.96 percent.</p>
<p>&quot;On such low turnover even the smallest move on the market can move the index in any direction,&quot; the trader said.</p>
<p>Overall six shares fell, eight rose and three were unchanged, while nine were untraded. Turnover fell to 53.9 million tolars from 54.1 million.</p>
<p>Bank SKB was the most active share, falling 1.70 percent to 55,050 tolars on volume of 402 shares for total turnover of 22.2 million tolars.</p>
<p>Bank UBK was the leading decliner, tumbling 10 percent to 5,850 tolars on volume of 112 shares.</p>
<p>Brokerage Dadas was the biggest gainer, jumping 11.53 percent to 8,030 tolars on volume of 400 shares for total turnover of 7.2 million tolars. -- Ljubljana newsroom, 386-61-125-8439</p>
</text>
<copyright>(c) Reuters Limited 1997</copyright>
<metadata>
<codes class="bip:countries:1.0">
  <code code="SLVNIA">
    <editdetail attribution="Reuters BIP Coding Group" action="confirmed" date="1997-03-14"/>
  </code>
</codes>
<codes class="bip:topics:1.0">
  <code code="M11">
    <editdetail attribution="Reuters BIP Coding Group" action="confirmed" date="1997-03-14"/>
  </code>
  <code code="MCAT">
    <editdetail attribution="Reuters BIP Coding Group" action="confirmed" date="1997-03-14"/>
  </code>
</codes>
<dc element="dc.date.created" value="1997-03-14"/>
<dc element="dc.publisher" value="Reuters Holdings Plc"/>
<dc element="dc.date.published" value="1997-03-14"/>
<dc element="dc.source" value="Reuters"/>
<dc element="dc.creator.location" value="LJUBLJANA"/>
<dc element="dc.creator.location.country.name" value="SLOVENIA"/>
<dc element="dc.source" value="Reuters"/>
</metadata>
</newsitem>
