<?xml version="1.0" encoding="iso-8859-1" ?>
<newsitem itemid="442335" id="root" date="1997-03-14" xml:lang="en">
<title>CROATIA: Croatian lending rate drops to 10.6 percent.</title>
<headline>Croatian lending rate drops to 10.6 percent.</headline>
<dateline>ZAGREB 1997-03-14</dateline>
<text>
<p>The Croatian money market rate fell to 10.6 percent on Friday from 11.7 percent as some lenders trimmed their rates.</p>
<p>Daily settlements rose to 36.1 million kuna from Thursday's 26.8 million of which new placements accounted for 30.2 million.</p>
<p>Dealers said demand at 37.5 million kuna was not met in full despite good supply as banks wanted to secure funds for the weekend.</p>
<p>Weighted call money rate fell 30 basis points to 10.7 percent. Rates for term loans varied between 9.0 percent for insurers' money and 16 percent for one 30-day fresh placement.</p>
<p>The central bank calculated its kuna midrates for the weekend and Monday weaker at 6.0845 versus 6.0525 against the dollar and at 3.5707 versus 3.5744 against the German mark. -- Laura Lui, Zagreb newsroom, 385-1-4557075</p>
</text>
<copyright>(c) Reuters Limited 1997</copyright>
<metadata>
<codes class="bip:countries:1.0">
  <code code="CRTIA">
    <editdetail attribution="Reuters BIP Coding Group" action="confirmed" date="1997-03-14"/>
  </code>
</codes>
<codes class="bip:topics:1.0">
  <code code="M13">
    <editdetail attribution="Reuters BIP Coding Group" action="confirmed" date="1997-03-14"/>
  </code>
  <code code="M131">
    <editdetail attribution="Reuters BIP Coding Group" action="confirmed" date="1997-03-14"/>
  </code>
  <code code="MCAT">
    <editdetail attribution="Reuters BIP Coding Group" action="confirmed" date="1997-03-14"/>
  </code>
</codes>
<dc element="dc.date.created" value="1997-03-14"/>
<dc element="dc.publisher" value="Reuters Holdings Plc"/>
<dc element="dc.date.published" value="1997-03-14"/>
<dc element="dc.source" value="Reuters"/>
<dc element="dc.creator.location" value="ZAGREB"/>
<dc element="dc.creator.location.country.name" value="CROATIA"/>
<dc element="dc.source" value="Reuters"/>
</metadata>
</newsitem>
