<?xml version="1.0" encoding="iso-8859-1" ?>
<newsitem itemid="442334" id="root" date="1997-03-14" xml:lang="en">
<title>POLAND: Polish customs staff plan go-slow from Sunday.</title>
<headline>Polish customs staff plan go-slow from Sunday.</headline>
<dateline>WARSAW 1997-03-14</dateline>
<text>
<p>Unions grouping about 40 percent of Poland's customs officers plan to start a go-slow protest next week which could cause long queues at border crossings and cargo airports, their leader said on Friday.</p>
<p>Union leader Andrzej Gajda told Reuters the protest was likely to be held for four hours on Sunday, starting at midday, and then bite full-time from Monday.</p>
<p>It would involve careful checks of 50 percent of the goods crossing Poland's borders, instead of the current 10 percent or less, and meticulous inspection of documentation.</p>
<p>&quot;This means that we will check at least every other car, every other parcel,&quot; said Gajda, head of the Federation of Trade Unions of Customs Administration Employees, which includes about 5,000 officers.</p>
<p>&quot;Queues are going to get longer,&quot; he added.</p>
<p>Air cargo industry sources said the action, known in Poland as an &quot;Italian strike&quot;, could cause serious delays.</p>
<p>Gajda said customs staff now received about half their pay in the form of bonuses which did not come from the state budget and were not legally guaranteed.</p>
<p>He said they sought contractual assurances for this element of their pay until a proposed new law on the customs service, which would contain such provisions, passed through parliament.</p>
<p>Main Customs Office (GUC) spokeswoman Elzbieta Drabarek said the administration's chief hoped for an understanding with the unions but he had little influence over the budget, which had in any case been set for 1997 and had increased bonuses.</p>
<p>&quot;It would be hard for us to make any promises that would require a change in the budget,&quot; she said.</p>
<p>&quot;We hope the form of protest that has been announced will not be implemented and this scenario will not happen,&quot; she told Reuters but she was unable to say whether there would be any talks with unions before the planned start of the protest. -- Anthony Barker +48 22 653 9700</p>
</text>
<copyright>(c) Reuters Limited 1997</copyright>
<metadata>
<codes class="bip:countries:1.0">
  <code code="POL">
    <editdetail attribution="Reuters BIP Coding Group" action="confirmed" date="1997-03-14"/>
  </code>
</codes>
<codes class="bip:topics:1.0">
  <code code="C42">
    <editdetail attribution="Reuters BIP Coding Group" action="confirmed" date="1997-03-14"/>
  </code>
  <code code="CCAT">
    <editdetail attribution="Reuters BIP Coding Group" action="confirmed" date="1997-03-14"/>
  </code>
  <code code="E41">
    <editdetail attribution="Reuters BIP Coding Group" action="confirmed" date="1997-03-14"/>
  </code>
  <code code="ECAT">
    <editdetail attribution="Reuters BIP Coding Group" action="confirmed" date="1997-03-14"/>
  </code>
  <code code="GCAT">
    <editdetail attribution="Reuters BIP Coding Group" action="confirmed" date="1997-03-14"/>
  </code>
  <code code="GJOB">
    <editdetail attribution="Reuters BIP Coding Group" action="confirmed" date="1997-03-14"/>
  </code>
  <code code="GPOL">
    <editdetail attribution="Reuters BIP Coding Group" action="confirmed" date="1997-03-14"/>
  </code>
</codes>
<dc element="dc.date.created" value="1997-03-14"/>
<dc element="dc.publisher" value="Reuters Holdings Plc"/>
<dc element="dc.date.published" value="1997-03-14"/>
<dc element="dc.source" value="Reuters"/>
<dc element="dc.creator.location" value="WARSAW"/>
<dc element="dc.creator.location.country.name" value="POLAND"/>
<dc element="dc.source" value="Reuters"/>
</metadata>
</newsitem>
