<?xml version="1.0" encoding="iso-8859-1" ?>
<newsitem itemid="442327" id="root" date="1997-03-14" xml:lang="en">
<title>GEORGIA: Georgia regrets shooting of Turkish fisherman.</title>
<headline>Georgia regrets shooting of Turkish fisherman.</headline>
<dateline>TBILISI 1997-03-14</dateline>
<text>
<p>Georgia President Eduard Shevardnadze expressed regret on Friday over the Russian coast guard's fatal shooting of a Turkish fisherman caught in Georgia's Black Sea territorial waters.</p>
<p>The shooting occurred on Wednesday when Russian coastguard cutters, which patrol the area under an agreement with the Georgian government, were sent to intercept nine Turkish vessels spotted in the former Soviet republic's territorial waters.</p>
<p>A Russian coast guard spokesman said all the boats fled except one, which began to execute what he called a dangerous manoeuvre. The coast guard responded by shooting at the &quot;poachers&quot;.</p>
<p>&quot;Even fishing a tonne of fish from our territorial waters is not worth the loss of a human life,&quot; Shevardnadze told the Turkish ambassador to Georgia, his office said on Friday.</p>
<p>&quot;Unfortunately we have very big problems with Russian border guards. It's already the third case when they have acted without our agreement,&quot; he said.</p>
<p>&quot;If I knew about this earlier on, I would have, of course, in no case allowed the violence against an unarmed fisherman,&quot; he said. &quot;I am greatly concerned and regret this tragic event.&quot;</p>
<p>The Turkish ambassador demanded that Georgia return the ship and its crew now located at the Georgian port of Batumi, base for the Russian coastguards.</p>
<p>He also said Georgia should pay Turkey damages for the moral and material loss from the incident, Shevardnadze's office said.</p>
</text>
<copyright>(c) Reuters Limited 1997</copyright>
<metadata>
<codes class="bip:countries:1.0">
  <code code="GRGIA">
    <editdetail attribution="Reuters BIP Coding Group" action="confirmed" date="1997-03-14"/>
  </code>
  <code code="RUSS">
    <editdetail attribution="Reuters BIP Coding Group" action="confirmed" date="1997-03-14"/>
  </code>
  <code code="TURK">
    <editdetail attribution="Reuters BIP Coding Group" action="confirmed" date="1997-03-14"/>
  </code>
</codes>
<codes class="bip:topics:1.0">
  <code code="GCAT">
    <editdetail attribution="Reuters BIP Coding Group" action="confirmed" date="1997-03-14"/>
  </code>
  <code code="GDIP">
    <editdetail attribution="Reuters BIP Coding Group" action="confirmed" date="1997-03-14"/>
  </code>
</codes>
<dc element="dc.date.created" value="1997-03-14"/>
<dc element="dc.publisher" value="Reuters Holdings Plc"/>
<dc element="dc.date.published" value="1997-03-14"/>
<dc element="dc.source" value="Reuters"/>
<dc element="dc.creator.location" value="TBILISI"/>
<dc element="dc.creator.location.country.name" value="GEORGIA"/>
<dc element="dc.source" value="Reuters"/>
</metadata>
</newsitem>
