<?xml version="1.0" encoding="iso-8859-1" ?>
<newsitem itemid="442349" id="root" date="1997-03-14" xml:lang="en">
<title>POLAND: Polish refineries to lift petrol prices next week.</title>
<headline>Polish refineries to lift petrol prices next week.</headline>
<dateline>WARSAW 1997-03-14</dateline>
<text>
<p>Poland's two main oil refineries,  Petrochemia Plock and  Rafineria Gdansk, said on Friday they would increase petrol prices by nearly two percent next week and cut the diesel fuel price by one percent.</p>
<p>&quot;The Gdansk refinery will raise the prices of petrol by three groszes (0.03 zloty) and lower the price of diesel fuel by one grosz (0.01 zloty) in coming days, probably on Monday,&quot; the refinery's spokeswoman Ewa Sielicka told Reuters.</p>
<p>The bigger Plock refinery announced the same price changes in a statement issued to reporters.</p>
<p>If retailers' fee and excise tax stay at the same level, the increase in wholesale prices would translate into retail prices of 1.65 zloty per litre of 94-octane leaded petrol, 1.61 zloty per litre of 95-octane unleaded petrol and 1.77 zloty for 98-octane unleaded petrol.</p>
<p>The retail price of diesel from Plock should be 1.39 zloty per litre while the price from Gdansk should come to 1.42 zloty per litre.</p>
<p>Prices of domestically-produced fuels have increased by between five and eight percent since they were freed by the finance ministry last month.</p>
<p>-- Warsaw Newsroom +48 22 653 9700</p>
</text>
<copyright>(c) Reuters Limited 1997</copyright>
<metadata>
<codes class="bip:countries:1.0">
  <code code="POL">
    <editdetail attribution="Reuters BIP Coding Group" action="confirmed" date="1997-03-14"/>
  </code>
</codes>
<codes class="bip:industries:1.0">
  <code code="I65200">
    <editdetail attribution="Reuters BIP Coding Group" action="confirmed" date="1997-03-14"/>
  </code>
</codes>
<codes class="bip:topics:1.0">
  <code code="C31">
    <editdetail attribution="Reuters BIP Coding Group" action="confirmed" date="1997-03-14"/>
  </code>
  <code code="CCAT">
    <editdetail attribution="Reuters BIP Coding Group" action="confirmed" date="1997-03-14"/>
  </code>
</codes>
<dc element="dc.date.created" value="1997-03-14"/>
<dc element="dc.publisher" value="Reuters Holdings Plc"/>
<dc element="dc.date.published" value="1997-03-14"/>
<dc element="dc.source" value="Reuters"/>
<dc element="dc.creator.location" value="WARSAW"/>
<dc element="dc.creator.location.country.name" value="POLAND"/>
<dc element="dc.source" value="Reuters"/>
</metadata>
</newsitem>
