<?xml version="1.0" encoding="iso-8859-1" ?>
<newsitem itemid="442300" id="root" date="1997-03-14" xml:lang="en">
<title>ALBANIA: Czech Social Democrats seek unity at conference.</title>
<headline>Czech Social Democrats seek unity at conference.</headline>
<byline>Colin McIntyre</byline>
<dateline>TIRANA 1997-03-14</dateline>
<text>
<p>The people in Tirana were in shock on Friday, fearing the country's downward slide into anarchy will get worse before it gets better and can only be solved by outside intervention.</p>
<p>&quot;We can't comprehend what has happened here,&quot; one young woman said after the orgy of looting of weapons that has left civilians across the country armed to the teeth and the army and police disintegrated.</p>
<p>In the dusty capital whose pot-holed roads bear testimony to four decades of Stalinist rule, you can buy a Kalishnikov automatic rifle for $3 but chances of getting a potato are slim.</p>
<p>Food stores and warehouses were emptied on Thursday in a wave of panic buying and looting by civilians making early use of weapons seized from army barracks in the capital and other towns across the country.</p>
<p>&quot;There are no potatoes, eggs, apples, cheese or bread, not in the shops or in the warehouses,&quot; said the lone stall-holder in Tirana's main open market as he offered his last stock of nuts, with no new supplies expected.</p>
<p>&quot;We are afraid of getting looted,&quot; he said as he surveyed his meagre stock.</p>
<p>&quot;The situation is terrible, the only hope for us is Europe, if we had peacekeeping troops, people will hand in their arms.&quot;</p>
<p>The Albanian government said earlier this week it had appealed to European members of NATO to send in peacekeepers to organise the surrender of weapons from civilians.</p>
<p>All but a couple of the wholesale food stores were closed. At one of the few still open a lorry-driver was unloading potatoes and onions brought from neighbouring Greece, after running the gauntlet of armed looters who fired at the truck.</p>
<p>Indicating the bullet holes in the side of the vehicle, he said that despite the danger he would make another trip, &quot;because we have to eat&quot;.</p>
<p>He said the business was profitable since Albanian customs officials had vanished, meaning he did not have to pay the normal 30 per cent import duty they demand.</p>
<p>A young man insisted on conducting discussions under shelter for fear of falling bullets from wild shooting in the air that has caused three deaths and over 70 injuries in the capital from falling bullets, many of which lie scattered in the city's streets.</p>
<p>&quot;We need to be armed, because everyone else is armed,&quot; he said,&quot; adding that he had obtained one gun -- &quot;one is enough&quot;.</p>
<p>&quot;I want a weapon in case we get attacked, by thieves, or someone trying to rape my wife or sister,&quot; he said. &quot;We are very, very frightened.&quot;</p>
<p>&quot;If we don't get peace-keeping troops from abroad, Albania is finished.&quot;</p>
<p>Asked whether he wanted the resignation of President Sali Berisha, demanded by anti-government rebels in the south because he failed to stop savings schemes that bankrupted thousands, he said the right-wing leader should go, but only when the authority of the state had been restored.</p>
<p>The gloomiest prediction came from a middle-aged man pushing a bicycle loaded with a huge sack of potatoes, who said things were bound to get worse.</p>
<p>&quot;If they are shooting in the air today they will be shooting at each other tomorrow,&quot; he said. &quot;When someone is killed there will be revenge killings, there could be civil war.&quot;</p>
<p>&quot;There is no real reason for a civil war here, but in Albania these things can spread very easily,&quot; a veiled reference to the traditional Albanian code of vendetta where inter-family feuds are carried through generations.</p>
</text>
<copyright>(c) Reuters Limited 1997</copyright>
<metadata>
<codes class="bip:countries:1.0">
  <code code="ALB">
    <editdetail attribution="Reuters BIP Coding Group" action="confirmed" date="1997-03-14"/>
  </code>
  <code code="CZREP">
    <editdetail attribution="Reuters BIP Coding Group" action="confirmed" date="1997-03-14"/>
  </code>
</codes>
<codes class="bip:topics:1.0">
  <code code="GCAT">
    <editdetail attribution="Reuters BIP Coding Group" action="confirmed" date="1997-03-14"/>
  </code>
  <code code="GPOL">
    <editdetail attribution="Reuters BIP Coding Group" action="confirmed" date="1997-03-14"/>
  </code>
</codes>
<dc element="dc.date.created" value="1997-03-14"/>
<dc element="dc.publisher" value="Reuters Holdings Plc"/>
<dc element="dc.date.published" value="1997-03-14"/>
<dc element="dc.source" value="Reuters"/>
<dc element="dc.creator.location" value="TIRANA"/>
<dc element="dc.creator.location.country.name" value="ALBANIA"/>
<dc element="dc.source" value="Reuters"/>
</metadata>
</newsitem>
