<?xml version="1.0" encoding="iso-8859-1" ?>
<newsitem itemid="442307" id="root" date="1997-03-14" xml:lang="en">
<title>CZECH REPUBLIC: Direct bond trades on the Czech PSE - March 14.</title>
<headline>Direct bond trades on the Czech PSE - March 14.</headline>
<dateline>PRAGUE 1997-03-14</dateline>
<text>
<p>The following is a list of direct bond trades made on the Prague Stock Exchange:</p>
<p> ISSUE		    Min. Price  Max. Price   Volume Turnover</p>
<p> BRNO 11,1/03		100.05    100.30	 300   29975.999</p>
<p> BV FINANCE 11/97	   99.59     99.59	 233   24395.747</p>
<p> CEZ 10,90/01		 99.30     99.70     18000  193366.008</p>
<p> CEZ 11,0625/08	    100.90    101.55     42000  458974.242</p>
<p> CEZ 11,3/05		 101.10    101.50     13000  143281.750</p>
<p> CEZ 14 3/8 /01	    103.30    103.30	1000   10537.640</p>
<p> CSOB 11,00/00	     100.30    100.45	6000   65281.678</p>
<p> I.SZT 13/99		 101.79    101.79	2200   23061.126</p>
<p> IPB VAR/01		   98.74     99.25     29000  297484.743</p>
<p> KB 11,1/98		   99.55     99.55	 141    1517.125</p>
<p> KB 11,4/01		  100.72    101.39	8000   85276.850</p>
<p> KB VAR/02		   100.10    100.15	3000   30425.810</p>
<p> KB VAR/99		    99.63     99.63	5900   61861.660</p>
<p> NOVA HUT 12,7/03	  100.22    101.17	2000   20992.720</p>
<p> OKD 14,5/99		 104.65    104.70	2000   22151.380</p>
<p> SPT TELCOM 12,5/99	101.25    101.25	 149    1636.413</p>
<p> ST.DLUHOP. 8,7/00	  96.55     96.95	5300   51605.580</p>
<p> ST.DLUHOP.10,55/02	 99.50     99.73     22000  221498.540</p>
<p> ST.DLUHOP.10,95/01	102.55    103.00     14100  154083.879</p>
<p> ST.DLUHOP.11,4/98	 101.60    101.65	3000   31663.010</p>
<p> ST.DLUHOP.9,15/00	  97.50     97.65	5000   51461.450</p>
<p> ST.DLUHOP.9,25/99	  98.45     98.45	2000   20805.140</p>
<p> UNION B. 12,5/97	   99.04     99.04	 120    1299.800</p>
<p> VETROPACK11 1/8/01	 97.15     97.50     10000   97530.120</p>
<p> VITKOVICE 13,50/00	 99.50     99.50	1000   10951.250</p>
<p>-- Prague Newsroom, 42-2-2423-0003</p>
</text>
<copyright>(c) Reuters Limited 1997</copyright>
<metadata>
<codes class="bip:countries:1.0">
  <code code="CZREP">
    <editdetail attribution="Reuters BIP Coding Group" action="confirmed" date="1997-03-14"/>
  </code>
</codes>
<codes class="bip:topics:1.0">
  <code code="M12">
    <editdetail attribution="Reuters BIP Coding Group" action="confirmed" date="1997-03-14"/>
  </code>
  <code code="MCAT">
    <editdetail attribution="Reuters BIP Coding Group" action="confirmed" date="1997-03-14"/>
  </code>
</codes>
<dc element="dc.date.created" value="1997-03-14"/>
<dc element="dc.publisher" value="Reuters Holdings Plc"/>
<dc element="dc.date.published" value="1997-03-14"/>
<dc element="dc.source" value="Reuters"/>
<dc element="dc.creator.location" value="PRAGUE"/>
<dc element="dc.creator.location.country.name" value="CZECH REPUBLIC"/>
<dc element="dc.source" value="Reuters"/>
</metadata>
</newsitem>
