<?xml version="1.0" encoding="iso-8859-1" ?>
<newsitem itemid="442309" id="root" date="1997-03-14" xml:lang="en">
<title>POLAND: Polish shares tumble, seen down on Monday.</title>
<headline>Polish shares tumble, seen down on Monday.</headline>
<dateline>WARSAW 1997-03-14</dateline>
<text>
<p>Polish shares on Friday fell sharply for the second day running and analysts said another fall possible on Monday, in part because of nervousness over a possible interest-rate rise in the United States in late March.</p>
<p>&quot;It seems yesterday's and today's falls were stimulated by the situation on world markets...mainly on the American market. I don't know if that's rational but that's what's happening,&quot; said Pawel Tarnowski of Raiffeisen Capital and Investment.</p>
<p>Tarnowski said Friday's information of a deeper than expected slide in U.S. wholesale prices, which cheered some Western bourses in the view that U.S. rates would remain stable, could lead to growth in Warsaw on Monday.</p>
<p>But he said subsequent falls were still possible.</p>
<p>Analysts said investors were also taking profits after recent gains, especially domestic investors benefiting from recent rises by small-cap stocks.</p>
<p>The main market's all-share WIG index fell 4.2 percent to 16,687.1 points and turnover rose 50.2 percent to 232 million zlotys ($75.1 million) on all three markets. Losers led gainers by 86 to one with two stocks flat.</p>
<p>Twelve main-market stocks fell more than nine percent on Friday, with engineering firm Prochem, last week's market leader, falling 10 percent with post-price-fixing selling strong enough for players to have their bids reduced.</p>
<p>Trade in builder Espebepe was suspended as its creditors meet to discuss a possible debt write off. Mass privatisation NFI units fell 2.8 percent in regular trade and 0.3 percent in continuous trade, where stocks were mixed.</p>
</text>
<copyright>(c) Reuters Limited 1997</copyright>
<metadata>
<codes class="bip:countries:1.0">
  <code code="POL">
    <editdetail attribution="Reuters BIP Coding Group" action="confirmed" date="1997-03-14"/>
  </code>
</codes>
<codes class="bip:topics:1.0">
  <code code="M11">
    <editdetail attribution="Reuters BIP Coding Group" action="confirmed" date="1997-03-14"/>
  </code>
  <code code="MCAT">
    <editdetail attribution="Reuters BIP Coding Group" action="confirmed" date="1997-03-14"/>
  </code>
</codes>
<dc element="dc.date.created" value="1997-03-14"/>
<dc element="dc.publisher" value="Reuters Holdings Plc"/>
<dc element="dc.date.published" value="1997-03-14"/>
<dc element="dc.source" value="Reuters"/>
<dc element="dc.creator.location" value="WARSAW"/>
<dc element="dc.creator.location.country.name" value="POLAND"/>
<dc element="dc.source" value="Reuters"/>
</metadata>
</newsitem>
