<?xml version="1.0" encoding="iso-8859-1" ?>
<newsitem itemid="442337" id="root" date="1997-03-14" xml:lang="en">
<title>CROATIA: Croatian stocks mixed in thin trade.</title>
<headline>Croatian stocks mixed in thin trade.</headline>
<dateline>ZAGREB 1997-03-14</dateline>
<text>
<p>Croatian stocks were mixed in thin trade on Friday and food concern Podravka took the spotlight as leading gainer and the most active stock.</p>
<p>* Five of 12 active issues fell, three rose and four were unchanged.</p>
<p>* Volume doubled 6.283 shares on a slightly lower turnover of 2.5 million kuna.</p>
<p>* Biggest gainer and the most actively traded issue was food company Podravka which rose 12 kuna to 320 on a high volume of 3,546 shares.</p>
<p>* Leading decliner was hotelier Suncani Hvar, losing four kuna to 66 on volume of 653 units.</p>
<p>-- Zagreb Newsroom, 385-1-4557075</p>
</text>
<copyright>(c) Reuters Limited 1997</copyright>
<metadata>
<codes class="bip:countries:1.0">
  <code code="CRTIA">
    <editdetail attribution="Reuters BIP Coding Group" action="confirmed" date="1997-03-14"/>
  </code>
</codes>
<codes class="bip:topics:1.0">
  <code code="M11">
    <editdetail attribution="Reuters BIP Coding Group" action="confirmed" date="1997-03-14"/>
  </code>
  <code code="MCAT">
    <editdetail attribution="Reuters BIP Coding Group" action="confirmed" date="1997-03-14"/>
  </code>
</codes>
<dc element="dc.date.created" value="1997-03-14"/>
<dc element="dc.publisher" value="Reuters Holdings Plc"/>
<dc element="dc.date.published" value="1997-03-14"/>
<dc element="dc.source" value="Reuters"/>
<dc element="dc.creator.location" value="ZAGREB"/>
<dc element="dc.creator.location.country.name" value="CROATIA"/>
<dc element="dc.source" value="Reuters"/>
</metadata>
</newsitem>
