<?xml version="1.0" encoding="iso-8859-1" ?>
<newsitem itemid="442329" id="root" date="1997-03-14" xml:lang="en">
<title>RUSSIA: Russia plans two more Eurobonds this year.</title>
<headline>Russia plans two more Eurobonds this year.</headline>
<dateline>MOSCOW 1997-03-14</dateline>
<text>
<p>Russia plans to issue two more Eurobonds this year, raising at least $2.0 billion, Finance Minister Alexander Livshits said on Friday.</p>
<p>At least one of the issues will be denominated in U.S. dollars, he told a news conference a day after the successful launch of Russia's first mark Eurobond.  </p>
<p>The mark Eurobond raised two billion marks, and followed Russia's successful debut $1 billion offering last November.</p>
<p>&quot;This year we are planning two more placements. The initial minimum volume is $2 billion,&quot; Livshits said.</p>
<p>&quot;One issue will be dollar-denominated,&quot; he said, adding no decision had yet been taken on the denomination of the other Eurobond.</p>
<p>Livshits said Russia would also issue rouble paper next year alongside its dollar and mark Eurobonds, but it was not immediately clear whether he was talking of the creation of a rouble Eurobond sector. The rouble is not yet fully convertible.</p>
<p>&quot;We shall issue rouble paper and it will be sold as well as the dollar paper,&quot; he said.</p>
<p>The Finance Ministry already regularly issues rouble-denominated Treasury bills and government bonds, which non-residents can buy and trade.</p>
<p>--Julie Tolkacheva, Moscow Newsroom, +7095 941 8520</p>
</text>
<copyright>(c) Reuters Limited 1997</copyright>
<metadata>
<codes class="bip:countries:1.0">
  <code code="RUSS">
    <editdetail attribution="Reuters BIP Coding Group" action="confirmed" date="1997-03-14"/>
  </code>
</codes>
<codes class="bip:topics:1.0">
  <code code="E21">
    <editdetail attribution="Reuters BIP Coding Group" action="confirmed" date="1997-03-14"/>
  </code>
  <code code="E212">
    <editdetail attribution="Reuters BIP Coding Group" action="confirmed" date="1997-03-14"/>
  </code>
  <code code="ECAT">
    <editdetail attribution="Reuters BIP Coding Group" action="confirmed" date="1997-03-14"/>
  </code>
</codes>
<dc element="dc.date.created" value="1997-03-14"/>
<dc element="dc.publisher" value="Reuters Holdings Plc"/>
<dc element="dc.date.published" value="1997-03-14"/>
<dc element="dc.source" value="Reuters"/>
<dc element="dc.creator.location" value="MOSCOW"/>
<dc element="dc.creator.location.country.name" value="RUSSIA"/>
<dc element="dc.source" value="Reuters"/>
</metadata>
</newsitem>
