<?xml version="1.0" encoding="iso-8859-1" ?>
<newsitem itemid="442319" id="root" date="1997-03-14" xml:lang="en">
<title>ROMANIA: Romania Sidex plans $200 mln bonds, $100 mln loan.</title>
<headline>Romania Sidex plans $200 mln bonds, $100 mln loan.</headline>
<dateline>BUCHAREST 1997-03-14</dateline>
<text>
<p>Romania's  Sidex SA steel mill, East Europe's major steel plate producer, plans to raise up to $200 million in Eurobonds through Merrill Lynch and seeks a $100 million loan, an official said on Friday.</p>
<p>Ion Florentin, president of the private  Siderman company which ensures Sidex's s management, told reporters the issue might become operational within the next three months.</p>
<p>He said he had disscussed details of the deal with Merrill Lynch representatives in London last week.</p>
<p>Merrill Lynch officials were not available for comment.  </p>
<p>Sources at the state-owned plant in Galati, 200 kilometres east of Bucharest, said the funds would be used to upgrade Sidex's equipments.</p>
<p>Florentin also said Sidex was seeking a credit worth $100 million for &quot;production purposes&quot;.</p>
<p>&quot;This loan might be a syndicated one. One of the banks involved could be Credit Suisse First Boston. We want the government to guarantee this credit,&quot; he said.</p>
<p>Florentin said recently the plant needed some $1.5 billion over the next 10 years to modernise.</p>
<p>Last year Sidex contributed some 60 percent to Romania's total steel output of some 6.0 million tonnes.</p>
<p>Romania won its first credit ratings from major agencies in March. Japan Credit Rating agency awarded it a BB-plus score, somewhat higher than the BB- minus ratings of Standard and Poor's and IBCA and BA-three from Moody's Investors Service.</p>
<p>-- Adrian Dascalu, Bucharest Newsroom 40-1 3120264</p>
</text>
<copyright>(c) Reuters Limited 1997</copyright>
<metadata>
<codes class="bip:countries:1.0">
  <code code="ROM">
    <editdetail attribution="Reuters BIP Coding Group" action="confirmed" date="1997-03-14"/>
  </code>
</codes>
<codes class="bip:industries:1.0">
  <code code="I22100">
    <editdetail attribution="Reuters BIP Coding Group" action="confirmed" date="1997-03-14"/>
  </code>
</codes>
<codes class="bip:topics:1.0">
  <code code="C17">
    <editdetail attribution="Reuters BIP Coding Group" action="confirmed" date="1997-03-14"/>
  </code>
  <code code="C172">
    <editdetail attribution="Reuters BIP Coding Group" action="confirmed" date="1997-03-14"/>
  </code>
  <code code="C173">
    <editdetail attribution="Reuters BIP Coding Group" action="confirmed" date="1997-03-14"/>
  </code>
  <code code="CCAT">
    <editdetail attribution="Reuters BIP Coding Group" action="confirmed" date="1997-03-14"/>
  </code>
</codes>
<dc element="dc.date.created" value="1997-03-14"/>
<dc element="dc.publisher" value="Reuters Holdings Plc"/>
<dc element="dc.date.published" value="1997-03-14"/>
<dc element="dc.source" value="Reuters"/>
<dc element="dc.creator.location" value="BUCHAREST"/>
<dc element="dc.creator.location.country.name" value="ROMANIA"/>
<dc element="dc.source" value="Reuters"/>
</metadata>
</newsitem>
