<?xml version="1.0" encoding="iso-8859-1" ?>
<newsitem itemid="442328" id="root" date="1997-03-14" xml:lang="en">
<title>POLAND: Zloty fixed flat at 2.96 pct from parity rate.</title>
<headline>Zloty fixed flat at 2.96 pct from parity rate.</headline>
<dateline>WARSAW 1997-03-14</dateline>
<text>
<p>The National Bank of Poland fixed the zloty at 3.0890 to the dollar, down from 3.0770 on Thursday and at 1.8110 to the mark, up from 1.8160, it said.</p>
<p>The central bank fixed the zloty at an average of 2.96 percent from the weighted dollar and mark parity rates, flat from Thursday.</p>
<p>-- Warsaw Newsroom +48 22 653 9700</p>
</text>
<copyright>(c) Reuters Limited 1997</copyright>
<metadata>
<codes class="bip:countries:1.0">
  <code code="POL">
    <editdetail attribution="Reuters BIP Coding Group" action="confirmed" date="1997-03-14"/>
  </code>
</codes>
<codes class="bip:topics:1.0">
  <code code="M13">
    <editdetail attribution="Reuters BIP Coding Group" action="confirmed" date="1997-03-14"/>
  </code>
  <code code="M132">
    <editdetail attribution="Reuters BIP Coding Group" action="confirmed" date="1997-03-14"/>
  </code>
  <code code="MCAT">
    <editdetail attribution="Reuters BIP Coding Group" action="confirmed" date="1997-03-14"/>
  </code>
</codes>
<dc element="dc.date.created" value="1997-03-14"/>
<dc element="dc.publisher" value="Reuters Holdings Plc"/>
<dc element="dc.date.published" value="1997-03-14"/>
<dc element="dc.source" value="Reuters"/>
<dc element="dc.creator.location" value="WARSAW"/>
<dc element="dc.creator.location.country.name" value="POLAND"/>
<dc element="dc.source" value="Reuters"/>
</metadata>
</newsitem>
