<?xml version="1.0" encoding="iso-8859-1" ?>
<newsitem itemid="442301" id="root" date="1997-03-14" xml:lang="en">
<title>BELARUS: Police beat, arrest Belarus demonstrators.</title>
<headline>Police beat, arrest Belarus demonstrators.</headline>
<dateline>MINSK 1997-03-14</dateline>
<text>
<p>Police beat demonstrators protesting against hardline Belarussian President Alexander Lukashenko on Friday as they cleared an unauthorised rally in the centre of the capital, Minsk.</p>
<p>A Reuters correspondent on Independence Square in the city centre saw police arrest dozens of people -- including several journalists. Some of those arrested looked dazed but there was no sign of bloodshed. Police forced them to the ground and used truncheons on them before bundling them into lorries and cars.  </p>
<p>About 1,000 mostly young activists had gathered on the square at 5 p.m. (1500 GMT) to start a tour of Western embassies in the capital to register their opposition to Lukashenko's authoritarian rule.</p>
<p>Authorities had sanctioned the gathering but banned people from marching through the streets. When the protesters started leaving the square, police moved in to stop them.</p>
<p>About 200 police with truncheons were waiting around the square. Others waited in sidestreets. They shouted orders over loudspeakers to clear the area several times before moving in.</p>
<p>Minsk authorities have also banned protesters from marching through the capital on Saturday, when opposition forces plan a big rally to mark Constitution Day. Police arrested a senior opposition figure overnight in what opposition officials described as an attempt to scare people away from the protest.</p>
</text>
<copyright>(c) Reuters Limited 1997</copyright>
<metadata>
<codes class="bip:countries:1.0">
  <code code="BYELRS">
    <editdetail attribution="Reuters BIP Coding Group" action="confirmed" date="1997-03-14"/>
  </code>
</codes>
<codes class="bip:topics:1.0">
  <code code="GCAT">
    <editdetail attribution="Reuters BIP Coding Group" action="confirmed" date="1997-03-14"/>
  </code>
  <code code="GVIO">
    <editdetail attribution="Reuters BIP Coding Group" action="confirmed" date="1997-03-14"/>
  </code>
</codes>
<dc element="dc.date.created" value="1997-03-14"/>
<dc element="dc.publisher" value="Reuters Holdings Plc"/>
<dc element="dc.date.published" value="1997-03-14"/>
<dc element="dc.source" value="Reuters"/>
<dc element="dc.creator.location" value="MINSK"/>
<dc element="dc.creator.location.country.name" value="BELARUS"/>
<dc element="dc.source" value="Reuters"/>
</metadata>
</newsitem>
