<?xml version="1.0" encoding="iso-8859-1" ?>
<newsitem itemid="442305" id="root" date="1997-03-14" xml:lang="en">
<title>RUSSIA: Russian MinFins steady,eye US data,ignore Eurobond.</title>
<headline>Russian MinFins steady,eye US data,ignore Eurobond.</headline>
<dateline>MOSCOW 1997-03-14</dateline>
<text>
<p>MinFin bonds were little changed in nervous trading on Friday ahead of U.S. statistics and dealers said the market would be steady until the next meeting of the Fed to discuss U.S. interest rates on March 25.</p>
<p>			tranche   Mar 14		  Mar 13</p>
<p>    1999 maturity   (3)     85.85-86.15	   85.90-86.15</p>
<p>    2003 maturity   (4)     62.90-63.20	   62.90-63.20</p>
<p>    2008 maturity   (5)     44.00-44.30	   44.10-44.40</p>
<p>    2006 maturity   (6)     50.20-50.50	   50.00-50.30</p>
<p>    2011 maturity   (7)     38.15-38.45	   38.00-38.30</p>
<p>&quot;Trading was rather nervous ahead of the U.S. figures (announced at 1330 GMT), with prices weakening slowly. The PPI index was positive for the market and prices recovered some 0.30,&quot; an ICFI Moscow Partners Bank dealer said.</p>
<p>U.S. Treasury prices rose on news of a 0.4 percent drop in the PPI in February, the biggest drop since October 1994.</p>
<p>Dealers said the market shrugged off news Russia would issue two more Eurobonds in 1997 for at least $2 billion.</p>
<p>Finance Minister Alexander Livshits said one of the issues will be dollar-denominated, while in 1998 Russia could also issue rouble Eurobonds.</p>
<p>&quot;Russian Eurobonds are in some way of less importance for the market than the news about U.S. interest rates, which is predominant now,&quot; a Moscow Narodny Bank dealer said.</p>
<p>Dealers forecast range-trading was likely to dominate the market until March 25 when the U.S. Federal Open Market Committee meets to deliberate interest rates.</p>
<p>--Artyom Danielyan, Moscow newsroom (095) 941 8520</p>
</text>
<copyright>(c) Reuters Limited 1997</copyright>
<metadata>
<codes class="bip:countries:1.0">
  <code code="RUSS">
    <editdetail attribution="Reuters BIP Coding Group" action="confirmed" date="1997-03-14"/>
  </code>
</codes>
<codes class="bip:topics:1.0">
  <code code="M12">
    <editdetail attribution="Reuters BIP Coding Group" action="confirmed" date="1997-03-14"/>
  </code>
  <code code="MCAT">
    <editdetail attribution="Reuters BIP Coding Group" action="confirmed" date="1997-03-14"/>
  </code>
</codes>
<dc element="dc.date.created" value="1997-03-14"/>
<dc element="dc.publisher" value="Reuters Holdings Plc"/>
<dc element="dc.date.published" value="1997-03-14"/>
<dc element="dc.source" value="Reuters"/>
<dc element="dc.creator.location" value="MOSCOW"/>
<dc element="dc.creator.location.country.name" value="RUSSIA"/>
<dc element="dc.source" value="Reuters"/>
</metadata>
</newsitem>
