<?xml version="1.0" encoding="iso-8859-1" ?>
<newsitem itemid="442355" id="root" date="1997-03-14" xml:lang="en">
<title>RUSSIA: Russian aluminium head says sector integration key.</title>
<headline>Russian aluminium head says sector integration key.</headline>
<dateline>MOSCOW 1997-03-14</dateline>
<text>
<p>The head of Russia's Kontsern Alyuminiy aluminium producers' group said on Friday domestic smelters had shown good production results but poorer financial returns in recent years and called for restructuring.</p>
<p>&quot;Russia's aluminium sector is on the verge of crisis -- we need measures to remain competitive,&quot; said Igor Prokopov, the group's executive chairman, at a metallurgy news conference.</p>
<p>&quot;We're barely competitive on world markets. Our production costs are higher than virtually anywhere else in the world.&quot;</p>
<p>He called for work with transnational commodities and other firms to continue and for vertical integration, including closer ties, possibly on the equity level, with electricity plants.</p>
<p>Interior Minister Anatoly Kulikov has stepped up a probe of alleged crimes in Russia's aluminium sector, upsetting London-based Trans-World Group, which is working with Russian smelters but says it is is the target of unfair charges.</p>
<p>Prokopov repeated earlier statements that he saw some positive and some negative elements in Kulikov's investigation, but was hesitant to be more specific.</p>
<p>While he said restructuring as a whole was a task for smelters' shareholders (as opposed to the government), &quot;a lot depended on the state&quot;.</p>
<p>&quot;It's worth noting that shareholders have preserved (export) contacts and output,&quot; he said.</p>
<p>Trans-World, Glencore AG of Switzerland and Daewoo Corp of South Korea are among the major foreign shareholders at Russian smelters.</p>
<p>Prokopov said he wanted to see per capita domestic consumption of aluminium rise to 10-15 kg from three, but a metallurgical research specialist told the same conference this was unlikely given Russia's overall industrial decline.</p>
<p>Prokopov blamed smelters' financial woes on five-digit increases in energy and transport tariffs since 1991, problems in recouping a 20 percent value-added tax and high taxes, which he said consumed money needed for investment and modernisation.</p>
<p>&quot;We want not privileges but fair energy tariffs and the right to conclude long-term contracts for energy and rail transport,&quot; he said.</p>
<p>Russian primary aluminium exports last year were the world's largest at 2.44 million tonnes out of total domestic output of 2.87 million tonnes.</p>
<p>--Lynnley Browning, Moscow Newsroom, +7095 941 8520</p>
</text>
<copyright>(c) Reuters Limited 1997</copyright>
<metadata>
<codes class="bip:countries:1.0">
  <code code="RUSS">
    <editdetail attribution="Reuters BIP Coding Group" action="confirmed" date="1997-03-14"/>
  </code>
</codes>
<codes class="bip:industries:1.0">
  <code code="I22450">
    <editdetail attribution="Reuters BIP Coding Group" action="confirmed" date="1997-03-14"/>
  </code>
</codes>
<codes class="bip:topics:1.0">
  <code code="C21">
    <editdetail attribution="Reuters BIP Coding Group" action="confirmed" date="1997-03-14"/>
  </code>
  <code code="CCAT">
    <editdetail attribution="Reuters BIP Coding Group" action="confirmed" date="1997-03-14"/>
  </code>
  <code code="M14">
    <editdetail attribution="Reuters BIP Coding Group" action="confirmed" date="1997-03-14"/>
  </code>
  <code code="M142">
    <editdetail attribution="Reuters BIP Coding Group" action="confirmed" date="1997-03-14"/>
  </code>
  <code code="MCAT">
    <editdetail attribution="Reuters BIP Coding Group" action="confirmed" date="1997-03-14"/>
  </code>
</codes>
<dc element="dc.date.created" value="1997-03-14"/>
<dc element="dc.publisher" value="Reuters Holdings Plc"/>
<dc element="dc.date.published" value="1997-03-14"/>
<dc element="dc.source" value="Reuters"/>
<dc element="dc.creator.location" value="MOSCOW"/>
<dc element="dc.creator.location.country.name" value="RUSSIA"/>
<dc element="dc.source" value="Reuters"/>
</metadata>
</newsitem>
