<?xml version="1.0" encoding="iso-8859-1" ?>
<newsitem itemid="442330" id="root" date="1997-03-14" xml:lang="en">
<title>BULGARIA: Bulgaria lev closes flat at 1,580-1,590 to dollar.</title>
<headline>Bulgaria lev closes flat at 1,580-1,590 to dollar.</headline>
<dateline>SOFIA 1997-03-14</dateline>
<text>
<p>The Bulgarian lev closed flat on the opening at 1,580-1,590 per dollar on a calm interbank market where the central bank was seen buying foreign currency, dealers said.</p>
<p>&quot;Trade was lively as there was higher interest in both dollar sales and purchases. Demand and supply met around 1,580-1,590,&quot; a dealer said.</p>
<p>Foreign currency supply came mainly from final clients aiming to boost lev liquidity in anticipation of a stable or a firmer lev.  </p>
<p>The central bank was seen buying dollars through a large state-owned commercial bank, traders said. They did not elaborate.</p>
<p>Central bank officials were not available for comment.</p>
<p>The lev traded stable between 1,550-1,650 this week, up from about 1,900 at the beginning of March. -- Anastas Petrov, Sofia Newsroom, (++359-2) 981 8569</p>
</text>
<copyright>(c) Reuters Limited 1997</copyright>
<metadata>
<codes class="bip:countries:1.0">
  <code code="BUL">
    <editdetail attribution="Reuters BIP Coding Group" action="confirmed" date="1997-03-14"/>
  </code>
</codes>
<codes class="bip:topics:1.0">
  <code code="M13">
    <editdetail attribution="Reuters BIP Coding Group" action="confirmed" date="1997-03-14"/>
  </code>
  <code code="M131">
    <editdetail attribution="Reuters BIP Coding Group" action="confirmed" date="1997-03-14"/>
  </code>
  <code code="M132">
    <editdetail attribution="Reuters BIP Coding Group" action="confirmed" date="1997-03-14"/>
  </code>
  <code code="MCAT">
    <editdetail attribution="Reuters BIP Coding Group" action="confirmed" date="1997-03-14"/>
  </code>
</codes>
<dc element="dc.date.created" value="1997-03-14"/>
<dc element="dc.publisher" value="Reuters Holdings Plc"/>
<dc element="dc.date.published" value="1997-03-14"/>
<dc element="dc.source" value="Reuters"/>
<dc element="dc.creator.location" value="SOFIA"/>
<dc element="dc.creator.location.country.name" value="BULGARIA"/>
<dc element="dc.source" value="Reuters"/>
</metadata>
</newsitem>
