<?xml version="1.0" encoding="iso-8859-1" ?>
<newsitem itemid="442325" id="root" date="1997-03-14" xml:lang="en">
<title>HUNGARY: Hungary Malev sees '96 profit of HUF 350-400 mln.</title>
<headline>Hungary Malev sees '96 profit of HUF 350-400 mln.</headline>
<dateline>BUDAPEST 1997-03-14</dateline>
<text>
<p>Hungary's national airline Malev Rt said it expected a 1996 pre-tax profit of between 350 million to 400 million forints, Malev said on Friday.</p>
<p>This is more than double of the 1995 profit, the company said.</p>
<p>Malev had 56 billion forints turnover in 1996 and had 1.6 million passengers, it added.</p>
<p>The company plans to increase the passenger number by some eight percent this year and also plans boost its sales by some 25 percent, Malev said.</p>
<p>Malev, which has an issued share capital of 77 billion forints, is 35 percent owned by Italy's Alitalia while most of the remaining stake is held by Hungary's state privatisation agency APV Rt.</p>
<p>-- Budapest newsroom +36 1 327 4040</p>
</text>
<copyright>(c) Reuters Limited 1997</copyright>
<metadata>
<codes class="bip:countries:1.0">
  <code code="HUNG">
    <editdetail attribution="Reuters BIP Coding Group" action="confirmed" date="1997-03-14"/>
  </code>
</codes>
<codes class="bip:industries:1.0">
  <code code="I75000">
    <editdetail attribution="Reuters BIP Coding Group" action="confirmed" date="1997-03-14"/>
  </code>
</codes>
<codes class="bip:topics:1.0">
  <code code="C15">
    <editdetail attribution="Reuters BIP Coding Group" action="confirmed" date="1997-03-14"/>
  </code>
  <code code="C152">
    <editdetail attribution="Reuters BIP Coding Group" action="confirmed" date="1997-03-14"/>
  </code>
  <code code="CCAT">
    <editdetail attribution="Reuters BIP Coding Group" action="confirmed" date="1997-03-14"/>
  </code>
</codes>
<dc element="dc.date.created" value="1997-03-14"/>
<dc element="dc.publisher" value="Reuters Holdings Plc"/>
<dc element="dc.date.published" value="1997-03-14"/>
<dc element="dc.source" value="Reuters"/>
<dc element="dc.creator.location" value="BUDAPEST"/>
<dc element="dc.creator.location.country.name" value="HUNGARY"/>
<dc element="dc.source" value="Reuters"/>
</metadata>
</newsitem>
