<?xml version="1.0" encoding="iso-8859-1" ?>
<newsitem itemid="465148" id="root" date="1997-03-25" xml:lang="en">
<title>CANADA: Alberta Safeway employees to strike.</title>
<headline>Alberta Safeway employees to strike.</headline>
<dateline>CALGARY 1997-03-25</dateline>
<text>
<p>Unionized employees at Canada Safeway Ltd's 73 grocery stores in Alberta plan to go on strike at midnight on Tuesday, a week before voting on a final labor offer from the company, unions and management said.</p>
<p>The final offer from Canada Safeway, a unit of Pleasonton, California-based Safeway Inc and Alberta's largest grocery chain, was presented to the unions on Monday after talks broke down.</p>
<p>The company's clerks, meat cutters and bakers in Alberta stores voted overwhelmingly in favor of a strike last week.  </p>
<p>Officials with the United Food and Commercial Workers union said they would urge members to reject the last-minute deal when employees in Edmonton and Calgary vote on it Monday and Tuesday. A schedule for voting in other cities had yet to be determined.</p>
<p>The company, which has 10,000 employees in the western Canadian province, offered a 50-cent per hour wage hike and C$1,000 lump-sum payment for full-time staff if the deal was ratified.</p>
<p>The five-year deal would also give full-time and senior part-time employees pay hikes of 30 cents an hour in 1998 and 40 cents in 2000.</p>
<p>Canada Safeway said the offer was worth an increase of C$2 an hour for those employees earning more than C$14 an hour. Those currently taking home less would get an increase of C$1.17.</p>
<p>The final deal did not fully restore C$2 an hour wage rollbacks the company's employees took in 1993. Union negotiators had demanded during the talks that the pay be made up.</p>
<p>&quot;We find the union's position extremely unfortunate,&quot; Canada Safeway president Grant Hansen said.</p>
<p>&quot;Why would the union leaders subject our employees to a loss of wages and benefits, and risk a loss of sales that would further impact our employees, before they have had an opportunity to vote on the offer?&quot;</p>
<p>Hansen, in a letter to union leaders, on Tuesday proposed lifting the two sides' strike and lockout notices.</p>
<p>Meanwhile, the company has trained about 2,000 replacement workers so it could continue operations during the strike.</p>
<p>Canada Safeway's big competitors in Alberta, Loblaw Cos Ltd unit The Real Canadian Superstore and Co-op stores, a member cooperative, have served notice they planned to woo Safeway customers in the event of a labor disruption.</p>
<p>((Reuters Calgary Bureau (403) 531-1624))</p>
</text>
<copyright>(c) Reuters Limited 1997</copyright>
<metadata>
<codes class="bip:countries:1.0">
  <code code="CANA">
    <editdetail attribution="Reuters BIP Coding Group" action="confirmed" date="1997-03-25"/>
  </code>
  <code code="USA">
    <editdetail attribution="Reuters BIP Coding Group" action="confirmed" date="1997-03-25"/>
  </code>
</codes>
<codes class="bip:industries:1.0">
  <code code="I64100">
    <editdetail attribution="Reuters BIP Coding Group" action="confirmed" date="1997-03-25"/>
  </code>
</codes>
<codes class="bip:topics:1.0">
  <code code="C42">
    <editdetail attribution="Reuters BIP Coding Group" action="confirmed" date="1997-03-25"/>
  </code>
  <code code="CCAT">
    <editdetail attribution="Reuters BIP Coding Group" action="confirmed" date="1997-03-25"/>
  </code>
  <code code="E41">
    <editdetail attribution="Reuters BIP Coding Group" action="confirmed" date="1997-03-25"/>
  </code>
  <code code="ECAT">
    <editdetail attribution="Reuters BIP Coding Group" action="confirmed" date="1997-03-25"/>
  </code>
  <code code="GCAT">
    <editdetail attribution="Reuters BIP Coding Group" action="confirmed" date="1997-03-25"/>
  </code>
  <code code="GJOB">
    <editdetail attribution="Reuters BIP Coding Group" action="confirmed" date="1997-03-25"/>
  </code>
</codes>
<dc element="dc.date.created" value="1997-03-25"/>
<dc element="dc.publisher" value="Reuters Holdings Plc"/>
<dc element="dc.date.published" value="1997-03-25"/>
<dc element="dc.source" value="Reuters"/>
<dc element="dc.creator.location" value="CALGARY"/>
<dc element="dc.creator.location.country.name" value="CANADA"/>
<dc element="dc.source" value="Reuters"/>
</metadata>
</newsitem>
