<?xml version="1.0" encoding="iso-8859-1" ?>
<newsitem itemid="465168" id="root" date="1997-03-25" xml:lang="en">
<title>USA: RESEARCH ALERT - Essef Corp upgraded to buy.</title>
<headline>RESEARCH ALERT - Essef Corp upgraded to buy.</headline>
<text>
<p>- McDonald &amp; Co said Tuesday it upgraded water treatment equipment maker Essef Corp to buy from hold. Essef said Monday it plans to acquire swimming pool firm General Aquatics Inc.</p>
<p>- Analyst Saul Ludwig said in a report he will not adjust his earnings estimates until Essef says whether it plans to sell equity to repay debt it will take on in the $68 million acquisition and until more detail is available on General Aquatics' potential operating margins.</p>
<p>- But, he said, potential benefits outweigh risks. Until more detail is available, he kept earnings estimates of $1.50 a share in 1997 and $1.65 in 1998 versus $1.42 in 1996.</p>
<p>((Cleveland Newsdesk, Susan Zimmerman 216-579-0077))</p>
</text>
<copyright>(c) Reuters Limited 1997</copyright>
<metadata>
<codes class="bip:countries:1.0">
  <code code="USA">
    <editdetail attribution="Reuters BIP Coding Group" action="confirmed" date="1997-03-25"/>
  </code>
</codes>
<codes class="bip:industries:1.0">
  <code code="I48300">
    <editdetail attribution="Reuters BIP Coding Group" action="confirmed" date="1997-03-25"/>
  </code>
</codes>
<codes class="bip:topics:1.0">
  <code code="C15">
    <editdetail attribution="Reuters BIP Coding Group" action="confirmed" date="1997-03-25"/>
  </code>
  <code code="C152">
    <editdetail attribution="Reuters BIP Coding Group" action="confirmed" date="1997-03-25"/>
  </code>
  <code code="CCAT">
    <editdetail attribution="Reuters BIP Coding Group" action="confirmed" date="1997-03-25"/>
  </code>
</codes>
<dc element="dc.publisher" value="Reuters Holdings Plc"/>
<dc element="dc.date.published" value="1997-03-25"/>
<dc element="dc.source" value="Reuters"/>
<dc element="dc.creator.location.country.name" value="USA"/>
<dc element="dc.source" value="Reuters"/>
</metadata>
</newsitem>
