<?xml version="1.0" encoding="iso-8859-1" ?>
<newsitem itemid="465151" id="root" date="1997-03-25" xml:lang="en">
<title>CANADA: Newcourt Credit holders back stock split.</title>
<headline>Newcourt Credit holders back stock split.</headline>
<dateline>TORONTO 1997-03-25</dateline>
<text>
<p>Newcourt Credit Group Inc said on Tuesday its shareholders have approved a 2-for-1 split of the company's stock.</p>
<p>&quot;With the approval of the resolution...we will be able to enhance the liquidity of the stock and hopefully bring more shareholders into this group by the time we meet again next year,&quot; Newcourt president Steven Hudson said in a speech to shareholders at the company's annual meeting.</p>
<p>Shares in Newcourt Credit were up 0.80 at 52.80 in late afternoon volume of 181,000 shares on the Toronto Stock Exchange.</p>
<p>((Reuters Toronto Bureau (416) 941-8100))</p>
</text>
<copyright>(c) Reuters Limited 1997</copyright>
<metadata>
<codes class="bip:countries:1.0">
  <code code="CANA">
    <editdetail attribution="Reuters BIP Coding Group" action="confirmed" date="1997-03-25"/>
  </code>
</codes>
<codes class="bip:industries:1.0">
  <code code="I81501">
    <editdetail attribution="Reuters BIP Coding Group" action="confirmed" date="1997-03-25"/>
  </code>
</codes>
<codes class="bip:topics:1.0">
  <code code="C17">
    <editdetail attribution="Reuters BIP Coding Group" action="confirmed" date="1997-03-25"/>
  </code>
  <code code="C171">
    <editdetail attribution="Reuters BIP Coding Group" action="confirmed" date="1997-03-25"/>
  </code>
  <code code="CCAT">
    <editdetail attribution="Reuters BIP Coding Group" action="confirmed" date="1997-03-25"/>
  </code>
</codes>
<dc element="dc.date.created" value="1997-03-25"/>
<dc element="dc.publisher" value="Reuters Holdings Plc"/>
<dc element="dc.date.published" value="1997-03-25"/>
<dc element="dc.source" value="Reuters"/>
<dc element="dc.creator.location" value="TORONTO"/>
<dc element="dc.creator.location.country.name" value="CANADA"/>
<dc element="dc.source" value="Reuters"/>
</metadata>
</newsitem>
