<?xml version="1.0" encoding="iso-8859-1" ?>
<newsitem itemid="465160" id="root" date="1997-03-25" xml:lang="en">
<title>UK: Greenpeace challenges oil industry for new site.</title>
<headline>Greenpeace challenges oil industry for new site.</headline>
<byline>Richard Mably</byline>
<dateline>LONDON 1997-03-25</dateline>
<text>
<p>Environmental lobby group Greenpeace challenged Britain's oil industry on Tuesday by bidding for the rights to a major unexplored seabed site off the northern Scottish coast.</p>
<p>The British government said Greenpeace had bid against the world's leading oil companies for all 22,000 square miles of offshore acreage available in Britain's 17th oil licensing round.</p>
<p>Greenpeace said it hoped to block the multi-billion dollar aspirations of the international oil industry and turn the site into a marine wildlife sanctuary.</p>
<p>&quot;Opening up pristine ocean for new oil development is madness fuelled by greed,&quot; said Greenpeace spokesman Matthew Spencer.</p>
<p>Greenpeace also said it had met British Petroleum to discuss concerns about the company's developments west of the Shetland islands.</p>
<p>British Petroleum said it had briefed Greenpeace on its intentions to start oil production at the Shetland Foinaven development, the first of a new generation of oilfields in the region.</p>
<p>&quot;We did have a briefing on our operations west of Shetland with Greenpeace and we have written to them,&quot; said a company spokesman.</p>
<p>Greenpeace said rumours that it was planning to take direct action to sabotage British Petroleum's operations were started by the company.</p>
<p>&quot;Greenpeace is surprised that BP has apparently started this rumour mill and expressed such concern when thus far all Greenpeace has done is discuss the issue with the oil industry,&quot; Greenpeace said in a statement.</p>
<p>Greenpeace campaign manager Sarah Burton said the group could not rule out the possibility of direct action.</p>
<p>&quot;We haven't ruled it out because Greenpeace never discusses future action,&quot; she said.</p>
<p>In 1995, Greenpeace forced Anglo-Dutch oil giant Shell to rethink its plans to ditch the Brent Spar platform at sea.</p>
<p>A high-profile campaign involved Greenpeace attempts to block the platform being towed to its dumping site and a boycott of Shell petrol stations in Europe.</p>
<p>Brent Spar has been moored in a Norwegian fjord since then. Alternative proposals for disposal are being assessed by an independent adviser.</p>
<p>British Petroleum is expecting to bring the Foinaven oilfield on stream in a matter of weeks after a fast-track development following government approval in 1994.</p>
<p>A second BP field, Schiehallion, is due onstream in mid-1998 and earlier this month the company announced a third discovery in the region, Suilven.</p>
<p>The British goverment said Greenpeace's application for the 17th round acreage was being assessed.</p>
<p>&quot;We have received applications from Greenpeace and we are examining the documentation to see if they meet the legal requirements,&quot; a spokeswoman for the Department of Trade and Industry (DTI) said.</p>
<p>She said 36 oil companies had applied for the 127 blocks on offer.</p>
<p>No decision had been made on when the awards would be made, she added.</p>
<p>Britain's offshore oil industry association said it was surprised by the Greenpeace application.</p>
<p>&quot;Whatever Greenpeace might believe should be the case in the future, life today and the expectations of consumers with regard to living standards, comfort and mobility, depend on the availability of adequate resources of fossil fuels,&quot; UK Offshore Operators Association (UKOOA) director James May said.</p>
<p>UKOOA represents 34 oil companies licensed to explore for and produce oil and gas in British waters.</p>
</text>
<copyright>(c) Reuters Limited 1997</copyright>
<metadata>
<codes class="bip:countries:1.0">
  <code code="UK">
    <editdetail attribution="Reuters BIP Coding Group" action="confirmed" date="1997-03-25"/>
  </code>
</codes>
<codes class="bip:industries:1.0">
  <code code="I13000">
    <editdetail attribution="Reuters BIP Coding Group" action="confirmed" date="1997-03-25"/>
  </code>
  <code code="I1300003">
    <editdetail attribution="Reuters BIP Coding Group" action="confirmed" date="1997-03-25"/>
  </code>
</codes>
<codes class="bip:topics:1.0">
  <code code="C13">
    <editdetail attribution="Reuters BIP Coding Group" action="confirmed" date="1997-03-25"/>
  </code>
  <code code="C24">
    <editdetail attribution="Reuters BIP Coding Group" action="confirmed" date="1997-03-25"/>
  </code>
  <code code="CCAT">
    <editdetail attribution="Reuters BIP Coding Group" action="confirmed" date="1997-03-25"/>
  </code>
  <code code="GCAT">
    <editdetail attribution="Reuters BIP Coding Group" action="confirmed" date="1997-03-25"/>
  </code>
  <code code="GENV">
    <editdetail attribution="Reuters BIP Coding Group" action="confirmed" date="1997-03-25"/>
  </code>
</codes>
<dc element="dc.date.created" value="1997-03-25"/>
<dc element="dc.publisher" value="Reuters Holdings Plc"/>
<dc element="dc.date.published" value="1997-03-25"/>
<dc element="dc.source" value="Reuters"/>
<dc element="dc.creator.location" value="LONDON"/>
<dc element="dc.creator.location.country.name" value="UK"/>
<dc element="dc.source" value="Reuters"/>
</metadata>
</newsitem>
