<?xml version="1.0" encoding="iso-8859-1" ?>
<newsitem itemid="465192" id="root" date="1997-03-25" xml:lang="en">
<title>USA: Fla. judge reserves ruling on tobacco case motion.</title>
<headline>Fla. judge reserves ruling on tobacco case motion.</headline>
<dateline>JACKSONVILLE 1997-03-25</dateline>
<text>
<p>A Florida judge on Tuesday heard arguments but did not rule on a motion to dismiss a charge of conspiracy to commit fraud in a wrongful death lawsuit against R.J. Reynolds Tobacco Co.</p>
<p>After hearing arguments, Duval County Circuit Judge Bernard Nachman indicated he would likely grant a partial summary judgment on the Reynolds motion to remove the conspiracy count from a lawsuit filed by the sister of a smoker who died of lung cancer.</p>
<p>R.J. Reynolds is a unit of RJR Nabisco Holdings Corp. </p>
<p>The lawsuit was initially filed as a product liability case for Jean Connor, a longtime smoker who died of lung cancer in 1995 at age 49.</p>
<p>After Connor died, her lawyer, Norwood Wilner, refiled the suit as a wrongful death case with Connor's sister, Dana Raulerson, as the plaintiff on behalf of Connor's estate and her three children. Trial is set for April 7.</p>
<p>The lawsuit contends tobacco companies perpetrated fraud by hiding the dangers of cigarette smoking or by presenting smoking as healthful and fun when their own research showed it to be dangerous.  </p>
<p>Paul Crist, an attorney for R.J. Reynolds, told Nachman there was no evidence that Jean Connor had seen, heard or relied on information contained in cigarette advertising in making her decision to smoke.</p>
<p>&quot;The plaintiff is really seeking to assert that there was fraud in the air and the fraud somehow touched Jean Connor,&quot; Crist said.  </p>
<p>Raulerson's attorney, Wilner, countered that Connor relied on advertising for Salem cigarettes, the brand she smoked, which said that Salems were &quot;springtime fresh.&quot; He compared the cigarettes to rat poison, asking if rat poison would be advertised as &quot;springtime fresh?&quot;</p>
<p>Wilner also argued that Connor indirectly relied on advertising because she was influenced by the opinions of family and friends who were in turn influenced by tobacco company publicity.  </p>
<p>Nachman said he was &quot;not too thrilled&quot; with that line of argument. He indicated he would likely grant a partial summary judgment.</p>
<p>&quot;I have grave doubts that could be proven (or) that's good law,&quot; he said.</p>
<p>The judge ordered the two sides to submit proposed written orders by Friday but did not say when he would rule.</p>
</text>
<copyright>(c) Reuters Limited 1997</copyright>
<metadata>
<codes class="bip:countries:1.0">
  <code code="USA">
    <editdetail attribution="Reuters BIP Coding Group" action="confirmed" date="1997-03-25"/>
  </code>
</codes>
<codes class="bip:industries:1.0">
  <code code="I42900">
    <editdetail attribution="Reuters BIP Coding Group" action="confirmed" date="1997-03-25"/>
  </code>
</codes>
<codes class="bip:topics:1.0">
  <code code="C12">
    <editdetail attribution="Reuters BIP Coding Group" action="confirmed" date="1997-03-25"/>
  </code>
  <code code="CCAT">
    <editdetail attribution="Reuters BIP Coding Group" action="confirmed" date="1997-03-25"/>
  </code>
  <code code="GCAT">
    <editdetail attribution="Reuters BIP Coding Group" action="confirmed" date="1997-03-25"/>
  </code>
  <code code="GCRIM">
    <editdetail attribution="Reuters BIP Coding Group" action="confirmed" date="1997-03-25"/>
  </code>
</codes>
<dc element="dc.date.created" value="1997-03-25"/>
<dc element="dc.publisher" value="Reuters Holdings Plc"/>
<dc element="dc.date.published" value="1997-03-25"/>
<dc element="dc.source" value="Reuters"/>
<dc element="dc.creator.location" value="JACKSONVILLE"/>
<dc element="dc.creator.location.country.name" value="USA"/>
<dc element="dc.source" value="Reuters"/>
</metadata>
</newsitem>
