<?xml version="1.0" encoding="iso-8859-1" ?>
<newsitem itemid="465196" id="root" date="1997-03-25" xml:lang="en">
<title>USA: Healthy Planet Products 1996 shr falls.</title>
<headline>Healthy Planet Products 1996 shr falls.</headline>
<dateline>PETALUMA, Calif. 1997-03-25</dateline>
<text>
<p>HEALTHY PLANET PRODUCTS INC.</p>
<p>				Statements of Income</p>
<p>							   Year ended</p>
<p>							     Dec. 31,</p>
<p>							 1996	 1995</p>
<p> Net sales				     $4,632,400  $5,892,300</p>
<p> Cost of goods sold			   1,965,500   2,286,700</p>
<p> Gross profit				   2,666,900   3,605,600</p>
<p>Operating expenses:</p>
<p>  Selling, shipping and marketing	   898,700     998,300</p>
<p>  General and administrative		1,648,400   1,580,800</p>
<p>						    2,547,100   2,579,100</p>
<p> Operating income				 119,800   1,026,500</p>
<p>Other income (expense):</p>
<p>  Interest income				 158,400     129,700</p>
<p>  Other income				    134,900	 5,500</p>
<p>							293,300     135,200</p>
<p> Income before income taxes		   413,100   1,161,700</p>
<p>Provision for (benefit from) income taxes</p>
<p>							161,000   (983,200)</p>
<p> Net income					 252,100   2,144,900</p>
<p>Dividends paid and accumulated on</p>
<p>  preferred stock				 (9,000)     (9,000)</p>
<p> Income applicable to common stock	  243,100   2,135,900</p>
<p> Earnings per share				12 cts	  1.05</p>
<p>Weighted average common shares and</p>
<p>  equivalents outstanding		   2,013,623   2,041,645</p>
<p>NOTE: 1995 includes a one-time tax gain of $983,200, or $0.48/shr.</p>
</text>
<copyright>(c) Reuters Limited 1997</copyright>
<metadata>
<codes class="bip:countries:1.0">
  <code code="USA">
    <editdetail attribution="Reuters BIP Coding Group" action="confirmed" date="1997-03-25"/>
  </code>
</codes>
<codes class="bip:industries:1.0">
  <code code="I47500">
    <editdetail attribution="Reuters BIP Coding Group" action="confirmed" date="1997-03-25"/>
  </code>
</codes>
<codes class="bip:topics:1.0">
  <code code="C15">
    <editdetail attribution="Reuters BIP Coding Group" action="confirmed" date="1997-03-25"/>
  </code>
  <code code="C151">
    <editdetail attribution="Reuters BIP Coding Group" action="confirmed" date="1997-03-25"/>
  </code>
  <code code="C1511">
    <editdetail attribution="Reuters BIP Coding Group" action="confirmed" date="1997-03-25"/>
  </code>
  <code code="CCAT">
    <editdetail attribution="Reuters BIP Coding Group" action="confirmed" date="1997-03-25"/>
  </code>
</codes>
<dc element="dc.date.created" value="1997-03-25"/>
<dc element="dc.publisher" value="Reuters Holdings Plc"/>
<dc element="dc.date.published" value="1997-03-25"/>
<dc element="dc.source" value="Reuters"/>
<dc element="dc.creator.location" value="PETALUMA, Calif."/>
<dc element="dc.creator.location.country.name" value="USA"/>
<dc element="dc.source" value="Reuters"/>
</metadata>
</newsitem>
