<?xml version="1.0" encoding="iso-8859-1" ?>
<newsitem itemid="465159" id="root" date="1997-03-25" xml:lang="en">
<title>CANADA: Becker nine month Jan 31 turns to loss.</title>
<headline>Becker nine month Jan 31 turns to loss.</headline>
<dateline>TORONTO 1997-03-25</dateline>
<text>
<p>1997			    1996</p>
<p>	   9  MONTHS</p>
<p> Shr	   loss	C$2.14   profit	C$0.22</p>
<p> Net	   loss	 3,665   profit	   408</p>
<p> Revs		     819,174			 NA</p>
<p>(All data above 000s except per share numbers)</p>
<p>Note: Full name is Becker Milk Co Ltd.</p>
<p>Becker sold its dairy and convenience store operations to Silcorp Ltd on November 30, resulting in a net loss on discontinued operations of C$3.586 million. This included income tax provisions of C$2.1 million. Becker is now a real estate company.</p>
<p>((Reuters Toronto Bureau (416) 941-8109))</p>
</text>
<copyright>(c) Reuters Limited 1997</copyright>
<metadata>
<codes class="bip:countries:1.0">
  <code code="CANA">
    <editdetail attribution="Reuters BIP Coding Group" action="confirmed" date="1997-03-25"/>
  </code>
</codes>
<codes class="bip:industries:1.0">
  <code code="I64100">
    <editdetail attribution="Reuters BIP Coding Group" action="confirmed" date="1997-03-25"/>
  </code>
</codes>
<codes class="bip:topics:1.0">
  <code code="C15">
    <editdetail attribution="Reuters BIP Coding Group" action="confirmed" date="1997-03-25"/>
  </code>
  <code code="C151">
    <editdetail attribution="Reuters BIP Coding Group" action="confirmed" date="1997-03-25"/>
  </code>
  <code code="CCAT">
    <editdetail attribution="Reuters BIP Coding Group" action="confirmed" date="1997-03-25"/>
  </code>
</codes>
<dc element="dc.date.created" value="1997-03-25"/>
<dc element="dc.publisher" value="Reuters Holdings Plc"/>
<dc element="dc.date.published" value="1997-03-25"/>
<dc element="dc.source" value="Reuters"/>
<dc element="dc.creator.location" value="TORONTO"/>
<dc element="dc.creator.location.country.name" value="CANADA"/>
<dc element="dc.source" value="Reuters"/>
</metadata>
</newsitem>
