<?xml version="1.0" encoding="iso-8859-1" ?>
<newsitem itemid="465185" id="root" date="1997-03-25" xml:lang="en">
<title>USA: Clinton urges tighter screening for Medicare docs.</title>
<headline>Clinton urges tighter screening for Medicare docs.</headline>
<dateline>WASHINGTON 1997-03-25</dateline>
<text>
<p>President Clinton Tuesday called for tighter screening of health care providers who receive Medicare and Medicaid payments to fight fraud and abuse in the government health care programs.</p>
<p>Clinton asked Congress to pass a bill called &quot;The Medicare and Medicaid Fraud and Abuse Prevention Act,&quot; which would help bar unscrupulous doctors and medical firms from the government health care programs for the elderly and poor.</p>
<p>Among other things, the legislation would let Medicare and Medicaid administrators deny anyone convicted of a felony the right to take part in the programs and require participants to furnish their Social Security numbers so that applicants could be checked for past fraudulent activity.</p>
<p>Clinton's initiative reflected concern about the extent to which unlicensed doctors and others were bilking taxpayers. A recent General Accounting Office report estimated that fraud and abuse accounted for three to 10 percent of all Medicare spending, or $6 billion to $20 billion a year.</p>
<p>&quot;The new legislation follows on four years of focused effort by the Clinton administration that has helped save more than $20 billion in health care claims through policy changes, penalties, recoveries, claims denials and settlements,&quot; a White House fact sheet said.</p>
<p>However, Congress acted last year to create an information clearinghouse to try to reduce fraud in Medicare and Medicaid. The data bank was to have been established by Jan. 1, but the administration has not yet carried out the plan.</p>
</text>
<copyright>(c) Reuters Limited 1997</copyright>
<metadata>
<codes class="bip:countries:1.0">
  <code code="USA">
    <editdetail attribution="Reuters BIP Coding Group" action="confirmed" date="1997-03-25"/>
  </code>
</codes>
<codes class="bip:topics:1.0">
  <code code="GCAT">
    <editdetail attribution="Reuters BIP Coding Group" action="confirmed" date="1997-03-25"/>
  </code>
  <code code="GHEA">
    <editdetail attribution="Reuters BIP Coding Group" action="confirmed" date="1997-03-25"/>
  </code>
  <code code="GPOL">
    <editdetail attribution="Reuters BIP Coding Group" action="confirmed" date="1997-03-25"/>
  </code>
</codes>
<dc element="dc.date.created" value="1997-03-25"/>
<dc element="dc.publisher" value="Reuters Holdings Plc"/>
<dc element="dc.date.published" value="1997-03-25"/>
<dc element="dc.source" value="Reuters"/>
<dc element="dc.creator.location" value="WASHINGTON"/>
<dc element="dc.creator.location.country.name" value="USA"/>
<dc element="dc.source" value="Reuters"/>
</metadata>
</newsitem>
