<?xml version="1.0" encoding="iso-8859-1" ?>
<newsitem itemid="465193" id="root" date="1997-03-25" xml:lang="en">
<title>USA: Times Mirror files for $250 mln shelf.</title>
<headline>Times Mirror files for $250 mln shelf.</headline>
<dateline>WASHINGTON 1997-03-25</dateline>
<text>
<p>Times Mirror Co filed Tuesday a shelf registration with the Securities and Exchange Commission to sell up to $250 million in debt securities, preferred and common stock and warrants.</p>
<p>Net proceeds will be used for general corporate purposes, the company said in the filing.</p>
<p>The company, based in Los Angeles, Calif., is primarily in the newspaper publishing, professional information and consumer media publishing businesses.</p>
</text>
<copyright>(c) Reuters Limited 1997</copyright>
<metadata>
<codes class="bip:countries:1.0">
  <code code="USA">
    <editdetail attribution="Reuters BIP Coding Group" action="confirmed" date="1997-03-25"/>
  </code>
</codes>
<codes class="bip:industries:1.0">
  <code code="I47510">
    <editdetail attribution="Reuters BIP Coding Group" action="confirmed" date="1997-03-25"/>
  </code>
</codes>
<codes class="bip:topics:1.0">
  <code code="C17">
    <editdetail attribution="Reuters BIP Coding Group" action="confirmed" date="1997-03-25"/>
  </code>
  <code code="C171">
    <editdetail attribution="Reuters BIP Coding Group" action="confirmed" date="1997-03-25"/>
  </code>
  <code code="C172">
    <editdetail attribution="Reuters BIP Coding Group" action="confirmed" date="1997-03-25"/>
  </code>
  <code code="CCAT">
    <editdetail attribution="Reuters BIP Coding Group" action="confirmed" date="1997-03-25"/>
  </code>
</codes>
<dc element="dc.date.created" value="1997-03-25"/>
<dc element="dc.publisher" value="Reuters Holdings Plc"/>
<dc element="dc.date.published" value="1997-03-25"/>
<dc element="dc.source" value="Reuters"/>
<dc element="dc.creator.location" value="WASHINGTON"/>
<dc element="dc.creator.location.country.name" value="USA"/>
<dc element="dc.source" value="Reuters"/>
</metadata>
</newsitem>
