<?xml version="1.0" encoding="iso-8859-1" ?>
<newsitem itemid="465170" id="root" date="1997-03-25" xml:lang="en">
<title>USA: RESEARCH ALERT - Global EPS view cut.</title>
<headline>RESEARCH ALERT - Global EPS view cut.</headline>
<text>
<p>-- Montgomery Securities on Tuesday said analysts Tom Courtney and Kevin Dede cut their first-quarter and 1997 estimates for Global DirectMail Corp's earnings per share (EPS).</p>
<p>-- In a report, they reduced their first-quarter EPS estimate to $0.33 from $0.37 and their 1997 estimate to $1.40 from $1.45.</p>
<p>-- Their EPS estimates for the second and fourth quarters were unchanged at $0.33 and $0.39, respectively. The EPS estimate for the third quarter was cut to $0.35 from $0.36.</p>
<p>-- &quot;We have revised the assumptions in our first quarter estimate to reflect lower profitability overseas due mainly to the negative impact from the stronger dollar and the related currency translation,&quot; Dede and Courtney wrote.</p>
<p>-- The 1997 estimate was reduced &quot;as a result of expected continued exchange rate pressure.&quot;</p>
<p>-- Shares in the Port Washington, N.Y., direct marketing company had fallen 7-1/2 to 20-1/2 before the New York Stock Exchange near midday halted trade in the shares for news pending. More than 2.02 million shares had changed hands, compared with an average daily volume of 84,000.  </p>
<p>-- The analysts kept their buy rating on the stock.</p>
<p>((--Ian Simpson, Wall Street desk, (212) 859-1879))</p>
</text>
<copyright>(c) Reuters Limited 1997</copyright>
<metadata>
<codes class="bip:countries:1.0">
  <code code="USA">
    <editdetail attribution="Reuters BIP Coding Group" action="confirmed" date="1997-03-25"/>
  </code>
</codes>
<codes class="bip:industries:1.0">
  <code code="I33010">
    <editdetail attribution="Reuters BIP Coding Group" action="confirmed" date="1997-03-25"/>
  </code>
</codes>
<codes class="bip:topics:1.0">
  <code code="C15">
    <editdetail attribution="Reuters BIP Coding Group" action="confirmed" date="1997-03-25"/>
  </code>
  <code code="C152">
    <editdetail attribution="Reuters BIP Coding Group" action="confirmed" date="1997-03-25"/>
  </code>
  <code code="CCAT">
    <editdetail attribution="Reuters BIP Coding Group" action="confirmed" date="1997-03-25"/>
  </code>
</codes>
<dc element="dc.publisher" value="Reuters Holdings Plc"/>
<dc element="dc.date.published" value="1997-03-25"/>
<dc element="dc.source" value="Reuters"/>
<dc element="dc.creator.location.country.name" value="USA"/>
<dc element="dc.source" value="Reuters"/>
</metadata>
</newsitem>
