<?xml version="1.0" encoding="iso-8859-1" ?>
<newsitem itemid="465173" id="root" date="1997-03-25" xml:lang="en">
<title>USA: RESEARCH ALERT - ILEX Oncology started.</title>
<headline>RESEARCH ALERT - ILEX Oncology started.</headline>
<text>
<p>-- Salomon Brothers said it initiated coverage of ILEX Oncology Inc with a buy rating.</p>
<p>-- set a three-year price target of $42 on the stock.</p>
<p>-- expects ILEX to post a loss of $0.25 a share in 1997.</p>
<p>-- ILEX was unchanged at 12-3/8.</p>
</text>
<copyright>(c) Reuters Limited 1997</copyright>
<metadata>
<codes class="bip:countries:1.0">
  <code code="USA">
    <editdetail attribution="Reuters BIP Coding Group" action="confirmed" date="1997-03-25"/>
  </code>
</codes>
<codes class="bip:industries:1.0">
  <code code="I25700">
    <editdetail attribution="Reuters BIP Coding Group" action="confirmed" date="1997-03-25"/>
  </code>
</codes>
<codes class="bip:topics:1.0">
  <code code="C15">
    <editdetail attribution="Reuters BIP Coding Group" action="confirmed" date="1997-03-25"/>
  </code>
  <code code="C152">
    <editdetail attribution="Reuters BIP Coding Group" action="confirmed" date="1997-03-25"/>
  </code>
  <code code="CCAT">
    <editdetail attribution="Reuters BIP Coding Group" action="confirmed" date="1997-03-25"/>
  </code>
</codes>
<dc element="dc.publisher" value="Reuters Holdings Plc"/>
<dc element="dc.date.published" value="1997-03-25"/>
<dc element="dc.source" value="Reuters"/>
<dc element="dc.creator.location.country.name" value="USA"/>
<dc element="dc.source" value="Reuters"/>
</metadata>
</newsitem>
