<?xml version="1.0" encoding="iso-8859-1" ?>
<newsitem itemid="465154" id="root" date="1997-03-25" xml:lang="en">
<title>CANADA: Amer Sensors to seek bankruptcy protection.</title>
<headline>Amer Sensors to seek bankruptcy protection.</headline>
<dateline>TORONTO 1997-03-25</dateline>
<text>
<p>American Sensors Inc said on Tuesday it will seek bankruptcy protection later this afternoon after Toronto-Dominion Bank and Comerica Bank called in loans totalling US$9.2 million dollars.</p>
<p>American Sensors said it received approval for a consolidated line of credit for US$22.5 million from the Credit Committee of Congress Financial Corp (Canada) for its North American and international operations.  </p>
<p>The company, which develops early warning detection devices for home air quality safety, said it will seek protection under the Companies' Creditors Arrangement Act (CCAA) to permit refinancing and restructuring of its organization.</p>
<p>American Sensors said TD, which had delivered on March 12 a ten-day demand for repayment of its outstanding loans, informed American Sensors that it intends to enforce its security on March 26. The total amount owing to TD is US$8.1 million which includes a term loan of US$1.7 million.</p>
<p>Comerica Bank has also demanded repayment of a term loan in the amount of US$1.1 million, American Sensors said.  </p>
<p>It said the new US$22.5 million credit line represents an increase of US$2.5 million over the line of credit currently in place with TD. The asset-based arrangement is projected to provide on the scheduled closing of March 31 about US$12 million in cash, which will be used to retire the TD operating bank loan of US$6.4 million.</p>
<p>American Sensors said it is examining all available options regarding the retirement of its term loans.</p>
<p>((Reuters Toronto Bureau (416) 941-8100))</p>
</text>
<copyright>(c) Reuters Limited 1997</copyright>
<metadata>
<codes class="bip:countries:1.0">
  <code code="CANA">
    <editdetail attribution="Reuters BIP Coding Group" action="confirmed" date="1997-03-25"/>
  </code>
</codes>
<codes class="bip:industries:1.0">
  <code code="I34330">
    <editdetail attribution="Reuters BIP Coding Group" action="confirmed" date="1997-03-25"/>
  </code>
</codes>
<codes class="bip:topics:1.0">
  <code code="C16">
    <editdetail attribution="Reuters BIP Coding Group" action="confirmed" date="1997-03-25"/>
  </code>
  <code code="C17">
    <editdetail attribution="Reuters BIP Coding Group" action="confirmed" date="1997-03-25"/>
  </code>
  <code code="C173">
    <editdetail attribution="Reuters BIP Coding Group" action="confirmed" date="1997-03-25"/>
  </code>
  <code code="CCAT">
    <editdetail attribution="Reuters BIP Coding Group" action="confirmed" date="1997-03-25"/>
  </code>
</codes>
<dc element="dc.date.created" value="1997-03-25"/>
<dc element="dc.publisher" value="Reuters Holdings Plc"/>
<dc element="dc.date.published" value="1997-03-25"/>
<dc element="dc.source" value="Reuters"/>
<dc element="dc.creator.location" value="TORONTO"/>
<dc element="dc.creator.location.country.name" value="CANADA"/>
<dc element="dc.source" value="Reuters"/>
</metadata>
</newsitem>
