<?xml version="1.0" encoding="iso-8859-1" ?>
<newsitem itemid="465143" id="root" date="1997-03-25" xml:lang="en">
<title>EU:  OFFICIAL JOURNAL CONTENTS - OJ L 83 OF MARCH 25, 1997.</title>
<headline>OFFICIAL JOURNAL CONTENTS - OJ L 83 OF MARCH 25, 1997.</headline>
<text>
<p>*</p>
<p>(Note - contents are displayed in reverse order to that in the printed Journal)</p>
<p>*</p>
<p>Corrigendum to Directive 96/79/EC of the European Parliament and of the Council of 16 December 1996 on the protection of occupants of motor vehicles in the event of a frontal impact and amending Directive 70/156/EEC (Official Journal of the European Communities No L 18 of 21 January 1997)</p>
<p>Corrigendum to Directive 96/69/EC of the European Parliament and of the Council of 8 October 1996 amending Directive 70/220/EEC on the approximation of the laws of the Member States relating to measures to be taken against air pollution by emissions from motor vehicles (Official Journal of the European Communities No L 282 of 1 November 1996)</p>
<p>COMMISSION REGULATION (EC) No 541/97 of 24 March 1997 establishing the standard import values for determining the entry price of certain fruit and vegetables</p>
<p>COMMISSION REGULATION (EC) No 540/97 of 24 March 1997 on the issuing of import licences for bananas under the tariff quota for the second quarter of 1997 and on the submission of new applications (Text with EEA relevance)</p>
<p>COMMISSION REGULATION (EC) No 539/97 of 24 March 1997 on issuing A2 export licences for fruit and vegetables</p>
<p>COMMISSION REGULATION (EC) No 538/97 of 24 March 1997 on the supply of cereals as food aid</p>
<p>COUNCIL REGULATION (EC) No 537/97 of 18 March 1997 opening a Community tariff quota for barley for malting falling within CN code 1003 00</p>
<p>COUNCIL REGULATION (EC) No 536/97 of 17 March 1997 amending Regulation (EEC) No 822/87 on the common organization of the market in wine as regards oenological practices and processes</p>
<p>COUNCIL REGULATION (EC) No 535/97 of 17 March 1997 amending Regulation (EEC) No 2081/92 on the protection of geographical indications and designations of origin for agricultural products and foodstuffs</p>
<p>COUNCIL REGULATION (EC) No 534/97 of 17 March 1997 amending Regulation (EEC) No 1442/88 on the granting, for the 1988/1989 to 1997/1998 wine years, of permanent abandonment premiums in respect of wine-growing areas</p>
<p>COUNCIL REGULATION (EC) No 533/97 of 17 March 1997 amending Regulation (EEC) No 2262/84 laying down special measures in respect of olive oil END OF DOCUMENT.</p>
</text>
<copyright>(c) Reuters Limited 1997</copyright>
<metadata>
<codes class="bip:countries:1.0">
  <code code="EEC">
    <editdetail attribution="Reuters BIP Coding Group" action="confirmed" date="1997-03-25"/>
  </code>
</codes>
<codes class="bip:topics:1.0">
  <code code="G15">
    <editdetail attribution="Reuters BIP Coding Group" action="confirmed" date="1997-03-25"/>
  </code>
  <code code="GCAT">
    <editdetail attribution="Reuters BIP Coding Group" action="confirmed" date="1997-03-25"/>
  </code>
</codes>
<dc element="dc.publisher" value="Reuters Holdings Plc"/>
<dc element="dc.date.published" value="1997-03-25"/>
<dc element="dc.source" value="Reuters"/>
<dc element="dc.creator.location.country.name" value="EU"/>
<dc element="dc.source" value="Reuters"/>
</metadata>
</newsitem>
