<?xml version="1.0" encoding="iso-8859-1" ?>
<newsitem itemid="465183" id="root" date="1997-03-25" xml:lang="en">
<title>USA: Allied Capital Advisers Q4 net decreases.</title>
<headline>Allied Capital Advisers Q4 net decreases.</headline>
<dateline>WASHINGTON 1997-03-24</dateline>
<text>
<p>12 mos. ended	   12 mos. ended</p>
<p>			 12/31/96   Per Share   12/31/95  Per Share</p>
<p> Total revenue	 $17,070	   --    $15,443	   --</p>
<p> Net income		2,802	 0.28	2,435	 0.25</p>
<p> Shares outstanding    8,867	   --	8,990	   --</p>
<p>Weighted avg. shares</p>
<p>and share equivalents</p>
<p>  outstanding	    9,858	   --	9,676	   --</p>
<p>				 3 mos. ended	     3 mos. ended</p>
<p>			 12/31/96   Per Share   12/31/95  Per Share</p>
<p> Total revenue	 $ 4,321	   --    $ 4,101	   --</p>
<p> Net income		  475	 0.05	  643	 0.07</p>
<p> Shares outstanding    8,867	   --	8,990	   --</p>
<p>Weighted avg. shares</p>
<p>and share equivalents</p>
<p>  outstanding	    9,778	   --	9,810	   --</p>
<p>		(in thousands, except per share amounts)</p>
</text>
<copyright>(c) Reuters Limited 1997</copyright>
<metadata>
<codes class="bip:countries:1.0">
  <code code="USA">
    <editdetail attribution="Reuters BIP Coding Group" action="confirmed" date="1997-03-25"/>
  </code>
</codes>
<codes class="bip:industries:1.0">
  <code code="I81502">
    <editdetail attribution="Reuters BIP Coding Group" action="confirmed" date="1997-03-25"/>
  </code>
  <code code="I8150203">
    <editdetail attribution="Reuters BIP Coding Group" action="confirmed" date="1997-03-25"/>
  </code>
</codes>
<codes class="bip:topics:1.0">
  <code code="C15">
    <editdetail attribution="Reuters BIP Coding Group" action="confirmed" date="1997-03-25"/>
  </code>
  <code code="C151">
    <editdetail attribution="Reuters BIP Coding Group" action="confirmed" date="1997-03-25"/>
  </code>
  <code code="C1511">
    <editdetail attribution="Reuters BIP Coding Group" action="confirmed" date="1997-03-25"/>
  </code>
  <code code="CCAT">
    <editdetail attribution="Reuters BIP Coding Group" action="confirmed" date="1997-03-25"/>
  </code>
</codes>
<dc element="dc.date.created" value="1997-03-24"/>
<dc element="dc.publisher" value="Reuters Holdings Plc"/>
<dc element="dc.date.published" value="1997-03-25"/>
<dc element="dc.source" value="Reuters"/>
<dc element="dc.creator.location" value="WASHINGTON"/>
<dc element="dc.creator.location.country.name" value="USA"/>
<dc element="dc.source" value="Reuters"/>
</metadata>
</newsitem>
