<?xml version="1.0" encoding="iso-8859-1" ?>
<newsitem itemid="465163" id="root" date="1997-03-25" xml:lang="en">
<title>USA: RESEARCH ALERT - J.C. Penney estimates cut.</title>
<headline>RESEARCH ALERT - J.C. Penney estimates cut.</headline>
<text>
<p>-- Rodman &amp; Renshaw Inc Tuesday reduced its first-quarter earnings estimate for J.C. Penney Co Inc to $0.54 from $0.58 to reflect the impact of slower-than-expected sales in March.</p>
<p>-- Rodman also lowered its estimate in the second quarter to $0.40 from $0.41 and raised its fourth-quarter estimate to $1.50 from $1.47. Rodman said the refinements better illustrate the anticipated impact of drug store acquisitions.</p>
<p>-- The sales shortfall in March also prompted Rodman to reduce its estimate for all of fiscal 1998, ending next January, to $3.50 from $3.52. Rodman also set an estimate for fiscal 1999 of $4.10 a share.</p>
<p>-- J.C. Penney closed unchanged Tuesday at 49-1/8.</p>
<p>((Chicago newsdesk (312) 408-8787))</p>
</text>
<copyright>(c) Reuters Limited 1997</copyright>
<metadata>
<codes class="bip:countries:1.0">
  <code code="USA">
    <editdetail attribution="Reuters BIP Coding Group" action="confirmed" date="1997-03-25"/>
  </code>
</codes>
<codes class="bip:industries:1.0">
  <code code="I65600">
    <editdetail attribution="Reuters BIP Coding Group" action="confirmed" date="1997-03-25"/>
  </code>
  <code code="I6560002">
    <editdetail attribution="Reuters BIP Coding Group" action="confirmed" date="1997-03-25"/>
  </code>
</codes>
<codes class="bip:topics:1.0">
  <code code="C15">
    <editdetail attribution="Reuters BIP Coding Group" action="confirmed" date="1997-03-25"/>
  </code>
  <code code="C152">
    <editdetail attribution="Reuters BIP Coding Group" action="confirmed" date="1997-03-25"/>
  </code>
  <code code="CCAT">
    <editdetail attribution="Reuters BIP Coding Group" action="confirmed" date="1997-03-25"/>
  </code>
</codes>
<dc element="dc.publisher" value="Reuters Holdings Plc"/>
<dc element="dc.date.published" value="1997-03-25"/>
<dc element="dc.source" value="Reuters"/>
<dc element="dc.creator.location.country.name" value="USA"/>
<dc element="dc.source" value="Reuters"/>
</metadata>
</newsitem>
