<?xml version="1.0" encoding="iso-8859-1" ?>
<newsitem itemid="465197" id="root" date="1997-03-25" xml:lang="en">
<title>USA: Emcore stake held by Hakuto.</title>
<headline>Emcore stake held by Hakuto.</headline>
<dateline>WASHINGTON 1997-03-25</dateline>
<text>
<p>Hakuto Co Ltd said Tuesday it holds a 6.7 percent stake in Emcore Inc, or 367,368 common shares.</p>
<p>In a filing with the Securities and Exchange Commission, the company did not say when they purchased the shares, but spent $3.82 million to buy them.</p>
<p>Hakuto said it holds the stake for investment purposes and in order to strengthen its working relationship with Emcore. Hakuto distributes some of Emcore's products in several Asian countries, the filing said.</p>
<p>Emcore, based in Somerset, New Jersey, develops compound semiconductor materials.</p>
<p>Hakuto, based in Tokyo, Japan, is in the business of importing and distributing electronic, scientific, manufacturing and chemical products.</p>
</text>
<copyright>(c) Reuters Limited 1997</copyright>
<metadata>
<codes class="bip:countries:1.0">
  <code code="USA">
    <editdetail attribution="Reuters BIP Coding Group" action="confirmed" date="1997-03-25"/>
  </code>
</codes>
<codes class="bip:industries:1.0">
  <code code="I34531">
    <editdetail attribution="Reuters BIP Coding Group" action="confirmed" date="1997-03-25"/>
  </code>
  <code code="I34532">
    <editdetail attribution="Reuters BIP Coding Group" action="confirmed" date="1997-03-25"/>
  </code>
</codes>
<codes class="bip:topics:1.0">
  <code code="C18">
    <editdetail attribution="Reuters BIP Coding Group" action="confirmed" date="1997-03-25"/>
  </code>
  <code code="C181">
    <editdetail attribution="Reuters BIP Coding Group" action="confirmed" date="1997-03-25"/>
  </code>
  <code code="CCAT">
    <editdetail attribution="Reuters BIP Coding Group" action="confirmed" date="1997-03-25"/>
  </code>
</codes>
<dc element="dc.date.created" value="1997-03-25"/>
<dc element="dc.publisher" value="Reuters Holdings Plc"/>
<dc element="dc.date.published" value="1997-03-25"/>
<dc element="dc.source" value="Reuters"/>
<dc element="dc.creator.location" value="WASHINGTON"/>
<dc element="dc.creator.location.country.name" value="USA"/>
<dc element="dc.source" value="Reuters"/>
</metadata>
</newsitem>
