<?xml version="1.0" encoding="iso-8859-1" ?>
<newsitem itemid="465169" id="root" date="1997-03-25" xml:lang="en">
<title>USA: RESEARCH ALERT - Medic Computer cut to hold.</title>
<headline>RESEARCH ALERT - Medic Computer cut to hold.</headline>
<text>
<p>-- Rodman &amp; Renshaw Inc said Tuesday it lowered its rating on Medic Computer Systems Inc to neutral from buy.</p>
<p>-- The move comes after Medic Computer said Monday its first quarter 1997 earnings would not meet analysts' expectations.</p>
<p>-- &quot;Management has indicated that it has a healthy sales pipeline and is on track to meet expectations for the remainder of the year,&quot; Rodman &amp; Renshaw wrote in a research note. &quot;We believe, however that there are still some uncertainties as to how the company will more accurately forecast quarterly revenues.&quot;</p>
<p>-- Medic Computer shares were up 1-3/8 at 14-1/2 Tuesday.</p>
<p>((Chicago newsdesk, 312-408-8787))</p>
</text>
<copyright>(c) Reuters Limited 1997</copyright>
<metadata>
<codes class="bip:countries:1.0">
  <code code="USA">
    <editdetail attribution="Reuters BIP Coding Group" action="confirmed" date="1997-03-25"/>
  </code>
</codes>
<codes class="bip:industries:1.0">
  <code code="I33020">
    <editdetail attribution="Reuters BIP Coding Group" action="confirmed" date="1997-03-25"/>
  </code>
  <code code="I3302021">
    <editdetail attribution="Reuters BIP Coding Group" action="confirmed" date="1997-03-25"/>
  </code>
</codes>
<codes class="bip:topics:1.0">
  <code code="C15">
    <editdetail attribution="Reuters BIP Coding Group" action="confirmed" date="1997-03-25"/>
  </code>
  <code code="C152">
    <editdetail attribution="Reuters BIP Coding Group" action="confirmed" date="1997-03-25"/>
  </code>
  <code code="CCAT">
    <editdetail attribution="Reuters BIP Coding Group" action="confirmed" date="1997-03-25"/>
  </code>
</codes>
<dc element="dc.publisher" value="Reuters Holdings Plc"/>
<dc element="dc.date.published" value="1997-03-25"/>
<dc element="dc.source" value="Reuters"/>
<dc element="dc.creator.location.country.name" value="USA"/>
<dc element="dc.source" value="Reuters"/>
</metadata>
</newsitem>
