<?xml version="1.0" encoding="iso-8859-1" ?>
<newsitem itemid="465187" id="root" date="1997-03-25" xml:lang="en">
<title>USA: Zydeco Energy Inc Q4 loss widens.</title>
<headline>Zydeco Energy Inc Q4 loss widens.</headline>
<dateline>HOUSTON 1997-03-25</dateline>
<text>
<p>Year			 Q4</p>
<p>			    1996	  1995	 1996	 1995</p>
<p>Total Revenues</p>
<p>			1,470,046     586,752    404,443     81,031</p>
<p>Net Loss</p>
<p>		    (1,858,132) (1,173,646)  (370,954)  (272,709)</p>
<p>Per Common Share and</p>
<p>Share Equivalent--</p>
<p>Weighted Average Number</p>
<p>of Common Shares and</p>
<p>Common Share Equivalents</p>
<p>  Outstanding     6,168,798   3,906,706  6,593,650  4,150,840</p>
<p>Loss Per Common</p>
<p>  Equivalent Share   (0.30)	(0.30)     (0.06)     (0.07)</p>
</text>
<copyright>(c) Reuters Limited 1997</copyright>
<metadata>
<codes class="bip:countries:1.0">
  <code code="USA">
    <editdetail attribution="Reuters BIP Coding Group" action="confirmed" date="1997-03-25"/>
  </code>
</codes>
<codes class="bip:topics:1.0">
  <code code="C15">
    <editdetail attribution="Reuters BIP Coding Group" action="confirmed" date="1997-03-25"/>
  </code>
  <code code="C151">
    <editdetail attribution="Reuters BIP Coding Group" action="confirmed" date="1997-03-25"/>
  </code>
  <code code="C1511">
    <editdetail attribution="Reuters BIP Coding Group" action="confirmed" date="1997-03-25"/>
  </code>
  <code code="CCAT">
    <editdetail attribution="Reuters BIP Coding Group" action="confirmed" date="1997-03-25"/>
  </code>
</codes>
<dc element="dc.date.created" value="1997-03-25"/>
<dc element="dc.publisher" value="Reuters Holdings Plc"/>
<dc element="dc.date.published" value="1997-03-25"/>
<dc element="dc.source" value="Reuters"/>
<dc element="dc.creator.location" value="HOUSTON"/>
<dc element="dc.creator.location.country.name" value="USA"/>
<dc element="dc.source" value="Reuters"/>
</metadata>
</newsitem>
