<?xml version="1.0" encoding="iso-8859-1" ?>
<newsitem itemid="465140" id="root" date="1997-03-25" xml:lang="en">
<title>EU:  REUTER EC REPORT LONG-TERM DIARY FOR APR 2-DEC 31, 1997 (PAGE 1/9 - APRIL 2-15).</title>
<headline>REUTER EC REPORT LONG-TERM DIARY FOR APR 2-DEC 31, 1997 (PAGE 1/9 - APRIL 2-15).</headline>
<text>
<p>****</p>
<p>HIGHLIGHTS</p>
<p>****</p>
<p>AMSTERDAM - The Netherlands hosts summit of European Union leaders (June 16-17).</p>
<p>MADRID - NATO holds summit to set the course for enlargement (July 8 and 9).</p>
<p>LUXEMBOURG - Luxembourg hosts summit of European Union leaders (December 12-13).</p>
<p>APRIL</p>
<p>BRUSSELS - Bosnian donor countries hold conference to discuss future of former Yugoslavia. (Date not fixed yet).</p>
<p>WEDNESDAY, APRIL 2</p>
<p>BRUSSELS (NEW ITEM) - European Commission holds regular weekly meeting.</p>
<p>Provisional agenda includes:</p>
<p>- Commissioner Flynn green paper on new ways to organise work.</p>
<p>- Commissioner Kinnock communication on airport dangers.</p>
<p>- Commissioners Bangemann and Van Miert communication on shipbuilding policy - first reflections on future options.</p>
<p>BRUSSELS - Swedish Ministry of Environment holds seminar on &quot;Chemicals, environment and human health&quot; (1530/1330 GMT). Venue: Sweden's permanent representation to the EU, Square de Meeus 30.</p>
<p>THURSDAY, APRIL 3</p>
<p>DUBAI - The Dubai conference on the Euro-Arab peace process to further cooperation between two regions (To April 5). Main issues discussed are water resources management, energy management, high tech industrial cooperation and information technology, privatisation and private sector promotion. Contact: Sunil John, PanGulf Public Relations (9714) 219065.</p>
<p>FRIDAY, APRIL 4</p>
<p>NOORDWIJK, Netherlands - Informal ECOFIN Council (To April 6). (possibly) Discussions on regulations for EMU stability pact, legal framework for the euro and ERM 2. Ministers look at designs for euro coin ahead of formal decision by EU leaders in June.</p>
<p>SUNDAY, APRIL 6</p>
<p>MAASTRICHT - Informal Cultural Affairs Council (To April 8). Discussions focus on book prices and the future of public television.</p>
<p>MONDAY, APRIL 7</p>
<p>NOORDWIJK, Netherlands - EU-Rio Group meeting involving South American countries and Mexico, Panama, Trinidad, Tobago and Costa Rica (To April 8).</p>
<p>STRASBOURG - European Parliament holds plenary session (To April 11).</p>
<p>BONN - European Commission hosts first annual electronic commerce conference &quot;G7 - Global marketplace for SMEs project&quot; (To April 9). Contact: Sandra Helms, Empirica GmbH (49) 228 985 3888.</p>
<p>SALZBURG - ACI Europe holds conference on airport development and evironment issues (To April 9). Contact: Yevgeny Pogorelov (322) 552 0982.</p>
<p>BERLIN - International European Training Centre holds seminar on &quot;Building Europe: EU enlargement and deepening&quot;. Contact: International European Training Centre (33) 4 92 15 2121.</p>
<p>WEDNESDAY, APRIL 9</p>
<p>THE HAGUE - Dutch EU presidency hosts ministerial conference on social integration (To April 11).</p>
<p>THURSDAY, APRIL 10</p>
<p>LUXEMBOURG - Consumers Council.</p>
<p>Provisional agenda includes:</p>
<p>- Voluntary agreements as important instruments for consumer policy - Council resolution.</p>
<p>- Proposal for an EP and Council directive on injunctions for the protection of consumer interests.</p>
<p>- Proposal for an EP and Council directive amending directive 87/102/EEC (as amended by Directive 90/88/EEC) for the approximation of the laws, regulations and administrative provisions of the Member States concerning consumer credit.</p>
<p>- (possibly) Report of the Commission on the application of directive 87/012/EEC concerning consumer credit.</p>
<p>- Proposal for an EP and Council directive on the sale of consumer goods and associated guarantees.</p>
<p>BRUSSELS - British Chamber of Commerce in Belgium holds annual banquet (1900/1800 GMT). European Commissioner Kinnock attends. Venue: Hilton Hotel. Contact: British Chamber of Commerce (322) 540 9030.</p>
<p>FRIDAY, APRIL 11</p>
<p>VENICE, Italy - First scientific congress to review measures taken by the EU to restore consumer confidence in beef after the mad cow crisis (To April 12).</p>
<p>LONDON - The Royal Institute of International Affairs holds conference on &quot;Trade and environment: conflict or compatibility?&quot;. Sessions include: trade and environment after Singapore; trade versus environment - the evidence; industry concerns; resolving trade and environment disputes; the future. Speakers include: European Commissioner Brittan. Venue: Chatham House, 10 St James Square. Contact: Sharon Moore (44) 171 957 5700.</p>
<p>MONDAY, APRIL 14</p>
<p>LUXEMBOURG - Fisheries Council (To April 15).</p>
<p>Provisional agenda includes:</p>
<p>- Council decision on Multiannual Guidance Programmes (Structural arrangements for 1997-1999).</p>
<p>- (possibly) Proposal for a Council regulation laying down certain technical measures for the conservation of fisheries resources.</p>
<p>- Proposal for a Council decision on a specific measure to encourage Italian fishermen to diversify out of certain fishing activities.</p>
<p>- (possibly) Communication from the Commission to Council and EP on fisheries agreements (Present situation and future prospects).</p>
<p>- (possibly) Proposal for a Council regulation allocating among Member States, for 1997, Community fish quotas of Atlanto-Scandian herring and horse mackerel.</p>
<p>- (possibly) Accession of Community to General Fisheries Council for the Mediterranean.</p>
<p>- (possibly) Consultations with Norway on a new management regime for North Sea herring.</p>
<p>- (possibly) Consultations with Norway on a new management regime for mackerel.</p>
<p>- Proposal for a Council regulation providing for the opening and management of autonomous Community tariff quotas for certain fisheries products (1997).</p>
<p>LEIDEN, Netherlands - The Philip Morris Institute (PMI) holds conference on &quot;How much popular support is there for he EU?&quot;. Contact: PMI (322) 732 1156.</p>
<p>TUESDAY, APRIL 15</p>
<p>BRUSSELS - Centre for European Policy Studies (CEPS) holds workshop on &quot;Identifying the priorities for energy conservation&quot; (1000/0800 GMT). Agenda includes: myths and realities in energy conservation: what is really needed; energy conservation in business: potentials and obstacles; the impacts of liberalisation on energy efficiency and renewables; integration of climate change objectives; how the necessary long-term consensus on climate change policy can be established. Venue: CEPS. Contact: CEPS (322) 229 3911.</p>
<p>BRUSSELS - The European Energy Foundation holds dinner debate on &quot;Medium and long term security of supply of oil and gas in Europe&quot; (1900/1700 GMT). Venue: Hotel Europa. Contact: The European Energy Foundation (322) 773 9522.</p>
<p>VALETTA, Malta - EU and Mediterranean ministers attend Euro-Med conference in a follow-up to the 1995 Barcelona conference (To April 16). Commission clears merger concerning Birmingham airport</p>
<p>EUROPEAN COMMISSION PRESS RELEASE: IP/97/250</p>
<p>DOCUMENT DATE: MARCH 25, 1997</p>
<p>*</p>
<p>The Commission clears a merger concerning BIRMINGHAM</p>
<p>INTERNATIONAL AIRPORT</p>
<p>*</p>
<p>The European Commission has authorised a joint venture through which the two companies which are active in the operation and management of Birmingham International Airport, Birmingham International Airport Ltd. and Eurohub (Birmingham) Ltd., will in the future be jointly controlled by the seven District Councils of the British West Midlands on the one hand and Aer Rianta International cpt and NatWest Ventures Ltd of the National Westminster Bank group on the other hand.</p>
<p>Birmingham Airport is one of the most important airports in the UK, 5th in terms of total passenger numbers and 3rd in terms of charter passengers.</p>
<p>Through the present operation the Districts, already shareholders in both companies, have brought in two new shareholders with experience in airport operation, Aer Rianta, and financial investment, NatWest, for the purpose of funding and developing a project to expand the Airport's terminal capacity to accommodate the expected doubling of the number of passengers by the year 2010.</p>
<p>In competition terms, the main consequence of the operation is that an important airport operator, Aer Rianta, will not only participate in the control of Birmingham Airport but will also contribute its advice and know-how to the new airport expansion project. However, Aer Rianta has no other airport operation and management activities in the UK, as its European airport activities are confined to Dublin, Shannon and Cork Airports in Ireland. Consequently, the European Commission has concluded that there is neither creation nor strengthening of a dominant position as a result of the proposed operation and has, therefore, decided not to oppose it. END OF DOCUMENT.</p>
</text>
<copyright>(c) Reuters Limited 1997</copyright>
<metadata>
<codes class="bip:countries:1.0">
  <code code="EEC">
    <editdetail attribution="Reuters BIP Coding Group" action="confirmed" date="1997-03-25"/>
  </code>
</codes>
<codes class="bip:topics:1.0">
  <code code="G15">
    <editdetail attribution="Reuters BIP Coding Group" action="confirmed" date="1997-03-25"/>
  </code>
  <code code="GCAT">
    <editdetail attribution="Reuters BIP Coding Group" action="confirmed" date="1997-03-25"/>
  </code>
</codes>
<dc element="dc.publisher" value="Reuters Holdings Plc"/>
<dc element="dc.date.published" value="1997-03-25"/>
<dc element="dc.source" value="Reuters"/>
<dc element="dc.creator.location.country.name" value="EU"/>
<dc element="dc.source" value="Reuters"/>
</metadata>
</newsitem>
