<?xml version="1.0" encoding="iso-8859-1" ?>
<newsitem itemid="465195" id="root" date="1997-03-25" xml:lang="en">
<title>USA: Cisco to acquire Telesend Inc - sources.</title>
<headline>Cisco to acquire Telesend Inc - sources.</headline>
<dateline>NEW YORK 1997-03-25</dateline>
<text>
<p>Cisco Systems Inc is set to announce the acquisition of Telesend Inc, a developer of low-cost digital subscriber line technology used in high-speed data communications, sources familiar with the deal said.</p>
<p>Cisco agreed to acquire Telesend, a privately-held Cupertino, Calif.-based firm, in exchange for an unspecified amount of stock in Cisco, the sources said.</p>
<p>Additional financial terms were not available.</p>
<p>Telesend is the developer of a new technology known as ISDN DSL, or IDSL for short. The full name is Integrated Services Digital Network Digital Subscriber Line.</p>
</text>
<copyright>(c) Reuters Limited 1997</copyright>
<metadata>
<codes class="bip:countries:1.0">
  <code code="USA">
    <editdetail attribution="Reuters BIP Coding Group" action="confirmed" date="1997-03-25"/>
  </code>
</codes>
<codes class="bip:industries:1.0">
  <code code="I33020">
    <editdetail attribution="Reuters BIP Coding Group" action="confirmed" date="1997-03-25"/>
  </code>
  <code code="I3302004">
    <editdetail attribution="Reuters BIP Coding Group" action="confirmed" date="1997-03-25"/>
  </code>
</codes>
<codes class="bip:topics:1.0">
  <code code="C18">
    <editdetail attribution="Reuters BIP Coding Group" action="confirmed" date="1997-03-25"/>
  </code>
  <code code="C181">
    <editdetail attribution="Reuters BIP Coding Group" action="confirmed" date="1997-03-25"/>
  </code>
  <code code="CCAT">
    <editdetail attribution="Reuters BIP Coding Group" action="confirmed" date="1997-03-25"/>
  </code>
</codes>
<dc element="dc.date.created" value="1997-03-25"/>
<dc element="dc.publisher" value="Reuters Holdings Plc"/>
<dc element="dc.date.published" value="1997-03-25"/>
<dc element="dc.source" value="Reuters"/>
<dc element="dc.creator.location" value="NEW YORK"/>
<dc element="dc.creator.location.country.name" value="USA"/>
<dc element="dc.source" value="Reuters"/>
</metadata>
</newsitem>
