<?xml version="1.0" encoding="iso-8859-1" ?>
<newsitem itemid="465156" id="root" date="1997-03-25" xml:lang="en">
<title>CANADA: Bre-X edges higher, eye on Busang contracts.</title>
<headline>Bre-X edges higher, eye on Busang contracts.</headline>
<dateline>TORONTO 1997-03-25</dateline>
<text>
<p>Shares in Bre-X Minerals Ltd edged higher on Tuesday, extending a modest recovery from Friday's selloff as the Canadian gold prospector awaited the signing of contracts of work for two sections of the Busang gold discovery in Indonesia.</p>
<p>Bre-X was up 0.15 at 15.85 on mid-afternoon turnover of 1.7 million shares on the Toronto Stock Exchange after adding 0.50 on Monday. The stock sank to a 52-week low of 14.25 in Toronto on Friday, depressed by an Indonesian newspaper report that questioned the size and viability of the deposit.</p>
<p>On Nasdaq, Bre-X was up 1/8 at 11-1/2 on Tuesday.  </p>
<p>Indonesia's director general of mining Kuntoro Mangkusubroto said on Tuesday the government was still processing contracts of work for two sections of the Busang site in East Kalimantan province.</p>
<p>&quot;We are still processing (Busang II and III) but they have not yet been approved by President Suharto,&quot; Kuntoro told reporters.</p>
<p>Kuntoro added he did not know when they would be ready.</p>
<p>Busang II contains the bulk of the gold discovered so far on the property, estimated by Bre-X at 71 million ounces of gold. There has been little exploration of Busang III.  </p>
<p>Kuntoro said Suharto had approved 68 other contracts of work not connected with Busang.</p>
<p>Bre-X spokesman Richard Wool said the company had not heard from the Indonesian government about the Busang II and III contracts.</p>
<p>&quot;On the COWs (contracts of work), the company has not received any official notice,&quot; Wool said in a telephone interview on Tuesday.</p>
<p>Analysts said the recent volatility in Bre-X stock appeared over as investors waited for Freeport-McMoRan Copper &amp; Gold Inc to complete its due diligence of the site.  </p>
<p>&quot;I think everybody is just waiting to find out what's going to happen. It's all quiet on the Western front until there are additional drill results that confirm or don't confirm the deposit,&quot; said one analyst.</p>
<p>Freeport has a 15 percent stake in Busang and is conducting its due diligence before developing a mine. An Indonesian newspaper last week quoted unnamed sources as saying that Freeport has come up with smaller numbers than Bre-X's estimates of Busang.</p>
<p>Freeport has said it will not comment on the review until it is completed.</p>
<p>Bre-X, which has a 45 percent stake in Busang, has vigorously denied the newspaper report and threatened to take legal action against certain parties and publications.</p>
<p>The remaining 40 percent in Busang is owned by the Indonesian government and two Indonesian companies.</p>
<p>((Reuters Toronto Bureau (416) 941-8100))</p>
</text>
<copyright>(c) Reuters Limited 1997</copyright>
<metadata>
<codes class="bip:countries:1.0">
  <code code="CANA">
    <editdetail attribution="Reuters BIP Coding Group" action="confirmed" date="1997-03-25"/>
  </code>
  <code code="INDON">
    <editdetail attribution="Reuters BIP Coding Group" action="confirmed" date="1997-03-25"/>
  </code>
</codes>
<codes class="bip:industries:1.0">
  <code code="I21000">
    <editdetail attribution="Reuters BIP Coding Group" action="confirmed" date="1997-03-25"/>
  </code>
</codes>
<codes class="bip:topics:1.0">
  <code code="C15">
    <editdetail attribution="Reuters BIP Coding Group" action="confirmed" date="1997-03-25"/>
  </code>
  <code code="C152">
    <editdetail attribution="Reuters BIP Coding Group" action="confirmed" date="1997-03-25"/>
  </code>
  <code code="C24">
    <editdetail attribution="Reuters BIP Coding Group" action="confirmed" date="1997-03-25"/>
  </code>
  <code code="C33">
    <editdetail attribution="Reuters BIP Coding Group" action="confirmed" date="1997-03-25"/>
  </code>
  <code code="CCAT">
    <editdetail attribution="Reuters BIP Coding Group" action="confirmed" date="1997-03-25"/>
  </code>
</codes>
<dc element="dc.date.created" value="1997-03-25"/>
<dc element="dc.publisher" value="Reuters Holdings Plc"/>
<dc element="dc.date.published" value="1997-03-25"/>
<dc element="dc.source" value="Reuters"/>
<dc element="dc.creator.location" value="TORONTO"/>
<dc element="dc.creator.location.country.name" value="CANADA"/>
<dc element="dc.source" value="Reuters"/>
</metadata>
</newsitem>
