<?xml version="1.0" encoding="iso-8859-1" ?>
<newsitem itemid="465175" id="root" date="1997-03-25" xml:lang="en">
<title>USA: US House chair sees flaws in Clinton plan for D.C.</title>
<headline>US House chair sees flaws in Clinton plan for D.C.</headline>
<dateline>WASHINGTON 1997-03-25</dateline>
<text>
<p>A key U.S. House panel chairman said on Tuesday that the White House's revitalization plan for the District of Columbia does not provide enough tax relief and economic development options for the city.</p>
<p>&quot;Many groups with credible background in regional issues believe that the administration's proposals do not fully address concerns about tax relief and economic development,&quot; U.S. Rep. Thomas Davis (R-Va.), chairman of the House Government Reform Committee's subpanel on D.C., said.</p>
<p>&quot;I share those concerns and expect that this subcomittee will shortly begin to translate many of these ideas into a concrete legislative initiative,&quot; Davis added in opening remarks at the panel's fourth hearing on Clinton's proposed National Capital Revitalization and Self-Government Plan.</p>
<p>The administration on January 14 announced a $3.9 billion, five-year revitalization plan for the District that would end the $3.56 billion federal payment Congress would have made to the city over that period. The plan is estimated to save D.C. roughly $770 million over that period.</p>
<p>Davis said many studies of the D.C. economy &quot;make the point quite well that lowering taxes may be the only way to bring the District back. It is local taxes and fees which are disprportionately high and cause people and businesses to leave or never start in the District,&quot; he said.</p>
<p>Stephen Fuller, a public policy professor at George Mason University, called Clinton's plan a &quot;significant step&quot; for the city. But he said Clinton's proposal to end the city's annual federal payment &quot;flawed.&quot;</p>
<p>Roger Blunt, co-chair of The Greater Washington Board of Trade, also applauded Clinton's plan. But he added, &quot;While the federal government's assumption of many state-like functions is an important change, we are not yet convinced that changing these roles warrants elimination of the federal payment,&quot; he said.</p>
<p>((--Vicky Stamas, 202-898-8314))</p>
</text>
<copyright>(c) Reuters Limited 1997</copyright>
<metadata>
<codes class="bip:countries:1.0">
  <code code="USA">
    <editdetail attribution="Reuters BIP Coding Group" action="confirmed" date="1997-03-25"/>
  </code>
</codes>
<codes class="bip:topics:1.0">
  <code code="E21">
    <editdetail attribution="Reuters BIP Coding Group" action="confirmed" date="1997-03-25"/>
  </code>
  <code code="E211">
    <editdetail attribution="Reuters BIP Coding Group" action="confirmed" date="1997-03-25"/>
  </code>
  <code code="ECAT">
    <editdetail attribution="Reuters BIP Coding Group" action="confirmed" date="1997-03-25"/>
  </code>
  <code code="GCAT">
    <editdetail attribution="Reuters BIP Coding Group" action="confirmed" date="1997-03-25"/>
  </code>
  <code code="GPOL">
    <editdetail attribution="Reuters BIP Coding Group" action="confirmed" date="1997-03-25"/>
  </code>
</codes>
<dc element="dc.date.created" value="1997-03-25"/>
<dc element="dc.publisher" value="Reuters Holdings Plc"/>
<dc element="dc.date.published" value="1997-03-25"/>
<dc element="dc.source" value="Reuters"/>
<dc element="dc.creator.location" value="WASHINGTON"/>
<dc element="dc.creator.location.country.name" value="USA"/>
<dc element="dc.source" value="Reuters"/>
</metadata>
</newsitem>
