<?xml version="1.0" encoding="iso-8859-1" ?>
<newsitem itemid="465186" id="root" date="1997-03-25" xml:lang="en">
<title>USA: Genesis Energy LP Q4 full results.</title>
<headline>Genesis Energy LP Q4 full results.</headline>
<dateline>DALLAS 1997-03-25</dateline>
<text>
<p>For the One Month Ended December 31, 1996</p>
<p> Revenues					     $  371,985</p>
<p> Income Before Minority Interests		    1,684</p>
<p> Minority Interests					  337</p>
<p> Net Income						  1,347</p>
<p> Net Income per Common Unit			     0.15</p>
<p>		     (in thousands except per unit amount)</p>
<p>NOTE: The company said it only reported actual results for one month and pro forma net income for fiscal year 1996 because it was formed in December 1996.</p>
<p>Pro forma net income for 1996 was $15,889,000, or $1.81 per share, on revenues of $4.58 billion.</p>
</text>
<copyright>(c) Reuters Limited 1997</copyright>
<metadata>
<codes class="bip:countries:1.0">
  <code code="USA">
    <editdetail attribution="Reuters BIP Coding Group" action="confirmed" date="1997-03-25"/>
  </code>
</codes>
<codes class="bip:industries:1.0">
  <code code="I13000">
    <editdetail attribution="Reuters BIP Coding Group" action="confirmed" date="1997-03-25"/>
  </code>
  <code code="I1300003">
    <editdetail attribution="Reuters BIP Coding Group" action="confirmed" date="1997-03-25"/>
  </code>
</codes>
<codes class="bip:topics:1.0">
  <code code="C15">
    <editdetail attribution="Reuters BIP Coding Group" action="confirmed" date="1997-03-25"/>
  </code>
  <code code="C151">
    <editdetail attribution="Reuters BIP Coding Group" action="confirmed" date="1997-03-25"/>
  </code>
  <code code="C1511">
    <editdetail attribution="Reuters BIP Coding Group" action="confirmed" date="1997-03-25"/>
  </code>
  <code code="CCAT">
    <editdetail attribution="Reuters BIP Coding Group" action="confirmed" date="1997-03-25"/>
  </code>
</codes>
<dc element="dc.date.created" value="1997-03-25"/>
<dc element="dc.publisher" value="Reuters Holdings Plc"/>
<dc element="dc.date.published" value="1997-03-25"/>
<dc element="dc.source" value="Reuters"/>
<dc element="dc.creator.location" value="DALLAS"/>
<dc element="dc.creator.location.country.name" value="USA"/>
<dc element="dc.source" value="Reuters"/>
</metadata>
</newsitem>
