<?xml version="1.0" encoding="iso-8859-1" ?>
<newsitem itemid="465144" id="root" date="1997-03-25" xml:lang="en">
<title>CANADA: Gallic fare toplines Unifrance festival.</title>
<headline>Gallic fare toplines Unifrance festival.</headline>
<byline>Brendan Kelly</byline>
<text>
<p>MONTREAL (Variety) - Unifrance Film Intl. is staging a Gallic film festival in Quebec City, Le Festival du Film Francais de Quebec, designed to boost French cinema's profile in Canada.</p>
<p>The festival will run April 6-8, it was announced Monday, and will be officially opened at a ceremony presided over by French Culture Minister Philippe Douste-Blazy and his Quebec counterpart, Louise Beaudoin.</p>
<p>The modest event will showcase six recent French pics, all of which will have their North American preems at the festival. The program includes Bertrand Tavernier's Capitaine Conan, Claude Berri's Lucie Aubrac, Albert Dupontel's Bernie, Pierre Jolivet's Fred, Philippe Lioret's Tenue Correcte Exigee and Manuel Poirier's Marion.</p>
<p>All the directors except Poirier will be on hand for the fest, along with well-known French thesps Marie-France Pisier, Jean-Luc Bideau, Elsa Zylberstein, Vincent Lindon and Jacques Gamblin. Unifrance president Daniel Toscan du Plantier will also be on hand for the fest.</p>
<p>In addition to the screenings, there will be official discussions between French producers and Quebec distributors regarding the presence of French film in North America, and Tavernier will host a debate about his latest pic, Capitaine Conan.</p>
<p>The event is organized by Unifrance and Quebec provincial funder SODEC. Screenings will be held in Quebec City at the Cineplex Odeon Place Charest and Cinema Le Clap.</p>
<p>Unifrance, which used to hold an annual festival in Sarasota, Fla., now stages its main North American festival of French film in Acapulco, Mexico.</p>
<p>Reuters/Variety</p>
</text>
<copyright>(c) Reuters Limited 1997</copyright>
<metadata>
<codes class="bip:countries:1.0">
  <code code="CANA">
    <editdetail attribution="Reuters BIP Coding Group" action="confirmed" date="1997-03-25"/>
  </code>
  <code code="FRA">
    <editdetail attribution="Reuters BIP Coding Group" action="confirmed" date="1997-03-25"/>
  </code>
</codes>
<codes class="bip:topics:1.0">
  <code code="GCAT">
    <editdetail attribution="Reuters BIP Coding Group" action="confirmed" date="1997-03-25"/>
  </code>
  <code code="GENT">
    <editdetail attribution="Reuters BIP Coding Group" action="confirmed" date="1997-03-25"/>
  </code>
</codes>
<dc element="dc.publisher" value="Reuters Holdings Plc"/>
<dc element="dc.date.published" value="1997-03-25"/>
<dc element="dc.source" value="Reuters"/>
<dc element="dc.creator.location.country.name" value="CANADA"/>
<dc element="dc.source" value="Reuters"/>
</metadata>
</newsitem>
