<?xml version="1.0" encoding="iso-8859-1" ?>
<newsitem itemid="465190" id="root" date="1997-03-25" xml:lang="en">
<title>USA: Fuel-Tech NV Q4 shr loss $0.01.</title>
<headline>Fuel-Tech NV Q4 shr loss $0.01.</headline>
<dateline>STAMFORD, Conn. 1997-03-25</dateline>
<text>
<p>For the Three Months Ended  For the Year Ended</p>
<p>			12/31/96    12/31/95    12/31/96   12/31/95</p>
<p>		     (unaudited) (unaudited)</p>
<p>Royalty income from</p>
<p>   joint venture   $155,000    $96,000    $245,000   $210,000</p>
<p>Costs and expenses:</p>
<p>(Income) loss from equity interest</p>
<p>   in joint venture  25,000  (481,000)     128,000  (273,000)</p>
<p>Gen &amp; Admn expense  437,000    511,000   1,495,000  2,502,000</p>
<p>Litigation &amp; settlement</p>
<p>   expense	   (128,000)(a) 98,000     721,000    219,000</p>
<p> Research, devel costs   --    222,000	    --    940,000</p>
<p>Loss from oper   (179,000)  (254,000)  (2,099,000)(3,178,000)</p>
<p>Interest, other</p>
<p>   income		65,000     75,000     254,000    321,000</p>
<p> Net Loss	  (114,000)  (179,000) (1,845,000) (2,857,000)</p>
<p> Net loss per shr    ( .01)     ( .01)	( .15)     ( .23)</p>
<p>Avg shares</p>
<p>   outstanding   12,384,000 12,377,000  12,380,000 12,350,000</p>
<p>(a) Represents reimbursement of legal costs in prior periods.</p>
<p>((-- New York Newsdesk 212-859-1700))</p>
</text>
<copyright>(c) Reuters Limited 1997</copyright>
<metadata>
<codes class="bip:countries:1.0">
  <code code="USA">
    <editdetail attribution="Reuters BIP Coding Group" action="confirmed" date="1997-03-25"/>
  </code>
</codes>
<codes class="bip:industries:1.0">
  <code code="I32000">
    <editdetail attribution="Reuters BIP Coding Group" action="confirmed" date="1997-03-25"/>
  </code>
</codes>
<codes class="bip:topics:1.0">
  <code code="C15">
    <editdetail attribution="Reuters BIP Coding Group" action="confirmed" date="1997-03-25"/>
  </code>
  <code code="C151">
    <editdetail attribution="Reuters BIP Coding Group" action="confirmed" date="1997-03-25"/>
  </code>
  <code code="C1511">
    <editdetail attribution="Reuters BIP Coding Group" action="confirmed" date="1997-03-25"/>
  </code>
  <code code="CCAT">
    <editdetail attribution="Reuters BIP Coding Group" action="confirmed" date="1997-03-25"/>
  </code>
</codes>
<dc element="dc.date.created" value="1997-03-25"/>
<dc element="dc.publisher" value="Reuters Holdings Plc"/>
<dc element="dc.date.published" value="1997-03-25"/>
<dc element="dc.source" value="Reuters"/>
<dc element="dc.creator.location" value="STAMFORD, Conn."/>
<dc element="dc.creator.location.country.name" value="USA"/>
<dc element="dc.source" value="Reuters"/>
</metadata>
</newsitem>
