<?xml version="1.0" encoding="iso-8859-1" ?>
<newsitem itemid="465198" id="root" date="1997-03-25" xml:lang="en">
<title>USA: Astro-Med Inc Q4 shr $0.12 vs $0.04.</title>
<headline>Astro-Med Inc Q4 shr $0.12 vs $0.04.</headline>
<dateline>WEST WARWICK, R.I. 1997-03-25</dateline>
<text>
<p>Fourth Quarter Ended	Fiscal Year Ended</p>
<p>			Jan 31,     Jan 31,     Jan 31,     Jan 31,</p>
<p>			   1997	 1996	  1997	  1996</p>
<p> Net Sales    $11,396,000 $11,375,000 $44,175,000 $43,941,000</p>
<p> Net Income	 574,000     179,000   2,288,000   1,328,000</p>
<p> Earnings Per Share  0.12	  0.04	  0.46	  0.26</p>
<p>Weighted Average Number</p>
<p>of Common and Common</p>
<p>Equivalent Shares</p>
<p> Outstanding    4,988,881   5,088,128   5,018,143   5,095,661</p>
<p>((-- New York Newsdesk 212 859-1700))</p>
</text>
<copyright>(c) Reuters Limited 1997</copyright>
<metadata>
<codes class="bip:countries:1.0">
  <code code="USA">
    <editdetail attribution="Reuters BIP Coding Group" action="confirmed" date="1997-03-25"/>
  </code>
</codes>
<codes class="bip:industries:1.0">
  <code code="I33010">
    <editdetail attribution="Reuters BIP Coding Group" action="confirmed" date="1997-03-25"/>
  </code>
</codes>
<codes class="bip:topics:1.0">
  <code code="C15">
    <editdetail attribution="Reuters BIP Coding Group" action="confirmed" date="1997-03-25"/>
  </code>
  <code code="C151">
    <editdetail attribution="Reuters BIP Coding Group" action="confirmed" date="1997-03-25"/>
  </code>
  <code code="C1511">
    <editdetail attribution="Reuters BIP Coding Group" action="confirmed" date="1997-03-25"/>
  </code>
  <code code="CCAT">
    <editdetail attribution="Reuters BIP Coding Group" action="confirmed" date="1997-03-25"/>
  </code>
</codes>
<dc element="dc.date.created" value="1997-03-25"/>
<dc element="dc.publisher" value="Reuters Holdings Plc"/>
<dc element="dc.date.published" value="1997-03-25"/>
<dc element="dc.source" value="Reuters"/>
<dc element="dc.creator.location" value="WEST WARWICK, R.I."/>
<dc element="dc.creator.location.country.name" value="USA"/>
<dc element="dc.source" value="Reuters"/>
</metadata>
</newsitem>
