<?xml version="1.0" encoding="iso-8859-1" ?>
<newsitem itemid="465172" id="root" date="1997-03-25" xml:lang="en">
<title>USA: RESEARCH ALERT - Medic Computer upgraded.</title>
<headline>RESEARCH ALERT - Medic Computer upgraded.</headline>
<text>
<p>-- NatWest Securities said it raised its recommendation on Medic Computer System Inc to buy from accumulate.</p>
<p>-- Shares rose 1-5/8 to 14-3/4 in midsession Nasdaq trade, rebounding from yesterday's 14-7/8 point decline to 13-1/8.</p>
<p>-- Analyst was not immediately available to comment on the rating change.</p>
</text>
<copyright>(c) Reuters Limited 1997</copyright>
<metadata>
<codes class="bip:countries:1.0">
  <code code="USA">
    <editdetail attribution="Reuters BIP Coding Group" action="confirmed" date="1997-03-25"/>
  </code>
</codes>
<codes class="bip:industries:1.0">
  <code code="I33020">
    <editdetail attribution="Reuters BIP Coding Group" action="confirmed" date="1997-03-25"/>
  </code>
  <code code="I3302021">
    <editdetail attribution="Reuters BIP Coding Group" action="confirmed" date="1997-03-25"/>
  </code>
</codes>
<codes class="bip:topics:1.0">
  <code code="C15">
    <editdetail attribution="Reuters BIP Coding Group" action="confirmed" date="1997-03-25"/>
  </code>
  <code code="C152">
    <editdetail attribution="Reuters BIP Coding Group" action="confirmed" date="1997-03-25"/>
  </code>
  <code code="CCAT">
    <editdetail attribution="Reuters BIP Coding Group" action="confirmed" date="1997-03-25"/>
  </code>
</codes>
<dc element="dc.publisher" value="Reuters Holdings Plc"/>
<dc element="dc.date.published" value="1997-03-25"/>
<dc element="dc.source" value="Reuters"/>
<dc element="dc.creator.location.country.name" value="USA"/>
<dc element="dc.source" value="Reuters"/>
</metadata>
</newsitem>
