<?xml version="1.0" encoding="iso-8859-1" ?>
<newsitem itemid="465214" id="root" date="1997-03-25" xml:lang="en">
<title>USA: First Team sees Q4 loss up to $0.09/shr.</title>
<headline>First Team sees Q4 loss up to $0.09/shr.</headline>
<dateline>MINNEAPOLIS 1997-03-25</dateline>
<text>
<p>First Team Sports Inc said Tuesday it expects to report a loss of up to $0.09 a share for its fiscal 1997 fourth quarter ended February 28.</p>
<p>Net sales for fiscal 1997 will be about $76 million to $77 million, compared with $97.7 million in fiscal 1996, the company said.</p>
<p>&quot;It is anticipated that earnings for fiscal 1997 will be in the range of $0.45 to $0.48 per share, as compared with $1.30 per share in fiscal 1996, which reflects a loss of up to $0.09 per share in the fourth quarter of fiscal 1997,&quot; the company said in a statement.  </p>
<p>First Team said it expects to report final results the week of April 21.</p>
<p>First Team, which manufactures in-line skates, accessories and roller hockey products, said despite reduced retail inventories over the holiday selling season, there was some product overhang going into the fourth quarter and continued wholesale and retail price cutting.</p>
<p>&quot;This, coupled with production delays in some sizes of our new Softech product line, affected our early season orders of new products, which we pushed back to mid-March deliveries,&quot; John Egart, president of First Team, said in a statement.  </p>
<p>Egart said the company sees the competitive pricing pressures easing as the spring season continues.</p>
<p>&quot;It is disappointing to post a loss for our fourth quarter in an otherwise profitable year. However, the Company made the decision to prepare for the spring sales season with our new products in the warehouse,&quot; Egart said.</p>
<p>&quot;With reduced inventories, we feel we are in a position to take full advantage of our higher margin product introductions,&quot; he said.</p>
<p>First Team said it began shipping its 1997 product line in mid-March.</p>
<p>&quot;We...remain extremely confident in the strong performance of these items, which will contribute to an improved financial performance in fiscal 1998,&quot; Egart said.</p>
<p>((--Chicago newsdesk, 312-408-8787))</p>
</text>
<copyright>(c) Reuters Limited 1997</copyright>
<metadata>
<codes class="bip:countries:1.0">
  <code code="USA">
    <editdetail attribution="Reuters BIP Coding Group" action="confirmed" date="1997-03-25"/>
  </code>
</codes>
<codes class="bip:industries:1.0">
  <code code="I49420">
    <editdetail attribution="Reuters BIP Coding Group" action="confirmed" date="1997-03-25"/>
  </code>
</codes>
<codes class="bip:topics:1.0">
  <code code="C15">
    <editdetail attribution="Reuters BIP Coding Group" action="confirmed" date="1997-03-25"/>
  </code>
  <code code="C152">
    <editdetail attribution="Reuters BIP Coding Group" action="confirmed" date="1997-03-25"/>
  </code>
  <code code="CCAT">
    <editdetail attribution="Reuters BIP Coding Group" action="confirmed" date="1997-03-25"/>
  </code>
</codes>
<dc element="dc.date.created" value="1997-03-25"/>
<dc element="dc.publisher" value="Reuters Holdings Plc"/>
<dc element="dc.date.published" value="1997-03-25"/>
<dc element="dc.source" value="Reuters"/>
<dc element="dc.creator.location" value="MINNEAPOLIS"/>
<dc element="dc.creator.location.country.name" value="USA"/>
<dc element="dc.source" value="Reuters"/>
</metadata>
</newsitem>
