<?xml version="1.0" encoding="iso-8859-1" ?>
<newsitem itemid="465290" id="root" date="1997-03-25" xml:lang="en">
<title>USA: U.S. blue chips end lower after Fed rate hike.</title>
<headline>U.S. blue chips end lower after Fed rate hike.</headline>
<byline>Richard Jacobsen</byline>
<dateline>NEW YORK 1997-03-25</dateline>
<text>
<p>U.S. blue chips ended lower on Tuesday after Wall Street was hit by the first Federal Reserve rise in interest rates in over two years.</p>
<p>The Dow industrials ended off 29 points, or 0.4 percent, to 6876 in reaction to the Fed's widely anticipated quarter percentage point rise in its short-term federal funds rate.</p>
<p>But advancing issues narrowly beat declines on the New York Stock Exchange and the Nasdaq composite bounced back from sharp losses Monday to post a five-point gain to 1248.  </p>
<p>The Dow ralled 100 points on Monday as investors anticipated recent weakness in stocks had already accounted for a rate rise.</p>
<p>Blue chips initially jumped on news of the rate increase Tuesday afternoon, but the &quot;relief rally&quot; quickly ran out of steam. Market players expected the Fed move to be the first in a series of Fed rate increases to cool the economy, which will dampen corporate profits and weigh on stocks.</p>
<p>&quot;It's still a bump in rates and maybe there's another bump to come,&quot; said Frank Calta, director of trading at Anvil Institutional Services.  </p>
<p>The increase brought the federal funds rate that commercial bannks charge each other for overnight loans up to 5.50 percent. The Fed left the discount rate it charges banks for money unchanged at 5.0 percent.</p>
<p>It was the first rate rise by the Fed since February 1995. Commercial banks reacted quickly, with Banc One Corp raising its prime lending rate to 8.50 percent from 8.25 percent effective Wednesday.</p>
<p>&quot;Once the Fed has signaled a change in policy, it means the market should be on its guard,&quot; said Eric Miller, chief investment office at Donaldson, Lufkin and Jenrette.  </p>
<p>Miller noted, however, the recent weakness in leading averages, with the Nasdaq composite off about 10 percent from its January 22 high.</p>
<p>&quot;I would guess the market is going to mark time, stay in a trading a trading range until it gets a better sense of what is going to follow,&quot; he said.</p>
<p>Wall Street will be closely following economic indicators to determine if more credit tightening is in the offing.</p>
<p>&quot;If (the Fed) does a second (rate hike), that's when people will get nervous,&quot; said Kevin Haggerty, manager of equity trading at Fidelity Capital Markets.  </p>
<p>The gains in the Nasdaq reflected a rebound in technology stocks, boosted by comments from Montgomery Securities that it views shares of major tech companies as undervalued.</p>
<p>Intel Corp rose 2-5/8 to 133-1/4, Cisco Systems Inc gained 3/4 to 47-7/8 and Dell Computer Corp rose 2-1/2 to 67-1/2.</p>
<p>Drug stocks rallied after Morgan Stanley raised its rating on Warner-Lambert Co to strong buy from outperform. Warner-Lambert gained 1-3/4 to 91-1/4, Eli Lilly and Co rose 2-1/2 to 89-1/4 and Merck and Co Inc added 1-1/8 to 91.  </p>
<p>Drug stocks are among consumer non-durable shares normally seen outperforming other stocks in a slowing economy.</p>
<p>Bank and economically sensitive cyclical stocks, seen vulnerable to rising rates and a slower economy, were weak.</p>
<p>Banc One fell one to 43-3/4 and Citicorp shed 7/8 to 115-3/4. Aluminum Co of America dropped two to 70.</p>
<p>One cyclical sector, paper stocks, fell after Merrill Lynch lowered ratings on the group, citing pricing pressures on some products. Weyerhaeuser Co fell 2-1/4 to 46-3/4, Georgia-Pacific Corp sank 2-1/2 to 73-7/8 and Champion International Corp fell 1-3/4 to 45-1/4.  </p>
<p>Among other special situations, Global DirectMail Corp fell 8-1/8 to 19-7/8 after saying it expected to report first-quarter net income below analysts' expectations.</p>
<p>Motorola Inc rose 1-1/2 to 58-7/8 amid expectation the company will announce a major contract with a Japanese wireless phone company.</p>
<p>The S&amp;P 500 index fell 1.82 points to 789.07.</p>
<p>The Nasdaq Composite rose 5.42 points to 1248.06.</p>
<p>((-- Wall Street desk, 212-859-1730))</p>
</text>
<copyright>(c) Reuters Limited 1997</copyright>
<metadata>
<codes class="bip:countries:1.0">
  <code code="USA">
    <editdetail attribution="Reuters BIP Coding Group" action="confirmed" date="1997-03-25"/>
  </code>
</codes>
<codes class="bip:topics:1.0">
  <code code="M11">
    <editdetail attribution="Reuters BIP Coding Group" action="confirmed" date="1997-03-25"/>
  </code>
  <code code="MCAT">
    <editdetail attribution="Reuters BIP Coding Group" action="confirmed" date="1997-03-25"/>
  </code>
</codes>
<dc element="dc.date.created" value="1997-03-25"/>
<dc element="dc.publisher" value="Reuters Holdings Plc"/>
<dc element="dc.date.published" value="1997-03-25"/>
<dc element="dc.source" value="Reuters"/>
<dc element="dc.creator.location" value="NEW YORK"/>
<dc element="dc.creator.location.country.name" value="USA"/>
<dc element="dc.source" value="Reuters"/>
</metadata>
</newsitem>
