<?xml version="1.0" encoding="iso-8859-1" ?>
<newsitem itemid="465239" id="root" date="1997-03-25" xml:lang="en">
<title>USA: Morrison Health Q3 March 1 full results.</title>
<headline>Morrison Health Q3 March 1 full results.</headline>
<dateline>ATLANTA 1997-03-25</dateline>
<text>
<p>MORRISON HEALTH CARE, INC.</p>
<p>Financial Results For The Third Quarter of Fiscal Year 1997</p>
<p>(unaudited)</p>
<p>		   (Amounts in thousands except per share amounts)</p>
<p>					 13 Weeks	    39 Weeks</p>
<p>				   3/1/97   3/2/96   3/1/97    3/2/96</p>
<p>					Pro Forma	   Pro Forma</p>
<p> Revenue			$57,483  $54,224 $164,496  $167,105</p>
<p> Net Income		     2,162	346    7,584     5,731</p>
<p>Earnings Per Share:</p>
<p>Excluding Restructure Cost</p>
<p>   and Asset Impairment	0.18     0.11     0.64	0.57</p>
<p>Including Restructure Cost and</p>
<p>   Asset Impairment	    0.18     0.03     0.64	0.49</p>
<p>  Equivalent Shares	  11,843   11,770   11,837    11,794</p>
</text>
<copyright>(c) Reuters Limited 1997</copyright>
<metadata>
<codes class="bip:countries:1.0">
  <code code="USA">
    <editdetail attribution="Reuters BIP Coding Group" action="confirmed" date="1997-03-25"/>
  </code>
</codes>
<codes class="bip:industries:1.0">
  <code code="I66000">
    <editdetail attribution="Reuters BIP Coding Group" action="confirmed" date="1997-03-25"/>
  </code>
</codes>
<codes class="bip:topics:1.0">
  <code code="C15">
    <editdetail attribution="Reuters BIP Coding Group" action="confirmed" date="1997-03-25"/>
  </code>
  <code code="C151">
    <editdetail attribution="Reuters BIP Coding Group" action="confirmed" date="1997-03-25"/>
  </code>
  <code code="CCAT">
    <editdetail attribution="Reuters BIP Coding Group" action="confirmed" date="1997-03-25"/>
  </code>
</codes>
<dc element="dc.date.created" value="1997-03-25"/>
<dc element="dc.publisher" value="Reuters Holdings Plc"/>
<dc element="dc.date.published" value="1997-03-25"/>
<dc element="dc.source" value="Reuters"/>
<dc element="dc.creator.location" value="ATLANTA"/>
<dc element="dc.creator.location.country.name" value="USA"/>
<dc element="dc.source" value="Reuters"/>
</metadata>
</newsitem>
