<?xml version="1.0" encoding="iso-8859-1" ?>
<newsitem itemid="465292" id="root" date="1997-03-25" xml:lang="en">
<title>USA: Wash. state lawmakers seek gasoline tax increase.</title>
<headline>Wash. state lawmakers seek gasoline tax increase.</headline>
<dateline>OLYMPIA, Wash. 1997-03-25</dateline>
<text>
<p>Washington state senators on Tuesday proposed a two-step increase in the state gasoline tax that would fund $2.0 billion worth of highway and transportation projects.</p>
<p>The lawmakers are proposing an increase of five cents a gallon effective July 1 and want to tack on another two cents on January 1, 1998.</p>
<p>Washington's current gasoline tax is 23 cents per gallon.</p>
<p>The proposed increase would generate enough revenue to sell $2.0 billion of highway construction bonds, state officials said.  </p>
<p>&quot;All of the bonding revenue will go for construction, not operation or administration, so people can actually see -- and use -- what they are paying for when they fill up at the gas pump,&quot; state Senator Mary Margaret Haugen said.</p>
<p>Washington state last increased its gasoline tax in 1991.</p>
<p>Supporters of the tax increase argue that inflation and the greater fuel efficiency of late-model cars have eroded the buying power of gasoline tax receipts.</p>
<p>&quot;It's pretty simple. Either we make an investment now, or we regret it later,&quot; said Senator Gene Prince, Republican chairman of the Senate Transportation Committee.</p>
</text>
<copyright>(c) Reuters Limited 1997</copyright>
<metadata>
<codes class="bip:countries:1.0">
  <code code="USA">
    <editdetail attribution="Reuters BIP Coding Group" action="confirmed" date="1997-03-25"/>
  </code>
</codes>
<codes class="bip:industries:1.0">
  <code code="I65200">
    <editdetail attribution="Reuters BIP Coding Group" action="confirmed" date="1997-03-25"/>
  </code>
</codes>
<codes class="bip:topics:1.0">
  <code code="C13">
    <editdetail attribution="Reuters BIP Coding Group" action="confirmed" date="1997-03-25"/>
  </code>
  <code code="C31">
    <editdetail attribution="Reuters BIP Coding Group" action="confirmed" date="1997-03-25"/>
  </code>
  <code code="CCAT">
    <editdetail attribution="Reuters BIP Coding Group" action="confirmed" date="1997-03-25"/>
  </code>
  <code code="E21">
    <editdetail attribution="Reuters BIP Coding Group" action="confirmed" date="1997-03-25"/>
  </code>
  <code code="E211">
    <editdetail attribution="Reuters BIP Coding Group" action="confirmed" date="1997-03-25"/>
  </code>
  <code code="ECAT">
    <editdetail attribution="Reuters BIP Coding Group" action="confirmed" date="1997-03-25"/>
  </code>
</codes>
<dc element="dc.date.created" value="1997-03-25"/>
<dc element="dc.publisher" value="Reuters Holdings Plc"/>
<dc element="dc.date.published" value="1997-03-25"/>
<dc element="dc.source" value="Reuters"/>
<dc element="dc.creator.location" value="OLYMPIA, Wash."/>
<dc element="dc.creator.location.country.name" value="USA"/>
<dc element="dc.source" value="Reuters"/>
</metadata>
</newsitem>
