<?xml version="1.0" encoding="iso-8859-1" ?>
<newsitem itemid="465260" id="root" date="1997-03-25" xml:lang="en">
<title>USA: Heartland chairman Holland steps down.</title>
<headline>Heartland chairman Holland steps down.</headline>
<dateline>DALLAS 1997-03-25</dateline>
<text>
<p>Heartland Wireless Communications Inc said on Tuesday that J.R. Holland Jr stepped down as chairman, but will remain as a member of the board of directors.</p>
<p>Hartland also said that David Webb, president and chief executive of CS Wireless Systems Inc, resigned from Heartland's board to devote more time to CS Wireless. Webb resigned as president and chief executive of Heartland in January to assume the same titles at CS Wireless.</p>
<p>Heartland co-owns CS Wireless with CAI Wireless Systems Inc.</p>
<p>Heartland on March 20 reported a fourth-quarter loss of $9.6 million before interest, taxes, depreciation and amortization.</p>
<p>Heartland's interim president and chief executive, John Fanning, said in a statement that the chairman position will be left vacant for the time being while the board members &quot;undertake various projects to expedite the company's restructuring efforts.&quot;</p>
<p>Heartland shares closed Tuesday at 2-3/8, up 1/4 on the day.</p>
</text>
<copyright>(c) Reuters Limited 1997</copyright>
<metadata>
<codes class="bip:countries:1.0">
  <code code="USA">
    <editdetail attribution="Reuters BIP Coding Group" action="confirmed" date="1997-03-25"/>
  </code>
</codes>
<codes class="bip:industries:1.0">
  <code code="I9741105">
    <editdetail attribution="Reuters BIP Coding Group" action="confirmed" date="1997-03-25"/>
  </code>
</codes>
<codes class="bip:topics:1.0">
  <code code="C41">
    <editdetail attribution="Reuters BIP Coding Group" action="confirmed" date="1997-03-25"/>
  </code>
  <code code="C411">
    <editdetail attribution="Reuters BIP Coding Group" action="confirmed" date="1997-03-25"/>
  </code>
  <code code="CCAT">
    <editdetail attribution="Reuters BIP Coding Group" action="confirmed" date="1997-03-25"/>
  </code>
</codes>
<dc element="dc.date.created" value="1997-03-25"/>
<dc element="dc.publisher" value="Reuters Holdings Plc"/>
<dc element="dc.date.published" value="1997-03-25"/>
<dc element="dc.source" value="Reuters"/>
<dc element="dc.creator.location" value="DALLAS"/>
<dc element="dc.creator.location.country.name" value="USA"/>
<dc element="dc.source" value="Reuters"/>
</metadata>
</newsitem>
