<?xml version="1.0" encoding="iso-8859-1" ?>
<newsitem itemid="465244" id="root" date="1997-03-25" xml:lang="en">
<title>USA: Jan Bell Marketing Q4 shr $0.38 vs $0.28.</title>
<headline>Jan Bell Marketing Q4 shr $0.38 vs $0.28.</headline>
<dateline>SUNRISE, Fla. 1997-03-25</dateline>
<text>
<p>JAN BELL MARKETING INC.</p>
<p>			   Consolidated Balance Sheets</p>
<p>(Amounts shown in thousands except share and per share data)</p>
<p>							 52		 53</p>
<p>						Wks Ended	Wks Ended</p>
<p>						  Feb. 1,	  Feb. 3,</p>
<p>						     1997	    1996</p>
<p> Net sales				   $243,079	 $254,004</p>
<p> Net income/(loss)				761	 ( 3,442)</p>
<p> Net income/(loss) per common share	0.03	  ( 0.13)</p>
<p>Weighted average shares</p>
<p>   outstanding			   26,017,364     25,774,018</p>
<p>							 13		 14</p>
<p>						Wks Ended	Wks Ended</p>
<p>						 Feb. 1,	   Feb. 3,</p>
<p>						     1997	    1996</p>
<p> Net sales				    $95,771	 $102,325</p>
<p> Net income				     9,919	    7,152</p>
<p> Net income per common share		 0.38	     0.28</p>
<p>Weighted average shares</p>
<p>  outstanding			     25,901,794     25,820,334</p>
</text>
<copyright>(c) Reuters Limited 1997</copyright>
<metadata>
<codes class="bip:countries:1.0">
  <code code="USA">
    <editdetail attribution="Reuters BIP Coding Group" action="confirmed" date="1997-03-25"/>
  </code>
</codes>
<codes class="bip:topics:1.0">
  <code code="C15">
    <editdetail attribution="Reuters BIP Coding Group" action="confirmed" date="1997-03-25"/>
  </code>
  <code code="C151">
    <editdetail attribution="Reuters BIP Coding Group" action="confirmed" date="1997-03-25"/>
  </code>
  <code code="C1511">
    <editdetail attribution="Reuters BIP Coding Group" action="confirmed" date="1997-03-25"/>
  </code>
  <code code="CCAT">
    <editdetail attribution="Reuters BIP Coding Group" action="confirmed" date="1997-03-25"/>
  </code>
</codes>
<dc element="dc.date.created" value="1997-03-25"/>
<dc element="dc.publisher" value="Reuters Holdings Plc"/>
<dc element="dc.date.published" value="1997-03-25"/>
<dc element="dc.source" value="Reuters"/>
<dc element="dc.creator.location" value="SUNRISE, Fla."/>
<dc element="dc.creator.location.country.name" value="USA"/>
<dc element="dc.source" value="Reuters"/>
</metadata>
</newsitem>
