<?xml version="1.0" encoding="iso-8859-1" ?>
<newsitem itemid="465257" id="root" date="1997-03-25" xml:lang="en">
<title>USA: PremiumWear stake lifted by Houston group.</title>
<headline>PremiumWear stake lifted by Houston group.</headline>
<dateline>WASHINGTON 1997-03-25</dateline>
<text>
<p>A group led by Francisco Lorenzo, chairman of Savoy Partners Inc, a private investment banking company in Houston, said Tuesday it raised its stake in PremiumWear Inc to 184,100 common shares, or 7.9 percent, from 6.83 percent held previously.</p>
<p>In a filing with the Securities and Exchange Commission, the group said its latest transactions include the purchase of 38,500 common shares between February 13 and March 17 at prices ranging from $3.125 to $8.875 per share.</p>
<p>PremiumWear markets Munsingwear brand knit shirts and other apparel items to premium and special market industries under a license from Supreme International Corp.</p>
</text>
<copyright>(c) Reuters Limited 1997</copyright>
<metadata>
<codes class="bip:countries:1.0">
  <code code="USA">
    <editdetail attribution="Reuters BIP Coding Group" action="confirmed" date="1997-03-25"/>
  </code>
</codes>
<codes class="bip:industries:1.0">
  <code code="I45300">
    <editdetail attribution="Reuters BIP Coding Group" action="confirmed" date="1997-03-25"/>
  </code>
</codes>
<codes class="bip:topics:1.0">
  <code code="C18">
    <editdetail attribution="Reuters BIP Coding Group" action="confirmed" date="1997-03-25"/>
  </code>
  <code code="C181">
    <editdetail attribution="Reuters BIP Coding Group" action="confirmed" date="1997-03-25"/>
  </code>
  <code code="CCAT">
    <editdetail attribution="Reuters BIP Coding Group" action="confirmed" date="1997-03-25"/>
  </code>
</codes>
<dc element="dc.date.created" value="1997-03-25"/>
<dc element="dc.publisher" value="Reuters Holdings Plc"/>
<dc element="dc.date.published" value="1997-03-25"/>
<dc element="dc.source" value="Reuters"/>
<dc element="dc.creator.location" value="WASHINGTON"/>
<dc element="dc.creator.location.country.name" value="USA"/>
<dc element="dc.source" value="Reuters"/>
</metadata>
</newsitem>
