<?xml version="1.0" encoding="iso-8859-1" ?>
<newsitem itemid="465218" id="root" date="1997-03-25" xml:lang="en">
<title>USA: AFTER THE BELL - Trading light.</title>
<headline>AFTER THE BELL - Trading light.</headline>
<dateline>NEW YORK 1997-03-25</dateline>
<text>
<p>Stock trading was light after hours Tuesday.</p>
<p>&quot;It's more or less a quiet day,&quot; one after-hours trader said.</p>
<p>Global DirectMail Corp, which fell 8-1/8 points to 19-7/8 during regular trading, was inactive after the bell, traders said. Earlier the company said it expected to report first quarter net income below analysts's expectations.</p>
</text>
<copyright>(c) Reuters Limited 1997</copyright>
<metadata>
<codes class="bip:countries:1.0">
  <code code="USA">
    <editdetail attribution="Reuters BIP Coding Group" action="confirmed" date="1997-03-25"/>
  </code>
</codes>
<codes class="bip:industries:1.0">
  <code code="I33010">
    <editdetail attribution="Reuters BIP Coding Group" action="confirmed" date="1997-03-25"/>
  </code>
</codes>
<codes class="bip:topics:1.0">
  <code code="C15">
    <editdetail attribution="Reuters BIP Coding Group" action="confirmed" date="1997-03-25"/>
  </code>
  <code code="C152">
    <editdetail attribution="Reuters BIP Coding Group" action="confirmed" date="1997-03-25"/>
  </code>
  <code code="CCAT">
    <editdetail attribution="Reuters BIP Coding Group" action="confirmed" date="1997-03-25"/>
  </code>
</codes>
<dc element="dc.date.created" value="1997-03-25"/>
<dc element="dc.publisher" value="Reuters Holdings Plc"/>
<dc element="dc.date.published" value="1997-03-25"/>
<dc element="dc.source" value="Reuters"/>
<dc element="dc.creator.location" value="NEW YORK"/>
<dc element="dc.creator.location.country.name" value="USA"/>
<dc element="dc.source" value="Reuters"/>
</metadata>
</newsitem>
