<?xml version="1.0" encoding="iso-8859-1" ?>
<newsitem itemid="465258" id="root" date="1997-03-25" xml:lang="en">
<title>USA: AMEX closing averages.</title>
<headline>AMEX closing averages.</headline>
<dateline>NEW YORK 1997-03-25</dateline>
<text>
<p>Prices on the American Stock Exchange closed lower in light trading.</p>
<p>The Amex index closed at 586.16, down 1.78.</p>
<p>Losers beat winners 276 to 239.</p>
<p>The average price per share was down $0.05.</p>
<p>Preliminary volume was 14,731,985 compared with 16,820,220 on Monday.</p>
<p>	  (Prices official as of 1645 EST/2145 GMT)</p>
</text>
<copyright>(c) Reuters Limited 1997</copyright>
<metadata>
<codes class="bip:countries:1.0">
  <code code="USA">
    <editdetail attribution="Reuters BIP Coding Group" action="confirmed" date="1997-03-25"/>
  </code>
</codes>
<codes class="bip:topics:1.0">
  <code code="M11">
    <editdetail attribution="Reuters BIP Coding Group" action="confirmed" date="1997-03-25"/>
  </code>
  <code code="MCAT">
    <editdetail attribution="Reuters BIP Coding Group" action="confirmed" date="1997-03-25"/>
  </code>
</codes>
<dc element="dc.date.created" value="1997-03-25"/>
<dc element="dc.publisher" value="Reuters Holdings Plc"/>
<dc element="dc.date.published" value="1997-03-25"/>
<dc element="dc.source" value="Reuters"/>
<dc element="dc.creator.location" value="NEW YORK"/>
<dc element="dc.creator.location.country.name" value="USA"/>
<dc element="dc.source" value="Reuters"/>
</metadata>
</newsitem>
