<?xml version="1.0" encoding="iso-8859-1" ?>
<newsitem itemid="465219" id="root" date="1997-03-25" xml:lang="en">
<title>USA: Healthdyne shareholders still reject hostile offer.</title>
<headline>Healthdyne shareholders still reject hostile offer.</headline>
<dateline>MARIETTA, Ga. 1997-03-25</dateline>
<text>
<p>Healthdyne Technologies Inc said Tuesday it was pleased only 18 percent of the company's total outstanding shares were tendered into the unsolicited hostile tender offer of Invacare Corp.</p>
<p>Ivacare's offer has been open for about two months and earlier today, it said it would extend its $13 per share tender offer fo Helathdyne until April 7.</p>
<p>Helathdyne said the low number of shares tendered again indicated support for its postion the Invacare offer is &quot;grossly&quot; inadequate.</p>
<p>Invacare closed Tuesday at 23-1/4.</p>
<p>Helathdyne also stated it was gratified the Georgia Senate yesterday voted not to reconsider its passage of a bill that would automatically provide for staggered terms for the board of directors of Georgia public companies who do not opt out of its provisions.</p>
<p>Invacare said it wil nominate a slate of directors to run against Healthdyne's.</p>
<p>Healthdyne Technologies makes and sells medical devices for use in the home and specialized clinical settings.</p>
</text>
<copyright>(c) Reuters Limited 1997</copyright>
<metadata>
<codes class="bip:countries:1.0">
  <code code="USA">
    <editdetail attribution="Reuters BIP Coding Group" action="confirmed" date="1997-03-25"/>
  </code>
</codes>
<codes class="bip:industries:1.0">
  <code code="I37200">
    <editdetail attribution="Reuters BIP Coding Group" action="confirmed" date="1997-03-25"/>
  </code>
</codes>
<codes class="bip:topics:1.0">
  <code code="C18">
    <editdetail attribution="Reuters BIP Coding Group" action="confirmed" date="1997-03-25"/>
  </code>
  <code code="C181">
    <editdetail attribution="Reuters BIP Coding Group" action="confirmed" date="1997-03-25"/>
  </code>
  <code code="CCAT">
    <editdetail attribution="Reuters BIP Coding Group" action="confirmed" date="1997-03-25"/>
  </code>
</codes>
<dc element="dc.date.created" value="1997-03-25"/>
<dc element="dc.publisher" value="Reuters Holdings Plc"/>
<dc element="dc.date.published" value="1997-03-25"/>
<dc element="dc.source" value="Reuters"/>
<dc element="dc.creator.location" value="MARIETTA, Ga."/>
<dc element="dc.creator.location.country.name" value="USA"/>
<dc element="dc.source" value="Reuters"/>
</metadata>
</newsitem>
