<?xml version="1.0" encoding="iso-8859-1" ?>
<newsitem itemid="465220" id="root" date="1997-03-25" xml:lang="en">
<title>USA: Effective Mgmt posts expected Q1 loss.</title>
<headline>Effective Mgmt posts expected Q1 loss.</headline>
<dateline>MILWAUKEE 1997-03-25</dateline>
<text>
<p>Effective Management Systems Inc Tuesday reported an expected loss of $883,000, or $0.22 a share, in the first quarter ended February 28, versus a loss one year ago of $91,000, or $0.02 a share.</p>
<p>The company, which provides software for manufacturing operations, said the loss primarily reflected an unanticipated delay in the finalization of a major contract with an unidentified company. Effective Management said it also experienced some softness in new-account sales in the period.</p>
<p>Revenues dipped slightly to $9.5 million from $9.6 million, the company said.</p>
<p>Effective Management Systems shares closed unchanged Tuesday at 6-1/4.</p>
<p>((Chicago newsdesk (312) 408-8787))</p>
</text>
<copyright>(c) Reuters Limited 1997</copyright>
<metadata>
<codes class="bip:countries:1.0">
  <code code="USA">
    <editdetail attribution="Reuters BIP Coding Group" action="confirmed" date="1997-03-25"/>
  </code>
</codes>
<codes class="bip:topics:1.0">
  <code code="C15">
    <editdetail attribution="Reuters BIP Coding Group" action="confirmed" date="1997-03-25"/>
  </code>
  <code code="C152">
    <editdetail attribution="Reuters BIP Coding Group" action="confirmed" date="1997-03-25"/>
  </code>
  <code code="CCAT">
    <editdetail attribution="Reuters BIP Coding Group" action="confirmed" date="1997-03-25"/>
  </code>
</codes>
<dc element="dc.date.created" value="1997-03-25"/>
<dc element="dc.publisher" value="Reuters Holdings Plc"/>
<dc element="dc.date.published" value="1997-03-25"/>
<dc element="dc.source" value="Reuters"/>
<dc element="dc.creator.location" value="MILWAUKEE"/>
<dc element="dc.creator.location.country.name" value="USA"/>
<dc element="dc.source" value="Reuters"/>
</metadata>
</newsitem>
