<?xml version="1.0" encoding="iso-8859-1" ?>
<newsitem itemid="465266" id="root" date="1997-03-25" xml:lang="en">
<title>USA: Rawlings Sporting Goods Inc Q2 Feb 28 net.</title>
<headline>Rawlings Sporting Goods Inc Q2 Feb 28 net.</headline>
<dateline>ST. LOUIS 1997-03-25</dateline>
<text>
<p>(Amounts in thousands, except per share data)</p>
<p>			     (Unaudited)</p>
<p>					Quarter Ended  Six Months Ended</p>
<p>					     February 28,  February 28,</p>
<p>					 1997	1996    1997    1996</p>
<p> Net revenues		   $52,859   $51,405 $81,118 $86,856</p>
<p> Cost of goods sold	    35,803    35,452  55,244  59,980</p>
<p>   Gross profit		  17,056    15,953  25,874  26,876</p>
<p>Selling, general and</p>
<p>   administrative expenses    9,258     9,103  17,400  17,559</p>
<p> Operating income		 7,798     6,850   8,474   9,317</p>
<p> Interest expense, net	    948     1,077   1,686   1,979</p>
<p> Other expense, net		  68	  59	98     161</p>
<p>Income before income taxes</p>
<p>					6,782     5,714   6,690   7,177</p>
<p> Provision for income taxes   2,543     2,240   2,509   2,813</p>
<p>   Net income		     4,239     3,474   4,181   4,364</p>
<p>Average number of common</p>
<p>   shares outstanding	   7,708     7,678   7,704   7,670</p>
<p> Net income per common share   0.55	0.45    0.54    0.57</p>
<p>((Chicago newsdesk, 312-408-8787))</p>
</text>
<copyright>(c) Reuters Limited 1997</copyright>
<metadata>
<codes class="bip:countries:1.0">
  <code code="USA">
    <editdetail attribution="Reuters BIP Coding Group" action="confirmed" date="1997-03-25"/>
  </code>
</codes>
<codes class="bip:topics:1.0">
  <code code="C15">
    <editdetail attribution="Reuters BIP Coding Group" action="confirmed" date="1997-03-25"/>
  </code>
  <code code="C151">
    <editdetail attribution="Reuters BIP Coding Group" action="confirmed" date="1997-03-25"/>
  </code>
  <code code="CCAT">
    <editdetail attribution="Reuters BIP Coding Group" action="confirmed" date="1997-03-25"/>
  </code>
</codes>
<dc element="dc.date.created" value="1997-03-25"/>
<dc element="dc.publisher" value="Reuters Holdings Plc"/>
<dc element="dc.date.published" value="1997-03-25"/>
<dc element="dc.source" value="Reuters"/>
<dc element="dc.creator.location" value="ST. LOUIS"/>
<dc element="dc.creator.location.country.name" value="USA"/>
<dc element="dc.source" value="Reuters"/>
</metadata>
</newsitem>
