<?xml version="1.0" encoding="iso-8859-1" ?>
<newsitem itemid="465262" id="root" date="1997-03-25" xml:lang="en">
<title>USA: Furon Co Q4 shr loss $5.86 after charge.</title>
<headline>Furon Co Q4 shr loss $5.86 after charge.</headline>
<dateline>LAGUNA NIGUEL, Calif. 1997-03-25</dateline>
<text>
<p>FURON CO. FINANCIAL HIGHLIGHTS SALES/EARNINGS FOR THE </p>
<p>THREE AND TWELVE MONTHS ENDED FEB. 1, 1997 AND FEB. 3, 1996</p>
<p>(unaudited)</p>
<p> In thousands,	 Three months ended   Twelve months ended</p>
<p> except per share	   Feb. 1,  Feb. 3,  Feb. 1,   Feb. 3,</p>
<p> amounts			   1997     1996     1997	1996</p>
<p> Net sales		   $102,899 $ 88,732 $390,105  $344,886</p>
<p> Cost of sales		 72,586   63,916  281,581   249,102</p>
<p> Gross profit		  30,313   24,816  108,524    95,784</p>
<p>Selling, general</p>
<p>and adminstrative</p>
<p>  expense			24,086   20,903   84,325    78,337</p>
<p>Write-off of acquired</p>
<p>in-process research</p>
<p>  and development	    53,700	---   53,700	 ---</p>
<p> Nonrecurring charges	 4,329	---    4,329	 ---</p>
<p> Other (income), net	(2,022)  (1,312)  (4,940)   (3,866)</p>
<p> Interest expense	     1,405	599    3,344     2,899</p>
<p>Income (loss) before</p>
<p>  income taxes	     (51,185)    4,626  (32,234)   18,414</p>
<p>Provision for income taxes</p>
<p>				    1,074    1,319    7,517     5,245</p>
<p> Net income (loss)	 (52,259)    3,307 (39,751)    13,169</p>
<p>Net income (loss) per</p>
<p>common share &amp; common</p>
<p>  share equivalents	  (5.86)     0.37   (4.47)	1.46</p>
<p>Cash dividends per</p>
<p>  common share		   0.06     0.06     0.24	0.24</p>
<p>Weighted average number</p>
<p>of common shares &amp; common</p>
<p>  share equivalents	   8,920    9,019    8,886     9,040</p>
</text>
<copyright>(c) Reuters Limited 1997</copyright>
<metadata>
<codes class="bip:countries:1.0">
  <code code="USA">
    <editdetail attribution="Reuters BIP Coding Group" action="confirmed" date="1997-03-25"/>
  </code>
</codes>
<codes class="bip:industries:1.0">
  <code code="I25140">
    <editdetail attribution="Reuters BIP Coding Group" action="confirmed" date="1997-03-25"/>
  </code>
</codes>
<codes class="bip:topics:1.0">
  <code code="C15">
    <editdetail attribution="Reuters BIP Coding Group" action="confirmed" date="1997-03-25"/>
  </code>
  <code code="C151">
    <editdetail attribution="Reuters BIP Coding Group" action="confirmed" date="1997-03-25"/>
  </code>
  <code code="C1511">
    <editdetail attribution="Reuters BIP Coding Group" action="confirmed" date="1997-03-25"/>
  </code>
  <code code="CCAT">
    <editdetail attribution="Reuters BIP Coding Group" action="confirmed" date="1997-03-25"/>
  </code>
</codes>
<dc element="dc.date.created" value="1997-03-25"/>
<dc element="dc.publisher" value="Reuters Holdings Plc"/>
<dc element="dc.date.published" value="1997-03-25"/>
<dc element="dc.source" value="Reuters"/>
<dc element="dc.creator.location" value="LAGUNA NIGUEL, Calif."/>
<dc element="dc.creator.location.country.name" value="USA"/>
<dc element="dc.source" value="Reuters"/>
</metadata>
</newsitem>
