<?xml version="1.0" encoding="iso-8859-1" ?>
<newsitem itemid="465253" id="root" date="1997-03-25" xml:lang="en">
<title>USA: U.S. researchers warn of iron deficiencies.</title>
<headline>U.S. researchers warn of iron deficiencies.</headline>
<dateline>CHICAGO 1997-03-25</dateline>
<text>
<p>Iron deficiency and resulting anemia remained a serious problem for many young children, adolescent girls and women of childbearing age in the United States, researchers said on Tuesday.</p>
<p>Despite successful U.S. efforts in the past three decades to combat blood iron deficiency levels by introducing iron-fortified infant formula and foods, an estimated 9 percent of children 1 to 2 years old were found to be iron deficient in a study that covered 1988 to 1994.</p>
<p>The National Center for Health Statistics, part of the Centers for Disease Control and Prevention in Hyattsville, Maryland, studied data on nearly 25,000 people ages 1 year and older.</p>
<p>&quot;The prevalences observed in this study translate into 7.8 million adolescent girls and women of childbearing age with iron deficiency; of these, approximately 3.3 million have iron deficiency anemia,&quot; study author Anne Looker wrote in the Journal of the American Medical Association.</p>
<p>&quot;Estimates for toddlers show approximately 700,000 with iron deficiency and approximately 240,000 of these with iron deficiency anemia,&quot; she wrote.</p>
<p>A deficiency of iron in the blood combined with low levels of hemoglobin can cause anemia, harm the functioning of the immune system, slow down cognitive development and damage the body's ability to regulate temperature and energy metabolism.</p>
<p>The study found that iron deficiency was twice as high or greater among minority women compared to white women, and was more common among poor women, those with less education and those with more children. Women over age 50 were not as likely as younger women to be iron deficient, but were still more likely to lack iron than men, the study found.</p>
</text>
<copyright>(c) Reuters Limited 1997</copyright>
<metadata>
<codes class="bip:countries:1.0">
  <code code="USA">
    <editdetail attribution="Reuters BIP Coding Group" action="confirmed" date="1997-03-25"/>
  </code>
</codes>
<codes class="bip:topics:1.0">
  <code code="GCAT">
    <editdetail attribution="Reuters BIP Coding Group" action="confirmed" date="1997-03-25"/>
  </code>
  <code code="GSCI">
    <editdetail attribution="Reuters BIP Coding Group" action="confirmed" date="1997-03-25"/>
  </code>
</codes>
<dc element="dc.date.created" value="1997-03-25"/>
<dc element="dc.publisher" value="Reuters Holdings Plc"/>
<dc element="dc.date.published" value="1997-03-25"/>
<dc element="dc.source" value="Reuters"/>
<dc element="dc.creator.location" value="CHICAGO"/>
<dc element="dc.creator.location.country.name" value="USA"/>
<dc element="dc.source" value="Reuters"/>
</metadata>
</newsitem>
