<?xml version="1.0" encoding="iso-8859-1" ?>
<newsitem itemid="465200" id="root" date="1997-03-25" xml:lang="en">
<title>USA: CSCE elects board members at annual meeting.</title>
<headline>CSCE elects board members at annual meeting.</headline>
<dateline>NEW YORK 1997-03-25</dateline>
<text>
<p>The Coffee, Sugar and Cocoa Exchange Inc (CSCE) said Tuesday it elected several new members at its annual meeting to serve on the CSCE Board of Managers.</p>
<p>Additionally, CSCE said the election of the Chairman of the Board will be postponed until May, after the candidate for chairman withdrew his name from consideration. Brian Kelly will remain Chairman of the Board until the election is held, the CSCE added.</p>
<p>Adolph Reinhardt, of Reinhardt and Merz Inc, was elected to serve as Vice Chairman of the Board and Willard Hay of Nestle USA was re-elected to serve as tresurer.</p>
<p>New board members elected to two-year terms were Patrick O'Shea of Dean Witter Reynolds Inc and Daniel Rosenblum of E.D.&amp; F. Man.</p>
<p>Board members re-elected to two-year terms were Charles Falk of Louis Dreyfus Corp, Michael Nugent of Merrill Lynch Futures Inc, and R. Noel Smith of General Cocoa Co.</p>
<p>CSCE board members F. Conlin Bradley, Andreas Enderlin, Richard Esposito, Alfred Mascia, William Shaughnessy and Jan-Willem van den Dorpel will remain in office to serve the second year of their two-year terms.</p>
<p>((-- New York Commodity Desk, +1 212 859 1640))</p>
</text>
<copyright>(c) Reuters Limited 1997</copyright>
<metadata>
<codes class="bip:countries:1.0">
  <code code="USA">
    <editdetail attribution="Reuters BIP Coding Group" action="confirmed" date="1997-03-25"/>
  </code>
</codes>
<codes class="bip:industries:1.0">
  <code code="I83100">
    <editdetail attribution="Reuters BIP Coding Group" action="confirmed" date="1997-03-25"/>
  </code>
</codes>
<codes class="bip:topics:1.0">
  <code code="C41">
    <editdetail attribution="Reuters BIP Coding Group" action="confirmed" date="1997-03-25"/>
  </code>
  <code code="C411">
    <editdetail attribution="Reuters BIP Coding Group" action="confirmed" date="1997-03-25"/>
  </code>
  <code code="CCAT">
    <editdetail attribution="Reuters BIP Coding Group" action="confirmed" date="1997-03-25"/>
  </code>
  <code code="M14">
    <editdetail attribution="Reuters BIP Coding Group" action="confirmed" date="1997-03-25"/>
  </code>
  <code code="M141">
    <editdetail attribution="Reuters BIP Coding Group" action="confirmed" date="1997-03-25"/>
  </code>
  <code code="MCAT">
    <editdetail attribution="Reuters BIP Coding Group" action="confirmed" date="1997-03-25"/>
  </code>
</codes>
<dc element="dc.date.created" value="1997-03-25"/>
<dc element="dc.publisher" value="Reuters Holdings Plc"/>
<dc element="dc.date.published" value="1997-03-25"/>
<dc element="dc.source" value="Reuters"/>
<dc element="dc.creator.location" value="NEW YORK"/>
<dc element="dc.creator.location.country.name" value="USA"/>
<dc element="dc.source" value="Reuters"/>
</metadata>
</newsitem>
