<?xml version="1.0" encoding="iso-8859-1" ?>
<newsitem itemid="465221" id="root" date="1997-03-25" xml:lang="en">
<title>USA: CSCE cocoa ends higher in lightly traded session.</title>
<headline>CSCE cocoa ends higher in lightly traded session.</headline>
<dateline>NEW YORK 1997-03-25</dateline>
<text>
<p>CSCE cocoa futures ended higher in thin dealings on Tuesday, bolstered by light speculative interest and industry-linked buying, market sources said.</p>
<p>After pulling back for two sessions in a row, traders said the market was due for a technical correction. Prices headed higher at the opening and stayed in positive territory for the remainder of the session.</p>
<p>Traders said a downturn in the U.S. dollar against the British pound also buoyed CSCE cocoa, as arbitrage favored cheaper prices on the dollar-denominated New York market.</p>
<p>&quot;Industry was taking adavantage of the break in prices,&quot; said one trader. &quot;And the weaker dollar helped New York a little.&quot;</p>
<p>May futures rose $17 a tonne on the day, to $1,445, having traded from $1,451 to $1,430. May gained $11, to $1,471, while the remaining months were up $9 to $12.</p>
<p>Traders said upward momentum picked up after the key May contract broke through near-term chart resistance at $1,440 a tonne and triggered buy-stops.</p>
<p>But scattered scale-up selling by the trade trimmed gains and kept May below its next level of resistance at $1,453, they added.</p>
<p>Technically, traders said a breach of $1,453 basis May contract could lead to a test of $1,460-$1,463. On the downside, near-term support was seen around today's low of $1,430.</p>
<p>Fundamentally, traders said views were mixed. While some dealers said an anticipated global cocoa deficit in 1996/97 and strong consumption should provide support for prices, other dealers said arrival figures out of the Ivory Coast could point to a larger-than-expected harvest from the world's number one producer.</p>
<p>&quot;Consumption has been excellent,&quot; said Rich Wistisen, an analysts with Commodity Information in Orem, Utah. &quot;But Ivorian arrivals are already up near one million tonnes and the mid-crop is developing well.&quot;</p>
<p>Wistisen said the 1996/97 Ivorian harvest is likely to be close to last season's record yield of 1.2 million tonnes. Many analysts have forecast a 1996/97 Ivory Coast crop of over one million tonnes, but the Ivorian Commodities Minister Guy-Alain Gauze said earlier this month the total harvest was likely to be less than one million tonnes.</p>
<p>The day's volume reached an estimated 5,108 lots, down from Monday's official tally of 7,600 lots.</p>
<p>((--Patricia Avidan, New York Commodity Desk +1 212 859 1640))</p>
</text>
<copyright>(c) Reuters Limited 1997</copyright>
<metadata>
<codes class="bip:countries:1.0">
  <code code="USA">
    <editdetail attribution="Reuters BIP Coding Group" action="confirmed" date="1997-03-25"/>
  </code>
</codes>
<codes class="bip:topics:1.0">
  <code code="M14">
    <editdetail attribution="Reuters BIP Coding Group" action="confirmed" date="1997-03-25"/>
  </code>
  <code code="M141">
    <editdetail attribution="Reuters BIP Coding Group" action="confirmed" date="1997-03-25"/>
  </code>
  <code code="MCAT">
    <editdetail attribution="Reuters BIP Coding Group" action="confirmed" date="1997-03-25"/>
  </code>
</codes>
<dc element="dc.date.created" value="1997-03-25"/>
<dc element="dc.publisher" value="Reuters Holdings Plc"/>
<dc element="dc.date.published" value="1997-03-25"/>
<dc element="dc.source" value="Reuters"/>
<dc element="dc.creator.location" value="NEW YORK"/>
<dc element="dc.creator.location.country.name" value="USA"/>
<dc element="dc.source" value="Reuters"/>
</metadata>
</newsitem>
