<?xml version="1.0" encoding="iso-8859-1" ?>
<newsitem itemid="465224" id="root" date="1997-03-25" xml:lang="en">
<title>USA: Effective Management Systems Q1 net loss.</title>
<headline>Effective Management Systems Q1 net loss.</headline>
<dateline>MILWAUKEE 1997-03-25</dateline>
<text>
<p>1997			  1996</p>
<p> Shr loss		   $0.22     loss	 $0.02</p>
<p> Net loss		     883     loss	    91</p>
<p> Revs			 9,475		    9,643</p>
<p> Avg shrs		   4,025		    3,932</p>
<p>(All data above 000s except per share numbers)</p>
<p>NOTE: Full company name is Effective Management Systems Inc</p>
<p>((Chicago newsdesk (312) 408-8787))</p>
</text>
<copyright>(c) Reuters Limited 1997</copyright>
<metadata>
<codes class="bip:countries:1.0">
  <code code="USA">
    <editdetail attribution="Reuters BIP Coding Group" action="confirmed" date="1997-03-25"/>
  </code>
</codes>
<codes class="bip:topics:1.0">
  <code code="C15">
    <editdetail attribution="Reuters BIP Coding Group" action="confirmed" date="1997-03-25"/>
  </code>
  <code code="C151">
    <editdetail attribution="Reuters BIP Coding Group" action="confirmed" date="1997-03-25"/>
  </code>
  <code code="CCAT">
    <editdetail attribution="Reuters BIP Coding Group" action="confirmed" date="1997-03-25"/>
  </code>
</codes>
<dc element="dc.date.created" value="1997-03-25"/>
<dc element="dc.publisher" value="Reuters Holdings Plc"/>
<dc element="dc.date.published" value="1997-03-25"/>
<dc element="dc.source" value="Reuters"/>
<dc element="dc.creator.location" value="MILWAUKEE"/>
<dc element="dc.creator.location.country.name" value="USA"/>
<dc element="dc.source" value="Reuters"/>
</metadata>
</newsitem>
