<?xml version="1.0" encoding="iso-8859-1" ?>
<newsitem itemid="465252" id="root" date="1997-03-25" xml:lang="en">
<title>USA: USDA gross cutout hide and offal value.</title>
<headline>USDA gross cutout hide and offal value.</headline>
<dateline>DES MOINES 1997-03-25</dateline>
<text>
<p>The hide and offal value from a typical slaughter steer for today was estimated at $9.65 per cwt live, down 0.03 when compared to Monday's value. - USDA</p>
<p>FOB CENTRAL U.S., TODAY'S CALCULATIONS FOR BY-PRODUCT VALUE</p>
<p>(STEER) -			  Lbs    Price  Change    Value</p>
<p>Steer hide, butt brand	 5.23   90.50    -	 6.07</p>
<p>Tallow, edible		   1.20   21.50   -0.75    0.26</p>
<p>Tallow, packer bleachable    4.50   18.25    -	 0.82</p>
<p>Tongues, Swiss #1 Wht 0-3%   0.26  180.00    -	 0.47</p>
<p>Cheek meat, trmd		 0.32   69.00    -	 0.22</p>
<p>Head meat			  0.13   60.00    -	 0.08</p>
<p>Oxtail, selected		 0.16  165.00    -	 0.26</p>
<p>Hearts, reg, bone out	  0.38   28.50    -	 0.11</p>
<p>Lips, unscalded		  0.11   80.00    2.00    0.09</p>
<p>Livers, slcted, gall off     0.96   39.00    -	 0.37</p>
<p>Tripe, scalded edible	  0.65   17.75    -	 0.12</p>
<p>Tripe, honeycomb bleached    0.15   41.00    -	 0.06</p>
<p>Lungs, inedible		  0.47    4.60    -	 0.02</p>
<p>Melts				0.14    6.25    -	 0.01</p>
<p>Meat bone ml, 50% blk/ton    3.70  285.00    -	 0.53</p>
<p>Blood meal, 85% blk/ton	0.60  545.00    -	 0.16</p>
<p>TOTAL :			   18.96			  9.65</p>
<p>	  **HIDE WEIGHT ADJUSTED TO REFLECT SEASONAL CHANGE**</p>
<p>((Chicago newsdesk 312 408 8720))</p>
</text>
<copyright>(c) Reuters Limited 1997</copyright>
<metadata>
<codes class="bip:countries:1.0">
  <code code="USA">
    <editdetail attribution="Reuters BIP Coding Group" action="confirmed" date="1997-03-25"/>
  </code>
</codes>
<codes class="bip:topics:1.0">
  <code code="M14">
    <editdetail attribution="Reuters BIP Coding Group" action="confirmed" date="1997-03-25"/>
  </code>
  <code code="M141">
    <editdetail attribution="Reuters BIP Coding Group" action="confirmed" date="1997-03-25"/>
  </code>
  <code code="MCAT">
    <editdetail attribution="Reuters BIP Coding Group" action="confirmed" date="1997-03-25"/>
  </code>
</codes>
<dc element="dc.date.created" value="1997-03-25"/>
<dc element="dc.publisher" value="Reuters Holdings Plc"/>
<dc element="dc.date.published" value="1997-03-25"/>
<dc element="dc.source" value="Reuters"/>
<dc element="dc.creator.location" value="DES MOINES"/>
<dc element="dc.creator.location.country.name" value="USA"/>
<dc element="dc.source" value="Reuters"/>
</metadata>
</newsitem>
