<?xml version="1.0" encoding="iso-8859-1" ?>
<newsitem itemid="465289" id="root" date="1997-03-25" xml:lang="en">
<title>USA: FSI International Inc Q2 Mar 1 net falls.</title>
<headline>FSI International Inc Q2 Mar 1 net falls.</headline>
<dateline>MINNEAPOLIS 1997-03-25</dateline>
<text>
<p>Second Quarter	     Six Months</p>
<p>			  Mar. 1,  Feb. 24,	Mar. 1,   Feb. 24,</p>
<p>			   1997     1996(1)	  1997     1996(1)</p>
<p> Sales			 $60,157  $75,432   $127,148  145,776</p>
<p> Cost of goods sold	 38,865   42,443     79,091   82,987</p>
<p>   Gross profit	     21,292   32,989     48,057   62,789</p>
<p>Selling, general and</p>
<p>administrative</p>
<p>  expenses		    12,247   14,235     25,466   26,989</p>
<p>Research and develop-</p>
<p>  ment expenses		8,917    9,473     18,595   18,005</p>
<p> Operating income		128    9,281	3,996   17,795</p>
<p>Interest and other</p>
<p>  income (expense) net	 852    1,153	1,523    2,395</p>
<p>Income before income</p>
<p>    taxes			  980   10,434	5,519   20,190</p>
<p>Income tax expense</p>
<p>    (benefit)		  (303)    3,624	1,104    7,050</p>
<p>Income before equity in earnings of</p>
<p>affiliates and</p>
<p>    minority interest	1,283    6,810	4,415   13,140</p>
<p> Minority interest	   (149)    (116)	(264)    (278)</p>
<p>Equity in earnings of</p>
<p>  affiliates		     804    1,894	1,828    3,451</p>
<p> Net income		    1,938    8,588	5,979   16,313</p>
<p> Net income per share	  .08	.37	  .26	.70</p>
<p> Average common shares    23,202   23,147     23,108   23,235</p>
<p>Pro forma data: (2)</p>
<p>Income tax expense</p>
<p>   (benefit)		   (303)    3,799	1,104    7,296</p>
<p>   Net income		  1,938    8,413	5,979   16,067</p>
<p>   Earnings per share	  .08	.36	  .26	.69</p>
<p>		(in thousands, except per share data)</p>
<p>(1) The February 24, 1996 periods financial data have been restated to reflect the acquisition of Semiconductor Systems Inc which was completed April 4, 1996 using the pooling of interest method of accounting.</p>
<p>(2) The Pro forma data include adjustments for the effect of recognizing income tax expense for Semiconductor Systems Inc as if it had been a C Corporation versus an S Corporation prior to the acquisition.</p>
<p>			 ((Chicago newsdesk 312 408 8787))</p>
</text>
<copyright>(c) Reuters Limited 1997</copyright>
<metadata>
<codes class="bip:countries:1.0">
  <code code="USA">
    <editdetail attribution="Reuters BIP Coding Group" action="confirmed" date="1997-03-25"/>
  </code>
</codes>
<codes class="bip:industries:1.0">
  <code code="I33020">
    <editdetail attribution="Reuters BIP Coding Group" action="confirmed" date="1997-03-25"/>
  </code>
</codes>
<codes class="bip:topics:1.0">
  <code code="C15">
    <editdetail attribution="Reuters BIP Coding Group" action="confirmed" date="1997-03-25"/>
  </code>
  <code code="C151">
    <editdetail attribution="Reuters BIP Coding Group" action="confirmed" date="1997-03-25"/>
  </code>
  <code code="CCAT">
    <editdetail attribution="Reuters BIP Coding Group" action="confirmed" date="1997-03-25"/>
  </code>
</codes>
<dc element="dc.date.created" value="1997-03-25"/>
<dc element="dc.publisher" value="Reuters Holdings Plc"/>
<dc element="dc.date.published" value="1997-03-25"/>
<dc element="dc.source" value="Reuters"/>
<dc element="dc.creator.location" value="MINNEAPOLIS"/>
<dc element="dc.creator.location.country.name" value="USA"/>
<dc element="dc.source" value="Reuters"/>
</metadata>
</newsitem>
