<?xml version="1.0" encoding="iso-8859-1" ?>
<newsitem itemid="465277" id="root" date="1997-03-25" xml:lang="en">
<title>USA: Rally's Hamburgers Checkers to merge.</title>
<headline>Rally's Hamburgers Checkers to merge.</headline>
<dateline>LOUISVILLE, Ky. 1997-03-25</dateline>
<text>
<p>Rally's Hamburgers Inc and Checkers Drive-In Restaurants Inc said on Tuesday that they have agreed in principle to a merger.</p>
<p>Under the terms of the letter of intent signed by the parties, each share of Rally's common stock will be converted into three shares of Checkers common stock.</p>
<p>Upon completion of the merger, said the companies, Rally's will become a wholly-owned subsidiary of Checkers.</p>
<p>The merger is subject to a definitive agreements, stockholder approvals and other customary conditions. It is expected to close in the second or third quarter of 1997.</p>
</text>
<copyright>(c) Reuters Limited 1997</copyright>
<metadata>
<codes class="bip:countries:1.0">
  <code code="USA">
    <editdetail attribution="Reuters BIP Coding Group" action="confirmed" date="1997-03-25"/>
  </code>
</codes>
<codes class="bip:industries:1.0">
  <code code="I66100">
    <editdetail attribution="Reuters BIP Coding Group" action="confirmed" date="1997-03-25"/>
  </code>
</codes>
<codes class="bip:topics:1.0">
  <code code="C18">
    <editdetail attribution="Reuters BIP Coding Group" action="confirmed" date="1997-03-25"/>
  </code>
  <code code="C181">
    <editdetail attribution="Reuters BIP Coding Group" action="confirmed" date="1997-03-25"/>
  </code>
  <code code="CCAT">
    <editdetail attribution="Reuters BIP Coding Group" action="confirmed" date="1997-03-25"/>
  </code>
</codes>
<dc element="dc.date.created" value="1997-03-25"/>
<dc element="dc.publisher" value="Reuters Holdings Plc"/>
<dc element="dc.date.published" value="1997-03-25"/>
<dc element="dc.source" value="Reuters"/>
<dc element="dc.creator.location" value="LOUISVILLE, Ky."/>
<dc element="dc.creator.location.country.name" value="USA"/>
<dc element="dc.source" value="Reuters"/>
</metadata>
</newsitem>
