<?xml version="1.0" encoding="iso-8859-1" ?>
<newsitem itemid="465211" id="root" date="1997-03-25" xml:lang="en">
<title>USA: Vitro year loss 4.1 bln pesos vs profit.</title>
<headline>Vitro year loss 4.1 bln pesos vs profit.</headline>
<dateline>NEW YORK 1997-03-25</dateline>
<text>
<p>Vitro Sociedad Anonima said on Tuesday that it lost 4.1 billion pesos in 1996, in results that reflect the inclusion of results reported by Grupo Financiero Serfin, an unconsolidated, associated company.</p>
<p>Vitro on March 5 released 1996 results that excluded Grupo Financiero, which subsequently reported its results on March 18.</p>
<p>The loss reported Tuesday compared to a restated net income profit of 1.1 billion pesos for 1995.</p>
<p>Vitro's total assets stood at 26.7 billion pesos, compared with 41.1 billion pesos at the end of 1995.</p>
<p>The company attributed the decreases mainly to the divestiture of Anchor Glass Container Corp.</p>
<p>Vitro, based in Monterey, Mexico, makes glass products, aluminum cans and household goods.</p>
</text>
<copyright>(c) Reuters Limited 1997</copyright>
<metadata>
<codes class="bip:countries:1.0">
  <code code="USA">
    <editdetail attribution="Reuters BIP Coding Group" action="confirmed" date="1997-03-25"/>
  </code>
</codes>
<codes class="bip:industries:1.0">
  <code code="I24700">
    <editdetail attribution="Reuters BIP Coding Group" action="confirmed" date="1997-03-25"/>
  </code>
  <code code="I81402">
    <editdetail attribution="Reuters BIP Coding Group" action="confirmed" date="1997-03-25"/>
  </code>
</codes>
<codes class="bip:topics:1.0">
  <code code="C15">
    <editdetail attribution="Reuters BIP Coding Group" action="confirmed" date="1997-03-25"/>
  </code>
  <code code="C151">
    <editdetail attribution="Reuters BIP Coding Group" action="confirmed" date="1997-03-25"/>
  </code>
  <code code="C1511">
    <editdetail attribution="Reuters BIP Coding Group" action="confirmed" date="1997-03-25"/>
  </code>
  <code code="CCAT">
    <editdetail attribution="Reuters BIP Coding Group" action="confirmed" date="1997-03-25"/>
  </code>
</codes>
<dc element="dc.date.created" value="1997-03-25"/>
<dc element="dc.publisher" value="Reuters Holdings Plc"/>
<dc element="dc.date.published" value="1997-03-25"/>
<dc element="dc.source" value="Reuters"/>
<dc element="dc.creator.location" value="NEW YORK"/>
<dc element="dc.creator.location.country.name" value="USA"/>
<dc element="dc.source" value="Reuters"/>
</metadata>
</newsitem>
