<?xml version="1.0" encoding="iso-8859-1" ?>
<newsitem itemid="465271" id="root" date="1997-03-25" xml:lang="en">
<title>USA: STB Systems acquires Symmetric.</title>
<headline>STB Systems acquires Symmetric.</headline>
<dateline>RICHARDSON, Texas 1997-03-25</dateline>
<text>
<p>STB Systems Inc on Tuesday said acquired Dallas-based Symmetric Simulation Systems Inc, which designs and builds graphics-acceleration technology used in applications such as computer-aided design.</p>
<p>Terms of the deal were not disclosed.</p>
<p>Symmetric will become a wholly-owned subsidiary of STB, STB said. Symmetric's management team will remain in place and Symmetric will continue marketing products to original- equipment manufacturers and value-added resellers.</p>
<p>STB is a supplier of computer multimedia accelerator cards.</p>
</text>
<copyright>(c) Reuters Limited 1997</copyright>
<metadata>
<codes class="bip:countries:1.0">
  <code code="USA">
    <editdetail attribution="Reuters BIP Coding Group" action="confirmed" date="1997-03-25"/>
  </code>
</codes>
<codes class="bip:industries:1.0">
  <code code="I33020">
    <editdetail attribution="Reuters BIP Coding Group" action="confirmed" date="1997-03-25"/>
  </code>
</codes>
<codes class="bip:topics:1.0">
  <code code="C18">
    <editdetail attribution="Reuters BIP Coding Group" action="confirmed" date="1997-03-25"/>
  </code>
  <code code="C181">
    <editdetail attribution="Reuters BIP Coding Group" action="confirmed" date="1997-03-25"/>
  </code>
  <code code="CCAT">
    <editdetail attribution="Reuters BIP Coding Group" action="confirmed" date="1997-03-25"/>
  </code>
</codes>
<dc element="dc.date.created" value="1997-03-25"/>
<dc element="dc.publisher" value="Reuters Holdings Plc"/>
<dc element="dc.date.published" value="1997-03-25"/>
<dc element="dc.source" value="Reuters"/>
<dc element="dc.creator.location" value="RICHARDSON, Texas"/>
<dc element="dc.creator.location.country.name" value="USA"/>
<dc element="dc.source" value="Reuters"/>
</metadata>
</newsitem>
