<?xml version="1.0" encoding="iso-8859-1" ?>
<newsitem itemid="465256" id="root" date="1997-03-25" xml:lang="en">
<title>USA: Aquagenix sees FY 1997 revs doubling with deal.</title>
<headline>Aquagenix sees FY 1997 revs doubling with deal.</headline>
<dateline>FORT LAUDERDALE, Fla 1997-03-25</dateline>
<text>
<p>Aquagenix Inc said Tuesday it signed a five-year agreement with a major utility provider to offer services worth up to $30 million.</p>
<p>The company said it would provide forestry management and other services to the provider within Southern Co's electric system. It said it would do most of its work within the transmission and distribution line right of ways and hundreds of power substations and large tracts of woodlands owned by the utility.</p>
<p>Aquagenix said the deal could boost revenues to over $20 million for fiscal 1997 from $11.5 million the previous year.  </p>
<p>&quot;This contract is the most significant marketing development since Aquagenix's formation in 1993,&quot; it said, adding it will begin as early as April 15 on the contract.</p>
<p>Based in Fort Lauderdale, Aquagenix clears brush and trees from utility projects like power lines in rural areas, among other things.</p>
</text>
<copyright>(c) Reuters Limited 1997</copyright>
<metadata>
<codes class="bip:countries:1.0">
  <code code="USA">
    <editdetail attribution="Reuters BIP Coding Group" action="confirmed" date="1997-03-25"/>
  </code>
</codes>
<codes class="bip:industries:1.0">
  <code code="I83960">
    <editdetail attribution="Reuters BIP Coding Group" action="confirmed" date="1997-03-25"/>
  </code>
</codes>
<codes class="bip:topics:1.0">
  <code code="C33">
    <editdetail attribution="Reuters BIP Coding Group" action="confirmed" date="1997-03-25"/>
  </code>
  <code code="CCAT">
    <editdetail attribution="Reuters BIP Coding Group" action="confirmed" date="1997-03-25"/>
  </code>
</codes>
<dc element="dc.date.created" value="1997-03-25"/>
<dc element="dc.publisher" value="Reuters Holdings Plc"/>
<dc element="dc.date.published" value="1997-03-25"/>
<dc element="dc.source" value="Reuters"/>
<dc element="dc.creator.location" value="FORT LAUDERDALE, Fla"/>
<dc element="dc.creator.location.country.name" value="USA"/>
<dc element="dc.source" value="Reuters"/>
</metadata>
</newsitem>
