<?xml version="1.0" encoding="iso-8859-1" ?>
<newsitem itemid="465276" id="root" date="1997-03-25" xml:lang="en">
<title>USA: Mississippi River tow breaks up near Baton Rouge.</title>
<headline>Mississippi River tow breaks up near Baton Rouge.</headline>
<dateline>BATON ROUGE, La. 1997-03-25</dateline>
<text>
<p>A 20-barge tow broke up on the Mississippi River upriver from the Interstate 90 bridge near here on Tuesday, temporarily halting traffic through this section of the river, a U.S. Coast Guard spokesman said.</p>
<p>The early afternoon accident occured near the site where crews were working to right another barge that capsized last week loaded with a volatile cargo of benzene and gasoline, he said.</p>
<p>&quot;Traffic is stopped, but the barges have been contained,&quot; the Coast Guard spokesman said. He could not estimate when restricted traffic could resume in the area.</p>
<p>Shipping has been restricted to a one-way, one-vessel or tow at a time in the area of the March 17 accident in which a tow of 25 barges hit the bridge.</p>
<p>There have been several accidents on the river as pilots cope with fast-moving, flood-swollen currents that have swept away barges and caused one freighter to ground in a deep-draft channel at the mouth of the river last week.</p>
</text>
<copyright>(c) Reuters Limited 1997</copyright>
<metadata>
<codes class="bip:countries:1.0">
  <code code="USA">
    <editdetail attribution="Reuters BIP Coding Group" action="confirmed" date="1997-03-25"/>
  </code>
</codes>
<codes class="bip:industries:1.0">
  <code code="I72603">
    <editdetail attribution="Reuters BIP Coding Group" action="confirmed" date="1997-03-25"/>
  </code>
</codes>
<codes class="bip:topics:1.0">
  <code code="C24">
    <editdetail attribution="Reuters BIP Coding Group" action="confirmed" date="1997-03-25"/>
  </code>
  <code code="CCAT">
    <editdetail attribution="Reuters BIP Coding Group" action="confirmed" date="1997-03-25"/>
  </code>
  <code code="M14">
    <editdetail attribution="Reuters BIP Coding Group" action="confirmed" date="1997-03-25"/>
  </code>
  <code code="MCAT">
    <editdetail attribution="Reuters BIP Coding Group" action="confirmed" date="1997-03-25"/>
  </code>
</codes>
<dc element="dc.date.created" value="1997-03-25"/>
<dc element="dc.publisher" value="Reuters Holdings Plc"/>
<dc element="dc.date.published" value="1997-03-25"/>
<dc element="dc.source" value="Reuters"/>
<dc element="dc.creator.location" value="BATON ROUGE, La."/>
<dc element="dc.creator.location.country.name" value="USA"/>
<dc element="dc.source" value="Reuters"/>
</metadata>
</newsitem>
