<?xml version="1.0" encoding="iso-8859-1" ?>
<newsitem itemid="465229" id="root" date="1997-03-25" xml:lang="en">
<title>USA: Meris hires Price Waterhouse unit.</title>
<headline>Meris hires Price Waterhouse unit.</headline>
<dateline>SAN JOSE, Calif 1997-03-25</dateline>
<text>
<p>Meris Laboratories Inc said it entered an agreement with BTS LLC, a unit of Price Waterhouse LLP, to provide Meris assistance in achieving a corporate turnaround or business combination.</p>
<p>Meris also said it appointed Dennis Simon as its president and chief executive officer and Phil Tremonti as its chief financial officer.</p>
<p>Further details were not immediately available.</p>
</text>
<copyright>(c) Reuters Limited 1997</copyright>
<metadata>
<codes class="bip:countries:1.0">
  <code code="USA">
    <editdetail attribution="Reuters BIP Coding Group" action="confirmed" date="1997-03-25"/>
  </code>
</codes>
<codes class="bip:industries:1.0">
  <code code="I83600">
    <editdetail attribution="Reuters BIP Coding Group" action="confirmed" date="1997-03-25"/>
  </code>
  <code code="I95100">
    <editdetail attribution="Reuters BIP Coding Group" action="confirmed" date="1997-03-25"/>
  </code>
</codes>
<codes class="bip:topics:1.0">
  <code code="C33">
    <editdetail attribution="Reuters BIP Coding Group" action="confirmed" date="1997-03-25"/>
  </code>
  <code code="CCAT">
    <editdetail attribution="Reuters BIP Coding Group" action="confirmed" date="1997-03-25"/>
  </code>
</codes>
<dc element="dc.date.created" value="1997-03-25"/>
<dc element="dc.publisher" value="Reuters Holdings Plc"/>
<dc element="dc.date.published" value="1997-03-25"/>
<dc element="dc.source" value="Reuters"/>
<dc element="dc.creator.location" value="SAN JOSE, Calif"/>
<dc element="dc.creator.location.country.name" value="USA"/>
<dc element="dc.source" value="Reuters"/>
</metadata>
</newsitem>
