<?xml version="1.0" encoding="iso-8859-1" ?>
<newsitem itemid="465215" id="root" date="1997-03-25" xml:lang="en">
<title>USA: American, pilots extend strike deadline.</title>
<headline>American, pilots extend strike deadline.</headline>
<dateline>FORT WORTH, Texas 1997-03-25</dateline>
<text>
<p>AMR's American Airlines said Tuesday that it and the Allied Pilots Association have agreed to a new timetable that extends the potential for a strike beyond the April 28 deadline.</p>
<p>The agreement delays any striking activity until at least 30 days after a rejection by either side, the company said.  </p>
<p>The pact gives both sides a 30-day cooling off period before a strike begins in the event a tentative labor pact between both parties is rejected, said Al Comeaux, a spokesman for American Airlines.</p>
<p>The labor pact must first be approved by the board of the Allied Pilots Association and then by the union membership. The board is scheduled to meet April 3.</p>
<p>Comeaux said the agreement also ensures Congress is in session on the day that a strike would begin.</p>
</text>
<copyright>(c) Reuters Limited 1997</copyright>
<metadata>
<codes class="bip:countries:1.0">
  <code code="USA">
    <editdetail attribution="Reuters BIP Coding Group" action="confirmed" date="1997-03-25"/>
  </code>
</codes>
<codes class="bip:industries:1.0">
  <code code="I75000">
    <editdetail attribution="Reuters BIP Coding Group" action="confirmed" date="1997-03-25"/>
  </code>
</codes>
<codes class="bip:topics:1.0">
  <code code="C42">
    <editdetail attribution="Reuters BIP Coding Group" action="confirmed" date="1997-03-25"/>
  </code>
  <code code="CCAT">
    <editdetail attribution="Reuters BIP Coding Group" action="confirmed" date="1997-03-25"/>
  </code>
  <code code="E41">
    <editdetail attribution="Reuters BIP Coding Group" action="confirmed" date="1997-03-25"/>
  </code>
  <code code="ECAT">
    <editdetail attribution="Reuters BIP Coding Group" action="confirmed" date="1997-03-25"/>
  </code>
  <code code="GCAT">
    <editdetail attribution="Reuters BIP Coding Group" action="confirmed" date="1997-03-25"/>
  </code>
  <code code="GJOB">
    <editdetail attribution="Reuters BIP Coding Group" action="confirmed" date="1997-03-25"/>
  </code>
</codes>
<dc element="dc.date.created" value="1997-03-25"/>
<dc element="dc.publisher" value="Reuters Holdings Plc"/>
<dc element="dc.date.published" value="1997-03-25"/>
<dc element="dc.source" value="Reuters"/>
<dc element="dc.creator.location" value="FORT WORTH, Texas"/>
<dc element="dc.creator.location.country.name" value="USA"/>
<dc element="dc.source" value="Reuters"/>
</metadata>
</newsitem>
