<?xml version="1.0" encoding="iso-8859-1" ?>
<newsitem itemid="465265" id="root" date="1997-03-25" xml:lang="en">
<title>USA: Shared Technologies stake upped by Cramer.</title>
<headline>Shared Technologies stake upped by Cramer.</headline>
<dateline>WASHINGTON 1997-03-25</dateline>
<text>
<p>A group led by New York investor James Cramer said Tuesday it raised its stake in Shared Technologies Fairchild Inc to 994,100 common shares or 6.6 percent from 5.1 percent previously held.</p>
<p>In a filing with the Securities and Exchange Commission, the group said its latest transactions include the purchase of 219,000 common shares between March 5 and March 20 at prices ranging from $5.25 to $7.375 per share.</p>
<p>The group holds the stake for investment purposes.</p>
<p>Shared Technologies Fairchild, based in Wethersfield, Conn., provides building-wide telecommunications services throughout the United States.</p>
</text>
<copyright>(c) Reuters Limited 1997</copyright>
<metadata>
<codes class="bip:countries:1.0">
  <code code="USA">
    <editdetail attribution="Reuters BIP Coding Group" action="confirmed" date="1997-03-25"/>
  </code>
</codes>
<codes class="bip:industries:1.0">
  <code code="I79020">
    <editdetail attribution="Reuters BIP Coding Group" action="confirmed" date="1997-03-25"/>
  </code>
</codes>
<codes class="bip:topics:1.0">
  <code code="C18">
    <editdetail attribution="Reuters BIP Coding Group" action="confirmed" date="1997-03-25"/>
  </code>
  <code code="C181">
    <editdetail attribution="Reuters BIP Coding Group" action="confirmed" date="1997-03-25"/>
  </code>
  <code code="CCAT">
    <editdetail attribution="Reuters BIP Coding Group" action="confirmed" date="1997-03-25"/>
  </code>
</codes>
<dc element="dc.date.created" value="1997-03-25"/>
<dc element="dc.publisher" value="Reuters Holdings Plc"/>
<dc element="dc.date.published" value="1997-03-25"/>
<dc element="dc.source" value="Reuters"/>
<dc element="dc.creator.location" value="WASHINGTON"/>
<dc element="dc.creator.location.country.name" value="USA"/>
<dc element="dc.source" value="Reuters"/>
</metadata>
</newsitem>
