<?xml version="1.0" encoding="iso-8859-1" ?>
<newsitem itemid="465216" id="root" date="1997-03-25" xml:lang="en">
<title>USA: Minnesota Brewing Co Q4 Dec 31 loss widens.</title>
<headline>Minnesota Brewing Co Q4 Dec 31 loss widens.</headline>
<dateline>ST. PAUL, Minn. 1997-03-25</dateline>
<text>
<p>Fourth Quarter		Year</p>
<p>			    1996     1995	   1996	  1995</p>
<p> Net sales	$5,642,737 $4,736,121 $24,875,349 $31,383,508</p>
<p>Gross profit (loss)</p>
<p>		     (315,233)   615,163    1,544,233   3,184,279</p>
<p>Operating income (loss)</p>
<p>		   (1,611,267)  (130,863)  (1,783,827)    131,303</p>
<p>Net income (loss)</p>
<p>		   (1,637,817)  (140,827)  (1,862,468)     25,962</p>
<p>Net income (loss)</p>
<p>  per share	   (0.48)    (0.04)	 (0.55)	  0.01</p>
<p>Weighted average shares</p>
<p>  outstanding    3,389,211  3,356,906   3,374,155   3,351,308</p>
<p>The following table sets forth the comparative balance sheet of Minnesota Brewing Company as of December 31, 1996 and 1995.</p>
<p>						   Dec 31	    Dec 31</p>
<p>						    1996		1995</p>
<p> Working capital			 $4,342,653	$6,327,913</p>
<p> Total assets			    10,775,228	12,189,503</p>
<p> Current liabilities		    1,923,808	 1,419,591</p>
<p> Long term debt - net		   1,753,454	 1,982,428</p>
<p> Shareholder's equity		   7,097,966	 8,787,484</p>
<p>Minnesota Brewing operates a brewery in St. Paul, Minn.</p>
<p>where it produces its Pig's Eye, Grain Belt, Premium, Brewer's Cave and Landmark beers and provides contract brewing and packaging for third parties.</p>
<p>	     ((Chicago newsdesk 312 408 8787))</p>
</text>
<copyright>(c) Reuters Limited 1997</copyright>
<metadata>
<codes class="bip:countries:1.0">
  <code code="USA">
    <editdetail attribution="Reuters BIP Coding Group" action="confirmed" date="1997-03-25"/>
  </code>
</codes>
<codes class="bip:industries:1.0">
  <code code="I42700">
    <editdetail attribution="Reuters BIP Coding Group" action="confirmed" date="1997-03-25"/>
  </code>
</codes>
<codes class="bip:topics:1.0">
  <code code="C15">
    <editdetail attribution="Reuters BIP Coding Group" action="confirmed" date="1997-03-25"/>
  </code>
  <code code="C151">
    <editdetail attribution="Reuters BIP Coding Group" action="confirmed" date="1997-03-25"/>
  </code>
  <code code="C1511">
    <editdetail attribution="Reuters BIP Coding Group" action="confirmed" date="1997-03-25"/>
  </code>
  <code code="CCAT">
    <editdetail attribution="Reuters BIP Coding Group" action="confirmed" date="1997-03-25"/>
  </code>
</codes>
<dc element="dc.date.created" value="1997-03-25"/>
<dc element="dc.publisher" value="Reuters Holdings Plc"/>
<dc element="dc.date.published" value="1997-03-25"/>
<dc element="dc.source" value="Reuters"/>
<dc element="dc.creator.location" value="ST. PAUL, Minn."/>
<dc element="dc.creator.location.country.name" value="USA"/>
<dc element="dc.source" value="Reuters"/>
</metadata>
</newsitem>
