<?xml version="1.0" encoding="iso-8859-1" ?>
<newsitem itemid="465204" id="root" date="1997-03-25" xml:lang="en">
<title>USA: Fed hike fails to spell relief for corp bond mart.</title>
<headline>Fed hike fails to spell relief for corp bond mart.</headline>
<dateline>NEW YORK 1997-03-25</dateline>
<text>
<p>Corporate bond players sat out Tuesday's session as a widely expected hike in interest rates by the U.S. Federal Reserve Board failed to provide a sense of relief, which spurred new fears in the marketplace, traders said.</p>
<p>&quot;There's a feeling of hesitation out there following the Fed tightening,&quot; said one trader. &quot;New fears that this may be the first of several to come have filled the market.&quot;</p>
<p>On Tuesday, the Federal Open Market Committee (FOMC), the policy-setting arm of the Fed, voted to hike the federal funds rate by 25 basis points to 5.50 percent.  </p>
<p>No change was made in the Federal Reserve discount rate, which remains at 5.0 percent.</p>
<p>Fears that the Fed may be at the beginning of a new tightening cycle filled the market amid a volatile U.S. Treasury market, players said.</p>
<p>&quot;People were kind of expecting some sort of relief rally in the (Treasury) market following the Fed tightening, which in turn was expected to help ours...it turned out to be a very brief one,&quot; another trader said.</p>
<p>After the Fed's annoucement, U.S. Treasuries turned briefly higher only to quickly erase gains. The U.S. T-bond closed off 17/32 at 95-23/32 to yield 6.97 percent.  </p>
<p>&quot;The market traded up a little bit then shortly after sold off a 1/2 point,&quot; said another trader. &quot;There hasn't been much movement since then...people just seem to be sitting on what they have.&quot;</p>
<p>Players said market activity which was next to nil before the Fed's move remained quiet, although some buying activity was seen shortly after the Fed's announcement.</p>
<p>The Fed tightening which was aimed at tempering U.S. economic growth could mark the beginning of the end for historically tight corporate bond spreads, market players said.  </p>
<p>&quot;If this is the first move designed to slow down the economy, this will start to put doubt into people's minds about corporate bonds,&quot; said Peter Hegel, chief investment officer for fixed income at Van Kampen American Capital.</p>
<p>&quot;This probably gets the process of widening spreads going,&quot; said Hegel, who oversees $26 billion in assets.</p>
<p>Hegel said spreads in the overall corporate bond market could widen gradually by 10 to 20 basis points over the rest of the year, assuming the Fed raises interest rates at least one more time as he expects.  </p>
<p>Meanwhile, the high-yield sector saw very little activity with prices ending unchanged to down 1/4, traders said.</p>
<p>&quot;We haven't really seen many buyers in the market but things still haven't really cheapened up yet,&quot; said one high-yield trader.</p>
<p>&quot;If things do cheapen up I'm sure we'll see some buying on the break,&quot; he added.</p>
<p>Earlier in the day, some trading activity was seen in the cable and broadcasting sector, but players said activity later leveled off.</p>
<p>In the primary sector, two new deals stirred up some action in an otherwise quiet market, traders said.</p>
<p>Qwest Communications International sold $250 million in 10-7/8 percent 10-year notes to yield 412.5 basis points over U.S. Treasuries. Salomon Brothers was lead manager on the deal.</p>
<p>In addition, TravelCenters of America Inc issued $125 million in 10-1/4 percent 10-year 144A notes to yield 355 basis point over Treasuries. The deal was underwritten by Chase Securities Inc, sources said.</p>
<p>(( -- Nancy Leinfuss, 212-859-1675 ))</p>
</text>
<copyright>(c) Reuters Limited 1997</copyright>
<metadata>
<codes class="bip:countries:1.0">
  <code code="USA">
    <editdetail attribution="Reuters BIP Coding Group" action="confirmed" date="1997-03-25"/>
  </code>
</codes>
<codes class="bip:topics:1.0">
  <code code="E12">
    <editdetail attribution="Reuters BIP Coding Group" action="confirmed" date="1997-03-25"/>
  </code>
  <code code="ECAT">
    <editdetail attribution="Reuters BIP Coding Group" action="confirmed" date="1997-03-25"/>
  </code>
  <code code="M12">
    <editdetail attribution="Reuters BIP Coding Group" action="confirmed" date="1997-03-25"/>
  </code>
  <code code="MCAT">
    <editdetail attribution="Reuters BIP Coding Group" action="confirmed" date="1997-03-25"/>
  </code>
</codes>
<dc element="dc.date.created" value="1997-03-25"/>
<dc element="dc.publisher" value="Reuters Holdings Plc"/>
<dc element="dc.date.published" value="1997-03-25"/>
<dc element="dc.source" value="Reuters"/>
<dc element="dc.creator.location" value="NEW YORK"/>
<dc element="dc.creator.location.country.name" value="USA"/>
<dc element="dc.source" value="Reuters"/>
</metadata>
</newsitem>
