<?xml version="1.0" encoding="iso-8859-1" ?>
<newsitem itemid="465259" id="root" date="1997-03-25" xml:lang="en">
<title>USA: US mortgage-backeds dip, spreads narrow after FOMC.</title>
<headline>US mortgage-backeds dip, spreads narrow after FOMC.</headline>
<dateline>NEW YORK 1997-03-25</dateline>
<text>
<p>U.S. mortgage-backed securities gyrated most of the day, ending on the downside after the Federal Reserve ratcheted up short-term interest rates by a quarter-point on Tuesday.</p>
<p>Pass-through yield spreads narrowed by a few ticks over Treasuries, and trading volume was heavy late in the session, traders said.</p>
<p>Late Tuesday, mortgages were unchanged to 8/32 lower overall, while comparable Treasuries were off 11/32 to 13/32.  </p>
<p>&quot;Yield spreads have been bouncing around with Treasuries most of the day,&quot; one mortgage trader said, adding that spreads were slightly tighter by late afternoon.</p>
<p>Specifically, Ginnie Mae 30-year 7.5 percent coupons were off 7/32 at 98-23/32 bid, yielding 104 basis points over the 10-year Treasury note.</p>
<p>Comparable Fannie Mae 30-year 7.5 percent paper was down 7/32 at 98-27/32 bid, while Freddie Mac issues were 8/32 lower at 99 even bid.</p>
<p>The 10-year Treasury note was off 13/32 at 96-11/32 bid, to yield 6.76 percent.</p>
</text>
<copyright>(c) Reuters Limited 1997</copyright>
<metadata>
<codes class="bip:countries:1.0">
  <code code="USA">
    <editdetail attribution="Reuters BIP Coding Group" action="confirmed" date="1997-03-25"/>
  </code>
</codes>
<codes class="bip:topics:1.0">
  <code code="M12">
    <editdetail attribution="Reuters BIP Coding Group" action="confirmed" date="1997-03-25"/>
  </code>
  <code code="MCAT">
    <editdetail attribution="Reuters BIP Coding Group" action="confirmed" date="1997-03-25"/>
  </code>
</codes>
<dc element="dc.date.created" value="1997-03-25"/>
<dc element="dc.publisher" value="Reuters Holdings Plc"/>
<dc element="dc.date.published" value="1997-03-25"/>
<dc element="dc.source" value="Reuters"/>
<dc element="dc.creator.location" value="NEW YORK"/>
<dc element="dc.creator.location.country.name" value="USA"/>
<dc element="dc.source" value="Reuters"/>
</metadata>
</newsitem>
