<?xml version="1.0" encoding="iso-8859-1" ?>
<newsitem itemid="465254" id="root" date="1997-03-25" xml:lang="en">
<title>USA: US Sen. D'Amato hopes rate rise controls inflation.</title>
<headline>US Sen. D'Amato hopes rate rise controls inflation.</headline>
<dateline>WASHINGTON 1997-03-25</dateline>
<text>
<p>Senate Banking Committee Chairman Alfonse D'Amato said Tuesday he hoped the Federal Reserve interest rate increase would keep inflation under control.</p>
<p>&quot;I'm hopeful that the chairman's (Fed Chairman Alan Greenspan) move will continue to keep inflation under control as well as permit economic growth,&quot; D'Amato, a New York Republican, said in a statement.</p>
</text>
<copyright>(c) Reuters Limited 1997</copyright>
<metadata>
<codes class="bip:countries:1.0">
  <code code="USA">
    <editdetail attribution="Reuters BIP Coding Group" action="confirmed" date="1997-03-25"/>
  </code>
</codes>
<codes class="bip:topics:1.0">
  <code code="E12">
    <editdetail attribution="Reuters BIP Coding Group" action="confirmed" date="1997-03-25"/>
  </code>
  <code code="E13">
    <editdetail attribution="Reuters BIP Coding Group" action="confirmed" date="1997-03-25"/>
  </code>
  <code code="E131">
    <editdetail attribution="Reuters BIP Coding Group" action="confirmed" date="1997-03-25"/>
  </code>
  <code code="ECAT">
    <editdetail attribution="Reuters BIP Coding Group" action="confirmed" date="1997-03-25"/>
  </code>
</codes>
<dc element="dc.date.created" value="1997-03-25"/>
<dc element="dc.publisher" value="Reuters Holdings Plc"/>
<dc element="dc.date.published" value="1997-03-25"/>
<dc element="dc.source" value="Reuters"/>
<dc element="dc.creator.location" value="WASHINGTON"/>
<dc element="dc.creator.location.country.name" value="USA"/>
<dc element="dc.source" value="Reuters"/>
</metadata>
</newsitem>
