<?xml version="1.0" encoding="iso-8859-1" ?>
<newsitem itemid="465234" id="root" date="1997-03-25" xml:lang="en">
<title>USA: NYSE to suspend, delist CRI Liquidating.</title>
<headline>NYSE to suspend, delist CRI Liquidating.</headline>
<dateline>NEW YORK 1997-03-25</dateline>
<text>
<p>The New York Stock Exchange said Tuesday it will stop trading in CRI Liquidating REIT Inc prior to the opening of trading March 31.</p>
<p>The Exchange said that following the suspension, application will be made to the Securities and Exchnage Commission to delist the stock.</p>
<p>The Exchange said it is taking the action in light of the company's plan to liquidate the REIT  and distribute the remaining assets.</p>
<p>A liquidating distribution of $1.87 per share will be made March 31 to holders of record March 20, at which point the company will have substantially reduced its operating asets.</p>
</text>
<copyright>(c) Reuters Limited 1997</copyright>
<metadata>
<codes class="bip:countries:1.0">
  <code code="USA">
    <editdetail attribution="Reuters BIP Coding Group" action="confirmed" date="1997-03-25"/>
  </code>
</codes>
<codes class="bip:industries:1.0">
  <code code="I81502">
    <editdetail attribution="Reuters BIP Coding Group" action="confirmed" date="1997-03-25"/>
  </code>
  <code code="I8150206">
    <editdetail attribution="Reuters BIP Coding Group" action="confirmed" date="1997-03-25"/>
  </code>
</codes>
<codes class="bip:topics:1.0">
  <code code="C14">
    <editdetail attribution="Reuters BIP Coding Group" action="confirmed" date="1997-03-25"/>
  </code>
  <code code="C16">
    <editdetail attribution="Reuters BIP Coding Group" action="confirmed" date="1997-03-25"/>
  </code>
  <code code="CCAT">
    <editdetail attribution="Reuters BIP Coding Group" action="confirmed" date="1997-03-25"/>
  </code>
</codes>
<dc element="dc.date.created" value="1997-03-25"/>
<dc element="dc.publisher" value="Reuters Holdings Plc"/>
<dc element="dc.date.published" value="1997-03-25"/>
<dc element="dc.source" value="Reuters"/>
<dc element="dc.creator.location" value="NEW YORK"/>
<dc element="dc.creator.location.country.name" value="USA"/>
<dc element="dc.source" value="Reuters"/>
</metadata>
</newsitem>
