<?xml version="1.0" encoding="iso-8859-1" ?>
<newsitem itemid="465209" id="root" date="1997-03-25" xml:lang="en">
<title>USA: Heilig-Meyers Co Feb 28 Q4 net up sharply.</title>
<headline>Heilig-Meyers Co Feb 28 Q4 net up sharply.</headline>
<dateline>RICHMOND, Virgina 1997-03-25</dateline>
<text>
<p>1997			1996</p>
<p> Shr		 $0.20		    $0.06</p>
<p> Net		 10.6		     3.0</p>
<p> Revs		478.2		    340.0</p>
<p> Avg shrs	  52,280		   49,373</p>
<p>	  12 MONTHS</p>
<p> Shr		 $0.80		    $0.84</p>
<p> Net		 40.2		     41.5</p>
<p> Revs		1,600		    1,400</p>
<p> Avg shrs	  50,157		   49,645</p>
<p>NOTE: Heilig-Meyers Inc acquired Rhodes Inc in the fiscal 1997 fourth quarter.</p>
<p>(All data above 000s except per share numbers)</p>
<p>-- Miami newsroom, 305-374-5013</p>
</text>
<copyright>(c) Reuters Limited 1997</copyright>
<metadata>
<codes class="bip:countries:1.0">
  <code code="USA">
    <editdetail attribution="Reuters BIP Coding Group" action="confirmed" date="1997-03-25"/>
  </code>
</codes>
<codes class="bip:industries:1.0">
  <code code="I65400">
    <editdetail attribution="Reuters BIP Coding Group" action="confirmed" date="1997-03-25"/>
  </code>
</codes>
<codes class="bip:topics:1.0">
  <code code="C15">
    <editdetail attribution="Reuters BIP Coding Group" action="confirmed" date="1997-03-25"/>
  </code>
  <code code="C151">
    <editdetail attribution="Reuters BIP Coding Group" action="confirmed" date="1997-03-25"/>
  </code>
  <code code="C1511">
    <editdetail attribution="Reuters BIP Coding Group" action="confirmed" date="1997-03-25"/>
  </code>
  <code code="CCAT">
    <editdetail attribution="Reuters BIP Coding Group" action="confirmed" date="1997-03-25"/>
  </code>
</codes>
<dc element="dc.date.created" value="1997-03-25"/>
<dc element="dc.publisher" value="Reuters Holdings Plc"/>
<dc element="dc.date.published" value="1997-03-25"/>
<dc element="dc.source" value="Reuters"/>
<dc element="dc.creator.location" value="RICHMOND, Virgina"/>
<dc element="dc.creator.location.country.name" value="USA"/>
<dc element="dc.source" value="Reuters"/>
</metadata>
</newsitem>
