<?xml version="1.0" encoding="iso-8859-1" ?>
<newsitem itemid="465242" id="root" date="1997-03-25" xml:lang="en">
<title>USA: Cagle's fined, OSHA raises safety concern.</title>
<headline>Cagle's fined, OSHA raises safety concern.</headline>
<dateline>WASHINGTON 1997-03-25</dateline>
<text>
<p>The U.S. Occupational Safety and Health Administration (OSHA) on Tuesday said it was fining Atlanta-based poultry producer Cagle's Inc $1.27 million for alleged safety violations.</p>
<p>Cagle's has 15 days to contest OSHA's charges of numerous alleged &quot;willful and serious safety violations&quot; at its Macon, Ga., facility.  </p>
<p>OSHA said it moved to slap a fine against the poultry producer after an employee lost part of a finger while cleaning moving equipment on September 10. The previous year, another Cagle's worker lost a foot and a third lost a finger.</p>
<p>OSHA said inspectors found that Cagle's failed to use required procedures to ensure that hazardous machinery was turned off during repairs and maintenance work. OSHA said the company failed to respond to employee safety concerns.</p>
<p>In April 1996, Cagle's Macon plant was cited by OSHA and the company ultimately paid a fine of $88,000, OSHA said.</p>
</text>
<copyright>(c) Reuters Limited 1997</copyright>
<metadata>
<codes class="bip:countries:1.0">
  <code code="USA">
    <editdetail attribution="Reuters BIP Coding Group" action="confirmed" date="1997-03-25"/>
  </code>
</codes>
<codes class="bip:industries:1.0">
  <code code="I41000">
    <editdetail attribution="Reuters BIP Coding Group" action="confirmed" date="1997-03-25"/>
  </code>
</codes>
<codes class="bip:topics:1.0">
  <code code="C13">
    <editdetail attribution="Reuters BIP Coding Group" action="confirmed" date="1997-03-25"/>
  </code>
  <code code="C15">
    <editdetail attribution="Reuters BIP Coding Group" action="confirmed" date="1997-03-25"/>
  </code>
  <code code="C151">
    <editdetail attribution="Reuters BIP Coding Group" action="confirmed" date="1997-03-25"/>
  </code>
  <code code="CCAT">
    <editdetail attribution="Reuters BIP Coding Group" action="confirmed" date="1997-03-25"/>
  </code>
</codes>
<dc element="dc.date.created" value="1997-03-25"/>
<dc element="dc.publisher" value="Reuters Holdings Plc"/>
<dc element="dc.date.published" value="1997-03-25"/>
<dc element="dc.source" value="Reuters"/>
<dc element="dc.creator.location" value="WASHINGTON"/>
<dc element="dc.creator.location.country.name" value="USA"/>
<dc element="dc.source" value="Reuters"/>
</metadata>
</newsitem>
