<?xml version="1.0" encoding="iso-8859-1" ?>
<newsitem itemid="465225" id="root" date="1997-03-25" xml:lang="en">
<title>USA: Rawlings Sporting Goods Q2 net up on revenue gain.</title>
<headline>Rawlings Sporting Goods Q2 net up on revenue gain.</headline>
<dateline>ST. LOUIS 1997-03-25</dateline>
<text>
<p>Rawlings Sporting Goods Inc said Tuesday its earnings in the second quarter ended February 28 rose due in part to higher revenues, an improvement in gross margins and lower interest expense.</p>
<p>The sports equipment manufacturing company reported earnings of $4.2 million, or $0.55 a share, up from $3.5 million, or $0.45 a share one year ago.</p>
<p>Revenues climbed to $52.9 million from $51.4 million in 1997, the company said.</p>
<p>Rawlings said that higher revenues from basketball and apparel products and improved licensing revenues were partially offset by lower sales of baseball-related products.</p>
<p>Rawlings shares closed up 1/8 Tuesday at 9-1/4.</p>
<p>((Chicago newsdesk (312) 408-8787))</p>
</text>
<copyright>(c) Reuters Limited 1997</copyright>
<metadata>
<codes class="bip:countries:1.0">
  <code code="USA">
    <editdetail attribution="Reuters BIP Coding Group" action="confirmed" date="1997-03-25"/>
  </code>
</codes>
<codes class="bip:topics:1.0">
  <code code="C15">
    <editdetail attribution="Reuters BIP Coding Group" action="confirmed" date="1997-03-25"/>
  </code>
  <code code="C151">
    <editdetail attribution="Reuters BIP Coding Group" action="confirmed" date="1997-03-25"/>
  </code>
  <code code="CCAT">
    <editdetail attribution="Reuters BIP Coding Group" action="confirmed" date="1997-03-25"/>
  </code>
</codes>
<dc element="dc.date.created" value="1997-03-25"/>
<dc element="dc.publisher" value="Reuters Holdings Plc"/>
<dc element="dc.date.published" value="1997-03-25"/>
<dc element="dc.source" value="Reuters"/>
<dc element="dc.creator.location" value="ST. LOUIS"/>
<dc element="dc.creator.location.country.name" value="USA"/>
<dc element="dc.source" value="Reuters"/>
</metadata>
</newsitem>
