<?xml version="1.0" encoding="iso-8859-1" ?>
<newsitem itemid="465243" id="root" date="1997-03-25" xml:lang="en">
<title>USA: Cruise Holdings acquires lines from Viad.</title>
<headline>Cruise Holdings acquires lines from Viad.</headline>
<dateline>PHOENIX 1997-03-25</dateline>
<text>
<p>Viad Corp, the parent of Premier Cruise Lines, said Tuesday it agreed to sell its family cruise line to Cruise Holdings Ltd of Miami.</p>
<p>Terms were not disclosed.</p>
<p>Cruise Holdings is the owner of Dolphin Cruise Lines and Seawind Cruise Lines.</p>
<p>Viad had said it wanted to exit the cruise business as part of a corporatewide restructuring that would let it concentrate on core businesses.</p>
<p>The company said Premier Cruise Lines will continue to operate as the Big Red Boat and the 1,800-passenger Oceanic will continue to sail the Bahamas.</p>
<p>Completion of the sale is expected on governmental approval.</p>
</text>
<copyright>(c) Reuters Limited 1997</copyright>
<metadata>
<codes class="bip:countries:1.0">
  <code code="USA">
    <editdetail attribution="Reuters BIP Coding Group" action="confirmed" date="1997-03-25"/>
  </code>
</codes>
<codes class="bip:industries:1.0">
  <code code="I83960">
    <editdetail attribution="Reuters BIP Coding Group" action="confirmed" date="1997-03-25"/>
  </code>
</codes>
<codes class="bip:topics:1.0">
  <code code="C18">
    <editdetail attribution="Reuters BIP Coding Group" action="confirmed" date="1997-03-25"/>
  </code>
  <code code="C181">
    <editdetail attribution="Reuters BIP Coding Group" action="confirmed" date="1997-03-25"/>
  </code>
  <code code="CCAT">
    <editdetail attribution="Reuters BIP Coding Group" action="confirmed" date="1997-03-25"/>
  </code>
</codes>
<dc element="dc.date.created" value="1997-03-25"/>
<dc element="dc.publisher" value="Reuters Holdings Plc"/>
<dc element="dc.date.published" value="1997-03-25"/>
<dc element="dc.source" value="Reuters"/>
<dc element="dc.creator.location" value="PHOENIX"/>
<dc element="dc.creator.location.country.name" value="USA"/>
<dc element="dc.source" value="Reuters"/>
</metadata>
</newsitem>
