<?xml version="1.0" encoding="iso-8859-1" ?>
<newsitem itemid="465251" id="root" date="1997-03-25" xml:lang="en">
<title>USA: Wireless firms seek FCC help on auction payments.</title>
<headline>Wireless firms seek FCC help on auction payments.</headline>
<byline>Roger Fillion</byline>
<dateline>WASHINGTON 1997-03-25</dateline>
<text>
<p>Facing financial strains, companies that won wireless phone licenses at last year's $10.2 billion federal auction are urging the government to take steps to make it easier for them to pay off their bids, industry and government sources say.</p>
<p>Top bidders NextWave Telecom Inc. and Pocket Communications Inc., plus several other winners, have asked regulators for a more lenient timetable to pay the government for licenses to offer a new generation of cellular service, the sources said this week.</p>
<p>NextWave's winning bids totaled $4.7 billion, while Washington-based Pocket's added up to $1.4 billion.</p>
<p>The bids have become loans from the government, with the winners paying interest on the money owed for the licenses.</p>
<p>They want to make the hefty interest payments annually, instead of quarterly. The added time would help the companies, which face rough sledding on Wall Street, drum up money to build &quot;personal communications services,&quot; or PCS, systems.</p>
<p>The winners at the 1996 Federal Communication Commission auction, reserved for small firms, paid a price more than double that paid by big carriers like AT&amp;T Corp. in 1995.</p>
<p>&quot;These guys have a ticking time bomb on their hands,&quot; a Wall Street source said of the existing payment schedule.</p>
<p>Industry officials also want the FCC to clarify certain repayment rules. And they want the Treasury Department to take over from the FCC the job of payment collection, hoping the department's financial expertise will spell relief for cash-strapped firms.</p>
<p>&quot;Anything that makes it easier for companies to pay is going to make the companies more attractive to investors,&quot; said attorney Lynn Charytan of Wilmer, Cutler and Pickering, who represents Pocket Communications.</p>
<p>FCC officials are mulling their options. &quot;Our existing rules provide some flexibility. Whether that's enough flexibility is under consideration,&quot; said one agency official.</p>
<p>PCS technology is expected to make the wireless phone a mass-market product, allowing consumers to use different communications services -- such as phone, paging, fax and Internet access -- through a single handheld device.</p>
<p>Earlier this month, NextWave, Pocket and seven other PCS winners asked the FCC to permit annual interest payments.</p>
<p>The companies, in a letter to the FCC's wireless bureau obtained by Reuters, said annual payments would give them more flexibility to tap the stock and bond markets when conditions are favorable.</p>
<p>And they said such payments would let them capitalize on the new World Trade Organization pact on telecommunications. The agreement is expected to make it easier for foreign investment in U.S. communications companies.</p>
<p>The companies said the competitive pressure to build their PCS systems quickly &quot;places a strain&quot; on new entrants to the business, &quot;whose challenge is further complicated by an increasingly cautious domestic investment climate.&quot;</p>
<p>Investors are wary of betting on wireless carriers out of fear the market is becoming flooded with competitors.</p>
<p>&quot;I see no reason why the capital markets will be any kinder to wireless companies in '97 than in '96,&quot; said analyst Johathan Atkin of BIA Consulting Inc. in Chantilly, Va.</p>
<p>Industry officials also want the FCC to clarify whether a company would be in default on all of their licenses if it misses an interest payment on just one of the permits.</p>
<p>The FCC's rules do not address that issue. The agency is seeking comment on whether to issue a clarification.</p>
<p>FCC Chairman Reed Hundt two weeks ago broached the idea of making the Treasury responsible for payment collection. He cited a &quot;tension created by the FCC's present dual role as regulator of and creditor to the wireless industry.&quot;</p>
<p>Advocates argue the changes -- including the more lenient payment schedule -- are in the FCC's interest.</p>
<p>For one, they would mean less paperwork for the agency.</p>
<p>And they said it would be counterproductive for several companies to default on payments. That could hurt the bidding at future airwave auctions and lower the potential price for any PCS licenses the FCC re-auctions after a default.</p>
<p>Some industry officials suggested the FCC may not want to appear too willing to change the rules and be accused of catering to industry interests.</p>
</text>
<copyright>(c) Reuters Limited 1997</copyright>
<metadata>
<codes class="bip:countries:1.0">
  <code code="USA">
    <editdetail attribution="Reuters BIP Coding Group" action="confirmed" date="1997-03-25"/>
  </code>
</codes>
<codes class="bip:industries:1.0">
  <code code="I79020">
    <editdetail attribution="Reuters BIP Coding Group" action="confirmed" date="1997-03-25"/>
  </code>
</codes>
<codes class="bip:topics:1.0">
  <code code="C13">
    <editdetail attribution="Reuters BIP Coding Group" action="confirmed" date="1997-03-25"/>
  </code>
  <code code="C33">
    <editdetail attribution="Reuters BIP Coding Group" action="confirmed" date="1997-03-25"/>
  </code>
  <code code="CCAT">
    <editdetail attribution="Reuters BIP Coding Group" action="confirmed" date="1997-03-25"/>
  </code>
</codes>
<dc element="dc.date.created" value="1997-03-25"/>
<dc element="dc.publisher" value="Reuters Holdings Plc"/>
<dc element="dc.date.published" value="1997-03-25"/>
<dc element="dc.source" value="Reuters"/>
<dc element="dc.creator.location" value="WASHINGTON"/>
<dc element="dc.creator.location.country.name" value="USA"/>
<dc element="dc.source" value="Reuters"/>
</metadata>
</newsitem>
