<?xml version="1.0" encoding="iso-8859-1" ?>
<newsitem itemid="465227" id="root" date="1997-03-25" xml:lang="en">
<title>USA: Infu-Tech in deal to merge with IVonyx.</title>
<headline>Infu-Tech in deal to merge with IVonyx.</headline>
<dateline>ENGLEWOOD CLIFFS, N.J. 1997-03-25</dateline>
<text>
<p>Infu-Tech Inc, a home and outpatient healthcare company, said Tuesday it has signed a letter of intent to merge with IVonyx Group Services Inc, a provider of home infusion therapy services through 13 direct, company-operated home infusion centers. Infu-Tech  will be the surviving entity.</p>
<p>Terms of the merger were not disclosed.</p>
<p>For the fiscal year ending June 30, Infu-Tech reported revenues of $24.6 million and net income of $1.2 million. With the addition of IVonyx, based in Livonia, Mich., which the company said has annual revenues of about $30 million, the revenue base of the combined entity will more than double.</p>
</text>
<copyright>(c) Reuters Limited 1997</copyright>
<metadata>
<codes class="bip:countries:1.0">
  <code code="USA">
    <editdetail attribution="Reuters BIP Coding Group" action="confirmed" date="1997-03-25"/>
  </code>
</codes>
<codes class="bip:topics:1.0">
  <code code="C18">
    <editdetail attribution="Reuters BIP Coding Group" action="confirmed" date="1997-03-25"/>
  </code>
  <code code="C181">
    <editdetail attribution="Reuters BIP Coding Group" action="confirmed" date="1997-03-25"/>
  </code>
  <code code="CCAT">
    <editdetail attribution="Reuters BIP Coding Group" action="confirmed" date="1997-03-25"/>
  </code>
</codes>
<dc element="dc.date.created" value="1997-03-25"/>
<dc element="dc.publisher" value="Reuters Holdings Plc"/>
<dc element="dc.date.published" value="1997-03-25"/>
<dc element="dc.source" value="Reuters"/>
<dc element="dc.creator.location" value="ENGLEWOOD CLIFFS, N.J."/>
<dc element="dc.creator.location.country.name" value="USA"/>
<dc element="dc.source" value="Reuters"/>
</metadata>
</newsitem>
