<?xml version="1.0" encoding="iso-8859-1" ?>
<newsitem itemid="465213" id="root" date="1997-03-25" xml:lang="en">
<title>USA: Quaker sharehodler pushes beverage spinoff.</title>
<headline>Quaker sharehodler pushes beverage spinoff.</headline>
<dateline>CHICAGO 1997-03-25</dateline>
<text>
<p>A Quaker Oats Co shareholder will propose the company separate its food business from its beverage business, which includes the embattled Snapple line, according to the proxy statement filed in advance of the company's annual meeting.</p>
<p>The proposal, to be introduced by Leland Chalmers, a holder of 50,732 common shares, calls for Quaker to split the two businesses into two sepearate companies by no later than December 31.</p>
<p>A proposal by Chalmers last year that the company retain an investment banking firm to analyze this issue received only 11 percent of shares voting, the proxy said.,</p>
<p>Quaker Oats' board recommended unanimously against the separation proposal.</p>
<p>&quot;The board believes that it can function most effectively when its strategic planning is conducted confidentially,&quot; the proxy said. &quot;In this way, ideas can be developed and debated without the fear that they will lead to rumors or public debate that could harmfully restrict the board's choices or disrupt the public market for the company's stock. Therefore, the board believes that adoption of the proposal could actually diminish shareholder value.&quot;</p>
<p>The Snapple business has been under fire as it has posted an operating loss since it was acquired two years ago in a $1.8 billion transaction.</p>
<p>Quaker Oats will hold its annual meeting May 14 in Rosemont, Illinois.</p>
<p>((Chicago newsdesk, 312-408-8787))</p>
</text>
<copyright>(c) Reuters Limited 1997</copyright>
<metadata>
<codes class="bip:countries:1.0">
  <code code="USA">
    <editdetail attribution="Reuters BIP Coding Group" action="confirmed" date="1997-03-25"/>
  </code>
</codes>
<codes class="bip:industries:1.0">
  <code code="I41000">
    <editdetail attribution="Reuters BIP Coding Group" action="confirmed" date="1997-03-25"/>
  </code>
</codes>
<codes class="bip:topics:1.0">
  <code code="C18">
    <editdetail attribution="Reuters BIP Coding Group" action="confirmed" date="1997-03-25"/>
  </code>
  <code code="C181">
    <editdetail attribution="Reuters BIP Coding Group" action="confirmed" date="1997-03-25"/>
  </code>
  <code code="CCAT">
    <editdetail attribution="Reuters BIP Coding Group" action="confirmed" date="1997-03-25"/>
  </code>
</codes>
<dc element="dc.date.created" value="1997-03-25"/>
<dc element="dc.publisher" value="Reuters Holdings Plc"/>
<dc element="dc.date.published" value="1997-03-25"/>
<dc element="dc.source" value="Reuters"/>
<dc element="dc.creator.location" value="CHICAGO"/>
<dc element="dc.creator.location.country.name" value="USA"/>
<dc element="dc.source" value="Reuters"/>
</metadata>
</newsitem>
