<?xml version="1.0" encoding="iso-8859-1" ?>
<newsitem itemid="465285" id="root" date="1997-03-25" xml:lang="en">
<title>USA: FSI sees fiscal '97 sales 15-20 pct lower.</title>
<headline>FSI sees fiscal '97 sales 15-20 pct lower.</headline>
<dateline>MINNEAPOLIS 1997-03-25</dateline>
<text>
<p>FSI International Inc said Tuesday it expects to post fiscal 1997 sales 15 to 20 percent lower than the $304 million reported in fiscal 1996.</p>
<p>The company said it expects to report its lowest sales for the year for its current third quarter.</p>
<p>&quot;(W)e expect the third quarter to be our low point for sales in fiscal 1997 and we are now forecasting fiscal year 1997 sales to be 15 to 20 percent below the $304 million fiscal 1996 level,&quot; Joel Elftmann, chairman and chief executive of FSI, said in a statement.  </p>
<p>FSI reported earnings for its second quarter ended March 1 of $0.08 a share versus $0.37 for the quarter last year. Sales were $60.16 million compared with $75.43 million.</p>
<p>For the first six months of fiscal 1997, FSI had earnings of $0.26 a share on sales of $127.15 million versus $0.70 a share on $145.78 million in sales.</p>
<p>&quot;The lower earnings in the second quarter and first half of fiscal 1997, as compared to the same periods in fiscal 1996, were due to reduced sales, primarily related to the semiconductor equipment industry slowdown and a lower gross margin percentage,&quot; the company said.  </p>
<p>The lower gross margin was the result of a change in the product sales mix, increased product warranty costs and lower utilization of manufacturing capacity, FSI said.</p>
<p>Nonetheless, FSI said order activity increased for the quarter, and its book-to-bill ratio, which measures new orders over shipments, was greater than 1.0.</p>
<p>&quot;This reinforces our belief that industry conditions are improving,&quot;  Elftmann said. &quot;We expect further improvement in bookings in the third quarter of fiscal 1997.&quot;</p>
<p>Elftmann said FSI's future is &quot;very promising&quot; citing competitive products, facility expansion programs and product and process development programs.</p>
<p>&quot;We believe that we are well positioned for the expected industry upturn,&quot; Elftmann said. &quot;If industry conditions continue to improve and our new products and process applications gain customer acceptance as we expect, we believe our fiscal 1998 sales will meet or exceed the fiscal 1996 sales level of $304 million.&quot;</p>
<p>((--Chicago newsdesk, 312-408-8787))</p>
</text>
<copyright>(c) Reuters Limited 1997</copyright>
<metadata>
<codes class="bip:countries:1.0">
  <code code="USA">
    <editdetail attribution="Reuters BIP Coding Group" action="confirmed" date="1997-03-25"/>
  </code>
</codes>
<codes class="bip:industries:1.0">
  <code code="I33020">
    <editdetail attribution="Reuters BIP Coding Group" action="confirmed" date="1997-03-25"/>
  </code>
</codes>
<codes class="bip:topics:1.0">
  <code code="C31">
    <editdetail attribution="Reuters BIP Coding Group" action="confirmed" date="1997-03-25"/>
  </code>
  <code code="CCAT">
    <editdetail attribution="Reuters BIP Coding Group" action="confirmed" date="1997-03-25"/>
  </code>
</codes>
<dc element="dc.date.created" value="1997-03-25"/>
<dc element="dc.publisher" value="Reuters Holdings Plc"/>
<dc element="dc.date.published" value="1997-03-25"/>
<dc element="dc.source" value="Reuters"/>
<dc element="dc.creator.location" value="MINNEAPOLIS"/>
<dc element="dc.creator.location.country.name" value="USA"/>
<dc element="dc.source" value="Reuters"/>
</metadata>
</newsitem>
