<?xml version="1.0" encoding="iso-8859-1" ?>
<newsitem itemid="465280" id="root" date="1997-03-25" xml:lang="en">
<title>USA: Auto recyclers sue, seek alternative to ADP Inc.</title>
<headline>Auto recyclers sue, seek alternative to ADP Inc.</headline>
<dateline>BOONEVILLE, N.Y. 1997-03-25</dateline>
<text>
<p>United Recyclers Group LLC, a trade association of automobile recyling businesses, said Tuesday it was seeking relief from an alleged monopoly created by Automated Data Processing, by filing suit against ADP.</p>
<p>The group also said that it is pooling its resources to find an alternative to ADP's management information systems that provide data to the industry.  </p>
<p>The group said that the Federal Trade Commission and the firm of Chimicles Jacobsen &amp; Tickellis have both made similar claims, alleging that ADP planned and then executed the plan to &quot;expeditiously&quot; monopolize the electronic data systems that automotive recyclers and auto body shops use.</p>
<p>The group said ADP first acquired one of the recyclers management systems providers in 1992, and acquired the second and only other major provider in May, 1995.  United Recycling said the FTC investigated the acquisitions, later fining ADP $2.97 million for violating pre-merger disclosure requirements.</p>
<p>Other industry participants, including body shops, also believe that their services from ADP could be improved or become less expensive, in a pre-merger competitive environment, said the group.</p>
<p>Representatives from ADP were unavalable for comment.</p>
</text>
<copyright>(c) Reuters Limited 1997</copyright>
<metadata>
<codes class="bip:countries:1.0">
  <code code="USA">
    <editdetail attribution="Reuters BIP Coding Group" action="confirmed" date="1997-03-25"/>
  </code>
</codes>
<codes class="bip:industries:1.0">
  <code code="I83940">
    <editdetail attribution="Reuters BIP Coding Group" action="confirmed" date="1997-03-25"/>
  </code>
</codes>
<codes class="bip:topics:1.0">
  <code code="C12">
    <editdetail attribution="Reuters BIP Coding Group" action="confirmed" date="1997-03-25"/>
  </code>
  <code code="C34">
    <editdetail attribution="Reuters BIP Coding Group" action="confirmed" date="1997-03-25"/>
  </code>
  <code code="CCAT">
    <editdetail attribution="Reuters BIP Coding Group" action="confirmed" date="1997-03-25"/>
  </code>
  <code code="GCAT">
    <editdetail attribution="Reuters BIP Coding Group" action="confirmed" date="1997-03-25"/>
  </code>
  <code code="GCRIM">
    <editdetail attribution="Reuters BIP Coding Group" action="confirmed" date="1997-03-25"/>
  </code>
</codes>
<dc element="dc.date.created" value="1997-03-25"/>
<dc element="dc.publisher" value="Reuters Holdings Plc"/>
<dc element="dc.date.published" value="1997-03-25"/>
<dc element="dc.source" value="Reuters"/>
<dc element="dc.creator.location" value="BOONEVILLE, N.Y."/>
<dc element="dc.creator.location.country.name" value="USA"/>
<dc element="dc.source" value="Reuters"/>
</metadata>
</newsitem>
