<?xml version="1.0" encoding="iso-8859-1" ?>
<newsitem itemid="465283" id="root" date="1997-03-25" xml:lang="en">
<title>USA: Nasdaq rises as bargain hunters grab tech stocks.</title>
<headline>Nasdaq rises as bargain hunters grab tech stocks.</headline>
<dateline>NEW YORK 1997-03-25</dateline>
<text>
<p>Nasdaq shares posted modest gains Tuesday as bargain hunters shopped for deeply discounted technology shares, traders said.</p>
<p>In a choppy session following the Federal Reserve's decision to raise short-term interest rates, Nasdaq shares added 5.43 points, or 0.44 percent, to close unofficially at 1248.07. Nasdaq shares have shown losses in the past eight out of 10 trading sessions.</p>
<p>The Dow industrials lost 29 points to close at 6876.  </p>
<p>&quot;Since the Fed action was what everyone expected, it made people feel comfortable enough to do a little bargain shopping,&quot; said Brett Discher, vice president of equity trading at Dain Bosworth.</p>
<p>Intel Corp added 2-5/8 to 133-1/4, while Dell Computer Corp increased 2-1/2 and Cisco Systems Inc gained 3/4 to 47-7/8. Less fortunate was Integrated Systems Inc, which  lost 5-3/4 to 11-3/8 after the company said fourth quarter earnings would fall short of analysts' estimates and a key analysts downgraded the stock.</p>
<p>Advances beat declines 2144 to 2096 on 556 million shares.</p>
</text>
<copyright>(c) Reuters Limited 1997</copyright>
<metadata>
<codes class="bip:countries:1.0">
  <code code="USA">
    <editdetail attribution="Reuters BIP Coding Group" action="confirmed" date="1997-03-25"/>
  </code>
</codes>
<codes class="bip:topics:1.0">
  <code code="M11">
    <editdetail attribution="Reuters BIP Coding Group" action="confirmed" date="1997-03-25"/>
  </code>
  <code code="MCAT">
    <editdetail attribution="Reuters BIP Coding Group" action="confirmed" date="1997-03-25"/>
  </code>
</codes>
<dc element="dc.date.created" value="1997-03-25"/>
<dc element="dc.publisher" value="Reuters Holdings Plc"/>
<dc element="dc.date.published" value="1997-03-25"/>
<dc element="dc.source" value="Reuters"/>
<dc element="dc.creator.location" value="NEW YORK"/>
<dc element="dc.creator.location.country.name" value="USA"/>
<dc element="dc.source" value="Reuters"/>
</metadata>
</newsitem>
