<?xml version="1.0" encoding="iso-8859-1" ?>
<newsitem itemid="465237" id="root" date="1997-03-25" xml:lang="en">
<title>USA: U.S. banks raise prime rate after Fed action.</title>
<headline>U.S. banks raise prime rate after Fed action.</headline>
<dateline>NEW YORK 1997-03-25</dateline>
<text>
<p>Major banks including Citibank increased their key lending rates on Tuesday after the Federal Reserve moved to push an important short-term interest rate higher.</p>
<p>Banc One, the nation's 10th-largest bank, was the first to boost its prime rate to 8.50 percent from 8.25 percent after the Fed said it would allow the federal funds rate to rise one-quarter of a percentage point to 5.50 percent.</p>
<p>The prime rate is traditionally the lowest rate that banks charge their most creditworthy corporate clients. But it has become a benchmark for many types of consumer loans, including credit cards, adjustable mortgages and home equity loans.</p>
<p>Citibank, a unit of Citicorp, and Central Fidelity Banks Inc. of Richmond, Va., also raised their rates to the same level.</p>
<p>The Banc One and Central Fidelity prime rate changes were effective as of Wednesday, but Citibank said its change was effective as of Tuesday.</p>
<p>A statement released by the Fed said the slight tightening in monetary conditions was viewed as a &quot;prudent step that affords greater assurance of prolonging the current economic expansion by sustaining the existing low inflation environment through the rest of this year and next.&quot;</p>
<p>The federal funds rate is the interest rate banks charge each other for overnight loans.</p>
<p>Tuesday's prime rate hikes were the first in more than two years. The central bank last tightened monetary policy on Feb. 1, 1995.</p>
</text>
<copyright>(c) Reuters Limited 1997</copyright>
<metadata>
<codes class="bip:countries:1.0">
  <code code="USA">
    <editdetail attribution="Reuters BIP Coding Group" action="confirmed" date="1997-03-25"/>
  </code>
</codes>
<codes class="bip:industries:1.0">
  <code code="I81402">
    <editdetail attribution="Reuters BIP Coding Group" action="confirmed" date="1997-03-25"/>
  </code>
</codes>
<codes class="bip:topics:1.0">
  <code code="C31">
    <editdetail attribution="Reuters BIP Coding Group" action="confirmed" date="1997-03-25"/>
  </code>
  <code code="CCAT">
    <editdetail attribution="Reuters BIP Coding Group" action="confirmed" date="1997-03-25"/>
  </code>
  <code code="E12">
    <editdetail attribution="Reuters BIP Coding Group" action="confirmed" date="1997-03-25"/>
  </code>
  <code code="ECAT">
    <editdetail attribution="Reuters BIP Coding Group" action="confirmed" date="1997-03-25"/>
  </code>
</codes>
<dc element="dc.date.created" value="1997-03-25"/>
<dc element="dc.publisher" value="Reuters Holdings Plc"/>
<dc element="dc.date.published" value="1997-03-25"/>
<dc element="dc.source" value="Reuters"/>
<dc element="dc.creator.location" value="NEW YORK"/>
<dc element="dc.creator.location.country.name" value="USA"/>
<dc element="dc.source" value="Reuters"/>
</metadata>
</newsitem>
