<?xml version="1.0" encoding="iso-8859-1" ?>
<newsitem itemid="465284" id="root" date="1997-03-25" xml:lang="en">
<title>USA: Nimbus CD sees charge from consolidation.</title>
<headline>Nimbus CD sees charge from consolidation.</headline>
<dateline>CHARLOTTESVILLE, Va. 1997-03-25</dateline>
<text>
<p>In a move the company says will result in a fourth quarter charge, Nimbus Manufacturing Inc, a subsidiary of Nimbus CD International Inc, said Tuesday it is repositioning operations by implementing a two-plant strategy to service the U.S. market for CD and DVD disc replication.</p>
<p>The company also said it is acquiring eight additional production lines to bring its U.S. annual capacity to 185 million discs.</p>
<p>The two-plant strategy will involve the consolidation of production into Nimbus' existing Provo, Utah and Charlottesville, Va., plants and the closure of its Sunnyvale, Calif., facility, the company said.</p>
<p>As a result of this repositioning and the closure of the Sunnyvale plant, Nimbus said it will incur a one-time charge to its fourth quarter financial results of about $3.7 million, or $0.16 per share, after tax.</p>
<p>The transition of operations will begin immediately and is scheduled for completion by June 1, 1997, the company said.</p>
</text>
<copyright>(c) Reuters Limited 1997</copyright>
<metadata>
<codes class="bip:countries:1.0">
  <code code="USA">
    <editdetail attribution="Reuters BIP Coding Group" action="confirmed" date="1997-03-25"/>
  </code>
</codes>
<codes class="bip:industries:1.0">
  <code code="I33020">
    <editdetail attribution="Reuters BIP Coding Group" action="confirmed" date="1997-03-25"/>
  </code>
  <code code="I3302019">
    <editdetail attribution="Reuters BIP Coding Group" action="confirmed" date="1997-03-25"/>
  </code>
</codes>
<codes class="bip:topics:1.0">
  <code code="C15">
    <editdetail attribution="Reuters BIP Coding Group" action="confirmed" date="1997-03-25"/>
  </code>
  <code code="C152">
    <editdetail attribution="Reuters BIP Coding Group" action="confirmed" date="1997-03-25"/>
  </code>
  <code code="CCAT">
    <editdetail attribution="Reuters BIP Coding Group" action="confirmed" date="1997-03-25"/>
  </code>
</codes>
<dc element="dc.date.created" value="1997-03-25"/>
<dc element="dc.publisher" value="Reuters Holdings Plc"/>
<dc element="dc.date.published" value="1997-03-25"/>
<dc element="dc.source" value="Reuters"/>
<dc element="dc.creator.location" value="CHARLOTTESVILLE, Va."/>
<dc element="dc.creator.location.country.name" value="USA"/>
<dc element="dc.source" value="Reuters"/>
</metadata>
</newsitem>
