<?xml version="1.0" encoding="iso-8859-1" ?>
<newsitem itemid="465232" id="root" date="1997-03-25" xml:lang="en">
<title>USA: Pharmacia, Solvay win FDA nod for Luvox.</title>
<headline>Pharmacia, Solvay win FDA nod for Luvox.</headline>
<dateline>MARIETTA, Ga. 1997-03-25</dateline>
<text>
<p>Pharmacia &amp; Upjohn Inc, and Solvay Pharmaceuticals Inc said on Tuesday that their Luvox product won U.S. Food and Drug Administration clearance to treat obsessive-compulsive disorder in children.</p>
<p>Luvox already is used to treat this condition in adults, the companies said. An estimated one million children and adolescents also suffer from this disorder, they said.</p>
<p>Luvox is a selective serotonin reuptake inhibitor.</p>
</text>
<copyright>(c) Reuters Limited 1997</copyright>
<metadata>
<codes class="bip:countries:1.0">
  <code code="USA">
    <editdetail attribution="Reuters BIP Coding Group" action="confirmed" date="1997-03-25"/>
  </code>
</codes>
<codes class="bip:industries:1.0">
  <code code="I25000">
    <editdetail attribution="Reuters BIP Coding Group" action="confirmed" date="1997-03-25"/>
  </code>
  <code code="I25700">
    <editdetail attribution="Reuters BIP Coding Group" action="confirmed" date="1997-03-25"/>
  </code>
</codes>
<codes class="bip:topics:1.0">
  <code code="C13">
    <editdetail attribution="Reuters BIP Coding Group" action="confirmed" date="1997-03-25"/>
  </code>
  <code code="C22">
    <editdetail attribution="Reuters BIP Coding Group" action="confirmed" date="1997-03-25"/>
  </code>
  <code code="CCAT">
    <editdetail attribution="Reuters BIP Coding Group" action="confirmed" date="1997-03-25"/>
  </code>
</codes>
<dc element="dc.date.created" value="1997-03-25"/>
<dc element="dc.publisher" value="Reuters Holdings Plc"/>
<dc element="dc.date.published" value="1997-03-25"/>
<dc element="dc.source" value="Reuters"/>
<dc element="dc.creator.location" value="MARIETTA, Ga."/>
<dc element="dc.creator.location.country.name" value="USA"/>
<dc element="dc.source" value="Reuters"/>
</metadata>
</newsitem>
