<?xml version="1.0" encoding="iso-8859-1" ?>
<newsitem itemid="465267" id="root" date="1997-03-25" xml:lang="en">
<title>USA: Central Fidelity ups prime rate to 8.5 pct.</title>
<headline>Central Fidelity ups prime rate to 8.5 pct.</headline>
<dateline>NEW YORK 1997-03-25</dateline>
<text>
<p>Central Fidelity Bancorp raised its prime lending rate to 8.50 percent from 8.25 percent, effective March 26, the bank said on Tuesday.</p>
<p>The move follows a decision by the Federal Reserve to raise the federal funds rate by 25 basis points and to leave the discount unchanged.</p>
<p>Tuesday's prime rate rise mark the first time banks have ratcheted up  lending rates in over two years. The Fed last altered monetary policy on January 31, 1996, when it lowered both the federal funds rate and the discount rate by 25 basis points.</p>
<p>(( -- N.A. Treasury Desk, 212-859-1660 ))</p>
</text>
<copyright>(c) Reuters Limited 1997</copyright>
<metadata>
<codes class="bip:countries:1.0">
  <code code="USA">
    <editdetail attribution="Reuters BIP Coding Group" action="confirmed" date="1997-03-25"/>
  </code>
</codes>
<codes class="bip:industries:1.0">
  <code code="I81402">
    <editdetail attribution="Reuters BIP Coding Group" action="confirmed" date="1997-03-25"/>
  </code>
</codes>
<codes class="bip:topics:1.0">
  <code code="C31">
    <editdetail attribution="Reuters BIP Coding Group" action="confirmed" date="1997-03-25"/>
  </code>
  <code code="CCAT">
    <editdetail attribution="Reuters BIP Coding Group" action="confirmed" date="1997-03-25"/>
  </code>
</codes>
<dc element="dc.date.created" value="1997-03-25"/>
<dc element="dc.publisher" value="Reuters Holdings Plc"/>
<dc element="dc.date.published" value="1997-03-25"/>
<dc element="dc.source" value="Reuters"/>
<dc element="dc.creator.location" value="NEW YORK"/>
<dc element="dc.creator.location.country.name" value="USA"/>
<dc element="dc.source" value="Reuters"/>
</metadata>
</newsitem>
