<?xml version="1.0" encoding="iso-8859-1" ?>
<newsitem itemid="465240" id="root" date="1997-03-25" xml:lang="en">
<title>USA: Greate Bay Q4 shr loss $1.89 vs loss $0.77.</title>
<headline>Greate Bay Q4 shr loss $1.89 vs loss $0.77.</headline>
<dateline>DALLAS 1997-03-25</dateline>
<text>
<p>GREATE BAY CASINO CORPORATION AND SUBSIDIARIES</p>
<p>	     CONSOLIDATED STATEMENTS OF OPERATIONS</p>
<p>	     (in thousands, except per share data)</p>
<p>			    Three Months Ended  Twelve Months Ended</p>
<p>				   December 31,	December 31,</p>
<p>				1996	1995	 1996	 1995</p>
<p>Net revenues	    63,468     72,621    283,640    304,337</p>
<p>Total Expenses	  62,264     68,339    279,252    272,202</p>
<p>Income from operations</p>
<p>			     1,204	4,282	4,388     32,135</p>
</text>
<copyright>(c) Reuters Limited 1997</copyright>
<metadata>
<codes class="bip:countries:1.0">
  <code code="USA">
    <editdetail attribution="Reuters BIP Coding Group" action="confirmed" date="1997-03-25"/>
  </code>
</codes>
<codes class="bip:industries:1.0">
  <code code="I66500">
    <editdetail attribution="Reuters BIP Coding Group" action="confirmed" date="1997-03-25"/>
  </code>
</codes>
<codes class="bip:topics:1.0">
  <code code="C15">
    <editdetail attribution="Reuters BIP Coding Group" action="confirmed" date="1997-03-25"/>
  </code>
  <code code="C151">
    <editdetail attribution="Reuters BIP Coding Group" action="confirmed" date="1997-03-25"/>
  </code>
  <code code="C1511">
    <editdetail attribution="Reuters BIP Coding Group" action="confirmed" date="1997-03-25"/>
  </code>
  <code code="CCAT">
    <editdetail attribution="Reuters BIP Coding Group" action="confirmed" date="1997-03-25"/>
  </code>
</codes>
<dc element="dc.date.created" value="1997-03-25"/>
<dc element="dc.publisher" value="Reuters Holdings Plc"/>
<dc element="dc.date.published" value="1997-03-25"/>
<dc element="dc.source" value="Reuters"/>
<dc element="dc.creator.location" value="DALLAS"/>
<dc element="dc.creator.location.country.name" value="USA"/>
<dc element="dc.source" value="Reuters"/>
</metadata>
</newsitem>
