<?xml version="1.0" encoding="iso-8859-1" ?>
<newsitem itemid="465364" id="root" date="1997-03-25" xml:lang="en">
<title>USA: Crescent to pay $383 mln for Carter-Crawley.</title>
<headline>Crescent to pay $383 mln for Carter-Crawley.</headline>
<dateline>FORT WORTH, Texas 1997-03-25</dateline>
<text>
<p>Crescent Real Estate Equities Co said on Tuesday that the value of its previously announced purchase of the assets of Carter-Crawley Properties Inc was $383 million.</p>
<p>Terms of the deal had not been disclosed when it was announced February 13.</p>
<p>The purchase included 14 office properties in the suburban Dallas area with a total of 3 million square feet; 1221 acres of commercially zoned, undeveloped land in the Dallas-Fort Worth area; and equity and debt interests in the Dallas Mavericks National Basketball Association franchise.</p>
<p>Crescent also said it acquired the AT&amp;T office building in downtown Denver and two other buildings in that area for a total of $42.7 million.</p>
</text>
<copyright>(c) Reuters Limited 1997</copyright>
<metadata>
<codes class="bip:countries:1.0">
  <code code="USA">
    <editdetail attribution="Reuters BIP Coding Group" action="confirmed" date="1997-03-25"/>
  </code>
</codes>
<codes class="bip:industries:1.0">
  <code code="I81502">
    <editdetail attribution="Reuters BIP Coding Group" action="confirmed" date="1997-03-25"/>
  </code>
  <code code="I8150206">
    <editdetail attribution="Reuters BIP Coding Group" action="confirmed" date="1997-03-25"/>
  </code>
</codes>
<codes class="bip:topics:1.0">
  <code code="C18">
    <editdetail attribution="Reuters BIP Coding Group" action="confirmed" date="1997-03-25"/>
  </code>
  <code code="C182">
    <editdetail attribution="Reuters BIP Coding Group" action="confirmed" date="1997-03-25"/>
  </code>
  <code code="CCAT">
    <editdetail attribution="Reuters BIP Coding Group" action="confirmed" date="1997-03-25"/>
  </code>
</codes>
<dc element="dc.date.created" value="1997-03-25"/>
<dc element="dc.publisher" value="Reuters Holdings Plc"/>
<dc element="dc.date.published" value="1997-03-25"/>
<dc element="dc.source" value="Reuters"/>
<dc element="dc.creator.location" value="FORT WORTH, Texas"/>
<dc element="dc.creator.location.country.name" value="USA"/>
<dc element="dc.source" value="Reuters"/>
</metadata>
</newsitem>
