<?xml version="1.0" encoding="iso-8859-1" ?>
<newsitem itemid="465368" id="root" date="1997-03-25" xml:lang="en">
<title>USA: WaterChef Inc 1996 shr profit $0.02.</title>
<headline>WaterChef Inc 1996 shr profit $0.02.</headline>
<dateline>SCOTTSDALE, Ariz. 1997-03-25</dateline>
<text>
<p>1996			1995</p>
<p> Shr	profit	  $0.02		    $ n/a</p>
<p> Net	profit	    342    loss	  1,664</p>
<p> Revs			   675			816</p>
<p>(All data above 000s except per share numbers)</p>
<p>NOTE: Shr earnings for 1995 were not available.</p>
</text>
<copyright>(c) Reuters Limited 1997</copyright>
<metadata>
<codes class="bip:countries:1.0">
  <code code="USA">
    <editdetail attribution="Reuters BIP Coding Group" action="confirmed" date="1997-03-25"/>
  </code>
</codes>
<codes class="bip:industries:1.0">
  <code code="I32840">
    <editdetail attribution="Reuters BIP Coding Group" action="confirmed" date="1997-03-25"/>
  </code>
</codes>
<codes class="bip:topics:1.0">
  <code code="C15">
    <editdetail attribution="Reuters BIP Coding Group" action="confirmed" date="1997-03-25"/>
  </code>
  <code code="C151">
    <editdetail attribution="Reuters BIP Coding Group" action="confirmed" date="1997-03-25"/>
  </code>
  <code code="C1511">
    <editdetail attribution="Reuters BIP Coding Group" action="confirmed" date="1997-03-25"/>
  </code>
  <code code="CCAT">
    <editdetail attribution="Reuters BIP Coding Group" action="confirmed" date="1997-03-25"/>
  </code>
</codes>
<dc element="dc.date.created" value="1997-03-25"/>
<dc element="dc.publisher" value="Reuters Holdings Plc"/>
<dc element="dc.date.published" value="1997-03-25"/>
<dc element="dc.source" value="Reuters"/>
<dc element="dc.creator.location" value="SCOTTSDALE, Ariz."/>
<dc element="dc.creator.location.country.name" value="USA"/>
<dc element="dc.source" value="Reuters"/>
</metadata>
</newsitem>
