<?xml version="1.0" encoding="iso-8859-1" ?>
<newsitem itemid="465371" id="root" date="1997-03-25" xml:lang="en">
<title>USA: Nucor warns Q1, Q2 estimates too high.</title>
<headline>Nucor warns Q1, Q2 estimates too high.</headline>
<dateline>PITTSBURGH 1997-03-25</dateline>
<text>
<p>John Correnti, president of Nucor Corp, on Tuesday said the consensus first-quarter earnings estimate of $0.81 per share was &quot;probably too rich&quot; because of start-up costs at the company's Berkeley, South Carolina, mill.</p>
<p>&quot;I think that's probably too rich,&quot; he told Reuters in a telephone interview.</p>
<p>Correnti also said Wall Street's consensus second-quarter estimate of $0.90 per share was too high.  </p>
<p>Correnti said start-up costs at the Berkely mill and some inventory adjustment costs would hold back second-quarter earnings.</p>
<p>The first-quarter consensus was based on 11 estimates ranging from $0.70 to $1.19, according to First Call. The second-quarter consensus was based on seven estimates ranging from $0.83 to $1.00.</p>
<p>Nucor, a steel producer, posted earnings of $0.60 a share in the previous first quarter and $0.63 in the second quarter.  </p>
<p>Commenting on his earnings projections for the four quarters of this year, Correnti said, &quot;I've said this publicly before...$0.70 (for the first quarter), $0.80 (for the second quarter), $0.90 (for the third quarter) and $1.00 (for the fourth quarter.)</p>
<p>&quot;The consensus for the year is $3.33 per share. We're comfortable with that. That's OK for the year,&quot; he said.</p>
</text>
<copyright>(c) Reuters Limited 1997</copyright>
<metadata>
<codes class="bip:countries:1.0">
  <code code="USA">
    <editdetail attribution="Reuters BIP Coding Group" action="confirmed" date="1997-03-25"/>
  </code>
</codes>
<codes class="bip:industries:1.0">
  <code code="I21000">
    <editdetail attribution="Reuters BIP Coding Group" action="confirmed" date="1997-03-25"/>
  </code>
</codes>
<codes class="bip:topics:1.0">
  <code code="C15">
    <editdetail attribution="Reuters BIP Coding Group" action="confirmed" date="1997-03-25"/>
  </code>
  <code code="C152">
    <editdetail attribution="Reuters BIP Coding Group" action="confirmed" date="1997-03-25"/>
  </code>
  <code code="CCAT">
    <editdetail attribution="Reuters BIP Coding Group" action="confirmed" date="1997-03-25"/>
  </code>
</codes>
<dc element="dc.date.created" value="1997-03-25"/>
<dc element="dc.publisher" value="Reuters Holdings Plc"/>
<dc element="dc.date.published" value="1997-03-25"/>
<dc element="dc.source" value="Reuters"/>
<dc element="dc.creator.location" value="PITTSBURGH"/>
<dc element="dc.creator.location.country.name" value="USA"/>
<dc element="dc.source" value="Reuters"/>
</metadata>
</newsitem>
