<?xml version="1.0" encoding="iso-8859-1" ?>
<newsitem itemid="465388" id="root" date="1997-03-25" xml:lang="en">
<title>USA: Zycad Corp Q4 full results.</title>
<headline>Zycad Corp Q4 full results.</headline>
<dateline>FREMONT, Calif. 1997-03-24</dateline>
<text>
<p>(in thousands, except per-share data)</p>
<p>			 (unaudited)</p>
<p>			    Three Months Ended  Twelve Months Ended</p>
<p>					   December 31,  December 31,</p>
<p>				    1996	1995    1996	 1995</p>
<p> Revenues		    $11,054   $12,779 $33,577    $51,117</p>
<p> Cost of revenues	    4,359     4,302  17,008     17,493</p>
<p> Gross Profit		  6,695     8,477  16,569     33,624</p>
<p> Operating expenses	  6,969     8,428  35,004     31,074</p>
<p>Interest and other expenses</p>
<p>				     924	  22   1,793	  593</p>
<p> Net income (loss)	 (1,198)	  27 (20,228)     1,957</p>
<p>Net income (loss) per share</p>
<p>				  (0.05)	  --  (0.98)	 0.09</p>
<p>Shares used in per share</p>
<p>   computation		22,368    20,218  20,655     21,233</p>
</text>
<copyright>(c) Reuters Limited 1997</copyright>
<metadata>
<codes class="bip:countries:1.0">
  <code code="USA">
    <editdetail attribution="Reuters BIP Coding Group" action="confirmed" date="1997-03-25"/>
  </code>
</codes>
<codes class="bip:industries:1.0">
  <code code="I33020">
    <editdetail attribution="Reuters BIP Coding Group" action="confirmed" date="1997-03-25"/>
  </code>
  <code code="I3302004">
    <editdetail attribution="Reuters BIP Coding Group" action="confirmed" date="1997-03-25"/>
  </code>
</codes>
<codes class="bip:topics:1.0">
  <code code="C15">
    <editdetail attribution="Reuters BIP Coding Group" action="confirmed" date="1997-03-25"/>
  </code>
  <code code="C151">
    <editdetail attribution="Reuters BIP Coding Group" action="confirmed" date="1997-03-25"/>
  </code>
  <code code="C1511">
    <editdetail attribution="Reuters BIP Coding Group" action="confirmed" date="1997-03-25"/>
  </code>
  <code code="CCAT">
    <editdetail attribution="Reuters BIP Coding Group" action="confirmed" date="1997-03-25"/>
  </code>
</codes>
<dc element="dc.date.created" value="1997-03-24"/>
<dc element="dc.publisher" value="Reuters Holdings Plc"/>
<dc element="dc.date.published" value="1997-03-25"/>
<dc element="dc.source" value="Reuters"/>
<dc element="dc.creator.location" value="FREMONT, Calif."/>
<dc element="dc.creator.location.country.name" value="USA"/>
<dc element="dc.source" value="Reuters"/>
</metadata>
</newsitem>
