<?xml version="1.0" encoding="iso-8859-1" ?>
<newsitem itemid="465366" id="root" date="1997-03-25" xml:lang="en">
<title>USA: NYMEX heating oil up on late season demand.</title>
<headline>NYMEX heating oil up on late season demand.</headline>
<dateline>NEW YORK 1997-03-25</dateline>
<text>
<p>NYMEX heating oil futures were firm in early afternoon trading Tuesday as recent cold weather helped to reverse the usual seasonal price decline, traders said.</p>
<p>Crude futures were slightly higher, helped by unrest in one of Nigeria's oil-producing regions, but the sector was looking technically &quot;toppy&quot; unless there was news of a major supply disruption, taders said.</p>
<p>April heating oil was up 0.82 cents at 56.55 cents a gallon at 1315 EST, down from a high of 57.10 cents. May crude was up three cents at $21.10 a barrel.</p>
</text>
<copyright>(c) Reuters Limited 1997</copyright>
<metadata>
<codes class="bip:countries:1.0">
  <code code="USA">
    <editdetail attribution="Reuters BIP Coding Group" action="confirmed" date="1997-03-25"/>
  </code>
</codes>
<codes class="bip:topics:1.0">
  <code code="M14">
    <editdetail attribution="Reuters BIP Coding Group" action="confirmed" date="1997-03-25"/>
  </code>
  <code code="M143">
    <editdetail attribution="Reuters BIP Coding Group" action="confirmed" date="1997-03-25"/>
  </code>
  <code code="MCAT">
    <editdetail attribution="Reuters BIP Coding Group" action="confirmed" date="1997-03-25"/>
  </code>
</codes>
<dc element="dc.date.created" value="1997-03-25"/>
<dc element="dc.publisher" value="Reuters Holdings Plc"/>
<dc element="dc.date.published" value="1997-03-25"/>
<dc element="dc.source" value="Reuters"/>
<dc element="dc.creator.location" value="NEW YORK"/>
<dc element="dc.creator.location.country.name" value="USA"/>
<dc element="dc.source" value="Reuters"/>
</metadata>
</newsitem>
