<?xml version="1.0" encoding="iso-8859-1" ?>
<newsitem itemid="465349" id="root" date="1997-03-25" xml:lang="en">
<title>USA: Winston Resources Inc Q4 net profit vs loss.</title>
<headline>Winston Resources Inc Q4 net profit vs loss.</headline>
<dateline>NEW YORK 1997-03-25</dateline>
<text>
<p>1996			1995</p>
<p> Shr	 profit	 $0.14     loss	 $0.28</p>
<p> Net	 profit	   458     loss	   821</p>
<p> Revs			10,299		    8,210</p>
<p> Avg shrs		   3,410		    2,918</p>
<p>		 year</p>
<p> Shr	 profit	 $0.34     loss	 $0.15</p>
<p> Net	 profit	 1,138     loss	   432</p>
<p> Revs			39,390		   30,989</p>
<p> Avg shrs		   3,234		    2,918</p>
<p>(All data above 000s except per share numbers)</p>
<p>NOTE:  The fourth quarter of 1995 includes a write-off of $1.1 million for restrictive covenant costs.</p>
</text>
<copyright>(c) Reuters Limited 1997</copyright>
<metadata>
<codes class="bip:countries:1.0">
  <code code="USA">
    <editdetail attribution="Reuters BIP Coding Group" action="confirmed" date="1997-03-25"/>
  </code>
</codes>
<codes class="bip:industries:1.0">
  <code code="I83954">
    <editdetail attribution="Reuters BIP Coding Group" action="confirmed" date="1997-03-25"/>
  </code>
</codes>
<codes class="bip:topics:1.0">
  <code code="C15">
    <editdetail attribution="Reuters BIP Coding Group" action="confirmed" date="1997-03-25"/>
  </code>
  <code code="C151">
    <editdetail attribution="Reuters BIP Coding Group" action="confirmed" date="1997-03-25"/>
  </code>
  <code code="C1511">
    <editdetail attribution="Reuters BIP Coding Group" action="confirmed" date="1997-03-25"/>
  </code>
  <code code="CCAT">
    <editdetail attribution="Reuters BIP Coding Group" action="confirmed" date="1997-03-25"/>
  </code>
</codes>
<dc element="dc.date.created" value="1997-03-25"/>
<dc element="dc.publisher" value="Reuters Holdings Plc"/>
<dc element="dc.date.published" value="1997-03-25"/>
<dc element="dc.source" value="Reuters"/>
<dc element="dc.creator.location" value="NEW YORK"/>
<dc element="dc.creator.location.country.name" value="USA"/>
<dc element="dc.source" value="Reuters"/>
</metadata>
</newsitem>
