<?xml version="1.0" encoding="iso-8859-1" ?>
<newsitem itemid="465373" id="root" date="1997-03-25" xml:lang="en">
<title>USA: CPI Aerostructures Inc yr net vs loss.</title>
<headline>CPI Aerostructures Inc yr net vs loss.</headline>
<dateline>EDGEWOOD, N.Y. 1997-03-25</dateline>
<text>
<p>1996			1995</p>
<p>		 YEAR</p>
<p> Shr profit		 $0.09     loss	 $0.29</p>
<p> Net profit		   504     loss	 1,080</p>
<p> Revs			 6,770		    4,684</p>
<p> Avg shrs		   6,418		    3,724</p>
<p>(All data above 000s except per share numbers)</p>
<p>NOTE: Fourth quarter data were not given.</p>
</text>
<copyright>(c) Reuters Limited 1997</copyright>
<metadata>
<codes class="bip:countries:1.0">
  <code code="USA">
    <editdetail attribution="Reuters BIP Coding Group" action="confirmed" date="1997-03-25"/>
  </code>
</codes>
<codes class="bip:topics:1.0">
  <code code="C15">
    <editdetail attribution="Reuters BIP Coding Group" action="confirmed" date="1997-03-25"/>
  </code>
  <code code="C151">
    <editdetail attribution="Reuters BIP Coding Group" action="confirmed" date="1997-03-25"/>
  </code>
  <code code="C1511">
    <editdetail attribution="Reuters BIP Coding Group" action="confirmed" date="1997-03-25"/>
  </code>
  <code code="CCAT">
    <editdetail attribution="Reuters BIP Coding Group" action="confirmed" date="1997-03-25"/>
  </code>
</codes>
<dc element="dc.date.created" value="1997-03-25"/>
<dc element="dc.publisher" value="Reuters Holdings Plc"/>
<dc element="dc.date.published" value="1997-03-25"/>
<dc element="dc.source" value="Reuters"/>
<dc element="dc.creator.location" value="EDGEWOOD, N.Y."/>
<dc element="dc.creator.location.country.name" value="USA"/>
<dc element="dc.source" value="Reuters"/>
</metadata>
</newsitem>
