<?xml version="1.0" encoding="iso-8859-1" ?>
<newsitem itemid="465304" id="root" date="1997-03-25" xml:lang="en">
<title>USA: U.S. Sen. Dorgan denounces Fed rate increase.</title>
<headline>U.S. Sen. Dorgan denounces Fed rate increase.</headline>
<dateline>WASHINGTON 1997-03-25</dateline>
<text>
<p>U.S. Senator Byron Dorgan on Tuesday criticized the decision of the Federal Reserve to increase interest rates, calling it a &quot;new tax&quot; on every American family.</p>
<p>&quot;The Federal Reserve Board is standing logic on its head by increasing interest at a time when inflation is falling,&quot; the North Dakota Democrat said in a statement.</p>
<p>&quot;The Fed does not have a right to be wrong when every American citizen is forced to pay for their mistakes,&quot; he said in a statement.</p>
<p>A long-time critic of Fed secrecy, Dorgan said &quot;this wrong-headed decision demonstrates the need to disinfect the Fed with a little sunlight.&quot;</p>
<p>He added that &quot;no economists lose their jobs as higher interest rates slow down the economy, but plenty of wage earners pay the ultimate price.&quot;</p>
</text>
<copyright>(c) Reuters Limited 1997</copyright>
<metadata>
<codes class="bip:countries:1.0">
  <code code="USA">
    <editdetail attribution="Reuters BIP Coding Group" action="confirmed" date="1997-03-25"/>
  </code>
</codes>
<codes class="bip:topics:1.0">
  <code code="E12">
    <editdetail attribution="Reuters BIP Coding Group" action="confirmed" date="1997-03-25"/>
  </code>
  <code code="ECAT">
    <editdetail attribution="Reuters BIP Coding Group" action="confirmed" date="1997-03-25"/>
  </code>
  <code code="M13">
    <editdetail attribution="Reuters BIP Coding Group" action="confirmed" date="1997-03-25"/>
  </code>
  <code code="M131">
    <editdetail attribution="Reuters BIP Coding Group" action="confirmed" date="1997-03-25"/>
  </code>
  <code code="MCAT">
    <editdetail attribution="Reuters BIP Coding Group" action="confirmed" date="1997-03-25"/>
  </code>
</codes>
<dc element="dc.date.created" value="1997-03-25"/>
<dc element="dc.publisher" value="Reuters Holdings Plc"/>
<dc element="dc.date.published" value="1997-03-25"/>
<dc element="dc.source" value="Reuters"/>
<dc element="dc.creator.location" value="WASHINGTON"/>
<dc element="dc.creator.location.country.name" value="USA"/>
<dc element="dc.source" value="Reuters"/>
</metadata>
</newsitem>
