<?xml version="1.0" encoding="iso-8859-1" ?>
<newsitem itemid="465313" id="root" date="1997-03-25" xml:lang="en">
<title>USA: U.S. Sen. Sarbanes criticizes Fed rate increase.</title>
<headline>U.S. Sen. Sarbanes criticizes Fed rate increase.</headline>
<dateline>WASHINGTON 1997-03-25</dateline>
<text>
<p>Senator Paul Sarbanes on Tuesday said he deplored the decision of the Federal Reserve to raise interest rates, saying that such a move would unnecessarily hurt growth.</p>
<p>Speaking with reporters following the Fed action to increase the federal funds rate by one-quarter percentage point to 5.5 pct, the Maryland Democrat said there was no inflation to act against.</p>
<p>&quot;There is no inflation to have a preemptive strike against,&quot; Sarbanes said, adding: &quot;This is a preemptive strike against economic growth and against jobs.&quot;</p>
</text>
<copyright>(c) Reuters Limited 1997</copyright>
<metadata>
<codes class="bip:countries:1.0">
  <code code="USA">
    <editdetail attribution="Reuters BIP Coding Group" action="confirmed" date="1997-03-25"/>
  </code>
</codes>
<codes class="bip:topics:1.0">
  <code code="E12">
    <editdetail attribution="Reuters BIP Coding Group" action="confirmed" date="1997-03-25"/>
  </code>
  <code code="ECAT">
    <editdetail attribution="Reuters BIP Coding Group" action="confirmed" date="1997-03-25"/>
  </code>
  <code code="M13">
    <editdetail attribution="Reuters BIP Coding Group" action="confirmed" date="1997-03-25"/>
  </code>
  <code code="M131">
    <editdetail attribution="Reuters BIP Coding Group" action="confirmed" date="1997-03-25"/>
  </code>
  <code code="MCAT">
    <editdetail attribution="Reuters BIP Coding Group" action="confirmed" date="1997-03-25"/>
  </code>
</codes>
<dc element="dc.date.created" value="1997-03-25"/>
<dc element="dc.publisher" value="Reuters Holdings Plc"/>
<dc element="dc.date.published" value="1997-03-25"/>
<dc element="dc.source" value="Reuters"/>
<dc element="dc.creator.location" value="WASHINGTON"/>
<dc element="dc.creator.location.country.name" value="USA"/>
<dc element="dc.source" value="Reuters"/>
</metadata>
</newsitem>
