<?xml version="1.0" encoding="iso-8859-1" ?>
<newsitem itemid="465317" id="root" date="1997-03-25" xml:lang="en">
<title>USA: Tosco starts layoffs at California refineries.</title>
<headline>Tosco starts layoffs at California refineries.</headline>
<dateline>LOS ANGELES 1997-03-25</dateline>
<text>
<p>Tosco Corp began laying off 130 California refinery workers Tuesday, after forcing union officials last night to accept a final contract amid threats the company would shut the Rodeo, Calif. plant, union officials said.  </p>
<p>&quot;Tosco officials threatened to shutdown the Rodeo refinery if the union didn't agree to their terms last night,&quot; said Kelly Quinn, a union official in Los Angeles.</p>
<p>He said Tosco plans to lay off up to 130 refinery workers at the four California plants it will acquire from Unocal March 31. The layoffs will be staggered over the next couple days.</p>
<p>The union late Monday accepted a tentative contract from Tosco because &quot;they felt the threat Tosco made was serious and they didn't know what else to do,&quot; Quinn said, adding Tosco declined to meet further.  </p>
<p>Except for changes in medical benefits, last night's contract remains unchanged from earlier Tosco offers, which the union rejected, claiming they contained sub-standard benefits and too many job cuts.</p>
<p>Tosco began laying off maintenance workers early Monday but Quinn said 75 percent of layoffs are among staff who operate the plant's processing units.</p>
<p>The union will vote Thursday and Friday on whether to approve Tosco's contract, but said he could not predict how members would vote.</p>
<p>&quot;It's hard for me to make that call,&quot; he said.</p>
<p>Last month, the union said 67 workers would lose jobs at the Wilmington refinery near Los Angeles. About 43 workers would be cut from its Rodeo plant and four from the Santa Maria plant, which feeds some refined product to Rodeo.</p>
<p>Jobs cuts were not slated at the Carson plant, which sends product to the neighboring Wilmington plant for final processing, the union said last month.</p>
<p>--((David Brinkerhoff, Los Angeles bureau +1 213 380 2014))</p>
</text>
<copyright>(c) Reuters Limited 1997</copyright>
<metadata>
<codes class="bip:countries:1.0">
  <code code="USA">
    <editdetail attribution="Reuters BIP Coding Group" action="confirmed" date="1997-03-25"/>
  </code>
</codes>
<codes class="bip:industries:1.0">
  <code code="I14000">
    <editdetail attribution="Reuters BIP Coding Group" action="confirmed" date="1997-03-25"/>
  </code>
</codes>
<codes class="bip:topics:1.0">
  <code code="C42">
    <editdetail attribution="Reuters BIP Coding Group" action="confirmed" date="1997-03-25"/>
  </code>
  <code code="CCAT">
    <editdetail attribution="Reuters BIP Coding Group" action="confirmed" date="1997-03-25"/>
  </code>
  <code code="E41">
    <editdetail attribution="Reuters BIP Coding Group" action="confirmed" date="1997-03-25"/>
  </code>
  <code code="ECAT">
    <editdetail attribution="Reuters BIP Coding Group" action="confirmed" date="1997-03-25"/>
  </code>
  <code code="GCAT">
    <editdetail attribution="Reuters BIP Coding Group" action="confirmed" date="1997-03-25"/>
  </code>
  <code code="GJOB">
    <editdetail attribution="Reuters BIP Coding Group" action="confirmed" date="1997-03-25"/>
  </code>
</codes>
<dc element="dc.date.created" value="1997-03-25"/>
<dc element="dc.publisher" value="Reuters Holdings Plc"/>
<dc element="dc.date.published" value="1997-03-25"/>
<dc element="dc.source" value="Reuters"/>
<dc element="dc.creator.location" value="LOS ANGELES"/>
<dc element="dc.creator.location.country.name" value="USA"/>
<dc element="dc.source" value="Reuters"/>
</metadata>
</newsitem>
