<?xml version="1.0" encoding="iso-8859-1" ?>
<newsitem itemid="465308" id="root" date="1997-03-25" xml:lang="en">
<title>USA: US YIELD CURVE--Spreads narrow after Fed rate hike.</title>
<headline>US YIELD CURVE--Spreads narrow after Fed rate hike.</headline>
<byline>Steven Scheer</byline>
<dateline>NEW YORK 1997-03-25</dateline>
<text>
<p>Although a rate hike by the Federal Reserve was fully priced into the market, U.S. Treasury yield spreads continued to narrow on Tuesday after the Fed raised rates by a quarter-point.</p>
<p>The yield curve flattened by about two basis points, with the when-issued two-year note rising to 6.33 percent after the hike from 6.29 percent late Monday. Meanwhile, the 30-year bond yield rose to 6.95 percent from 6.93 percent.</p>
<p>The 62-basis-point spread is the narrowest since late October, 1995.  </p>
<p>It took some time for the market to figure out how to respond to the rate hike. At first, the market rallied, with bond prices up as much as a half-point. But it was short-lived.</p>
<p>The market &quot;didn't know which way to go at first, but I think it is quite interesting that in both selloffs and rallies the curve flattened,&quot; said Nanette Abuhoff, senior fixed income strategist at J.P. Morgan &amp; Co Inc.</p>
<p>Abuhoff forecasts the yield curve continuing to narrow, with the two-to-30-year spread at about 55 basis points by June.  </p>
<p>&quot;We look to 50 basis points as a target,&quot; she said. &quot;Now, (the market is) playing a timing game. Does the Fed go again in May, or do they wait until July?&quot;</p>
<p>If the market believes the Fed will wait until July, the market could rally somewhat until then, analysts said.</p>
<p>The bond is said to be well supported at around 7.0 percent, while two-year notes look to trade in the 6.30 to 6.50 percent range, players predicted.  </p>
<p>&quot;The front end is clear cut: you don't want to own this paper,&quot; said Patrick Dimick, U.S. Treasury market strategist at UBS Securities LLC.</p>
<p>Dimick said that since the Fed indicated strong growth was a major issue, upcoming data such as March non-farm payrolls and the National Association of Purchasing Management index will be closely scrutinized.</p>
<p>More bond-bearish data and the Fed will raise rates again soon, he said. &quot;The text was a strong indication that they are at the beginning of a tightening cycle and not a one-off tightening,&quot; Dimick said.  </p>
<p>Meanwhile, the shorter end of the curve steepened true to form, with the spread between the three-month and year-bills widening to 31 basis points from 27 basis points late Monday.</p>
<p>The three-month bill's rate rose one basis point to 5.25 percent, while the year-bill jumped five basis points to 5.56 percent.</p>
<p>Players said they anticipated further gains in the year-bill rate, coinciding with an increase in yields in coupons.</p>
<p>(( -- N.A. Treasury Desk, 212-859-1867 ))</p>
</text>
<copyright>(c) Reuters Limited 1997</copyright>
<metadata>
<codes class="bip:countries:1.0">
  <code code="USA">
    <editdetail attribution="Reuters BIP Coding Group" action="confirmed" date="1997-03-25"/>
  </code>
</codes>
<codes class="bip:topics:1.0">
  <code code="M13">
    <editdetail attribution="Reuters BIP Coding Group" action="confirmed" date="1997-03-25"/>
  </code>
  <code code="M131">
    <editdetail attribution="Reuters BIP Coding Group" action="confirmed" date="1997-03-25"/>
  </code>
  <code code="MCAT">
    <editdetail attribution="Reuters BIP Coding Group" action="confirmed" date="1997-03-25"/>
  </code>
</codes>
<dc element="dc.date.created" value="1997-03-25"/>
<dc element="dc.publisher" value="Reuters Holdings Plc"/>
<dc element="dc.date.published" value="1997-03-25"/>
<dc element="dc.source" value="Reuters"/>
<dc element="dc.creator.location" value="NEW YORK"/>
<dc element="dc.creator.location.country.name" value="USA"/>
<dc element="dc.source" value="Reuters"/>
</metadata>
</newsitem>
