<?xml version="1.0" encoding="iso-8859-1" ?>
<newsitem itemid="465362" id="root" date="1997-03-25" xml:lang="en">
<title>USA: Gradall workers strike, deliveries continue.</title>
<headline>Gradall workers strike, deliveries continue.</headline>
<dateline>NEW PHILADELPHIA, Ohio 1997-03-25</dateline>
<text>
<p>The Gradall Co, a subsidiary of Gradall Industries Inc, said Tuesday that the International Association of Machinists and Aerospace Workers have gone on strike.</p>
<p>The company said it obtained a temporary restraining order Monday to limit the number of pickets and allow shipments and deliveries to continue.</p>
<p>Local lodge No 1285 of the union began striking Sunday after failing to ratify a new three-year contract, the company said.  </p>
<p>The strike affects about 430 hourly workers at the company's plant in Philadelphia, Ohio, said Chief Financial Officer Bruce Jonker. The plant makes hydraulic excavators and rough terrain material handlers and has a total of 640 employees.</p>
<p>Jonker said it is too early to determine the strike's impact on revenues and earnings. He said the plant is still handling limited production and shipping product.</p>
<p>&quot;There might not be any impact on the earnings. At this point in time, there is no impact on earnings,&quot; Jonker said.</p>
</text>
<copyright>(c) Reuters Limited 1997</copyright>
<metadata>
<codes class="bip:countries:1.0">
  <code code="USA">
    <editdetail attribution="Reuters BIP Coding Group" action="confirmed" date="1997-03-25"/>
  </code>
</codes>
<codes class="bip:topics:1.0">
  <code code="C42">
    <editdetail attribution="Reuters BIP Coding Group" action="confirmed" date="1997-03-25"/>
  </code>
  <code code="CCAT">
    <editdetail attribution="Reuters BIP Coding Group" action="confirmed" date="1997-03-25"/>
  </code>
  <code code="E41">
    <editdetail attribution="Reuters BIP Coding Group" action="confirmed" date="1997-03-25"/>
  </code>
  <code code="ECAT">
    <editdetail attribution="Reuters BIP Coding Group" action="confirmed" date="1997-03-25"/>
  </code>
  <code code="GCAT">
    <editdetail attribution="Reuters BIP Coding Group" action="confirmed" date="1997-03-25"/>
  </code>
  <code code="GJOB">
    <editdetail attribution="Reuters BIP Coding Group" action="confirmed" date="1997-03-25"/>
  </code>
</codes>
<dc element="dc.date.created" value="1997-03-25"/>
<dc element="dc.publisher" value="Reuters Holdings Plc"/>
<dc element="dc.date.published" value="1997-03-25"/>
<dc element="dc.source" value="Reuters"/>
<dc element="dc.creator.location" value="NEW PHILADELPHIA, Ohio"/>
<dc element="dc.creator.location.country.name" value="USA"/>
<dc element="dc.source" value="Reuters"/>
</metadata>
</newsitem>
