<?xml version="1.0" encoding="iso-8859-1" ?>
<newsitem itemid="465328" id="root" date="1997-03-25" xml:lang="en">
<title>USA: Orange &amp; Rockland sets July rate cuts.</title>
<headline>Orange &amp; Rockland sets July rate cuts.</headline>
<dateline>PEARL RIVER, N.Y. 1997-03-25</dateline>
<text>
<p>Orange &amp; Rockland Utilities Inc said Tuesday it has agreed to rate cuts beginning about July 1 as part of a four-year transition to a competitive power market.</p>
<p>The utility said the settlement agreement with the state Public Service Commission staff, the New York State Department of Economic Development, the Industrial Users Association and the National Association of Energy Services Companies would create $37 million in cumulative benefits for O&amp;R customers over the four years.</p>
<p>The benefits would be attained chiefly through rate cuts.  </p>
<p>The agreement calls for Orange &amp; Rockland to expand its PowerPick energy-supplier choice program to include all customers about one year from now, the utility said.</p>
<p>That's unchanged from the company's October 1 proposal which also called for a rate freeze through the end of the century and perhaps beyond and functional separation of generation this year. That filing served as a basis for this agreement.</p>
<p>The pact also allows O&amp;R to retain all earnings up to an 11.5 percent return on equity.  </p>
<p>Above that level, the company said, 25 percent of earnings will be credited to customers, 50 percent to write down generation assets or be credited to customers and 25 percent will be retained by shareholders.</p>
<p>The company said it has agreed -- subject to shareholder and regulatory approval -- to be restructured into a regulated enegy distribution company, and unregulated energy production and energy service companies.</p>
<p>O&amp;R said the agreement authorizes it to invest $25 million to develop unregulated companies such as energy services and marketing, telecommunications, and environmental projects.  </p>
<p>The company said a portion of its existing rates would be designated as a Competitive Transition Charge to cover the costs of regulatory assets and generation assets with above market values. Spokesman Michael Donovan declined to estimate the amount of these assets.</p>
<p>The company said the charge would would remain in place for four years once retail competition begins.</p>
<p>At that time, the generation assets would be subject to a one-time final market valuation procedure to be developed.</p>
<p>The difference between the market and book values, as determined at that time, would be shared on a 80 percent for customers, 20 percent for shareholders basis, it said.</p>
<p>In October, O&amp;R proposed an eight year transition charge.</p>
<p>The utility said its largest industrial customers could realize price reductions, composed of rate reductions and PowerPick savings, of as high as 12 percent as early as July.</p>
<p>This allows them to realize a price of $0.06 per kilowatt hour which is the national average, O&amp;R said.</p>
<p>Other customers would realize a 2 percent direct rate reduction over the first two years of the plan -- 1 percent each year, it said. They could save an additional 3 to 5 percent by taking advantage of PowerPick, it added.</p>
<p>((-- Jim Brumm 212-859-1710.))</p>
</text>
<copyright>(c) Reuters Limited 1997</copyright>
<metadata>
<codes class="bip:countries:1.0">
  <code code="USA">
    <editdetail attribution="Reuters BIP Coding Group" action="confirmed" date="1997-03-25"/>
  </code>
</codes>
<codes class="bip:industries:1.0">
  <code code="I16100">
    <editdetail attribution="Reuters BIP Coding Group" action="confirmed" date="1997-03-25"/>
  </code>
</codes>
<codes class="bip:topics:1.0">
  <code code="C13">
    <editdetail attribution="Reuters BIP Coding Group" action="confirmed" date="1997-03-25"/>
  </code>
  <code code="C31">
    <editdetail attribution="Reuters BIP Coding Group" action="confirmed" date="1997-03-25"/>
  </code>
  <code code="CCAT">
    <editdetail attribution="Reuters BIP Coding Group" action="confirmed" date="1997-03-25"/>
  </code>
</codes>
<dc element="dc.date.created" value="1997-03-25"/>
<dc element="dc.publisher" value="Reuters Holdings Plc"/>
<dc element="dc.date.published" value="1997-03-25"/>
<dc element="dc.source" value="Reuters"/>
<dc element="dc.creator.location" value="PEARL RIVER, N.Y."/>
<dc element="dc.creator.location.country.name" value="USA"/>
<dc element="dc.source" value="Reuters"/>
</metadata>
</newsitem>
