<?xml version="1.0" encoding="iso-8859-1" ?>
<newsitem itemid="465382" id="root" date="1997-03-25" xml:lang="en">
<title>USA: L.A.T. Sportswear FY96 net loss narrows.</title>
<headline>L.A.T. Sportswear FY96 net loss narrows.</headline>
<dateline>BALL GROUND, Ga. 1997-03-25</dateline>
<text>
<p>Fiscal Year</p>
<p>						     Dec 28,	Dec 30,</p>
<p>							  1996	   1995</p>
<p> NET SALES					$ 94,834     $124,897</p>
<p> RESTRUCTURING CHARGES			     ---	  1,700</p>
<p> OPERATING LOSS				    (449)	(2,750)</p>
<p> OTHER EXPENSES (PRINCIPALLY INTEREST)   (2,043)	(2,630)</p>
<p> NET LOSS BEFORE INCOME TAXES		(2,492)	(5,380)</p>
<p> (PROVISION) BENEFIT FOR INCOME TAXES	(172)	  1,787</p>
<p> NET LOSS					  (2,664)	(3,593)</p>
<p> NET LOSS PER SHARE			     (0.63)	 (0.86)</p>
<p>		   (In thousands, except per share data)</p>
<p>NOTE:  Full name of company is L.A.T. Sportswear Inc.</p>
</text>
<copyright>(c) Reuters Limited 1997</copyright>
<metadata>
<codes class="bip:countries:1.0">
  <code code="USA">
    <editdetail attribution="Reuters BIP Coding Group" action="confirmed" date="1997-03-25"/>
  </code>
</codes>
<codes class="bip:industries:1.0">
  <code code="I45300">
    <editdetail attribution="Reuters BIP Coding Group" action="confirmed" date="1997-03-25"/>
  </code>
</codes>
<codes class="bip:topics:1.0">
  <code code="C15">
    <editdetail attribution="Reuters BIP Coding Group" action="confirmed" date="1997-03-25"/>
  </code>
  <code code="C151">
    <editdetail attribution="Reuters BIP Coding Group" action="confirmed" date="1997-03-25"/>
  </code>
  <code code="C1511">
    <editdetail attribution="Reuters BIP Coding Group" action="confirmed" date="1997-03-25"/>
  </code>
  <code code="CCAT">
    <editdetail attribution="Reuters BIP Coding Group" action="confirmed" date="1997-03-25"/>
  </code>
</codes>
<dc element="dc.date.created" value="1997-03-25"/>
<dc element="dc.publisher" value="Reuters Holdings Plc"/>
<dc element="dc.date.published" value="1997-03-25"/>
<dc element="dc.source" value="Reuters"/>
<dc element="dc.creator.location" value="BALL GROUND, Ga."/>
<dc element="dc.creator.location.country.name" value="USA"/>
<dc element="dc.source" value="Reuters"/>
</metadata>
</newsitem>
