<?xml version="1.0" encoding="iso-8859-1" ?>
<newsitem itemid="465348" id="root" date="1997-03-25" xml:lang="en">
<title>USA: DepoTech starts trial of DepoMorphine.</title>
<headline>DepoTech starts trial of DepoMorphine.</headline>
<dateline>SAN DIEGO 1997-03-25</dateline>
<text>
<p>DepoTech Corp on Tuesday said it had begun a Phase I clinical trial of DepoMorphine, a sustained-release encapsulated morphine sulfate that is being developed to treat acute post-surgical pain.</p>
<p>Based on DepoFoam technology, DepoMorphine is targeted at a broad range of surgical procedures from orthopedic and deep abdominal surgeries to Caesarean sections.</p>
<p>The Phase I clinical trial is a dose-escalation study that will assess the safety and pharmacokinetics of single doses of DepoMorphine administered epidurally to volunteers. Up to 30 people will be enrolled, the company said in a statement.</p>
</text>
<copyright>(c) Reuters Limited 1997</copyright>
<metadata>
<codes class="bip:countries:1.0">
  <code code="USA">
    <editdetail attribution="Reuters BIP Coding Group" action="confirmed" date="1997-03-25"/>
  </code>
</codes>
<codes class="bip:industries:1.0">
  <code code="I37200">
    <editdetail attribution="Reuters BIP Coding Group" action="confirmed" date="1997-03-25"/>
  </code>
</codes>
<codes class="bip:topics:1.0">
  <code code="C23">
    <editdetail attribution="Reuters BIP Coding Group" action="confirmed" date="1997-03-25"/>
  </code>
  <code code="CCAT">
    <editdetail attribution="Reuters BIP Coding Group" action="confirmed" date="1997-03-25"/>
  </code>
  <code code="GCAT">
    <editdetail attribution="Reuters BIP Coding Group" action="confirmed" date="1997-03-25"/>
  </code>
  <code code="GHEA">
    <editdetail attribution="Reuters BIP Coding Group" action="confirmed" date="1997-03-25"/>
  </code>
</codes>
<dc element="dc.date.created" value="1997-03-25"/>
<dc element="dc.publisher" value="Reuters Holdings Plc"/>
<dc element="dc.date.published" value="1997-03-25"/>
<dc element="dc.source" value="Reuters"/>
<dc element="dc.creator.location" value="SAN DIEGO"/>
<dc element="dc.creator.location.country.name" value="USA"/>
<dc element="dc.source" value="Reuters"/>
</metadata>
</newsitem>
