<?xml version="1.0" encoding="iso-8859-1" ?>
<newsitem itemid="465363" id="root" date="1997-03-25" xml:lang="en">
<title>USA: Health Management Q3 shr loss widens. [CORRECTED 18:50 GMT]</title>
<headline>Health Management Q3 shr loss widens. [CORRECTED 18:50 GMT]</headline>
<dateline>NEW YORK 1997-03-25</dateline>
<text>
<p>1997			1996</p>
<p> Shr loss	  $1.66	 loss     $1.06</p>
<p> Net loss	  18,514	loss     $9,904</p>
<p> Revs		39,767		   $40,801</p>
<p> Avg shrs	  11,161		   9,385</p>
<p>   9   MONTHS</p>
<p> Shr		 $3.15		    $0.87</p>
<p> Net loss	   31,348	  loss    8,175</p>
<p>(Corrects nine months net loss from 1,288).</p>
<p> Revs		120,030		  118,370</p>
<p> Avg shrs	  9,940		    9,400</p>
<p>(All data above 000s except per share numbers)</p>
<p>NOTE - Q3 1997 includes a charge of about $13 million, which includes a write-off of about $2.8 million in goodwill and other costs associated with the sale of certain retail pharmacies and an additional reserve of approximately $10 million for accounts receivable.</p>
</text>
<copyright>(c) Reuters Limited 1997</copyright>
<metadata>
<codes class="bip:countries:1.0">
  <code code="USA">
    <editdetail attribution="Reuters BIP Coding Group" action="confirmed" date="1997-03-25"/>
  </code>
</codes>
<codes class="bip:industries:1.0">
  <code code="I95100">
    <editdetail attribution="Reuters BIP Coding Group" action="confirmed" date="1997-03-25"/>
  </code>
</codes>
<codes class="bip:topics:1.0">
  <code code="C15">
    <editdetail attribution="Reuters BIP Coding Group" action="confirmed" date="1997-03-25"/>
  </code>
  <code code="C151">
    <editdetail attribution="Reuters BIP Coding Group" action="confirmed" date="1997-03-25"/>
  </code>
  <code code="CCAT">
    <editdetail attribution="Reuters BIP Coding Group" action="confirmed" date="1997-03-25"/>
  </code>
</codes>
<dc element="dc.date.created" value="1997-03-25"/>
<dc element="dc.publisher" value="Reuters Holdings Plc"/>
<dc element="dc.date.published" value="1997-03-25"/>
<dc element="dc.source" value="Reuters"/>
<dc element="dc.creator.location" value="NEW YORK"/>
<dc element="dc.creator.location.country.name" value="USA"/>
<dc element="dc.source" value="Reuters"/>
</metadata>
</newsitem>
