<?xml version="1.0" encoding="iso-8859-1" ?>
<newsitem itemid="465350" id="root" date="1997-03-25" xml:lang="en">
<title>USA: U.S. 2-year note auction high yield 6.270 pct.</title>
<headline>U.S. 2-year note auction high yield 6.270 pct.</headline>
<dateline>WASHINGTON 1997-03-25</dateline>
<text>
<p>The U.S. Treasury said its Dutch bidding auction of 2-year notes produced these results:</p>
<p>			 2-YEAR NOTES DUE MARCH 31, 1999</p>
<p>			     $17.254 BILLION AUCTION</p>
<p>	     YIELD			  PRICE	COUPON</p>
<p> HIGH	6.270    Awarded At	99.963	6.250</p>
<p> MEDIAN    6.240    High Yield	NOT GIVEN  Percent</p>
<p> LOW	 6.200    47 Percent	NOT GIVEN</p>
<p>	   Cover - (Bids Over Amount Sold)    =  2.20 Times</p>
<p> U.S. TREASURY (GOVERNMENT DEBT)		 MATURITY 31.Mar.99</p>
<p> MATURITY/TYPE    2-YEAR NOTES		   PAY DATE 31.Mar.97</p>
<p> TYPE OF DEBT     STRAIGHT			 LAUNCHED 25.Mar.97</p>
<p> ISSUED/ACCEPTED  17.254 BLN USD		 CUSIP   9128272N1</p>
<p> BIDS SUBMITTED   37.989			   COUNTRY	  USA</p>
<p> NONCOMPETITIVE    1.479				DUTCH AUCTION</p>
<p> NY FED DISTRICT    N.A.			   COUPON	 6.250</p>
<p> FOREIGN INSTITN   1.600			   PRICE	 99.963</p>
<p> BIDDING RANGE    6.200-6.270 PCT		YIELD-HIGH   6.270</p>
<p>KEY (HIGH) YIELD UP FROM 5.885 PCT AT AUCTION ON 25.FEB.97</p>
<p>KEY (HIGH) YIELD HIGHEST SINCE 6.288 PCT AT AUCTION 23.JUL.96</p>
</text>
<copyright>(c) Reuters Limited 1997</copyright>
<metadata>
<codes class="bip:countries:1.0">
  <code code="USA">
    <editdetail attribution="Reuters BIP Coding Group" action="confirmed" date="1997-03-25"/>
  </code>
</codes>
<codes class="bip:topics:1.0">
  <code code="E21">
    <editdetail attribution="Reuters BIP Coding Group" action="confirmed" date="1997-03-25"/>
  </code>
  <code code="E212">
    <editdetail attribution="Reuters BIP Coding Group" action="confirmed" date="1997-03-25"/>
  </code>
  <code code="ECAT">
    <editdetail attribution="Reuters BIP Coding Group" action="confirmed" date="1997-03-25"/>
  </code>
</codes>
<dc element="dc.date.created" value="1997-03-25"/>
<dc element="dc.publisher" value="Reuters Holdings Plc"/>
<dc element="dc.date.published" value="1997-03-25"/>
<dc element="dc.source" value="Reuters"/>
<dc element="dc.creator.location" value="WASHINGTON"/>
<dc element="dc.creator.location.country.name" value="USA"/>
<dc element="dc.source" value="Reuters"/>
</metadata>
</newsitem>
