<?xml version="1.0" encoding="iso-8859-1" ?>
<newsitem itemid="465341" id="root" date="1997-03-25" xml:lang="en">
<title>USA: INSTANT VIEW - U.S. stocks up after Fed rate hike.</title>
<headline>INSTANT VIEW - U.S. stocks up after Fed rate hike.</headline>
<dateline>NEW YORK 1997-03-25</dateline>
<text>
<p>U.S. stocks rose on Tuesday after the Federal Reserve's Federal Open Market Committee, as widely expected, raised its target for its short-term Federal Funds rate 0.25 percentage point to 5.50 percent and left the discount rate unchanged.</p>
<p>The following are analysts' reaction to the move.</p>
<p>PHILIP ORLANDO, CHIEF INVESTMENT OFFICER AT VALUE LINE ASSET MANAGEMENT:</p>
<p>--  &quot;It's as expected. I think this means we ought to see a relief rally in both bonds and stocks over the course of the next few days.  </p>
<p>-- &quot;The bond market has already priced this tightening in and equities corrected some 300 points in anticipation.&quot;</p>
<p>-- &quot;It's our belief this is the first of three 25 basis-point tightenings unless we see material slowing of economic activity.&quot;</p>
<p>JOHN WILLIAMS, MANAGING DIRECTOR AND CHIEF GLOBAL MARKETS ECONOMIST AT BANKERS TRUST</p>
<p>-- &quot;The Fed finally moved so they're now officially in a tightening mode. And they will keep tightening until the economy finally slows.&quot;  </p>
<p>-- &quot;No one really knows the precise sensitivity of the economy to interest rates so once they're in a tightening mode, they will keep tightening until the economy slows. When that is is really not knowable. It's a late move. But better late than never.&quot;</p>
<p>DAVID JONES, VICE CHAIRMAN AND CHIEF ECONOMIST AT AUBREY G. LANSTOLN &amp; CO. INC</p>
<p>-- &quot;It implies that the Fed is prepared to tighten further if necesary to cool the economy off to a more sustainable and less inflationary pace.&quot;  </p>
<p>-- &quot;I'm still guessing that they'll do a total of a 3/4 point move, raising the Federal funds rate to six percent by the end of August from 5-1/4 percent where it stood before today's move. Probably one of those moves will be accompanied by a discount rate hike.&quot;</p>
<p>The Dow industrials initially jumped to a session peak, up 47 points after the rate rise. They later gave back the gains and were off nine points at 6896. The Nasdaq composite rose four to 1247.</p>
<p>((--Wall St Desk 212-859-1730))</p>
</text>
<copyright>(c) Reuters Limited 1997</copyright>
<metadata>
<codes class="bip:countries:1.0">
  <code code="USA">
    <editdetail attribution="Reuters BIP Coding Group" action="confirmed" date="1997-03-25"/>
  </code>
</codes>
<codes class="bip:topics:1.0">
  <code code="E12">
    <editdetail attribution="Reuters BIP Coding Group" action="confirmed" date="1997-03-25"/>
  </code>
  <code code="ECAT">
    <editdetail attribution="Reuters BIP Coding Group" action="confirmed" date="1997-03-25"/>
  </code>
  <code code="M11">
    <editdetail attribution="Reuters BIP Coding Group" action="confirmed" date="1997-03-25"/>
  </code>
  <code code="M13">
    <editdetail attribution="Reuters BIP Coding Group" action="confirmed" date="1997-03-25"/>
  </code>
  <code code="M131">
    <editdetail attribution="Reuters BIP Coding Group" action="confirmed" date="1997-03-25"/>
  </code>
  <code code="MCAT">
    <editdetail attribution="Reuters BIP Coding Group" action="confirmed" date="1997-03-25"/>
  </code>
</codes>
<dc element="dc.date.created" value="1997-03-25"/>
<dc element="dc.publisher" value="Reuters Holdings Plc"/>
<dc element="dc.date.published" value="1997-03-25"/>
<dc element="dc.source" value="Reuters"/>
<dc element="dc.creator.location" value="NEW YORK"/>
<dc element="dc.creator.location.country.name" value="USA"/>
<dc element="dc.source" value="Reuters"/>
</metadata>
</newsitem>
