<?xml version="1.0" encoding="iso-8859-1" ?>
<newsitem itemid="465332" id="root" date="1997-03-25" xml:lang="en">
<title>USA: U.S. to sell $27 bln of cash bills April 1.</title>
<headline>U.S. to sell $27 bln of cash bills April 1.</headline>
<dateline>WASHINGTON 1997-03-25</dateline>
<text>
<p>The U.S. Treasury said on Tuesday that it will auction $10 billion of 14-day cash management bills and $17 billion of 19-day cash bills on April 1.</p>
<p>The bills will be issued April 3. The 14-day bills mature on April 17 and the 19-day bills mature on April 22.</p>
<p>Minimum bids will be in amounts of $10,000.</p>
<p>Noncompetitive tenders on both maturities will be accepted in full up to $1 million at the average discount rate of accepted competitive bids, which must be received by 1300 EST (1800 GMT).</p>
<p>The CUSIP number for the 14-day bills will be 9127944F8 and for the 19-day bills will be 9127946Y5.</p>
</text>
<copyright>(c) Reuters Limited 1997</copyright>
<metadata>
<codes class="bip:countries:1.0">
  <code code="USA">
    <editdetail attribution="Reuters BIP Coding Group" action="confirmed" date="1997-03-25"/>
  </code>
</codes>
<codes class="bip:topics:1.0">
  <code code="M13">
    <editdetail attribution="Reuters BIP Coding Group" action="confirmed" date="1997-03-25"/>
  </code>
  <code code="M131">
    <editdetail attribution="Reuters BIP Coding Group" action="confirmed" date="1997-03-25"/>
  </code>
  <code code="MCAT">
    <editdetail attribution="Reuters BIP Coding Group" action="confirmed" date="1997-03-25"/>
  </code>
</codes>
<dc element="dc.date.created" value="1997-03-25"/>
<dc element="dc.publisher" value="Reuters Holdings Plc"/>
<dc element="dc.date.published" value="1997-03-25"/>
<dc element="dc.source" value="Reuters"/>
<dc element="dc.creator.location" value="WASHINGTON"/>
<dc element="dc.creator.location.country.name" value="USA"/>
<dc element="dc.source" value="Reuters"/>
</metadata>
</newsitem>
