<?xml version="1.0" encoding="iso-8859-1" ?>
<newsitem itemid="465302" id="root" date="1997-03-25" xml:lang="en">
<title>USA: Global Med Tech FY 96 net loss widens.</title>
<headline>Global Med Tech FY 96 net loss widens.</headline>
<dateline>LAKEWOOD, Colo. 1997-03-25</dateline>
<text>
<p>1996			1995</p>
<p> Shr	   loss	 $1.02     loss	 $0.64</p>
<p> Net	   loss	 4,500     loss	 2,700</p>
<p> Revs			11,000		    6,700</p>
<p>(All data above 000s except per share numbers)</p>
<p>NOTE: Full name of company is Global Med Technologies Inc.</p>
</text>
<copyright>(c) Reuters Limited 1997</copyright>
<metadata>
<codes class="bip:countries:1.0">
  <code code="USA">
    <editdetail attribution="Reuters BIP Coding Group" action="confirmed" date="1997-03-25"/>
  </code>
</codes>
<codes class="bip:topics:1.0">
  <code code="C15">
    <editdetail attribution="Reuters BIP Coding Group" action="confirmed" date="1997-03-25"/>
  </code>
  <code code="C151">
    <editdetail attribution="Reuters BIP Coding Group" action="confirmed" date="1997-03-25"/>
  </code>
  <code code="C1511">
    <editdetail attribution="Reuters BIP Coding Group" action="confirmed" date="1997-03-25"/>
  </code>
  <code code="CCAT">
    <editdetail attribution="Reuters BIP Coding Group" action="confirmed" date="1997-03-25"/>
  </code>
</codes>
<dc element="dc.date.created" value="1997-03-25"/>
<dc element="dc.publisher" value="Reuters Holdings Plc"/>
<dc element="dc.date.published" value="1997-03-25"/>
<dc element="dc.source" value="Reuters"/>
<dc element="dc.creator.location" value="LAKEWOOD, Colo."/>
<dc element="dc.creator.location.country.name" value="USA"/>
<dc element="dc.source" value="Reuters"/>
</metadata>
</newsitem>
