<?xml version="1.0" encoding="iso-8859-1" ?>
<newsitem itemid="465321" id="root" date="1997-03-25" xml:lang="en">
<title>USA: Air Products invests $40 mln in Brazilian projects.</title>
<headline>Air Products invests $40 mln in Brazilian projects.</headline>
<dateline>LEHIGH VALLEY, Pa. 1997-03-25</dateline>
<text>
<p>Air Products Gases Industriais Ltda., a unit of Air Products and Chemicals Inc said Tuesday it is investing over $40 million in three new industrial gas projects serving the pulp and paper industry and other key market segments in southern Brazil.</p>
<p>These three industrial gas projects are in addition to APGIL's previously announced project to build a new hydrogen and carbon monoxide production facility in the Camacari petrochemical complex in Bahia, which is slated to come on stream during the seond quarter of 1997, said the company.</p>
<p>Air Products and Chemicals is a leading international supplier of industrial gases, specialty and intermediate chemicals, and equipment and services.</p>
</text>
<copyright>(c) Reuters Limited 1997</copyright>
<metadata>
<codes class="bip:countries:1.0">
  <code code="BRAZ">
    <editdetail attribution="Reuters BIP Coding Group" action="confirmed" date="1997-03-25"/>
  </code>
  <code code="USA">
    <editdetail attribution="Reuters BIP Coding Group" action="confirmed" date="1997-03-25"/>
  </code>
</codes>
<codes class="bip:industries:1.0">
  <code code="I25670">
    <editdetail attribution="Reuters BIP Coding Group" action="confirmed" date="1997-03-25"/>
  </code>
</codes>
<codes class="bip:topics:1.0">
  <code code="C11">
    <editdetail attribution="Reuters BIP Coding Group" action="confirmed" date="1997-03-25"/>
  </code>
  <code code="C24">
    <editdetail attribution="Reuters BIP Coding Group" action="confirmed" date="1997-03-25"/>
  </code>
  <code code="CCAT">
    <editdetail attribution="Reuters BIP Coding Group" action="confirmed" date="1997-03-25"/>
  </code>
</codes>
<dc element="dc.date.created" value="1997-03-25"/>
<dc element="dc.publisher" value="Reuters Holdings Plc"/>
<dc element="dc.date.published" value="1997-03-25"/>
<dc element="dc.source" value="Reuters"/>
<dc element="dc.creator.location" value="LEHIGH VALLEY, Pa."/>
<dc element="dc.creator.location.country.name" value="USA"/>
<dc element="dc.source" value="Reuters"/>
</metadata>
</newsitem>
