<?xml version="1.0" encoding="iso-8859-1" ?>
<newsitem itemid="465338" id="root" date="1997-03-25" xml:lang="en">
<title>USA: Value Line Inc Q3 revs, net, shr rise.</title>
<headline>Value Line Inc Q3 revs, net, shr rise.</headline>
<dateline>NEW YORK 1997-03-25</dateline>
<text>
<p>(in thousands except per share amounts)</p>
<p>			  For the three months   For the nine months</p>
<p>				 ended Jan. 31,	  ended Jan. 31,</p>
<p>				1997	  1996	1997	 1996</p>
<p>						  (a)			(a)</p>
<p>Revenues		  $23,767     $21,689   $68,571    $64,528</p>
<p>Operating Income	  8,415	 7,512    26,860     25,196</p>
<p>Income from</p>
<p>Securities Transactions</p>
<p>			     31,746	16,096    37,244     28,698</p>
<p>Income Before Taxes    40,161	23,608    64,104     53,894</p>
<p>Net Earnings	     25,113	14,291    39,478     32,766</p>
<p>Earnings Per Share	$2.52	 $1.43     $3.96	$3.28</p>
<p>NOTES: (a) Revenues and operating income for three months and nine months ended Jan. 31, 1996 include proceeds of $2,054,000 received in settlement of a disputed securities trade.</p>
</text>
<copyright>(c) Reuters Limited 1997</copyright>
<metadata>
<codes class="bip:countries:1.0">
  <code code="USA">
    <editdetail attribution="Reuters BIP Coding Group" action="confirmed" date="1997-03-25"/>
  </code>
</codes>
<codes class="bip:industries:1.0">
  <code code="I83100">
    <editdetail attribution="Reuters BIP Coding Group" action="confirmed" date="1997-03-25"/>
  </code>
</codes>
<codes class="bip:topics:1.0">
  <code code="C15">
    <editdetail attribution="Reuters BIP Coding Group" action="confirmed" date="1997-03-25"/>
  </code>
  <code code="C151">
    <editdetail attribution="Reuters BIP Coding Group" action="confirmed" date="1997-03-25"/>
  </code>
  <code code="CCAT">
    <editdetail attribution="Reuters BIP Coding Group" action="confirmed" date="1997-03-25"/>
  </code>
</codes>
<dc element="dc.date.created" value="1997-03-25"/>
<dc element="dc.publisher" value="Reuters Holdings Plc"/>
<dc element="dc.date.published" value="1997-03-25"/>
<dc element="dc.source" value="Reuters"/>
<dc element="dc.creator.location" value="NEW YORK"/>
<dc element="dc.creator.location.country.name" value="USA"/>
<dc element="dc.source" value="Reuters"/>
</metadata>
</newsitem>
