<?xml version="1.0" encoding="iso-8859-1" ?>
<newsitem itemid="465345" id="root" date="1997-03-25" xml:lang="en">
<title>USA: Rentrak sees Q4, full year profits.</title>
<headline>Rentrak sees Q4, full year profits.</headline>
<dateline>PORTLAND, Ore. 1997-03-25</dateline>
<text>
<p>Rentrak Corp said Tuesday it expects income from continuing operations in the fourth quarter ending March 31 to be more than $1 million, with per-share net totaling about $0.07.</p>
<p>It said it expects operating net for the full year to be about $0.43 per share.</p>
<p>The company said analysts are forecasting full-year earnings of $0.22 per share.</p>
<p>First Call estimates for Rentrak were not available.</p>
<p>In the year-ago fourth quarter the company lost $4.5 million, or $0.37 a share, from continuing operatings. The full-year loss was $0.12 a share.</p>
<p>Rentrac said it expected fourth quarter revenues of $28-$30 million, compared with $31 million a year ago.</p>
</text>
<copyright>(c) Reuters Limited 1997</copyright>
<metadata>
<codes class="bip:countries:1.0">
  <code code="USA">
    <editdetail attribution="Reuters BIP Coding Group" action="confirmed" date="1997-03-25"/>
  </code>
</codes>
<codes class="bip:topics:1.0">
  <code code="C15">
    <editdetail attribution="Reuters BIP Coding Group" action="confirmed" date="1997-03-25"/>
  </code>
  <code code="C152">
    <editdetail attribution="Reuters BIP Coding Group" action="confirmed" date="1997-03-25"/>
  </code>
  <code code="CCAT">
    <editdetail attribution="Reuters BIP Coding Group" action="confirmed" date="1997-03-25"/>
  </code>
</codes>
<dc element="dc.date.created" value="1997-03-25"/>
<dc element="dc.publisher" value="Reuters Holdings Plc"/>
<dc element="dc.date.published" value="1997-03-25"/>
<dc element="dc.source" value="Reuters"/>
<dc element="dc.creator.location" value="PORTLAND, Ore."/>
<dc element="dc.creator.location.country.name" value="USA"/>
<dc element="dc.source" value="Reuters"/>
</metadata>
</newsitem>
