<?xml version="1.0" encoding="iso-8859-1" ?>
<newsitem itemid="465360" id="root" date="1997-03-25" xml:lang="en">
<title>USA: American Eagle Outfitters Q4 net falls.</title>
<headline>American Eagle Outfitters Q4 net falls.</headline>
<dateline>WARRENDALE, Pa. 1997-03-25</dateline>
<text>
<p>AMERICAN EAGLE OUTFITTERS, INC.</p>
<p>(Dollars and shares in millions, except per share data)</p>
<p>				For the</p>
<p>			 Fourth Quarters Ended  For the Years Ended</p>
<p>				 Feb 1, Feb 3,  Feb 1,	   Feb 3,</p>
<p>				   1997   1996    1997	    1996</p>
<p>				 13 Wks  14 Wks  52 Wks	  53 Wks</p>
<p>				 (unaudited) (unaudited)  (unaudited)</p>
<p> Net Sales	     $122.9 $140.7  $326.4	   $340.3 (1)</p>
<p> Net Income (Loss)	    6.4    8.6     5.9	 (1.3)(2)</p>
</text>
<copyright>(c) Reuters Limited 1997</copyright>
<metadata>
<codes class="bip:countries:1.0">
  <code code="USA">
    <editdetail attribution="Reuters BIP Coding Group" action="confirmed" date="1997-03-25"/>
  </code>
</codes>
<codes class="bip:industries:1.0">
  <code code="I64500">
    <editdetail attribution="Reuters BIP Coding Group" action="confirmed" date="1997-03-25"/>
  </code>
</codes>
<codes class="bip:topics:1.0">
  <code code="C15">
    <editdetail attribution="Reuters BIP Coding Group" action="confirmed" date="1997-03-25"/>
  </code>
  <code code="C151">
    <editdetail attribution="Reuters BIP Coding Group" action="confirmed" date="1997-03-25"/>
  </code>
  <code code="C1511">
    <editdetail attribution="Reuters BIP Coding Group" action="confirmed" date="1997-03-25"/>
  </code>
  <code code="CCAT">
    <editdetail attribution="Reuters BIP Coding Group" action="confirmed" date="1997-03-25"/>
  </code>
</codes>
<dc element="dc.date.created" value="1997-03-25"/>
<dc element="dc.publisher" value="Reuters Holdings Plc"/>
<dc element="dc.date.published" value="1997-03-25"/>
<dc element="dc.source" value="Reuters"/>
<dc element="dc.creator.location" value="WARRENDALE, Pa."/>
<dc element="dc.creator.location.country.name" value="USA"/>
<dc element="dc.source" value="Reuters"/>
</metadata>
</newsitem>
