<?xml version="1.0" encoding="iso-8859-1" ?>
<newsitem itemid="465318" id="root" date="1997-03-25" xml:lang="en">
<title>USA: NYCE cotton futures end off, May hits contract low.</title>
<headline>NYCE cotton futures end off, May hits contract low.</headline>
<dateline>NEW YORK 1997-03-25</dateline>
<text>
<p>NYCE cotton futures ended sharply down but off the fresh life-of-contract low hit on technically-driven speculative selling, industry analysts said.</p>
<p>&quot;This was fully-expected based on the overriding technicals,&quot; O.A. Cleveland, a cotton marketing specialist with Mississippi State University, said. &quot;We could push (May) to 71.00 cents.&quot;</p>
<p>Cleveland added that expectations for a weak U.S. planted acreage estimate and fears that U.S. exports will fall short of the U.S. Department of Agriculture's target of 6.8 million bales, added fundamental pressure to prices.</p>
<p>But while the last export and sales report was weak in comparison to recent reports, sales were based on the week in which May traded at its recent high of 78.00 cents. The current lower prices are likely to encourage new sales, analysts said.</p>
<p>Industry sources widely expect a decline in 1997/98 planted cotton area, from last year's 14.67 million acres, due to higher prices for corn and soybean futures.</p>
<p>The USDA will release its estimate on Monday at 0830 EST.</p>
<p>Benchmark May closed 1.39 cent lower at 72.59 cents per lb, having ranged from 74.20 to 72.00 cents. The back months ended 1.27 weaker to 0.85 firmer.</p>
<p>Volume was estimated at 18,000 lots compared to Monday's official 7,380 lots.</p>
<p>((Suzanne Rostler, New York Commodity Desk, 212-859-1640))</p>
</text>
<copyright>(c) Reuters Limited 1997</copyright>
<metadata>
<codes class="bip:countries:1.0">
  <code code="USA">
    <editdetail attribution="Reuters BIP Coding Group" action="confirmed" date="1997-03-25"/>
  </code>
</codes>
<codes class="bip:topics:1.0">
  <code code="M14">
    <editdetail attribution="Reuters BIP Coding Group" action="confirmed" date="1997-03-25"/>
  </code>
  <code code="M141">
    <editdetail attribution="Reuters BIP Coding Group" action="confirmed" date="1997-03-25"/>
  </code>
  <code code="MCAT">
    <editdetail attribution="Reuters BIP Coding Group" action="confirmed" date="1997-03-25"/>
  </code>
</codes>
<dc element="dc.date.created" value="1997-03-25"/>
<dc element="dc.publisher" value="Reuters Holdings Plc"/>
<dc element="dc.date.published" value="1997-03-25"/>
<dc element="dc.source" value="Reuters"/>
<dc element="dc.creator.location" value="NEW YORK"/>
<dc element="dc.creator.location.country.name" value="USA"/>
<dc element="dc.source" value="Reuters"/>
</metadata>
</newsitem>
