<?xml version="1.0" encoding="iso-8859-1" ?>
<newsitem itemid="465300" id="root" date="1997-03-25" xml:lang="en">
<title>USA: Number Nine cuts prices, upgrades driver.</title>
<headline>Number Nine cuts prices, upgrades driver.</headline>
<dateline>LEXINGTON, Mass. 1997-03-25</dateline>
<text>
<p>Number Nine Visual Technology Corp said Tuesday that it cut the price of the 9FX Reality 332 to $99 from $149.</p>
<p>The company said it made the move to expand market penetration for its entry-level, 64-bit graphics offering.</p>
<p>It also annouced the availability of a faster Windows 95 performance driver for its 9FX Reality 772 and 9FX Reality 332 line of 64-bit, 2D/3D visual accelerators targeted at business and consumer PC users.</p>
<p>This driver is available immediately and can be downloaded from the company's web site (http://www.nine.com).</p>
<p>The company sid users of both the 9FX Reality 332 and the 9FX Reality 772 line of visual accelerators can expect a 25 percent performance boost in Windows 95 performance by installing an easy-to-load driver update.</p>
<p>The 9FX Reality 332 is based on S3's popular S3d ViRGE graphics controller and is equipped with 2-megabytes of fast EDO DRAM.  The board supports display resolutions up to 1280 x 1024 at 256 colors, 1024 x 768 at 65K colors or 800 x 600 at 16.8 million colors.</p>
</text>
<copyright>(c) Reuters Limited 1997</copyright>
<metadata>
<codes class="bip:countries:1.0">
  <code code="USA">
    <editdetail attribution="Reuters BIP Coding Group" action="confirmed" date="1997-03-25"/>
  </code>
</codes>
<codes class="bip:industries:1.0">
  <code code="I33020">
    <editdetail attribution="Reuters BIP Coding Group" action="confirmed" date="1997-03-25"/>
  </code>
</codes>
<codes class="bip:topics:1.0">
  <code code="C21">
    <editdetail attribution="Reuters BIP Coding Group" action="confirmed" date="1997-03-25"/>
  </code>
  <code code="C31">
    <editdetail attribution="Reuters BIP Coding Group" action="confirmed" date="1997-03-25"/>
  </code>
  <code code="CCAT">
    <editdetail attribution="Reuters BIP Coding Group" action="confirmed" date="1997-03-25"/>
  </code>
</codes>
<dc element="dc.date.created" value="1997-03-25"/>
<dc element="dc.publisher" value="Reuters Holdings Plc"/>
<dc element="dc.date.published" value="1997-03-25"/>
<dc element="dc.source" value="Reuters"/>
<dc element="dc.creator.location" value="LEXINGTON, Mass."/>
<dc element="dc.creator.location.country.name" value="USA"/>
<dc element="dc.source" value="Reuters"/>
</metadata>
</newsitem>
