<?xml version="1.0" encoding="iso-8859-1" ?>
<newsitem itemid="465326" id="root" date="1997-03-25" xml:lang="en">
<title>USA: CSP Inc takes one-time charge of $125,000.</title>
<headline>CSP Inc takes one-time charge of $125,000.</headline>
<dateline>BILLERICA, Mass. 1997-03-25</dateline>
<text>
<p>CSP Inc (CSPI) said Tuesday that it has consolidated and restructured its operations because its expects fluctuating revenue over the next several quarters, eliminating 14 postions and incurring a one-time restructuring expense of about $125,000.</p>
<p>CSPI said it eliminated the positions, primarily in its manufacturing and Vision Systems operations.</p>
<p>The company said it also consolidated the Embedded Computer and Vision Systems product groups into one organization. These actions, said CSPI,  will represent an annual savings of about $1 million.</p>
<p>The company said this action was necessary to reduce operating expenses during the period of transition to CSPI's next generation MAP-1000 and 2000 product lines, which it said will not significantly affect revenues in the current fiscal year, but will begin to ramp up in 1998.</p>
<p>The company reported operating losses of $218,00 and $422,000 in the quarter and six months, respectively, ended Feb 28.</p>
<p>CSPI is a manufacturer of vector processors, which enhance a computer's ability to perform high-speed arithmetic.</p>
</text>
<copyright>(c) Reuters Limited 1997</copyright>
<metadata>
<codes class="bip:countries:1.0">
  <code code="USA">
    <editdetail attribution="Reuters BIP Coding Group" action="confirmed" date="1997-03-25"/>
  </code>
</codes>
<codes class="bip:industries:1.0">
  <code code="I33020">
    <editdetail attribution="Reuters BIP Coding Group" action="confirmed" date="1997-03-25"/>
  </code>
</codes>
<codes class="bip:topics:1.0">
  <code code="C11">
    <editdetail attribution="Reuters BIP Coding Group" action="confirmed" date="1997-03-25"/>
  </code>
  <code code="C15">
    <editdetail attribution="Reuters BIP Coding Group" action="confirmed" date="1997-03-25"/>
  </code>
  <code code="C152">
    <editdetail attribution="Reuters BIP Coding Group" action="confirmed" date="1997-03-25"/>
  </code>
  <code code="CCAT">
    <editdetail attribution="Reuters BIP Coding Group" action="confirmed" date="1997-03-25"/>
  </code>
</codes>
<dc element="dc.date.created" value="1997-03-25"/>
<dc element="dc.publisher" value="Reuters Holdings Plc"/>
<dc element="dc.date.published" value="1997-03-25"/>
<dc element="dc.source" value="Reuters"/>
<dc element="dc.creator.location" value="BILLERICA, Mass."/>
<dc element="dc.creator.location.country.name" value="USA"/>
<dc element="dc.source" value="Reuters"/>
</metadata>
</newsitem>
