<?xml version="1.0" encoding="iso-8859-1" ?>
<newsitem itemid="465387" id="root" date="1997-03-25" xml:lang="en">
<title>USA: Artra Group sees higher Q1 earnings.</title>
<headline>Artra Group sees higher Q1 earnings.</headline>
<dateline>NORTHFIELD, Ill. 1997-03-25</dateline>
<text>
<p>Artra Group Inc said Tuesday it expects earnings for the first quarter will exceed year-ago levels.</p>
<p>In the first quarter of 1996, Artra had an operating profit of $959,000 or $0.09 a share before a gain of $1.23 a share.</p>
<p>Artra said it also expects results for the remainder of 1997 will benefit from near-term stability of favorable raw material prices and its recently acquired AB Specialty Holding Co operations.  </p>
<p>Artra also cited a projected surge in food service distribution sales related to retail fast-food burger discounting and promotional pricing, lower interest expenses, and continued operating efficiencies.</p>
<p>Earlier, Artra reported a fourth quarter loss from continuing operations of $0.04 a share, compared with a year-ago loss of $0.73. For the year, earnings from continuing operations were $0.28 a share, compared with a year-ago loss of $2.69.</p>
<p>Artra said its Bagcraft Corp of America packaging subsidiary produced its highest operating earnings since it was acquired in 1990. Artra said Bagcraft is expected to post another record-setting performance in 1997.</p>
<p>Contributing to Bagcraft's 1996 performance was an eight percent decrease in the cost of sales from continuing operations due to lower paper costs.</p>
<p>((Reuters Chicago Newsdesk (312) 408-8787))</p>
</text>
<copyright>(c) Reuters Limited 1997</copyright>
<metadata>
<codes class="bip:countries:1.0">
  <code code="USA">
    <editdetail attribution="Reuters BIP Coding Group" action="confirmed" date="1997-03-25"/>
  </code>
</codes>
<codes class="bip:topics:1.0">
  <code code="C15">
    <editdetail attribution="Reuters BIP Coding Group" action="confirmed" date="1997-03-25"/>
  </code>
  <code code="C152">
    <editdetail attribution="Reuters BIP Coding Group" action="confirmed" date="1997-03-25"/>
  </code>
  <code code="CCAT">
    <editdetail attribution="Reuters BIP Coding Group" action="confirmed" date="1997-03-25"/>
  </code>
</codes>
<dc element="dc.date.created" value="1997-03-25"/>
<dc element="dc.publisher" value="Reuters Holdings Plc"/>
<dc element="dc.date.published" value="1997-03-25"/>
<dc element="dc.source" value="Reuters"/>
<dc element="dc.creator.location" value="NORTHFIELD, Ill."/>
<dc element="dc.creator.location.country.name" value="USA"/>
<dc element="dc.source" value="Reuters"/>
</metadata>
</newsitem>
