<?xml version="1.0" encoding="iso-8859-1" ?>
<newsitem itemid="465330" id="root" date="1997-03-25" xml:lang="en">
<title>USA: COMEX copper ends firmer, rate hike 'factored in'.</title>
<headline>COMEX copper ends firmer, rate hike 'factored in'.</headline>
<dateline>NEW YORK 1997-03-25</dateline>
<text>
<p>COMEX copper settled firmer in fairly light volume, the market underpinned by a continued fall in LME stocks, traders said.</p>
<p>On Tuesday LME stocks fell 4,300 tonnes to 183,475 tonnes, in line with trader expectations.</p>
<p>COMEX copper stopped trading a few minutes before the Federal Reserve's Federal Open Market Committee decided to hike the interest rate by 0.25 percent.</p>
<p>&quot;The interest rate scenario is pretty much in the market,&quot; Bette Raptopoulos of Prudential Securities said.</p>
<p>The market may see some light profit-taking early Wednesday, but would then continue with its choppy, upwardly biased course, Raptopoulos added.</p>
<p>Although copper is a key industrial metal and vulnerable to higher interest rates, low inventory and continued good demand, especially in the United States, would underpin the market for now, traders said.</p>
<p>COMEX May copper settled 1.95 cents firmer at 112.90 cents a pound, traded 113.20 to 110.75 cents. Spot March went out 2.10 cents higher at 119.50 cents.</p>
<p>Volume was estimated at 8,500 lots compared to Monday's 5,376 lots.</p>
<p>Traders said activity was choppy due to the light volume on COMEX and LME, and this was likely to continue until after the Easter Holiday.</p>
<p>COMEX and LME are shut Friday, with LME also shut next Monday.</p>
<p>((Huw Jones, New York Commodity Desk 212-859-1646))</p>
</text>
<copyright>(c) Reuters Limited 1997</copyright>
<metadata>
<codes class="bip:countries:1.0">
  <code code="USA">
    <editdetail attribution="Reuters BIP Coding Group" action="confirmed" date="1997-03-25"/>
  </code>
</codes>
<codes class="bip:topics:1.0">
  <code code="M14">
    <editdetail attribution="Reuters BIP Coding Group" action="confirmed" date="1997-03-25"/>
  </code>
  <code code="M142">
    <editdetail attribution="Reuters BIP Coding Group" action="confirmed" date="1997-03-25"/>
  </code>
  <code code="MCAT">
    <editdetail attribution="Reuters BIP Coding Group" action="confirmed" date="1997-03-25"/>
  </code>
</codes>
<dc element="dc.date.created" value="1997-03-25"/>
<dc element="dc.publisher" value="Reuters Holdings Plc"/>
<dc element="dc.date.published" value="1997-03-25"/>
<dc element="dc.source" value="Reuters"/>
<dc element="dc.creator.location" value="NEW YORK"/>
<dc element="dc.creator.location.country.name" value="USA"/>
<dc element="dc.source" value="Reuters"/>
</metadata>
</newsitem>
