<?xml version="1.0" encoding="iso-8859-1" ?>
<newsitem itemid="465365" id="root" date="1997-03-25" xml:lang="en">
<title>USA: Global DirectMail sees Q1 EPS below views.</title>
<headline>Global DirectMail sees Q1 EPS below views.</headline>
<dateline>PORT WASHINGTON, N.Y. 1997-03-25</dateline>
<text>
<p>Global DirectMail Corp said Tuesday it expects first-quarter net income to be &quot;in line&quot; with profits posted in the fourth quarter of 1996 and the first quarter of 1996.</p>
<p>The company recorded per-share net income of $0.31 for both the first and fourth quarters of 1996, which the company said were the two strongest periods of the year.</p>
<p>First Call analysts' estimates projected per-share net income of $0.36 for the first quarter of 1997, while Zack's Investement Research forsaw $0.37 per share.  </p>
<p>Global DirectMail said in a press release that it knew of no reason for the decline in its share price, which tumbled 7-1/2 to 20-1/2 before its stock was halted for trading around midday.</p>
<p>The company said it expects sales in the first quarter to &quot;show growth&quot; over the 1996 fourth quarter.</p>
<p>&quot;The fundamentals of the company's business remain strong,&quot; Global DirectMail said it the announcement.</p>
<p>Global DirectMail Corp is a direct marketer of brand-name and private-label computer, office and industrial supplies.</p>
</text>
<copyright>(c) Reuters Limited 1997</copyright>
<metadata>
<codes class="bip:countries:1.0">
  <code code="USA">
    <editdetail attribution="Reuters BIP Coding Group" action="confirmed" date="1997-03-25"/>
  </code>
</codes>
<codes class="bip:industries:1.0">
  <code code="I33010">
    <editdetail attribution="Reuters BIP Coding Group" action="confirmed" date="1997-03-25"/>
  </code>
</codes>
<codes class="bip:topics:1.0">
  <code code="C15">
    <editdetail attribution="Reuters BIP Coding Group" action="confirmed" date="1997-03-25"/>
  </code>
  <code code="C152">
    <editdetail attribution="Reuters BIP Coding Group" action="confirmed" date="1997-03-25"/>
  </code>
  <code code="CCAT">
    <editdetail attribution="Reuters BIP Coding Group" action="confirmed" date="1997-03-25"/>
  </code>
</codes>
<dc element="dc.date.created" value="1997-03-25"/>
<dc element="dc.publisher" value="Reuters Holdings Plc"/>
<dc element="dc.date.published" value="1997-03-25"/>
<dc element="dc.source" value="Reuters"/>
<dc element="dc.creator.location" value="PORT WASHINGTON, N.Y."/>
<dc element="dc.creator.location.country.name" value="USA"/>
<dc element="dc.source" value="Reuters"/>
</metadata>
</newsitem>
