<?xml version="1.0" encoding="iso-8859-1" ?>
<newsitem itemid="465384" id="root" date="1997-03-25" xml:lang="en">
<title>USA: Arco says to carry 100 pct of Line 63 crude.</title>
<headline>Arco says to carry 100 pct of Line 63 crude.</headline>
<dateline>LOS ANGELES 1997-03-25</dateline>
<text>
<p>Atlantic Richfield Co. (ARCO) said Tuesday its California Line 63 pipeline will carry 100 percent of crude nominated by shippers for April delivery.  </p>
<p>&quot;The April line will not be in proration,&quot; said an ARCO spokesman, referring to the many months of below-capacity deliveries since a 1994 earthquake limited capacity.</p>
<p>The company, citing policy, declined to give the line's daily througput for April, but said it typically runs between 100,000 and 110,000 barrels-per-day (bpd).</p>
<p>((David Brinkerhoff, Los Angeles bureau +1 213 380 2014))</p>
</text>
<copyright>(c) Reuters Limited 1997</copyright>
<metadata>
<codes class="bip:countries:1.0">
  <code code="USA">
    <editdetail attribution="Reuters BIP Coding Group" action="confirmed" date="1997-03-25"/>
  </code>
</codes>
<codes class="bip:industries:1.0">
  <code code="I14000">
    <editdetail attribution="Reuters BIP Coding Group" action="confirmed" date="1997-03-25"/>
  </code>
</codes>
<codes class="bip:topics:1.0">
  <code code="C24">
    <editdetail attribution="Reuters BIP Coding Group" action="confirmed" date="1997-03-25"/>
  </code>
  <code code="CCAT">
    <editdetail attribution="Reuters BIP Coding Group" action="confirmed" date="1997-03-25"/>
  </code>
</codes>
<dc element="dc.date.created" value="1997-03-25"/>
<dc element="dc.publisher" value="Reuters Holdings Plc"/>
<dc element="dc.date.published" value="1997-03-25"/>
<dc element="dc.source" value="Reuters"/>
<dc element="dc.creator.location" value="LOS ANGELES"/>
<dc element="dc.creator.location.country.name" value="USA"/>
<dc element="dc.source" value="Reuters"/>
</metadata>
</newsitem>
