<?xml version="1.0" encoding="iso-8859-1" ?>
<newsitem itemid="465303" id="root" date="1997-03-25" xml:lang="en">
<title>USA: NY precious metals end lower after rate hike.</title>
<headline>NY precious metals end lower after rate hike.</headline>
<dateline>NEW YORK 1997-03-25</dateline>
<text>
<p>New York precious metals ended lower after early weakness in palladium and silver, later spread to platinum and gold, and the latter was dragged down further following news of a 0.25 percent rate hike which pushed the yellow metal to its low for the day, traders said.</p>
<p>&quot;The interest rate factor, although discounted and talked about, is certainly not bullish,&quot; William O'Neill of Merrill Lynch said. &quot;Rate hikes in the current non-overly inflationary atmosphere are just not psychologically good, and there is an opportunity lost with higher interest rates for metals.&quot;</p>
<p>COMEX June gold ended $2.50 weaker at $350.50 an ounce.  </p>
<p>Bullion was quoted at $347.30/$347.80 an ounce, down from $349.35/85 just after the over-the-counter options expired at 0930 EST.</p>
<p>Palladium, despite losses Monday and Tuesday, was still seen as overpriced by some analysts and dealers.</p>
<p>The white metal rode high on the back of Russian supply concerns, but those have eased as the likelihood of resumption of deliveries to Japan neared, and the threat of a strike at Norilsk in Russia has been put back until at least June 30 by the labor unions, traders noted.</p>
<p>NYMEX June palladium ended $2.45 weaker at $146.80.  </p>
<p>New York palladium, to a great extent, was falling in line with Zurich and London which saw heavy selling overnight, dealers said.</p>
<p>&quot;If we go below $140 in palladium, good short covering will come in from Tokyo speculative futures people. There is a huge short there,&quot; a pgm dealer said.</p>
<p>NYMEX April platinum went out $3.00 weaker at $375.50 an ounce, traded $379.50 to $374.50.</p>
<p>Although many now saw platinum as fairly priced, it could be open to a downward adjustment because the platinum premium over gold has widened so much, analysts cautioned.</p>
<p>COMEX silver tumbled on speculative liquidation which hit sell stops as funds moved in to sell, traders said. No fresh fundamental reason was cited.</p>
<p>COMEX May silver settled 7.7 cents weaker at $5.12 an ounce, traded $5.195 to $5.10.</p>
<p>Palladium, and to some extent silver, had helped to prop up gold recently, but weakness in both accelerated the decline in the yellow metal Tuesday, traders said.</p>
<p>Volume in COMEX gold was relatively heavy at an estimated 80,000 lots, but there were 18,803 switches as the rollover from April to June continued. June has become most-actively traded.</p>
<p>COMEX silver volume was estimated at 19,000 lots.</p>
<p>But Merrill Lynch's O'Neill was concerned that although the market may well have discounted Tuesday's rate hike by the Federal Reserve, other increases may be in the pipeline because &quot;the central bank rarely acts once&quot;.</p>
<p>((Huw Jones, New York Commodity Desk 212-859-1646))</p>
</text>
<copyright>(c) Reuters Limited 1997</copyright>
<metadata>
<codes class="bip:countries:1.0">
  <code code="USA">
    <editdetail attribution="Reuters BIP Coding Group" action="confirmed" date="1997-03-25"/>
  </code>
</codes>
<codes class="bip:topics:1.0">
  <code code="M14">
    <editdetail attribution="Reuters BIP Coding Group" action="confirmed" date="1997-03-25"/>
  </code>
  <code code="M142">
    <editdetail attribution="Reuters BIP Coding Group" action="confirmed" date="1997-03-25"/>
  </code>
  <code code="MCAT">
    <editdetail attribution="Reuters BIP Coding Group" action="confirmed" date="1997-03-25"/>
  </code>
</codes>
<dc element="dc.date.created" value="1997-03-25"/>
<dc element="dc.publisher" value="Reuters Holdings Plc"/>
<dc element="dc.date.published" value="1997-03-25"/>
<dc element="dc.source" value="Reuters"/>
<dc element="dc.creator.location" value="NEW YORK"/>
<dc element="dc.creator.location.country.name" value="USA"/>
<dc element="dc.source" value="Reuters"/>
</metadata>
</newsitem>
