<?xml version="1.0" encoding="iso-8859-1" ?>
<newsitem itemid="465389" id="root" date="1997-03-25" xml:lang="en">
<title>USA: Choices Entertainment FY 96 loss narrows.</title>
<headline>Choices Entertainment FY 96 loss narrows.</headline>
<dateline>MORRISVILLE, Pa. 1997-03-25</dateline>
<text>
<p>1996			1995</p>
<p> Shr	   loss	 $0.03     loss	 $0.10</p>
<p> Net	   loss	   666     loss	 2,179</p>
<p> Revs			 5,173		    4,761</p>
<p> Avg shrs		  22,004		   21,652</p>
<p>(All data above 000s except per share numbers)</p>
</text>
<copyright>(c) Reuters Limited 1997</copyright>
<metadata>
<codes class="bip:countries:1.0">
  <code code="USA">
    <editdetail attribution="Reuters BIP Coding Group" action="confirmed" date="1997-03-25"/>
  </code>
</codes>
<codes class="bip:topics:1.0">
  <code code="C15">
    <editdetail attribution="Reuters BIP Coding Group" action="confirmed" date="1997-03-25"/>
  </code>
  <code code="C151">
    <editdetail attribution="Reuters BIP Coding Group" action="confirmed" date="1997-03-25"/>
  </code>
  <code code="C1511">
    <editdetail attribution="Reuters BIP Coding Group" action="confirmed" date="1997-03-25"/>
  </code>
  <code code="CCAT">
    <editdetail attribution="Reuters BIP Coding Group" action="confirmed" date="1997-03-25"/>
  </code>
</codes>
<dc element="dc.date.created" value="1997-03-25"/>
<dc element="dc.publisher" value="Reuters Holdings Plc"/>
<dc element="dc.date.published" value="1997-03-25"/>
<dc element="dc.source" value="Reuters"/>
<dc element="dc.creator.location" value="MORRISVILLE, Pa."/>
<dc element="dc.creator.location.country.name" value="USA"/>
<dc element="dc.source" value="Reuters"/>
</metadata>
</newsitem>
