<?xml version="1.0" encoding="iso-8859-1" ?>
<newsitem itemid="465352" id="root" date="1997-03-25" xml:lang="en">
<title>USA: Oxford CEO sees savings from new system.</title>
<headline>Oxford CEO sees savings from new system.</headline>
<dateline>NEW YORK 1997-03-25</dateline>
<text>
<p>Oxford Health Plans Inc expects to save up to 20 percent per case from its new specialty care team approach to health care delivery, the company said Tuesday.</p>
<p>&quot;The specialty case management can lower cost by up to 20 percent per case, on average,&quot; said Stephen Wiggins, chief executive officer of Oxford in an interview with Reuters.</p>
<p>Earlier, Oxford gave a presentation on its new approach to healthcare, which includes patients selecting care from teams of providers who bid for the business. The teams consist of physicians, hospitals and other health care providers.  </p>
<p>&quot;We would like to target 90 percent of our payments to these case packages,&quot; Wiggins said, noting that 75 percent of company payments go to specialist care.</p>
<p>Wiggins said the company already has about 200 different physicians bidding for different types of cases, such as hip replacement, or cataract surgery.</p>
<p>The old specialist system centers on the primary care physician serving as a &quot;gatekeeper&quot; to each of the various specialists involved in a case, such as an orthopedist and a radiologist involved in a hip problem.</p>
<p>According to a company spokeswoman, Oxford has already treated 50 patients, representing 24 types of cases, under the new approach since the beginning of 1997, when it was begun.</p>
<p>Wiggins said that the company expects to have bids on 75 types of cases by year end and 150 types of cases by the end of 1998.</p>
<p>((S. Spielberg 212 859-1610))</p>
</text>
<copyright>(c) Reuters Limited 1997</copyright>
<metadata>
<codes class="bip:countries:1.0">
  <code code="USA">
    <editdetail attribution="Reuters BIP Coding Group" action="confirmed" date="1997-03-25"/>
  </code>
</codes>
<codes class="bip:industries:1.0">
  <code code="I82003">
    <editdetail attribution="Reuters BIP Coding Group" action="confirmed" date="1997-03-25"/>
  </code>
</codes>
<codes class="bip:topics:1.0">
  <code code="C11">
    <editdetail attribution="Reuters BIP Coding Group" action="confirmed" date="1997-03-25"/>
  </code>
  <code code="C15">
    <editdetail attribution="Reuters BIP Coding Group" action="confirmed" date="1997-03-25"/>
  </code>
  <code code="C152">
    <editdetail attribution="Reuters BIP Coding Group" action="confirmed" date="1997-03-25"/>
  </code>
  <code code="CCAT">
    <editdetail attribution="Reuters BIP Coding Group" action="confirmed" date="1997-03-25"/>
  </code>
</codes>
<dc element="dc.date.created" value="1997-03-25"/>
<dc element="dc.publisher" value="Reuters Holdings Plc"/>
<dc element="dc.date.published" value="1997-03-25"/>
<dc element="dc.source" value="Reuters"/>
<dc element="dc.creator.location" value="NEW YORK"/>
<dc element="dc.creator.location.country.name" value="USA"/>
<dc element="dc.source" value="Reuters"/>
</metadata>
</newsitem>
