<?xml version="1.0" encoding="iso-8859-1" ?>
<newsitem itemid="465307" id="root" date="1997-03-25" xml:lang="en">
<title>USA: International Cutlery Ltd net loss narrows.</title>
<headline>International Cutlery Ltd net loss narrows.</headline>
<dateline>NEW YORK 1997-03-25</dateline>
<text>
<p>1997			1996</p>
<p> Shr	   loss	 $0.04     loss	 $0.15</p>
<p> Net	   loss	   174     loss	   469</p>
<p> Revs			 1,222			750</p>
<p>	   9 MONTHS</p>
<p> Shr	   loss	 $0.32     loss	 $0.38</p>
<p> Net	   loss	 1,227     loss	   971</p>
<p> Revs			 1,964		    1,327</p>
<p>(All data above 000s except per share numbers)</p>
<p>NOTE:  Net income for the third quarter and the fist nine months of 1997 included a $135,000 compensation expense for performance options issued to the compnay's CEO for increasing the number of retail outlets.</p>
<p>The company said the third quarter period ended January 25.</p>
</text>
<copyright>(c) Reuters Limited 1997</copyright>
<metadata>
<codes class="bip:countries:1.0">
  <code code="USA">
    <editdetail attribution="Reuters BIP Coding Group" action="confirmed" date="1997-03-25"/>
  </code>
</codes>
<codes class="bip:topics:1.0">
  <code code="C15">
    <editdetail attribution="Reuters BIP Coding Group" action="confirmed" date="1997-03-25"/>
  </code>
  <code code="C151">
    <editdetail attribution="Reuters BIP Coding Group" action="confirmed" date="1997-03-25"/>
  </code>
  <code code="CCAT">
    <editdetail attribution="Reuters BIP Coding Group" action="confirmed" date="1997-03-25"/>
  </code>
</codes>
<dc element="dc.date.created" value="1997-03-25"/>
<dc element="dc.publisher" value="Reuters Holdings Plc"/>
<dc element="dc.date.published" value="1997-03-25"/>
<dc element="dc.source" value="Reuters"/>
<dc element="dc.creator.location" value="NEW YORK"/>
<dc element="dc.creator.location.country.name" value="USA"/>
<dc element="dc.source" value="Reuters"/>
</metadata>
</newsitem>
