<?xml version="1.0" encoding="iso-8859-1" ?>
<newsitem itemid="465395" id="root" date="1997-03-25" xml:lang="en">
<title>USA: Comstock development wells raise production.</title>
<headline>Comstock development wells raise production.</headline>
<dateline>DALLAS 1997-03-25</dateline>
<text>
<p>Comstock Resources Inc said Tuesday an infill development well drilled in the Double A Wells field in Polk County, Texas, is producing 10.2 million cubic feet of natural gas and 768 barrels of condensate per day on a 28/64 inch choke with flowing tubing pressure of 2,600 pounds per square inch.</p>
<p>Comstock said it owns a 32 percent working interest in the Carter-Battise No. 3 well, which was drilled to a depth of 14,217 feet and completed in the upper Woodbine formation through perforations at 13,969 feet to 14,021 feet.</p>
<p>Comstock said it also has completed the Champion 1Y in the Double A Wells field. The well was drilled to a total depth of 3,830 feet and completed in the Yegua formation through perforations at 3,609 feet to 3,615 feet.  After perforating, the well is currently producing 1.0 million cubic feet of natural gas daily on a 12/64 inch choke with initial flowing pressure of 1,260 pounds per square inch. Comstock owns a 27 percent working interest in the well.</p>
<p>Currently, Comstock is drilling the West Bay Carter 1, a 14,400 foot wildcat Woodbine prospect on the Pate prospect acreage located to the west of the Double A Wells field.</p>
<p>((-- New York Newsdesk 212-859-1610.))</p>
</text>
<copyright>(c) Reuters Limited 1997</copyright>
<metadata>
<codes class="bip:countries:1.0">
  <code code="USA">
    <editdetail attribution="Reuters BIP Coding Group" action="confirmed" date="1997-03-25"/>
  </code>
</codes>
<codes class="bip:industries:1.0">
  <code code="I13000">
    <editdetail attribution="Reuters BIP Coding Group" action="confirmed" date="1997-03-25"/>
  </code>
  <code code="I1300003">
    <editdetail attribution="Reuters BIP Coding Group" action="confirmed" date="1997-03-25"/>
  </code>
  <code code="I1300014">
    <editdetail attribution="Reuters BIP Coding Group" action="confirmed" date="1997-03-25"/>
  </code>
</codes>
<codes class="bip:topics:1.0">
  <code code="C21">
    <editdetail attribution="Reuters BIP Coding Group" action="confirmed" date="1997-03-25"/>
  </code>
  <code code="C24">
    <editdetail attribution="Reuters BIP Coding Group" action="confirmed" date="1997-03-25"/>
  </code>
  <code code="CCAT">
    <editdetail attribution="Reuters BIP Coding Group" action="confirmed" date="1997-03-25"/>
  </code>
</codes>
<dc element="dc.date.created" value="1997-03-25"/>
<dc element="dc.publisher" value="Reuters Holdings Plc"/>
<dc element="dc.date.published" value="1997-03-25"/>
<dc element="dc.source" value="Reuters"/>
<dc element="dc.creator.location" value="DALLAS"/>
<dc element="dc.creator.location.country.name" value="USA"/>
<dc element="dc.source" value="Reuters"/>
</metadata>
</newsitem>
