<?xml version="1.0" encoding="iso-8859-1" ?>
<newsitem itemid="465301" id="root" date="1997-03-25" xml:lang="en">
<title>USA: Arthur J. Gallagher files for 1.2 mln shrs.</title>
<headline>Arthur J. Gallagher files for 1.2 mln shrs.</headline>
<dateline>WASHINGTON 1997-03-25</dateline>
<text>
<p>Arthur J. Gallagher &amp; Co filed Tuesday a shelf registration with the Securities and Exchange Commission covering up to 1.2 million common shares.</p>
<p>When combined with previous registrations, Gallagher will have a total offering of 2,475,484 common shares available to acquire other businesses or properties.</p>
<p>After the offering, outstanding shares will total 16,425,641 common, the filing showed.</p>
<p>Gallagher, based in Itasca, Ill., is in the insurance brokerage business and provides risk management and other insurance-related services to clients in the United States and abroad.</p>
</text>
<copyright>(c) Reuters Limited 1997</copyright>
<metadata>
<codes class="bip:countries:1.0">
  <code code="USA">
    <editdetail attribution="Reuters BIP Coding Group" action="confirmed" date="1997-03-25"/>
  </code>
</codes>
<codes class="bip:industries:1.0">
  <code code="I83200">
    <editdetail attribution="Reuters BIP Coding Group" action="confirmed" date="1997-03-25"/>
  </code>
</codes>
<codes class="bip:topics:1.0">
  <code code="C17">
    <editdetail attribution="Reuters BIP Coding Group" action="confirmed" date="1997-03-25"/>
  </code>
  <code code="C171">
    <editdetail attribution="Reuters BIP Coding Group" action="confirmed" date="1997-03-25"/>
  </code>
  <code code="CCAT">
    <editdetail attribution="Reuters BIP Coding Group" action="confirmed" date="1997-03-25"/>
  </code>
</codes>
<dc element="dc.date.created" value="1997-03-25"/>
<dc element="dc.publisher" value="Reuters Holdings Plc"/>
<dc element="dc.date.published" value="1997-03-25"/>
<dc element="dc.source" value="Reuters"/>
<dc element="dc.creator.location" value="WASHINGTON"/>
<dc element="dc.creator.location.country.name" value="USA"/>
<dc element="dc.source" value="Reuters"/>
</metadata>
</newsitem>
