<?xml version="1.0" encoding="iso-8859-1" ?>
<newsitem itemid="465361" id="root" date="1997-03-25" xml:lang="en">
<title>USA: Cinergy names Madeleine Ludlow CFO.</title>
<headline>Cinergy names Madeleine Ludlow CFO.</headline>
<dateline>CINCINNATI 1997-03-25</dateline>
<text>
<p>Cinergy Corp said on Tuesday it named Madeleine Ludlow its chief financial officer, succeeding J. Wayne Leonard.</p>
<p>Leonard last year was named president of Cinergy's energy commodities business unit.</p>
<p>Ludlow joins Cinergy from Enterprise Diversified Holdings Inc, a subsidiary of Public Service Enterprise Group, where she was responsible for the mergers and acquisitions group and corporate risk oversight.</p>
<p>Cinergy is the holding company for Cincinnati Gas &amp; Electric and PSI Energy.</p>
</text>
<copyright>(c) Reuters Limited 1997</copyright>
<metadata>
<codes class="bip:countries:1.0">
  <code code="USA">
    <editdetail attribution="Reuters BIP Coding Group" action="confirmed" date="1997-03-25"/>
  </code>
</codes>
<codes class="bip:industries:1.0">
  <code code="I16000">
    <editdetail attribution="Reuters BIP Coding Group" action="confirmed" date="1997-03-25"/>
  </code>
</codes>
<codes class="bip:topics:1.0">
  <code code="C41">
    <editdetail attribution="Reuters BIP Coding Group" action="confirmed" date="1997-03-25"/>
  </code>
  <code code="C411">
    <editdetail attribution="Reuters BIP Coding Group" action="confirmed" date="1997-03-25"/>
  </code>
  <code code="CCAT">
    <editdetail attribution="Reuters BIP Coding Group" action="confirmed" date="1997-03-25"/>
  </code>
</codes>
<dc element="dc.date.created" value="1997-03-25"/>
<dc element="dc.publisher" value="Reuters Holdings Plc"/>
<dc element="dc.date.published" value="1997-03-25"/>
<dc element="dc.source" value="Reuters"/>
<dc element="dc.creator.location" value="CINCINNATI"/>
<dc element="dc.creator.location.country.name" value="USA"/>
<dc element="dc.source" value="Reuters"/>
</metadata>
</newsitem>
