<?xml version="1.0" encoding="iso-8859-1" ?>
<newsitem itemid="465339" id="root" date="1997-03-25" xml:lang="en">
<title>USA: US rate rise hampers budget process - Sen. Harkin.</title>
<headline>US rate rise hampers budget process - Sen. Harkin.</headline>
<dateline>WASHINGTON 1997-03-25</dateline>
<text>
<p>Sen. Tom Harkin Tuesday criticized the Federal Reserve's decision to raise interest rates and said it would hamper the budget process.</p>
<p>Harkin, an Iowa Democrat, has been a frequent critic of the Fed and is among a group of lawmakers who believe the central bank should do more to allow the economy to strengthen. He is not a member of the Senate Budget Committee.</p>
<p>&quot;There's no question that the decision by Mr. (Alan) Greenspan and the Federal Reserve to raise interest rates will make it harder for Congress and the President to reach a balanced budget,&quot; Harkin said in a statement.</p>
<p>&quot;A rate increase will likely slow economic expansion, thus reducing the amount of revenues coming into the Federal treasury. This Fed muzzle on the economy will only make an already strained budget process even more difficult,&quot; he said.</p>
<p>The Fed rate increase brought the federal funds rate that commercial banks charge each other for overnight loans up a quarter of a percentage point to 5.50 percent.</p>
</text>
<copyright>(c) Reuters Limited 1997</copyright>
<metadata>
<codes class="bip:countries:1.0">
  <code code="USA">
    <editdetail attribution="Reuters BIP Coding Group" action="confirmed" date="1997-03-25"/>
  </code>
</codes>
<codes class="bip:topics:1.0">
  <code code="E12">
    <editdetail attribution="Reuters BIP Coding Group" action="confirmed" date="1997-03-25"/>
  </code>
  <code code="E21">
    <editdetail attribution="Reuters BIP Coding Group" action="confirmed" date="1997-03-25"/>
  </code>
  <code code="E211">
    <editdetail attribution="Reuters BIP Coding Group" action="confirmed" date="1997-03-25"/>
  </code>
  <code code="ECAT">
    <editdetail attribution="Reuters BIP Coding Group" action="confirmed" date="1997-03-25"/>
  </code>
</codes>
<dc element="dc.date.created" value="1997-03-25"/>
<dc element="dc.publisher" value="Reuters Holdings Plc"/>
<dc element="dc.date.published" value="1997-03-25"/>
<dc element="dc.source" value="Reuters"/>
<dc element="dc.creator.location" value="WASHINGTON"/>
<dc element="dc.creator.location.country.name" value="USA"/>
<dc element="dc.source" value="Reuters"/>
</metadata>
</newsitem>
