<?xml version="1.0" encoding="iso-8859-1" ?>
<newsitem itemid="465397" id="root" date="1997-03-25" xml:lang="en">
<title>USA: TriNet buys three buildings in Boston area.</title>
<headline>TriNet buys three buildings in Boston area.</headline>
<dateline>SAN FRANCISCO 1997-03-25</dateline>
<text>
<p>TriNet Corporate Realty Trust Inc said Tuesday it had bought three buildings in an office/research and development campus in the Boston area for $40 million, bringing its first quarter acquisitions to about $149 million.</p>
<p>The transaction represents TriNet's first in the Boston area, one of the company's target markets.</p>
<p>The three properties are located in the RiverPark development in North Reading, about 15 miles north of downtown Boston.</p>
</text>
<copyright>(c) Reuters Limited 1997</copyright>
<metadata>
<codes class="bip:countries:1.0">
  <code code="USA">
    <editdetail attribution="Reuters BIP Coding Group" action="confirmed" date="1997-03-25"/>
  </code>
</codes>
<codes class="bip:industries:1.0">
  <code code="I81502">
    <editdetail attribution="Reuters BIP Coding Group" action="confirmed" date="1997-03-25"/>
  </code>
  <code code="I8150206">
    <editdetail attribution="Reuters BIP Coding Group" action="confirmed" date="1997-03-25"/>
  </code>
</codes>
<codes class="bip:topics:1.0">
  <code code="C18">
    <editdetail attribution="Reuters BIP Coding Group" action="confirmed" date="1997-03-25"/>
  </code>
  <code code="C182">
    <editdetail attribution="Reuters BIP Coding Group" action="confirmed" date="1997-03-25"/>
  </code>
  <code code="CCAT">
    <editdetail attribution="Reuters BIP Coding Group" action="confirmed" date="1997-03-25"/>
  </code>
</codes>
<dc element="dc.date.created" value="1997-03-25"/>
<dc element="dc.publisher" value="Reuters Holdings Plc"/>
<dc element="dc.date.published" value="1997-03-25"/>
<dc element="dc.source" value="Reuters"/>
<dc element="dc.creator.location" value="SAN FRANCISCO"/>
<dc element="dc.creator.location.country.name" value="USA"/>
<dc element="dc.source" value="Reuters"/>
</metadata>
</newsitem>
