<?xml version="1.0" encoding="iso-8859-1" ?>
<newsitem itemid="465315" id="root" date="1997-03-25" xml:lang="en">
<title>USA: Tobacco cos challenging Florida's sunshine law.</title>
<headline>Tobacco cos challenging Florida's sunshine law.</headline>
<dateline>WEST PALM BEACH, Florida 1997-03-25</dateline>
<text>
<p>Tobacco companies fighting a Florida state lawsuit are challenging the constitutionality of the state's sunshine law requiring courtroom disclosure of trade secrets if the proprietary information affects public safety.</p>
<p>William Rutter, a special master appointed by the trial judge in Florida's lawsuit claiming $1 billion from tobacco companies, on Tuesday scheduled a hearing for April 8 on the constitutionality of Florida's Litigation in the Sunshine Act.  </p>
<p>Rutter, in turn, would make a recommendation to Palm Beach County Circuit Court Judge, Harold Cohen, who has set an August 4 start for a trial on Florida's suit against cigarette makers. Florida and 21 other states are suing cigarette makers for an estimated $30 billion spent treating sick smokers.</p>
<p>Attorneys in the Florida suit have been skirmishing for months over which industry documents should be presented at trial, including the ones Brooke Group Ltd's Liggett promised to deliver for use against fellow cigarette makers.  </p>
<p>Tobacco company attorneys claim broadly that most documents, including some widely available on the Internet and in books, remain privileged communications entitled to be kept from opposing lawyers for use at trial.</p>
<p>Anti-tobacco lawyers claim some of the documents prove tobacco companies conspired to keep from the public scientific evidence of the health dangers of smoking.</p>
<p>Justus Reid, a lawyer for Lorrilard Tobacco Co, a unit of Loews Corp, said the Florida law runs counter to state and federal laws sheltering trade secrets.  &quot;It evades the rule-making power of the court, which is contrary to the constitution,&quot; Reid said.</p>
<p>An attorney pressing Florida's case said a ruling against the state on the sunshine law would keep the information from news and health organization, as well as jurors in the case.</p>
<p>&quot;If the documents involve a hazardous product, then the public has a right to know their contents,&quot; said attorney Michael Maher.</p>
<p>Sandy Bohrer, an attorney representing The New York Times, The Miami Herald and other news organizations, said, &quot;The purpose of the act is to ensure public access to information regarding potential health hazards.&quot;</p>
<p>((-- Miami newsroom, 305-374-5013))</p>
</text>
<copyright>(c) Reuters Limited 1997</copyright>
<metadata>
<codes class="bip:countries:1.0">
  <code code="USA">
    <editdetail attribution="Reuters BIP Coding Group" action="confirmed" date="1997-03-25"/>
  </code>
</codes>
<codes class="bip:industries:1.0">
  <code code="I42900">
    <editdetail attribution="Reuters BIP Coding Group" action="confirmed" date="1997-03-25"/>
  </code>
  <code code="I83960">
    <editdetail attribution="Reuters BIP Coding Group" action="confirmed" date="1997-03-25"/>
  </code>
</codes>
<codes class="bip:topics:1.0">
  <code code="C12">
    <editdetail attribution="Reuters BIP Coding Group" action="confirmed" date="1997-03-25"/>
  </code>
  <code code="CCAT">
    <editdetail attribution="Reuters BIP Coding Group" action="confirmed" date="1997-03-25"/>
  </code>
  <code code="GCAT">
    <editdetail attribution="Reuters BIP Coding Group" action="confirmed" date="1997-03-25"/>
  </code>
  <code code="GCRIM">
    <editdetail attribution="Reuters BIP Coding Group" action="confirmed" date="1997-03-25"/>
  </code>
  <code code="GPOL">
    <editdetail attribution="Reuters BIP Coding Group" action="confirmed" date="1997-03-25"/>
  </code>
</codes>
<dc element="dc.date.created" value="1997-03-25"/>
<dc element="dc.publisher" value="Reuters Holdings Plc"/>
<dc element="dc.date.published" value="1997-03-25"/>
<dc element="dc.source" value="Reuters"/>
<dc element="dc.creator.location" value="WEST PALM BEACH, Florida"/>
<dc element="dc.creator.location.country.name" value="USA"/>
<dc element="dc.source" value="Reuters"/>
</metadata>
</newsitem>
