<?xml version="1.0" encoding="iso-8859-1" ?>
<newsitem itemid="465320" id="root" date="1997-03-25" xml:lang="en">
<title>USA: Clinton team offers muted reaction to rate rise.</title>
<headline>Clinton team offers muted reaction to rate rise.</headline>
<dateline>WASHINGTON 1997-03-25</dateline>
<text>
<p>President Bill Clinton's top economic advisers said after the Federal Reserve raised a key interest rate on Tuesday that the administration respected the Fed's independence and was confident the U.S. economy will continue to grow.</p>
<p>&quot;The administration recognizes and respects the independence or the Federal Reserve in making decisions about the nation's monetary policy,&quot; Treasury Secretary Robert Rubin and Chairwoman Janet Yellen of the Council of Economic Advisers said in a joint statement. &quot;We share the goal of maintaining solid economic growth with low inflation.&quot;</p>
</text>
<copyright>(c) Reuters Limited 1997</copyright>
<metadata>
<codes class="bip:countries:1.0">
  <code code="USA">
    <editdetail attribution="Reuters BIP Coding Group" action="confirmed" date="1997-03-25"/>
  </code>
</codes>
<codes class="bip:topics:1.0">
  <code code="E12">
    <editdetail attribution="Reuters BIP Coding Group" action="confirmed" date="1997-03-25"/>
  </code>
  <code code="ECAT">
    <editdetail attribution="Reuters BIP Coding Group" action="confirmed" date="1997-03-25"/>
  </code>
</codes>
<dc element="dc.date.created" value="1997-03-25"/>
<dc element="dc.publisher" value="Reuters Holdings Plc"/>
<dc element="dc.date.published" value="1997-03-25"/>
<dc element="dc.source" value="Reuters"/>
<dc element="dc.creator.location" value="WASHINGTON"/>
<dc element="dc.creator.location.country.name" value="USA"/>
<dc element="dc.source" value="Reuters"/>
</metadata>
</newsitem>
