<?xml version="1.0" encoding="iso-8859-1" ?>
<newsitem itemid="465453" id="root" date="1997-03-25" xml:lang="en">
<title>FRANCE: SOCCER-PSG DEFENDER OUT FOR TWO WEEKS.</title>
<headline>SOCCER-PSG DEFENDER OUT FOR TWO WEEKS.</headline>
<dateline>PARIS 1997-03-25</dateline>
<text>
<p>Paris St Germain central defender Bruno N'Gotty is out for two weeks with a pulled thigh muscle but is expected to be fit for the first leg of the European Cup Winners' Cup away to Liverpool on April 10.</p>
<p>The France international will miss PSG's trip to defending champions Auxerre on Wednesday and the home game against Rennes on April 5, with right back Jimmy Algerino moving in to the middle of the defence.</p>
<p>Cup Winners' Cup holders PSG are second in the French first division, seven points behind Monaco and four ahead of Nantes.</p>
</text>
<copyright>(c) Reuters Limited 1997</copyright>
<metadata>
<codes class="bip:countries:1.0">
  <code code="FRA">
    <editdetail attribution="Reuters BIP Coding Group" action="confirmed" date="1997-03-25"/>
  </code>
  <code code="UK">
    <editdetail attribution="Reuters BIP Coding Group" action="confirmed" date="1997-03-25"/>
  </code>
</codes>
<codes class="bip:topics:1.0">
  <code code="GCAT">
    <editdetail attribution="Reuters BIP Coding Group" action="confirmed" date="1997-03-25"/>
  </code>
  <code code="GSPO">
    <editdetail attribution="Reuters BIP Coding Group" action="confirmed" date="1997-03-25"/>
  </code>
</codes>
<dc element="dc.date.created" value="1997-03-25"/>
<dc element="dc.publisher" value="Reuters Holdings Plc"/>
<dc element="dc.date.published" value="1997-03-25"/>
<dc element="dc.source" value="Reuters"/>
<dc element="dc.creator.location" value="PARIS"/>
<dc element="dc.creator.location.country.name" value="FRANCE"/>
<dc element="dc.source" value="Reuters"/>
</metadata>
</newsitem>
