<?xml version="1.0" encoding="iso-8859-1" ?>
<newsitem itemid="465484" id="root" date="1997-03-25" xml:lang="en">
<title>POLAND: MAN LAUNCHES POLISH PLANT CONSTRUCTION.</title>
<headline>MAN LAUNCHES POLISH PLANT CONSTRUCTION.</headline>
<dateline>WARSAW 1997-03-25</dateline>
<text>
<p>MAN Nutzfahrzeuge, a unit of Germany's MAN AG, on Tuesday began the contruction of a bus assembly factory in Poland, PAP news agency reported.</p>
<p>The 23 million mark factory, based near the western city of Poznan, will intitially assemble 120 buses annually and employ 250 people. The output would then be expanded to 600 buses annualy and the employment to 900 workers, PAP said.</p>
<p>The first busses will roll off the plant's assembly line in the first half of 1998, it said.</p>
<p>PAP quoted MAN's management board member Franz Breun as saying that his company counted on orders of the Polish cities, which badly needed to replace about 50 percent of municipal transport buses.</p>
<p>The plant will be built by the Polish construction company Budimex.</p>
<p>-- Warsaw Newsroom +48 22 653 9700</p>
</text>
<copyright>(c) Reuters Limited 1997</copyright>
<metadata>
<codes class="bip:countries:1.0">
  <code code="POL">
    <editdetail attribution="Reuters BIP Coding Group" action="confirmed" date="1997-03-25"/>
  </code>
</codes>
<codes class="bip:industries:1.0">
  <code code="I32000">
    <editdetail attribution="Reuters BIP Coding Group" action="confirmed" date="1997-03-25"/>
  </code>
</codes>
<codes class="bip:topics:1.0">
  <code code="C24">
    <editdetail attribution="Reuters BIP Coding Group" action="confirmed" date="1997-03-25"/>
  </code>
  <code code="CCAT">
    <editdetail attribution="Reuters BIP Coding Group" action="confirmed" date="1997-03-25"/>
  </code>
</codes>
<dc element="dc.date.created" value="1997-03-25"/>
<dc element="dc.publisher" value="Reuters Holdings Plc"/>
<dc element="dc.date.published" value="1997-03-25"/>
<dc element="dc.source" value="Reuters"/>
<dc element="dc.creator.location" value="WARSAW"/>
<dc element="dc.creator.location.country.name" value="POLAND"/>
<dc element="dc.source" value="Reuters"/>
</metadata>
</newsitem>
