<?xml version="1.0" encoding="iso-8859-1" ?>
<newsitem itemid="465460" id="root" date="1997-03-25" xml:lang="en">
<title>GERMANY: SOCCER-MANCHESTER UNITED INTERESTED IN SEAN DUNDEE.</title>
<headline>SOCCER-MANCHESTER UNITED INTERESTED IN SEAN DUNDEE.</headline>
<dateline>BONN 1997-03-25</dateline>
<text>
<p>English champions Manchester United are interested in signing striker Sean Dundee from Bundesliga club Karlsruhe, a German newspaper reported on Tuesday.</p>
<p>The Bild daily said United manager Alex Ferguson watched Dundee during Karlsruhe's 2-0 defeat at home to Bayern Munich on Sunday night. The match was Dundee's first game back after an injury lay-off which had sidelined him for a month.</p>
<p>The South African-born forward, who was granted German citizenship last year, has scored 14 league goals for Karlsruhe this season.</p>
</text>
<copyright>(c) Reuters Limited 1997</copyright>
<metadata>
<codes class="bip:countries:1.0">
  <code code="GFR">
    <editdetail attribution="Reuters BIP Coding Group" action="confirmed" date="1997-03-25"/>
  </code>
  <code code="SAFR">
    <editdetail attribution="Reuters BIP Coding Group" action="confirmed" date="1997-03-25"/>
  </code>
  <code code="UK">
    <editdetail attribution="Reuters BIP Coding Group" action="confirmed" date="1997-03-25"/>
  </code>
</codes>
<codes class="bip:topics:1.0">
  <code code="GCAT">
    <editdetail attribution="Reuters BIP Coding Group" action="confirmed" date="1997-03-25"/>
  </code>
  <code code="GSPO">
    <editdetail attribution="Reuters BIP Coding Group" action="confirmed" date="1997-03-25"/>
  </code>
</codes>
<dc element="dc.date.created" value="1997-03-25"/>
<dc element="dc.publisher" value="Reuters Holdings Plc"/>
<dc element="dc.date.published" value="1997-03-25"/>
<dc element="dc.source" value="Reuters"/>
<dc element="dc.creator.location" value="BONN"/>
<dc element="dc.creator.location.country.name" value="GERMANY"/>
<dc element="dc.source" value="Reuters"/>
</metadata>
</newsitem>
