<?xml version="1.0" encoding="iso-8859-1" ?>
<newsitem itemid="465433" id="root" date="1997-03-25" xml:lang="en">
<title>MALAYSIA: CRICKET-ICC TROPHY RESULTS.</title>
<headline>CRICKET-ICC TROPHY RESULTS.</headline>
<dateline>KUALA LUMPUR 1997-03-25</dateline>
<text>
<p>Results of International Cricket Council (ICC) Trophy matches on Tuesday:</p>
<p>United States beat Gibraltar by 189 runs</p>
<p>Scores: United States 312-6 in 50 overs; Gibraltar 123-9 in 50 overs</p>
<p>Kenya beat Singapore by two wickets</p>
<p>Scores: Singapore 89 all out in 44.4 overs; Kenya 90-8 in 30 overs</p>
<p>Bangladesh beat West Africa by nine wickets.</p>
<p>Scores: West Africa 82 all out in 39.1 overs; Bangladesh 83-1 19.4 overs</p>
<p>Malaysia beat Argentina by 81 runs</p>
<p>Scores: Malaysia 189 all out in 50 overs; Argentina 108 all out in 40.5 overs</p>
<p>Netherlands beat Namibia by 10 wickets</p>
<p>Scores: Namibia 90 all out in 48.5 overs; Netherlands 91-0 in 23.5 overs</p>
<p>Canada beat Fiji by four wickets</p>
<p>Scores: Fiji 128 all out in 41.1 overs; Canada 130-6 in 38.2 overs</p>
<p>Scotland beat Papua New Guinea by six wickets</p>
<p>Scores: Papua New Guinea 120 all out in 36.1 overs; Scotland 121-4 in 38.1 overs</p>
<p>Hong Kong beat Bermuda by three wickets</p>
<p>Scores: Bermuda 227-9 in 50 overs; Hong Kong 228-7 in 49.4 overs</p>
</text>
<copyright>(c) Reuters Limited 1997</copyright>
<metadata>
<codes class="bip:countries:1.0">
  <code code="GIB">
    <editdetail attribution="Reuters BIP Coding Group" action="confirmed" date="1997-03-25"/>
  </code>
  <code code="KENYA">
    <editdetail attribution="Reuters BIP Coding Group" action="confirmed" date="1997-03-25"/>
  </code>
  <code code="MALAY">
    <editdetail attribution="Reuters BIP Coding Group" action="confirmed" date="1997-03-25"/>
  </code>
  <code code="SINGP">
    <editdetail attribution="Reuters BIP Coding Group" action="confirmed" date="1997-03-25"/>
  </code>
  <code code="USA">
    <editdetail attribution="Reuters BIP Coding Group" action="confirmed" date="1997-03-25"/>
  </code>
</codes>
<codes class="bip:topics:1.0">
  <code code="GCAT">
    <editdetail attribution="Reuters BIP Coding Group" action="confirmed" date="1997-03-25"/>
  </code>
  <code code="GSPO">
    <editdetail attribution="Reuters BIP Coding Group" action="confirmed" date="1997-03-25"/>
  </code>
</codes>
<dc element="dc.date.created" value="1997-03-25"/>
<dc element="dc.publisher" value="Reuters Holdings Plc"/>
<dc element="dc.date.published" value="1997-03-25"/>
<dc element="dc.source" value="Reuters"/>
<dc element="dc.creator.location" value="KUALA LUMPUR"/>
<dc element="dc.creator.location.country.name" value="MALAYSIA"/>
<dc element="dc.source" value="Reuters"/>
</metadata>
</newsitem>
