<?xml version="1.0" encoding="iso-8859-1" ?>
<newsitem itemid="465400" id="root" date="1997-03-25" xml:lang="en">
<title>USA: UST has &quot;no information&quot; on Philip Morris report.</title>
<headline>UST has &quot;no information&quot; on Philip Morris report.</headline>
<dateline>NEW YORK 1997-03-25</dateline>
<text>
<p>UST Inc said it had &quot;no information&quot; on a report that Philip Morris Cos Inc was planning to buy the company.</p>
<p>The Delaney Report, a weekly marketing newsletter, reported in its March 24 issue that Philip Morris was getting ready to make a tender offer for UST.</p>
<p>&quot;We have no information that would confirm the information in the Delaney Report,&quot; a spokesman said.  Philip Morris officials were not immediately available for comment.</p>
<p>Philip Morris shares rose 2-3/8 to 118-1/4, while UST fell 7/8 to 29-1/4.</p>
</text>
<copyright>(c) Reuters Limited 1997</copyright>
<metadata>
<codes class="bip:countries:1.0">
  <code code="USA">
    <editdetail attribution="Reuters BIP Coding Group" action="confirmed" date="1997-03-25"/>
  </code>
</codes>
<codes class="bip:industries:1.0">
  <code code="I42900">
    <editdetail attribution="Reuters BIP Coding Group" action="confirmed" date="1997-03-25"/>
  </code>
</codes>
<codes class="bip:topics:1.0">
  <code code="C18">
    <editdetail attribution="Reuters BIP Coding Group" action="confirmed" date="1997-03-25"/>
  </code>
  <code code="C181">
    <editdetail attribution="Reuters BIP Coding Group" action="confirmed" date="1997-03-25"/>
  </code>
  <code code="CCAT">
    <editdetail attribution="Reuters BIP Coding Group" action="confirmed" date="1997-03-25"/>
  </code>
</codes>
<dc element="dc.date.created" value="1997-03-25"/>
<dc element="dc.publisher" value="Reuters Holdings Plc"/>
<dc element="dc.date.published" value="1997-03-25"/>
<dc element="dc.source" value="Reuters"/>
<dc element="dc.creator.location" value="NEW YORK"/>
<dc element="dc.creator.location.country.name" value="USA"/>
<dc element="dc.source" value="Reuters"/>
</metadata>
</newsitem>
