<?xml version="1.0" encoding="iso-8859-1" ?>
<newsitem itemid="465491" id="root" date="1997-03-25" xml:lang="en">
<title>BULGARIA: BULGARIA NEEDS NEW LAW TO FIGHT ORGANISED CRIME.</title>
<headline>BULGARIA NEEDS NEW LAW TO FIGHT ORGANISED CRIME.</headline>
<dateline>SOFIA 1997-03-25</dateline>
<text>
<p>Bulgaria's interior ministry said on Tuesday current legislation did not provide enough powers to combat street and organised crime, which appeared to be much worse than the former Socialist rulers had admitted.</p>
<p>Slavcho Bosilkov, head of the ministry's National Police Directorate, told a news conference that official crime figures had been falsified under the previous government.</p>
<p>&quot;In the first two months of this year 31,924 crimes were committed, which is some 7,000 up from the same period in 1996, but I think that last year's figures were intentionally reduced under certain instructions,&quot; he said.</p>
<p>He did not elaborate on who had given the instructions but said it appeared to be a long standing practice which dated back to one-party rule before 1989.</p>
<p>The ex-communist Socialist government was toppled last month after 30 days of street protests. The interim cabinet sacked ministry department heads as part of a general clean-up of state institutions.</p>
<p>Bosilkov said that Bulgaria urgently needed to update its legislation in order to combat rising street and organised crime.</p>
<p>Under current criminal justice laws, video tapes, diskettes and other information media cannot be admitted as evidence in court cases, which Bosilkov said was a &quot;serious obstacle for cracking down on organised criminal groups&quot;.</p>
<p>&quot;We were aware of the names of perpetrators of some of the country's most outrageous killings but gaps in the legislation did not allowed us to take them and their criminal group to the prosecution and the court,&quot; he said.</p>
<p>Bulgaria's crime rate has soared since the collapse of communist rule in 1989. Mafia-style killings have caused a public outcry but the poorly-paid police are ill-equipped to act and vulnerable to corruption.</p>
<p>Former Prime Minister Andrei Lukanov was shot dead in front of his home last October but perpetrators are still unknown.</p>
</text>
<copyright>(c) Reuters Limited 1997</copyright>
<metadata>
<codes class="bip:countries:1.0">
  <code code="BUL">
    <editdetail attribution="Reuters BIP Coding Group" action="confirmed" date="1997-03-25"/>
  </code>
</codes>
<codes class="bip:topics:1.0">
  <code code="GCAT">
    <editdetail attribution="Reuters BIP Coding Group" action="confirmed" date="1997-03-25"/>
  </code>
  <code code="GCRIM">
    <editdetail attribution="Reuters BIP Coding Group" action="confirmed" date="1997-03-25"/>
  </code>
  <code code="GPOL">
    <editdetail attribution="Reuters BIP Coding Group" action="confirmed" date="1997-03-25"/>
  </code>
</codes>
<dc element="dc.date.created" value="1997-03-25"/>
<dc element="dc.publisher" value="Reuters Holdings Plc"/>
<dc element="dc.date.published" value="1997-03-25"/>
<dc element="dc.source" value="Reuters"/>
<dc element="dc.creator.location" value="SOFIA"/>
<dc element="dc.creator.location.country.name" value="BULGARIA"/>
<dc element="dc.source" value="Reuters"/>
</metadata>
</newsitem>
