<?xml version="1.0" encoding="iso-8859-1" ?>
<newsitem itemid="465440" id="root" date="1997-03-25" xml:lang="en">
<title>ISRAEL: SOCCER-BRUMER INJURY CAUSES ISRAEL DEFENSIVE WORRIES.</title>
<headline>SOCCER-BRUMER INJURY CAUSES ISRAEL DEFENSIVE WORRIES.</headline>
<dateline>JERUSALEM 1997-03-25</dateline>
<text>
<p>Israel coach Shlomo Scharf will have his work cut out in reorganising an already-suspect defensive line-up when his side take on Luxembourg in a World Cup qualifier next Monday.</p>
<p>Scharf will have to forego the services of dependable sweeper Gadi Brumer, whose recurring ankle injury has forced him out of the squad training for the group five away match Israel must win to have any chance of qualifying for the World Cup finals in France in 1998.</p>
<p>The injury has also put paid to Brumer's hopes of continuing trials with English premier league Manchester United, who are interested in him for next season.</p>
<p>One of the 19 in the training squad will be dropped before the team travel to Luxembourg on Friday.</p>
<p>Scharf has recalled defender Moshe Glam and midfielder Alon Harazi, both of Maccabi Haifa, and will also rely on Maccabi Tel Aviv defender Amir Shelah and midfielders Nir Klinger, the veteran captain, and Tal Banin.</p>
<p>Squad:</p>
<p>Goalkeepers: Rafi Cohen (Hapoel Haifa), Golan Malul (Maccabi Petah Tikva).</p>
<p>Defenders: Assi Domb (Betar Jerusalem), David Amsalem (Betar Jerusalem), Amir Shelah (Maccabi Tel Aviv), Moshe Glam (Maccabi Haifa), Felix Halfon (Hapoel Tel Aviv).</p>
<p>Midfielders: Ran Ben-Shimon (Hapoel Haifa), Alon Harazi (Maccabi Haifa), Yossi Abuksis (Betar Jerusalem), Eyal Berkovic (Southampton, England), Haim Revivo (Celta Vigo), Itzik Zohar (Betar Jerusalem), Alon Hazan (Maccabi Haifa), Nir Klinger (Maccabi Tel Aviv, captain), Tal Banin (Hapoel Haifa).</p>
<p>Strikers: Eli Ohana (Betar Jerusalem), Ronnie Rosenthal (Tottenham, England), Alon Mizrahi (Bnei Yehuda).</p>
</text>
<copyright>(c) Reuters Limited 1997</copyright>
<metadata>
<codes class="bip:countries:1.0">
  <code code="ISRAEL">
    <editdetail attribution="Reuters BIP Coding Group" action="confirmed" date="1997-03-25"/>
  </code>
</codes>
<codes class="bip:topics:1.0">
  <code code="GCAT">
    <editdetail attribution="Reuters BIP Coding Group" action="confirmed" date="1997-03-25"/>
  </code>
  <code code="GSPO">
    <editdetail attribution="Reuters BIP Coding Group" action="confirmed" date="1997-03-25"/>
  </code>
</codes>
<dc element="dc.date.created" value="1997-03-25"/>
<dc element="dc.publisher" value="Reuters Holdings Plc"/>
<dc element="dc.date.published" value="1997-03-25"/>
<dc element="dc.source" value="Reuters"/>
<dc element="dc.creator.location" value="JERUSALEM"/>
<dc element="dc.creator.location.country.name" value="ISRAEL"/>
<dc element="dc.source" value="Reuters"/>
</metadata>
</newsitem>
