<?xml version="1.0" encoding="iso-8859-1" ?>
<newsitem itemid="465481" id="root" date="1997-03-25" xml:lang="en">
<title>LATVIA: EARLY AFTERNOON RADIO HEADLINES - MARCH25.</title>
<headline>EARLY AFTERNOON RADIO HEADLINES - MARCH25.</headline>
<dateline>RIGA 1997-03-25</dateline>
<text>
<p>These were the headlines on Latvian state radio in early afternoon. Reuters has not verified these reports and does not vouch for their accuracy:</p>
<p>- Riga mayor elections are to go into the second round with Andris Berzinsh of the Latvia's Way and Andris Gulbis of the Social Democrats to compete for the post.</p>
<p>- Indian ambassador Sushil Dubey has pressented his credentials to the Latvian President Guntis Ulmanis.</p>
<p>-- Riga Newsroom, +371 721 5240</p>
</text>
<copyright>(c) Reuters Limited 1997</copyright>
<metadata>
<codes class="bip:countries:1.0">
  <code code="LATV">
    <editdetail attribution="Reuters BIP Coding Group" action="confirmed" date="1997-03-25"/>
  </code>
</codes>
<codes class="bip:topics:1.0">
  <code code="GCAT">
    <editdetail attribution="Reuters BIP Coding Group" action="confirmed" date="1997-03-25"/>
  </code>
</codes>
<dc element="dc.date.created" value="1997-03-25"/>
<dc element="dc.publisher" value="Reuters Holdings Plc"/>
<dc element="dc.date.published" value="1997-03-25"/>
<dc element="dc.source" value="Reuters"/>
<dc element="dc.creator.location" value="RIGA"/>
<dc element="dc.creator.location.country.name" value="LATVIA"/>
<dc element="dc.source" value="Reuters"/>
</metadata>
</newsitem>
