<?xml version="1.0" encoding="iso-8859-1" ?>
<newsitem itemid="465492" id="root" date="1997-03-25" xml:lang="en">
<title>CZECH REPUBLIC: CZECH PSE PLANS TO REQUIRE IAS COMPANY RESULTS.</title>
<headline>CZECH PSE PLANS TO REQUIRE IAS COMPANY RESULTS.</headline>
<dateline>PRAGUE 1997-03-25</dateline>
<text>
<p>The Prague Stock Exchange said on Tuesday it would require companies with stock listed on the bourse to file earnings results under international accounting standards (IAS) once a new markets watchdog takes office.</p>
<p>&quot;In the (proposed) law about the Securities Commission is a paragraph which will require issuers to submit financial results according to international standards,&quot; the PSE chamber's chairman, Tomas Jezek, told a news conference.</p>
<p>Czech companies, except for larger firms usually with shares or debt instruments traded abroad, file results only according to Czech accounting standards which remain the requirement for the PSE.</p>
<p>IAS rules differ from Czech accounting in areas such as depreciation writeoffs, leasing payments and measuring profits and losses carried over from previous years.</p>
<p>Jezek and the PSE have been actively pursuing the creation of a new independent markets watchdog modelled on the U.S. Securities and Exchange Commission (SEC), after years of criticism of Finance Ministry oversight.</p>
<p>Jezek said he expected a draft law setting up the new commission to be submitted to both the Finance Ministry and the parliament within the next 10 days, aiming for the legislation to win approval and the commission to begin work by July 1.</p>
<p>-- Dusan Bucanek, Prague Newsroom, 420-2-2423-0003</p>
</text>
<copyright>(c) Reuters Limited 1997</copyright>
<metadata>
<codes class="bip:countries:1.0">
  <code code="CZREP">
    <editdetail attribution="Reuters BIP Coding Group" action="confirmed" date="1997-03-25"/>
  </code>
</codes>
<codes class="bip:industries:1.0">
  <code code="I83600">
    <editdetail attribution="Reuters BIP Coding Group" action="confirmed" date="1997-03-25"/>
  </code>
</codes>
<codes class="bip:topics:1.0">
  <code code="C13">
    <editdetail attribution="Reuters BIP Coding Group" action="confirmed" date="1997-03-25"/>
  </code>
  <code code="C21">
    <editdetail attribution="Reuters BIP Coding Group" action="confirmed" date="1997-03-25"/>
  </code>
  <code code="CCAT">
    <editdetail attribution="Reuters BIP Coding Group" action="confirmed" date="1997-03-25"/>
  </code>
</codes>
<dc element="dc.date.created" value="1997-03-25"/>
<dc element="dc.publisher" value="Reuters Holdings Plc"/>
<dc element="dc.date.published" value="1997-03-25"/>
<dc element="dc.source" value="Reuters"/>
<dc element="dc.creator.location" value="PRAGUE"/>
<dc element="dc.creator.location.country.name" value="CZECH REPUBLIC"/>
<dc element="dc.source" value="Reuters"/>
</metadata>
</newsitem>
