<?xml version="1.0" encoding="iso-8859-1" ?>
<newsitem itemid="465446" id="root" date="1997-03-25" xml:lang="en">
<title>SPAIN: SOCCER-SPANISH CUP SEMIFINAL RESULT.</title>
<headline>SOCCER-SPANISH CUP SEMIFINAL RESULT.</headline>
<dateline>SEVILLE, Spain 1997-03-25</dateline>
<text>
<p>Spanish Cup semifinal,</p>
<p>first leg result on Tuesday:</p>
<p> Real Betis	 1  Celta Vigo  0</p>
<p>playing Wednesday:</p>
<p> Las Palmas	 vs Barcelona</p>
</text>
<copyright>(c) Reuters Limited 1997</copyright>
<metadata>
<codes class="bip:countries:1.0">
  <code code="SPAIN">
    <editdetail attribution="Reuters BIP Coding Group" action="confirmed" date="1997-03-25"/>
  </code>
</codes>
<codes class="bip:topics:1.0">
  <code code="GCAT">
    <editdetail attribution="Reuters BIP Coding Group" action="confirmed" date="1997-03-25"/>
  </code>
  <code code="GSPO">
    <editdetail attribution="Reuters BIP Coding Group" action="confirmed" date="1997-03-25"/>
  </code>
</codes>
<dc element="dc.date.created" value="1997-03-25"/>
<dc element="dc.publisher" value="Reuters Holdings Plc"/>
<dc element="dc.date.published" value="1997-03-25"/>
<dc element="dc.source" value="Reuters"/>
<dc element="dc.creator.location" value="SEVILLE, Spain"/>
<dc element="dc.creator.location.country.name" value="SPAIN"/>
<dc element="dc.source" value="Reuters"/>
</metadata>
</newsitem>
