<?xml version="1.0" encoding="iso-8859-1" ?>
<newsitem itemid="465408" id="root" date="1997-03-25" xml:lang="en">
<title>PORTUGAL: RALLYING-PORTUGUESE RALLY POSITIONS AFTER THIRD DAY.</title>
<headline>RALLYING-PORTUGUESE RALLY POSITIONS AFTER THIRD DAY.</headline>
<dateline>VISEAU, PORTUGAL 1997-03-25</dateline>
<text>
<p>Leading positions at</p>
<p>then end of the third day of the four-day Portuguese Rally on</p>
<p>Tuesday:</p>
<p>1. Tommi Makinen (Finland) Mitsubishi 3 hours 22 minutes</p>
<p>43 seconds</p>
<p> 2. Freddy Loix (Belgium) Toyota		 3:25:58</p>
<p> 3. Armin Schwarz (Germany) Ford		 3:27:58</p>
<p> 4. Gregoire de Mevius (France) Ford	   3:31:43</p>
<p> 5. Jean-Pierre Richelmi (Monaco) Ford	 3:36:38</p>
</text>
<copyright>(c) Reuters Limited 1997</copyright>
<metadata>
<codes class="bip:countries:1.0">
  <code code="PORL">
    <editdetail attribution="Reuters BIP Coding Group" action="confirmed" date="1997-03-25"/>
  </code>
</codes>
<codes class="bip:topics:1.0">
  <code code="GCAT">
    <editdetail attribution="Reuters BIP Coding Group" action="confirmed" date="1997-03-25"/>
  </code>
  <code code="GSPO">
    <editdetail attribution="Reuters BIP Coding Group" action="confirmed" date="1997-03-25"/>
  </code>
</codes>
<dc element="dc.date.created" value="1997-03-25"/>
<dc element="dc.publisher" value="Reuters Holdings Plc"/>
<dc element="dc.date.published" value="1997-03-25"/>
<dc element="dc.source" value="Reuters"/>
<dc element="dc.creator.location" value="VISEAU, PORTUGAL"/>
<dc element="dc.creator.location.country.name" value="PORTUGAL"/>
<dc element="dc.source" value="Reuters"/>
</metadata>
</newsitem>
