<?xml version="1.0" encoding="iso-8859-1" ?>
<newsitem itemid="465498" id="root" date="1997-03-25" xml:lang="en">
<title>ROMANIA: FIRST TIER SEND BUCHAREST BOURSE TURNOVER UP.</title>
<headline>FIRST TIER SEND BUCHAREST BOURSE TURNOVER UP.</headline>
<dateline>BUCHAREST 1997-03-25</dateline>
<text>
<p>Turnover on the Bucharest</p>
<p>bourse drifted higher to 2.7 billion lei on Tuesday from 2.0</p>
<p>billion at its previous session, as orders accumulated over the</p>
<p>weekend, brokers said.</p>
<p>Tuesday's trading was again dominated by first-tier</p>
<p>listings Azomures SA fertiliser maker and chemical</p>
<p>plant Oltchim SA , which took 89 percent of turnover.</p>
<p>Oltchim traded more than 1.0 million shares, closing flat</p>
<p>at 1,400 lei, while Azomures had 929.1 million lei in turnover,</p>
<p>adding 150 lei to end stronger at 1,510.</p>
<p>Traders said they expected the &quot;buying fury&quot; to calm down</p>
<p>on the first tier for a time as investors were waiting for</p>
<p>fresh data after annual shareholders meetings early in April.</p>
<p>Thin investor interest in the second-tier, which lists 24</p>
<p>stocks, sent most prices lower. Three small-caps had no trade.</p>
<p>Policolor SA dye maker, textile plant Dorobantul and Carbid-Fox SA carbide maker were the</p>
<p>most active second-tier listings.</p>
<p>Two unofficial indices -- the VAB and the BIG -- rose from</p>
<p>the previous session by one percent and 1.1 percent</p>
<p>respectively. The BIG first-tier index was 1,602.43 points,</p>
<p>3.22 percent up on the previous session. Its base is 1,000</p>
<p>points.</p>
<p>		Mar 25 Mar 20  Week's change  1997 high   1997 low</p>
<p> VAB-Index  477.7   472.8     +9.0 pct	  555.9	262.0</p>
<p> BIG-Index  490.21  485.03    +9.06 pct	 557.56     266.43</p>
</text>
<copyright>(c) Reuters Limited 1997</copyright>
<metadata>
<codes class="bip:countries:1.0">
  <code code="ROM">
    <editdetail attribution="Reuters BIP Coding Group" action="confirmed" date="1997-03-25"/>
  </code>
</codes>
<codes class="bip:topics:1.0">
  <code code="M11">
    <editdetail attribution="Reuters BIP Coding Group" action="confirmed" date="1997-03-25"/>
  </code>
  <code code="MCAT">
    <editdetail attribution="Reuters BIP Coding Group" action="confirmed" date="1997-03-25"/>
  </code>
</codes>
<dc element="dc.date.created" value="1997-03-25"/>
<dc element="dc.publisher" value="Reuters Holdings Plc"/>
<dc element="dc.date.published" value="1997-03-25"/>
<dc element="dc.source" value="Reuters"/>
<dc element="dc.creator.location" value="BUCHAREST"/>
<dc element="dc.creator.location.country.name" value="ROMANIA"/>
<dc element="dc.source" value="Reuters"/>
</metadata>
</newsitem>
