<?xml version="1.0" encoding="iso-8859-1" ?>
<newsitem itemid="465454" id="root" date="1997-03-25" xml:lang="en">
<title>FRANCE: RUGBY UNION-BRIVE VOW TO FIGHT LAMAISON BAN.</title>
<headline>RUGBY UNION-BRIVE VOW TO FIGHT LAMAISON BAN.</headline>
<dateline>PARIS 1997-03-25</dateline>
<text>
<p>European Cup winners Brive vowed on Tuesday to fight a 30-day suspension given to their star back Christophe Lamaison by the Five Nations' disciplinary committee.</p>
<p>&quot;We're not going to take this lying down. We'll find a solution,&quot; Brive president Patrick Sebastien said before a planned meeting with the French Rugby Federation (FFR).</p>
<p>&quot;The ball is in the court of the federation. They can decide to have the suspension purged another way. But if they oblige us to punish Lamaison then we'll look at something else.&quot;</p>
<p>Lamaison was suspended on Monday for a late, high tackle on opposite number Craig Chalmers when France clinched the grand slam with a victory over Scotland in Paris earlier this month.</p>
<p>The ban deprives Brive of Lamaison, hero of France's crucial 23-20 victory over England at Twickenham, for several games in the run-in to the French club championship.</p>
<p>Brive consider the ban tantamount to restraint of trade.</p>
<p>Sebastien said clubs should not have to suffer for what happens to their players when they are in national colours.</p>
</text>
<copyright>(c) Reuters Limited 1997</copyright>
<metadata>
<codes class="bip:countries:1.0">
  <code code="FRA">
    <editdetail attribution="Reuters BIP Coding Group" action="confirmed" date="1997-03-25"/>
  </code>
</codes>
<codes class="bip:topics:1.0">
  <code code="GCAT">
    <editdetail attribution="Reuters BIP Coding Group" action="confirmed" date="1997-03-25"/>
  </code>
  <code code="GSPO">
    <editdetail attribution="Reuters BIP Coding Group" action="confirmed" date="1997-03-25"/>
  </code>
</codes>
<dc element="dc.date.created" value="1997-03-25"/>
<dc element="dc.publisher" value="Reuters Holdings Plc"/>
<dc element="dc.date.published" value="1997-03-25"/>
<dc element="dc.source" value="Reuters"/>
<dc element="dc.creator.location" value="PARIS"/>
<dc element="dc.creator.location.country.name" value="FRANCE"/>
<dc element="dc.source" value="Reuters"/>
</metadata>
</newsitem>
