<?xml version="1.0" encoding="iso-8859-1" ?>
<newsitem itemid="465406" id="root" date="1997-03-25" xml:lang="en">
<title>FRANCE: SOCCER-THREE GOALS IN SIX MINUTES FOR BAKAYOKO.</title>
<headline>SOCCER-THREE GOALS IN SIX MINUTES FOR BAKAYOKO.</headline>
<dateline>PARIS 1997-03-25</dateline>
<text>
<p>Ivory Coast striker Ibrahim Bakayoko scored three goals in six minutes as Montpellier beat Lille 4-0 away in the French first division on Tuesday.</p>
<p>The defeat pushed Lille nearer relegation while Nantes hung on to third place with a 0-0 draw at fourth-placed Bordeaux that extended their unbeaten run to 24 league games.</p>
<p>Leaders Monaco are away to bottom club Nice and second-placed Paris St Germain visit defending champions Auxerre on Wednesday.</p>
<p>Montpellier, unbeaten in 10 league matches and 3-0 winners at Lille three weeks ago in the French Cup, dominated but did not manage to translate their control into goals until the 68th minute when Bakayoko scored his first.</p>
<p>The Ivorian struck again two minutes later and completed a hat-trick in the 74th, while former France international Franck Sauzee added a fourth goal eight minutes from time.</p>
<p>Bordeaux are at home to Montpellier in the quarter-finals of the French Cup this weekend in a repeat of their League Cup semifinal which Bordeaux won on penalties.</p>
</text>
<copyright>(c) Reuters Limited 1997</copyright>
<metadata>
<codes class="bip:countries:1.0">
  <code code="FRA">
    <editdetail attribution="Reuters BIP Coding Group" action="confirmed" date="1997-03-25"/>
  </code>
</codes>
<codes class="bip:topics:1.0">
  <code code="GCAT">
    <editdetail attribution="Reuters BIP Coding Group" action="confirmed" date="1997-03-25"/>
  </code>
  <code code="GSPO">
    <editdetail attribution="Reuters BIP Coding Group" action="confirmed" date="1997-03-25"/>
  </code>
</codes>
<dc element="dc.date.created" value="1997-03-25"/>
<dc element="dc.publisher" value="Reuters Holdings Plc"/>
<dc element="dc.date.published" value="1997-03-25"/>
<dc element="dc.source" value="Reuters"/>
<dc element="dc.creator.location" value="PARIS"/>
<dc element="dc.creator.location.country.name" value="FRANCE"/>
<dc element="dc.source" value="Reuters"/>
</metadata>
</newsitem>
