<?xml version="1.0" encoding="iso-8859-1" ?>
<newsitem itemid="465452" id="root" date="1997-03-25" xml:lang="en">
<title>FRANCE: SOCCER-FRENCH LEAGUE RESULTS.</title>
<headline>SOCCER-FRENCH LEAGUE RESULTS.</headline>
<dateline>PARIS 1997-03-25</dateline>
<text>
<p>Results of French first division</p>
<p>matches played on Tuesday:</p>
<p> Lille	  0  Montpellier	4</p>
<p>Bordeaux v Nantes 1930 GMT kickoff</p>
<p>Playing on Wednesday:</p>
<p>Nice v Monaco </p>
<p>Auxerre v Paris St Germain </p>
<p>Bastia v Cannes </p>
<p>Metz v Lyon </p>
<p>Strasbourg v Caen </p>
<p>Le Havre v Guingamp </p>
<p>Marseille v Nancy </p>
<p>Rennes v Lens</p>
</text>
<copyright>(c) Reuters Limited 1997</copyright>
<metadata>
<codes class="bip:countries:1.0">
  <code code="FRA">
    <editdetail attribution="Reuters BIP Coding Group" action="confirmed" date="1997-03-25"/>
  </code>
  <code code="MONAC">
    <editdetail attribution="Reuters BIP Coding Group" action="confirmed" date="1997-03-25"/>
  </code>
</codes>
<codes class="bip:topics:1.0">
  <code code="GCAT">
    <editdetail attribution="Reuters BIP Coding Group" action="confirmed" date="1997-03-25"/>
  </code>
  <code code="GSPO">
    <editdetail attribution="Reuters BIP Coding Group" action="confirmed" date="1997-03-25"/>
  </code>
</codes>
<dc element="dc.date.created" value="1997-03-25"/>
<dc element="dc.publisher" value="Reuters Holdings Plc"/>
<dc element="dc.date.published" value="1997-03-25"/>
<dc element="dc.source" value="Reuters"/>
<dc element="dc.creator.location" value="PARIS"/>
<dc element="dc.creator.location.country.name" value="FRANCE"/>
<dc element="dc.source" value="Reuters"/>
</metadata>
</newsitem>
