<?xml version="1.0" encoding="iso-8859-1" ?>
<newsitem itemid="465435" id="root" date="1997-03-25" xml:lang="en">
<title>ISRAEL: SOCCER-ISRAELI FIRST DIVISION RESULT/STANDINGS.</title>
<headline>SOCCER-ISRAELI FIRST DIVISION RESULT/STANDINGS.</headline>
<dateline>JERUSALEM 1997-03-25</dateline>
<text>
<p>Result of an Israeli first</p>
<p>division soccer match played on Tuesday:</p>
<p>Hapoel Petah Tikva  0  Maccabi Herzliya  1</p>
<p>    Standings	   Pl    W    D    L    F  A     Pts</p>
<p> Betar Jerusalem	23   18    4    1   51  12     58</p>
<p> Hapoel Beersheba     23   16    2    5   37  19     50</p>
<p> Hapoel Petah Tikva   23   13    6    4   39  23     45</p>
<p> Maccabi Tel  Aviv    23   13    5    5   42  23     44</p>
<p> Maccabi Petah Tikva  23   11    6    6   29  20     39</p>
<p> Bnei Yehuda	    23    9    6    8   23  26     33</p>
<p> Hapoel Haifa	   23    9    5    9   27  24     32</p>
<p> Hapoel Kfar Sava     23    8    6    9   24  25     30</p>
<p> Maccabi Haifa	  23    7    8    8   26  26     29</p>
<p> Hapoel Jerusalem     23    8    5   10   24  32     29</p>
<p> Hapoel Beit She'an   23    7    5   11   20  25     26</p>
<p> Maccabi Herzliya     23    8    2   13   14  21     26</p>
<p> Ironi Rishon Lezion  23    6    6   11   24  37     24</p>
<p> Zafririm Holon	 23    3    9   11   14  32     18</p>
<p> Hapoel Tel Aviv	23    3    8   12   11  23     17</p>
<p> Hapoel Taiba	   23    3    1   19   13  50     10</p>
</text>
<copyright>(c) Reuters Limited 1997</copyright>
<metadata>
<codes class="bip:countries:1.0">
  <code code="ISRAEL">
    <editdetail attribution="Reuters BIP Coding Group" action="confirmed" date="1997-03-25"/>
  </code>
</codes>
<codes class="bip:topics:1.0">
  <code code="GCAT">
    <editdetail attribution="Reuters BIP Coding Group" action="confirmed" date="1997-03-25"/>
  </code>
  <code code="GSPO">
    <editdetail attribution="Reuters BIP Coding Group" action="confirmed" date="1997-03-25"/>
  </code>
</codes>
<dc element="dc.date.created" value="1997-03-25"/>
<dc element="dc.publisher" value="Reuters Holdings Plc"/>
<dc element="dc.date.published" value="1997-03-25"/>
<dc element="dc.source" value="Reuters"/>
<dc element="dc.creator.location" value="JERUSALEM"/>
<dc element="dc.creator.location.country.name" value="ISRAEL"/>
<dc element="dc.source" value="Reuters"/>
</metadata>
</newsitem>
