<?xml version="1.0" encoding="iso-8859-1" ?>
<newsitem itemid="465455" id="root" date="1997-03-25" xml:lang="en">
<title>SPAIN: SOCCER-DEPORTIVO CHAIRMAN TO TAKE FIFA TO COURT.</title>
<headline>SOCCER-DEPORTIVO CHAIRMAN TO TAKE FIFA TO COURT.</headline>
<dateline>MADRID 1997-03-25</dateline>
<text>
<p>Deportivo Coruna chairman Augusto Lendoiro said on Tuesday that he would take officials of the Spanish Football Federation and FIFA to court.</p>
<p>&quot;(FIFA) have violated the European agreement for the protection of human rights and fundamental liberties by preventing my access to the tribunals of justice,&quot; said Lendoiro.</p>
<p>On Monday, FIFA rejected Lendoiro's appeal against an 18-month suspension and a fine of 100,000 Swiss francs ($68,600) which they imposed as punishment for taking the Spanish federation to court.</p>
<p>Lendoiro had incurred FIFA's wrath by obtaining a court injunction against a one-game home ban imposed by the Spanish federation after a coin was thrown at a referee during a league match.</p>
<p>Lendoiro said he would take the new action at a personal level. FIFA bylaws forbid teams from taking recourse in civil courts.</p>
<p>&quot;Deportivo for obvious reasons can't do so because of the risks that would be run,&quot; he said.</p>
<p>FIFA said on Monday that Lendoiro remained suspended from all soccer activities until August 1998.</p>
</text>
<copyright>(c) Reuters Limited 1997</copyright>
<metadata>
<codes class="bip:countries:1.0">
  <code code="SPAIN">
    <editdetail attribution="Reuters BIP Coding Group" action="confirmed" date="1997-03-25"/>
  </code>
</codes>
<codes class="bip:topics:1.0">
  <code code="GCAT">
    <editdetail attribution="Reuters BIP Coding Group" action="confirmed" date="1997-03-25"/>
  </code>
  <code code="GSPO">
    <editdetail attribution="Reuters BIP Coding Group" action="confirmed" date="1997-03-25"/>
  </code>
</codes>
<dc element="dc.date.created" value="1997-03-25"/>
<dc element="dc.publisher" value="Reuters Holdings Plc"/>
<dc element="dc.date.published" value="1997-03-25"/>
<dc element="dc.source" value="Reuters"/>
<dc element="dc.creator.location" value="MADRID"/>
<dc element="dc.creator.location.country.name" value="SPAIN"/>
<dc element="dc.source" value="Reuters"/>
</metadata>
</newsitem>
