<?xml version="1.0" encoding="iso-8859-1" ?>
<newsitem itemid="465459" id="root" date="1997-03-25" xml:lang="en">
<title>BELGIUM: SOCCER-BELGIUM'S ALBERT TO MISS CUP QUALIFIER.</title>
<headline>SOCCER-BELGIUM'S ALBERT TO MISS CUP QUALIFIER.</headline>
<dateline>BRUSSELS 1997-03-25</dateline>
<text>
<p>Newcastle defender Philippe Albert will miss Belgium's World Cup qualifier against Wales in Cardiff on Saturday due to a knee injury, a Belgian soccer union spokesman said on Tuesday.</p>
<p>It is the second blow in two days for Belgium who lost PSV Eindhoven striker Luc Nilis because of an ankle problem.</p>
<p>National coach Georges Leekens has called up veteran defender Rudi Smidts of Antwerp and Geoffrey Claeys from Feyenoord to complete the 18-man squad.</p>
<p>Defender Olivier Doll and Belgium's 1996 player of the year Franky Van der Elst both have groin problems and are also doubtful.</p>
<p>Belgium must avoid defeat to stay in the running for second place in European qualifying group seven. They are currently third, behind the Netherlands and Wales.</p>
</text>
<copyright>(c) Reuters Limited 1997</copyright>
<metadata>
<codes class="bip:countries:1.0">
  <code code="BELG">
    <editdetail attribution="Reuters BIP Coding Group" action="confirmed" date="1997-03-25"/>
  </code>
  <code code="NETH">
    <editdetail attribution="Reuters BIP Coding Group" action="confirmed" date="1997-03-25"/>
  </code>
  <code code="UK">
    <editdetail attribution="Reuters BIP Coding Group" action="confirmed" date="1997-03-25"/>
  </code>
</codes>
<codes class="bip:topics:1.0">
  <code code="GCAT">
    <editdetail attribution="Reuters BIP Coding Group" action="confirmed" date="1997-03-25"/>
  </code>
  <code code="GSPO">
    <editdetail attribution="Reuters BIP Coding Group" action="confirmed" date="1997-03-25"/>
  </code>
</codes>
<dc element="dc.date.created" value="1997-03-25"/>
<dc element="dc.publisher" value="Reuters Holdings Plc"/>
<dc element="dc.date.published" value="1997-03-25"/>
<dc element="dc.source" value="Reuters"/>
<dc element="dc.creator.location" value="BRUSSELS"/>
<dc element="dc.creator.location.country.name" value="BELGIUM"/>
<dc element="dc.source" value="Reuters"/>
</metadata>
</newsitem>
