<?xml version="1.0" encoding="iso-8859-1" ?>
<newsitem itemid="465461" id="root" date="1997-03-25" xml:lang="en">
<title>FRANCE: SOCCER-JACQUET NAMES SQUAD OF 37.</title>
<headline>SOCCER-JACQUET NAMES SQUAD OF 37.</headline>
<dateline>PARIS 1997-03-25</dateline>
<text>
<p>France coach Aime Jacquet included six players of French league leaders Monaco in a squad of 37 on Tuesday to gather on Saturday for training and a series of tests and medical check-ups.</p>
<p>It is from this list that Jacquet will pick a reduced squad of 18 on Monday for the friendly international against Sweden at Parc des Princes on April 2 and, nearer the date, his squad for the World Cup warm-up Tournament of France in June.</p>
<p>Jacquet has taken advantage of the fact that there is no league football in Europe's major leagues this weekend to gather all his potential World Cup players for a spell together.</p>
<p>UEFA Cup semifinalists Monaco's fine form was rewarded with first ever call-ups for teenage striker Thierry Henry and midfielders Sylvain Legwinski and Emmanuel Petit.</p>
<p>Monaco defenders Patrick Blondeau and Martin Djetou and goalkeeper Fabien Barthez were also included.</p>
<p>Squad:</p>
<p>Goalkeepers - Fabien Barthez (Monaco), Lionel Charbonnier (Auxerre), Bernard Lama (Paris St Germain), Lionel Letizi (Metz), Christophe Revault (Le Havre)</p>
<p>Defenders - Laurent Blanc (Barcelona), Patrick Blondeau (Monaco), Vincent Candela (AS Roma), Marcel Desailly (AC Milan), Alain Goma (Auxerre), Pierre Laigle (Sampdoria), Franck Lebouef (Chelsea), Bixente Lizarazu (Athletic Bilbao), Bruno N'Gotty (PSG), Lilian Thuram (Parma)</p>
<p>Midfielders - Didier Deschamps (Juventus), Martin Djetou (Monaco), Franck Gava (Lyon), Christian Karembeu (Sampdoria), Sabri Lamouchi (Auxerre), Sylvain Legwinski (Monaco), Claude Makelele (Nantes), Emmanuel Petit (Monaco), Patrick Vieira (Arsenal), Zinedine Zidane (Juventus)</p>
<p>Forwards - Ibrahim Ba (Bordeaux), Youri Djorkaeff (Inter Milan), Bernard Diomede (Auxerre), Christophe Dugarry (AC Milan), Thierry Henry (Monaco), Marc Keller (Karlsruhe), Lilian Laslandes (Auxerre), Patrice Loko (PSG), Florian Maurice (Lyon), Nicolas Ouedec (Espanyol), Reynald Pedros (Parma), Robert Pires (Metz).</p>
</text>
<copyright>(c) Reuters Limited 1997</copyright>
<metadata>
<codes class="bip:countries:1.0">
  <code code="FRA">
    <editdetail attribution="Reuters BIP Coding Group" action="confirmed" date="1997-03-25"/>
  </code>
  <code code="MONAC">
    <editdetail attribution="Reuters BIP Coding Group" action="confirmed" date="1997-03-25"/>
  </code>
</codes>
<codes class="bip:topics:1.0">
  <code code="GCAT">
    <editdetail attribution="Reuters BIP Coding Group" action="confirmed" date="1997-03-25"/>
  </code>
  <code code="GSPO">
    <editdetail attribution="Reuters BIP Coding Group" action="confirmed" date="1997-03-25"/>
  </code>
</codes>
<dc element="dc.date.created" value="1997-03-25"/>
<dc element="dc.publisher" value="Reuters Holdings Plc"/>
<dc element="dc.date.published" value="1997-03-25"/>
<dc element="dc.source" value="Reuters"/>
<dc element="dc.creator.location" value="PARIS"/>
<dc element="dc.creator.location.country.name" value="FRANCE"/>
<dc element="dc.source" value="Reuters"/>
</metadata>
</newsitem>
