<?xml version="1.0" encoding="iso-8859-1" ?>
<newsitem itemid="465466" id="root" date="1997-03-25" xml:lang="en">
<title>ZIMBABWE: ZIMBABWE DOLLAR ENDS TUESDAY SESSION MIXED.</title>
<headline>ZIMBABWE DOLLAR ENDS TUESDAY SESSION MIXED.</headline>
<dateline>HARARE 1997-03-25</dateline>
<text>
<p>The Zimbabwe dollar was quoted firmer on the U.S. dollar and the rand but closed easier against European currencies after Tuesday's fairly brisk interbank session, dealers said.</p>
<p>&quot;We witnessed quite a bit of movement today, there were (U.S. dollar) sellers at around 11.2800,&quot; one dealer said.</p>
<p>&quot;It looks like some of the tobacco funds are beginning to come in now,&quot; he added.</p>
<p>The annual tobacco auctions, a major foreign currency earner for the southern African country, are set to officially open in April and dealers have predicted this will boost the local currency against the key U.S. dollar.</p>
<p>Meanwhile on Tuesday, the Zimbabwe dollar finished at 11.2675/2775 against the U.S. dollar, recovering from a 11.2825/2925 low in the morning. It closed on Monday at 11.2750/2850.</p>
<p>Against the crosses, the local dollar was quoted weaker at 18.2100/2300 against sterling compared to 18.1440/1670, at 6.6700/6900 from 6.6690/6770 versus the mark but edged up to 2.5400/5600 from 2.5425/5460 on the rand.</p>
<p>--Stella Mapenzauswa, Harare Newsroom: +263-4 72 52 27/8/9</p>
</text>
<copyright>(c) Reuters Limited 1997</copyright>
<metadata>
<codes class="bip:countries:1.0">
  <code code="ZIMBAB">
    <editdetail attribution="Reuters BIP Coding Group" action="confirmed" date="1997-03-25"/>
  </code>
</codes>
<codes class="bip:topics:1.0">
  <code code="M13">
    <editdetail attribution="Reuters BIP Coding Group" action="confirmed" date="1997-03-25"/>
  </code>
  <code code="M132">
    <editdetail attribution="Reuters BIP Coding Group" action="confirmed" date="1997-03-25"/>
  </code>
  <code code="MCAT">
    <editdetail attribution="Reuters BIP Coding Group" action="confirmed" date="1997-03-25"/>
  </code>
</codes>
<dc element="dc.date.created" value="1997-03-25"/>
<dc element="dc.publisher" value="Reuters Holdings Plc"/>
<dc element="dc.date.published" value="1997-03-25"/>
<dc element="dc.source" value="Reuters"/>
<dc element="dc.creator.location" value="HARARE"/>
<dc element="dc.creator.location.country.name" value="ZIMBABWE"/>
<dc element="dc.source" value="Reuters"/>
</metadata>
</newsitem>
