<?xml version="1.0" encoding="iso-8859-1" ?>
<newsitem itemid="465472" id="root" date="1997-03-25" xml:lang="en">
<title>SOUTH AFRICA: S.AFRICAN TRADE DATA MAY BE RELEASED WEDNESDAY.</title>
<headline>S.AFRICAN TRADE DATA MAY BE RELEASED WEDNESDAY.</headline>
<dateline>JOHANNESBURG 1997-03-25</dateline>
<text>
<p>South African February trade data will not be released on Tuesday, but could be released on Wednesday, a South African Revenue Services official said on Tuesday.</p>
<p>A Reuters consensus poll of economists forecast a 1.04 billion rand surplus in February compared with a 0.52 billion rand surplus in January.</p>
<p>-- Johannesburg newsroom, +27 11 482-1003</p>
</text>
<copyright>(c) Reuters Limited 1997</copyright>
<metadata>
<codes class="bip:countries:1.0">
  <code code="SAFR">
    <editdetail attribution="Reuters BIP Coding Group" action="confirmed" date="1997-03-25"/>
  </code>
</codes>
<codes class="bip:topics:1.0">
  <code code="E51">
    <editdetail attribution="Reuters BIP Coding Group" action="confirmed" date="1997-03-25"/>
  </code>
  <code code="E512">
    <editdetail attribution="Reuters BIP Coding Group" action="confirmed" date="1997-03-25"/>
  </code>
  <code code="ECAT">
    <editdetail attribution="Reuters BIP Coding Group" action="confirmed" date="1997-03-25"/>
  </code>
</codes>
<dc element="dc.date.created" value="1997-03-25"/>
<dc element="dc.publisher" value="Reuters Holdings Plc"/>
<dc element="dc.date.published" value="1997-03-25"/>
<dc element="dc.source" value="Reuters"/>
<dc element="dc.creator.location" value="JOHANNESBURG"/>
<dc element="dc.creator.location.country.name" value="SOUTH AFRICA"/>
<dc element="dc.source" value="Reuters"/>
</metadata>
</newsitem>
