<?xml version="1.0" encoding="iso-8859-1" ?>
<newsitem itemid="465467" id="root" date="1997-03-25" xml:lang="en">
<title>SOUTH AFRICA: ANGLO GFSA CALL DEELKRAAL CONFERENCE.</title>
<headline>ANGLO GFSA CALL DEELKRAAL CONFERENCE.</headline>
<dateline>JOHANNESBURG 1997-03-25</dateline>
<text>
<p>Anglo American Corporation of South Africa Ltd and Gold Fields of South Africa Ltd Tuesday called a joint media conference concerning Deelkraal Gold Mining Co Ltd .</p>
<p>&quot;It is an Anglo-Gold Fields media conference concerning Deelkraal,&quot; an Anglo spokeswoman said.</p>
<p>The conference was scheduled for 1400 GMT.</p>
<p>Earlier this month Gold Field's Deelkraal and Anglo's Elandsrand Gold Mining Co Ltd issued a further joint cautionary announcement to shareholders.</p>
<p>The two gold mines have been in talks since last August with regard to a possible tie-up.</p>
<p>-- Johannesburg newsroom +27 11 482-1003</p>
</text>
<copyright>(c) Reuters Limited 1997</copyright>
<metadata>
<codes class="bip:countries:1.0">
  <code code="SAFR">
    <editdetail attribution="Reuters BIP Coding Group" action="confirmed" date="1997-03-25"/>
  </code>
</codes>
<codes class="bip:industries:1.0">
  <code code="I21000">
    <editdetail attribution="Reuters BIP Coding Group" action="confirmed" date="1997-03-25"/>
  </code>
  <code code="I83960">
    <editdetail attribution="Reuters BIP Coding Group" action="confirmed" date="1997-03-25"/>
  </code>
</codes>
<codes class="bip:topics:1.0">
  <code code="C11">
    <editdetail attribution="Reuters BIP Coding Group" action="confirmed" date="1997-03-25"/>
  </code>
  <code code="CCAT">
    <editdetail attribution="Reuters BIP Coding Group" action="confirmed" date="1997-03-25"/>
  </code>
</codes>
<dc element="dc.date.created" value="1997-03-25"/>
<dc element="dc.publisher" value="Reuters Holdings Plc"/>
<dc element="dc.date.published" value="1997-03-25"/>
<dc element="dc.source" value="Reuters"/>
<dc element="dc.creator.location" value="JOHANNESBURG"/>
<dc element="dc.creator.location.country.name" value="SOUTH AFRICA"/>
<dc element="dc.source" value="Reuters"/>
</metadata>
</newsitem>
