<?xml version="1.0" encoding="iso-8859-1" ?>
<newsitem itemid="465441" id="root" date="1997-03-25" xml:lang="en">
<title>QATAR: ATHLETICS-CHRISTIE TO COMPETE IN QATAR.</title>
<headline>ATHLETICS-CHRISTIE TO COMPETE IN QATAR.</headline>
<dateline>DOHA 1997-03-25</dateline>
<text>
<p>Former Olympic champion Linford Christie will compete in Qatar next month, the organisers said on Tuesday.</p>
<p>Christie, 100 metres gold medallist at the 1992 Barcelona Olympics, features among an array of top athletes down to race at the first-ever Qatar International meeting at Doha's 50,000-capacity Khalifa stadium on April 24.</p>
<p>Namibian sprinter Frankie Fredericks, American 400 metres world record-holder Butch Reynolds, Zambian 400 hurdler Samuel Matete and leading Kenyans William Tanui, Paul Bitok and Joseph Keter are also scheduled to compete.</p>
<p>Christie's British compatriots in the line-up include John Regis (200 metres), Roger Black, Jamie Baulch (both 400 metres), Colin Jackson and Tony Jarrett (both 110 metre hurdles).</p>
</text>
<copyright>(c) Reuters Limited 1997</copyright>
<metadata>
<codes class="bip:countries:1.0">
  <code code="QATAR">
    <editdetail attribution="Reuters BIP Coding Group" action="confirmed" date="1997-03-25"/>
  </code>
  <code code="UK">
    <editdetail attribution="Reuters BIP Coding Group" action="confirmed" date="1997-03-25"/>
  </code>
</codes>
<codes class="bip:topics:1.0">
  <code code="GCAT">
    <editdetail attribution="Reuters BIP Coding Group" action="confirmed" date="1997-03-25"/>
  </code>
  <code code="GSPO">
    <editdetail attribution="Reuters BIP Coding Group" action="confirmed" date="1997-03-25"/>
  </code>
</codes>
<dc element="dc.date.created" value="1997-03-25"/>
<dc element="dc.publisher" value="Reuters Holdings Plc"/>
<dc element="dc.date.published" value="1997-03-25"/>
<dc element="dc.source" value="Reuters"/>
<dc element="dc.creator.location" value="DOHA"/>
<dc element="dc.creator.location.country.name" value="QATAR"/>
<dc element="dc.source" value="Reuters"/>
</metadata>
</newsitem>
