<?xml version="1.0" encoding="iso-8859-1" ?>
<newsitem itemid="465428" id="root" date="1997-03-25" xml:lang="en">
<title>ALBANIA: SOCCER-ALBANIA NAMES FOREIGN-BASED PLAYERS FOR WORLD CUP TIES.</title>
<headline>SOCCER-ALBANIA NAMES FOREIGN-BASED PLAYERS FOR WORLD CUP TIES.</headline>
<dateline>TIRANA 1997-03-25</dateline>
<text>
<p>Albania, battered by weeks of armed anarchy, on Tuesday named a 20-man squad drawn exclusively from Albanians playing for foreign clubs for their forthcoming World Cup ties against Ukraine and Germany.</p>
<p>Albanian media said the squad were due to gather in Madrid on March 26 for their group nine qualifier with Ukraine three days later. Most play for Greek and German teams, others are in Slovenia, Croatia, Romania and Malta.</p>
<p>The match, along with another qualifier against Germany on April 2, was switched from Tirana to the neutral venue of Grenada, Spain, because of the turmoil sweeping Albania.</p>
<p>The trouble erupted earlier this year after rebels angry about the failure of savings schemes seized control of the south and demanded President Sali Berisha quit. The unrest spread throughout the country.</p>
<p>The Albanian team have not played since December 14, when they lost 0-2 to Ireland in Dublin. Before that they have drawn 1-1 with Armenia in Tirana and lost 0-3 to Portugal.</p>
<p>Squad: Fotaq Strakosha, Rudi Vata, Arjan Xhumba, Ardian Bushi, Bledar Kola, Altin Haxhi, Altin Reklli, Fatmir Vata, Igli Tare, Salvador Kacaj, Kliton Bozgo, Arjan Bellai, Kela, Gjergji Dema, Edi Abazi, Bilali, Fatmir Shpuza, Fatos Daja, Ervin Lamce, Ilir Zela.</p>
</text>
<copyright>(c) Reuters Limited 1997</copyright>
<metadata>
<codes class="bip:countries:1.0">
  <code code="ALB">
    <editdetail attribution="Reuters BIP Coding Group" action="confirmed" date="1997-03-25"/>
  </code>
  <code code="GFR">
    <editdetail attribution="Reuters BIP Coding Group" action="confirmed" date="1997-03-25"/>
  </code>
  <code code="SPAIN">
    <editdetail attribution="Reuters BIP Coding Group" action="confirmed" date="1997-03-25"/>
  </code>
  <code code="UKRN">
    <editdetail attribution="Reuters BIP Coding Group" action="confirmed" date="1997-03-25"/>
  </code>
</codes>
<codes class="bip:topics:1.0">
  <code code="GCAT">
    <editdetail attribution="Reuters BIP Coding Group" action="confirmed" date="1997-03-25"/>
  </code>
  <code code="GSPO">
    <editdetail attribution="Reuters BIP Coding Group" action="confirmed" date="1997-03-25"/>
  </code>
</codes>
<dc element="dc.date.created" value="1997-03-25"/>
<dc element="dc.publisher" value="Reuters Holdings Plc"/>
<dc element="dc.date.published" value="1997-03-25"/>
<dc element="dc.source" value="Reuters"/>
<dc element="dc.creator.location" value="TIRANA"/>
<dc element="dc.creator.location.country.name" value="ALBANIA"/>
<dc element="dc.source" value="Reuters"/>
</metadata>
</newsitem>
