<?xml version="1.0" encoding="iso-8859-1" ?>
<newsitem itemid="465495" id="root" date="1997-03-25" xml:lang="en">
<title>POLAND: GORAZDZE UPS STAKE IN MINERAL MINE.</title>
<headline>GORAZDZE UPS STAKE IN MINERAL MINE.</headline>
<dateline>WARSAW 1997-03-25</dateline>
<text>
<p>Polish cement plant Gorazdze SA has bought 41.3 percent in a Polish mineral mine from two National Investment Funds (NFIs), increasing its stake in the firm to 74.3 percent, Gorazdze said in a statement.</p>
<p>It said it bought 27 percent stake in Zielonogorskie Kopalnie Surowcow Mineralnych SA from NFI No. 8 or Octawa and 14.3-percent from NFI No. 6 or Magna Polonia.</p>
<p>-- Warsaw Newsroom +48 22 653 9700</p>
</text>
<copyright>(c) Reuters Limited 1997</copyright>
<metadata>
<codes class="bip:countries:1.0">
  <code code="POL">
    <editdetail attribution="Reuters BIP Coding Group" action="confirmed" date="1997-03-25"/>
  </code>
</codes>
<codes class="bip:industries:1.0">
  <code code="I24200">
    <editdetail attribution="Reuters BIP Coding Group" action="confirmed" date="1997-03-25"/>
  </code>
</codes>
<codes class="bip:topics:1.0">
  <code code="C18">
    <editdetail attribution="Reuters BIP Coding Group" action="confirmed" date="1997-03-25"/>
  </code>
  <code code="C181">
    <editdetail attribution="Reuters BIP Coding Group" action="confirmed" date="1997-03-25"/>
  </code>
  <code code="CCAT">
    <editdetail attribution="Reuters BIP Coding Group" action="confirmed" date="1997-03-25"/>
  </code>
</codes>
<dc element="dc.date.created" value="1997-03-25"/>
<dc element="dc.publisher" value="Reuters Holdings Plc"/>
<dc element="dc.date.published" value="1997-03-25"/>
<dc element="dc.source" value="Reuters"/>
<dc element="dc.creator.location" value="WARSAW"/>
<dc element="dc.creator.location.country.name" value="POLAND"/>
<dc element="dc.source" value="Reuters"/>
</metadata>
</newsitem>
