<?xml version="1.0" encoding="iso-8859-1" ?>
<newsitem itemid="465429" id="root" date="1997-03-25" xml:lang="en">
<title>CZECH REPUBLIC: TENNIS-CZECHS DIG DEEP FOR DAVIS CUP NOMINATIONS.</title>
<headline>TENNIS-CZECHS DIG DEEP FOR DAVIS CUP NOMINATIONS.</headline>
<dateline>PRAGUE 1997-03-25</dateline>
<text>
<p>Czech Davis Cup captain Vladislav Savrda was forced to dig deep on Tuesday to come up with a team for next month's quarter-final in Australia.</p>
<p>Petr Korda, Daniel Vacek, Bohdan Ulihrach and Slava Dosedel all declined to play in Adelaide, leaving Savrda little choice for his official nominations.</p>
<p>Savrda, who used Korda and Vacek to propel the Czechs into the semifinals of last year's tournament, named world number 57 Jiri Novak and 43rd-ranked Martin Damm for the singles of the April 4-6 tie, while Pavel Vizner and David Rikl will team up for the doubles.</p>
<p>Korda shocked Czech tennis fans earlier this year when he came off court after a first-round win against India and said he was retiring from Davis Cup competition.</p>
<p>Korda, who was once ranked fifth in the world, has been the anchor of the Czech team since his debut in 1988, compiling a 30-12 overall record, including three wins against India.</p>
<p>Czech number two Daniel Vacek bowed out of action late last year to concentrate more on his performance on the ATP tour.</p>
<p>Ulihrach, who recently defeated world number one Pete Sampras on his way to the final of the Champions' Cup at Indian Wells two weeks ago, has been locked in a dispute with Savrda over playing guarantees.</p>
</text>
<copyright>(c) Reuters Limited 1997</copyright>
<metadata>
<codes class="bip:countries:1.0">
  <code code="AUSTR">
    <editdetail attribution="Reuters BIP Coding Group" action="confirmed" date="1997-03-25"/>
  </code>
  <code code="CZREP">
    <editdetail attribution="Reuters BIP Coding Group" action="confirmed" date="1997-03-25"/>
  </code>
</codes>
<codes class="bip:topics:1.0">
  <code code="GCAT">
    <editdetail attribution="Reuters BIP Coding Group" action="confirmed" date="1997-03-25"/>
  </code>
  <code code="GSPO">
    <editdetail attribution="Reuters BIP Coding Group" action="confirmed" date="1997-03-25"/>
  </code>
</codes>
<dc element="dc.date.created" value="1997-03-25"/>
<dc element="dc.publisher" value="Reuters Holdings Plc"/>
<dc element="dc.date.published" value="1997-03-25"/>
<dc element="dc.source" value="Reuters"/>
<dc element="dc.creator.location" value="PRAGUE"/>
<dc element="dc.creator.location.country.name" value="CZECH REPUBLIC"/>
<dc element="dc.source" value="Reuters"/>
</metadata>
</newsitem>
