<?xml version="1.0" encoding="iso-8859-1" ?>
<newsitem itemid="465430" id="root" date="1997-03-25" xml:lang="en">
<title>BARBADOS: CRICKET-BARBADOS V INDIA SCOREBOARD.</title>
<headline>CRICKET-BARBADOS V INDIA SCOREBOARD.</headline>
<dateline>BRIDGETOWN, Barbados 1997-03-24</dateline>
<text>
<p>Scoreboard at</p>
<p>close of the final day of the three day match between Barbados</p>
<p>and India at the Kennington Oval on Monday.</p>
<p>India first innings: 210 all out</p>
<p>Barbados first innings: 338 for 4 declared</p>
<p>India second innings</p>
<p> A.Jadeja c Gibson B Bryan     32</p>
<p> V.Laxman b Drakes		 30</p>
<p> R.Singh c Drakes b Bryan	 0</p>
<p> S.Ganguly not out		 73</p>
<p> R.Dravid c Browne b Bryan	3</p>
<p> N.Sidhu c Browne b Thompson    6</p>
<p> S.Karim not out		    9</p>
<p> Extras				13</p>
<p> Total (for five wickets)     166</p>
<p>Fall of wickets: 1-61 2-61 3-67 4-102 5-121</p>
<p>Bowling: Gibson 6-0-16-0, Thompson 11-3-34-1, Drakes 13-1-</p>
<p>45-1, Bryan 17-5-37-3, Marshall 5-1-18-0, Proverbs 4-1-11-0.</p>
</text>
<copyright>(c) Reuters Limited 1997</copyright>
<metadata>
<codes class="bip:countries:1.0">
  <code code="BARB">
    <editdetail attribution="Reuters BIP Coding Group" action="confirmed" date="1997-03-25"/>
  </code>
  <code code="INDIA">
    <editdetail attribution="Reuters BIP Coding Group" action="confirmed" date="1997-03-25"/>
  </code>
</codes>
<codes class="bip:topics:1.0">
  <code code="GCAT">
    <editdetail attribution="Reuters BIP Coding Group" action="confirmed" date="1997-03-25"/>
  </code>
  <code code="GSPO">
    <editdetail attribution="Reuters BIP Coding Group" action="confirmed" date="1997-03-25"/>
  </code>
</codes>
<dc element="dc.date.created" value="1997-03-24"/>
<dc element="dc.publisher" value="Reuters Holdings Plc"/>
<dc element="dc.date.published" value="1997-03-25"/>
<dc element="dc.source" value="Reuters"/>
<dc element="dc.creator.location" value="BRIDGETOWN, Barbados"/>
<dc element="dc.creator.location.country.name" value="BARBADOS"/>
<dc element="dc.source" value="Reuters"/>
</metadata>
</newsitem>
