<?xml version="1.0" encoding="iso-8859-1" ?>
<newsitem itemid="465486" id="root" date="1997-03-25" xml:lang="en">
<title>ESTONIA: EBRD SAYS INVESTMENT IN MAAPANK NOT DECIDED.</title>
<headline>EBRD SAYS INVESTMENT IN MAAPANK NOT DECIDED.</headline>
<dateline>TALLINN 1997-03-25</dateline>
<text>
<p>The purchase of three million marks worth of shares in Maapank is not yet final and the decision must go before the  European Bank of Reconstruction and Development's (EBRD) board of directors, the EBRD said Tuesday.</p>
<p>A spokeswoman said that the decision on investing three million marks in Maapank, announced earlier by the bank, had first to be approved by the credit committee of the bank.</p>
<p>&quot;Passing the credit committee is part of the internal operations of the EBRD and the final decision will be made by the EBRD's board of directors,&quot; the spokeswoman said.</p>
<p>&quot;The final decision on the investment may happen within a month, but this needs to be confirmed,&quot; she added.</p>
<p>Maapank earlier said that the EBRD had decided to buy a stake in it for three million marks and that Swedfund would invest two million marks in it.</p>
<p>-- David Mardiste, Tallinn newsroom +372 630 8400</p>
</text>
<copyright>(c) Reuters Limited 1997</copyright>
<metadata>
<codes class="bip:countries:1.0">
  <code code="ESTNIA">
    <editdetail attribution="Reuters BIP Coding Group" action="confirmed" date="1997-03-25"/>
  </code>
</codes>
<codes class="bip:industries:1.0">
  <code code="I81402">
    <editdetail attribution="Reuters BIP Coding Group" action="confirmed" date="1997-03-25"/>
  </code>
  <code code="I81501">
    <editdetail attribution="Reuters BIP Coding Group" action="confirmed" date="1997-03-25"/>
  </code>
  <code code="I8150106">
    <editdetail attribution="Reuters BIP Coding Group" action="confirmed" date="1997-03-25"/>
  </code>
</codes>
<codes class="bip:topics:1.0">
  <code code="C18">
    <editdetail attribution="Reuters BIP Coding Group" action="confirmed" date="1997-03-25"/>
  </code>
  <code code="C181">
    <editdetail attribution="Reuters BIP Coding Group" action="confirmed" date="1997-03-25"/>
  </code>
  <code code="CCAT">
    <editdetail attribution="Reuters BIP Coding Group" action="confirmed" date="1997-03-25"/>
  </code>
</codes>
<dc element="dc.date.created" value="1997-03-25"/>
<dc element="dc.publisher" value="Reuters Holdings Plc"/>
<dc element="dc.date.published" value="1997-03-25"/>
<dc element="dc.source" value="Reuters"/>
<dc element="dc.creator.location" value="TALLINN"/>
<dc element="dc.creator.location.country.name" value="ESTONIA"/>
<dc element="dc.source" value="Reuters"/>
</metadata>
</newsitem>
