<?xml version="1.0" encoding="iso-8859-1" ?>
<newsitem itemid="465431" id="root" date="1997-03-25" xml:lang="en">
<title>AUSTRALIA: CRICKET-QUEENSLAND CRUSH W.AUSTRALIA IN SHIELD FINAL.</title>
<headline>CRICKET-QUEENSLAND CRUSH W.AUSTRALIA IN SHIELD FINAL.</headline>
<dateline>PERTH, Australia 1997-03-25</dateline>
<text>
<p>Queensland thrashed Western Australia by 160 runs to win the domestic Sheffield Shield title on Tuesday and provide fast bowler Adam Dale with double cause for celebration.</p>
<p>Dale, selected by Australia on Tuesday for the upcoming limited overs series against South Africa to replace injured fast bowler Glenn McGrath, claimed match figures of nine for 84.</p>
<p>After waiting 69 years to taste success in the domestic first-class competition, Queensland's away win in Perth gave them their second Shield title in the past three seasons.</p>
<p>But their victory party was delayed by Western Australia captain and all-rounder Tom Moody, who hit 152 in a marathon innings lasting almost seven hours at the WACA Ground.</p>
<p>Moody, who arrived at the crease with his side reeling on 18 for four on Monday, faced 334 balls and hit 15 fours and one six.</p>
<p>Needing only a draw in the final to lift the Shield on the strength of their superior record in reaching the five-day final, Western Australia were comprehensively outplayed.</p>
<p>Resuming on 166 for five, Western Australia survived until the afternoon session before being dismissed for 304 in their second innings.</p>
<p>Wicketkeeper Adam Gilchrist, also named by selectors on Tuesday for the seven-match one-day series in South Africa as a replacement for Ian Healy, supported Moody with a gritty 48.</p>
<p>The match was a triumph for veteran Queensland opener Trevor Barsby, who scored a century and a half-century in his last appearance before retirement.</p>
<p>Queensland, who dismissed Western Australia for 165 in the first innings, scored 320 and 309 to set up the victory.</p>
</text>
<copyright>(c) Reuters Limited 1997</copyright>
<metadata>
<codes class="bip:countries:1.0">
  <code code="AUSTR">
    <editdetail attribution="Reuters BIP Coding Group" action="confirmed" date="1997-03-25"/>
  </code>
  <code code="SAFR">
    <editdetail attribution="Reuters BIP Coding Group" action="confirmed" date="1997-03-25"/>
  </code>
</codes>
<codes class="bip:topics:1.0">
  <code code="GCAT">
    <editdetail attribution="Reuters BIP Coding Group" action="confirmed" date="1997-03-25"/>
  </code>
  <code code="GSPO">
    <editdetail attribution="Reuters BIP Coding Group" action="confirmed" date="1997-03-25"/>
  </code>
</codes>
<dc element="dc.date.created" value="1997-03-25"/>
<dc element="dc.publisher" value="Reuters Holdings Plc"/>
<dc element="dc.date.published" value="1997-03-25"/>
<dc element="dc.source" value="Reuters"/>
<dc element="dc.creator.location" value="PERTH, Australia"/>
<dc element="dc.creator.location.country.name" value="AUSTRALIA"/>
<dc element="dc.source" value="Reuters"/>
</metadata>
</newsitem>
