<?xml version="1.0" encoding="iso-8859-1" ?>
<newsitem itemid="465449" id="root" date="1997-03-25" xml:lang="en">
<title>FRANCE: SOCCER-FRENCH LEAGUE RESULTS/STANDINGS.</title>
<headline>SOCCER-FRENCH LEAGUE RESULTS/STANDINGS.</headline>
<dateline>PARIS 1997-03-25</dateline>
<text>
<p>Results of French first division</p>
<p>matches played on Tuesday:</p>
<p> Lille	  0  Montpellier	4</p>
<p> Bordeaux     0  Nantes	     0</p>
<p>Playing on Wednesday:</p>
<p>Nice v Monaco </p>
<p>Auxerre v Paris St Germain </p>
<p>Bastia v Cannes </p>
<p>Metz v Lyon </p>
<p>Strasbourg v Caen </p>
<p>Le Havre v Guingamp </p>
<p>Marseille v Nancy </p>
<p>Rennes v Lens</p>
<p>    Standings		  P   W  D  L   Gf  Ga  Pts</p>
<p>  1. Monaco		    30  18  8  4  54  23  62</p>
<p>  2. Paris St Germain	30  15 10  5  44  23  55</p>
<p>  3. Nantes		    31  13 11  5  51  27  52</p>
<p>  4. Bordeaux		  31  13 12  6  48  32  51</p>
<p>  5. Strasbourg		30  16  2 12  42  39  50</p>
<p>  6. Bastia		    29  14  7  8  41  34  49</p>
<p>  7. Auxerre		   30  12 10  8  36  24  46</p>
<p>  8. Metz			30  12 10  8  32  25  46</p>
<p>  9. Lyon			30  11 10  9  40  44  43</p>
<p> 10. Montpellier	     31   9 13  9  32  30  40</p>
<p> 11. Guingamp		  30  10 10 10  29  29  40</p>
<p> 12. Marseille		 30   9 10 11  31  32  37</p>
<p> 13. Cannes		    30   8 11 11  18  28  35</p>
<p> 14. Le Havre		  30   8 10 12  27  34  34</p>
<p> 15. Rennes		    30   9  6 15  30  42  33</p>
<p> 16. Lens			30   9  6 15  31  45  33</p>
<p> 17. Lille		     31   8  9 14  29  49  33</p>
<p> 18. Caen			29   6 10 13  25  36  28</p>
<p> 19. Nancy		     30   6  8 16  24  39  26</p>
<p> 20. Nice			30   4  7 19  24  53  19</p>
</text>
<copyright>(c) Reuters Limited 1997</copyright>
<metadata>
<codes class="bip:countries:1.0">
  <code code="FRA">
    <editdetail attribution="Reuters BIP Coding Group" action="confirmed" date="1997-03-25"/>
  </code>
  <code code="MONAC">
    <editdetail attribution="Reuters BIP Coding Group" action="confirmed" date="1997-03-25"/>
  </code>
</codes>
<codes class="bip:topics:1.0">
  <code code="GCAT">
    <editdetail attribution="Reuters BIP Coding Group" action="confirmed" date="1997-03-25"/>
  </code>
  <code code="GSPO">
    <editdetail attribution="Reuters BIP Coding Group" action="confirmed" date="1997-03-25"/>
  </code>
</codes>
<dc element="dc.date.created" value="1997-03-25"/>
<dc element="dc.publisher" value="Reuters Holdings Plc"/>
<dc element="dc.date.published" value="1997-03-25"/>
<dc element="dc.source" value="Reuters"/>
<dc element="dc.creator.location" value="PARIS"/>
<dc element="dc.creator.location.country.name" value="FRANCE"/>
<dc element="dc.source" value="Reuters"/>
</metadata>
</newsitem>
