<?xml version="1.0" encoding="iso-8859-1" ?>
<newsitem itemid="465476" id="root" date="1997-03-25" xml:lang="en">
<title>RUSSIA: PRESS DIGEST - RUSSIA - MARCH 25.</title>
<headline>PRESS DIGEST - RUSSIA - MARCH 25.</headline>
<text>
<p>IZVESTIA</p>
<p>- Relocation of the 205 motorifle brigade from Chechnya to the southern Russian town of Budyonnovsk turned into a new disaster for the town which survived a Chechen raid in 1995.</p>
<p>- Authorities of Belarus announced a war on opposition and U.S. citizens critical of the human rights violations in the country.</p>
<p>SEVODNYA</p>
<p>- Russia says conflict in Minsk is internal problem for Belarus, but it may become an internal problem for Russia as well if the two countries reach a kind of much spoken about union.</p>
<p>- Before the day of nationwide protest actions Russian authorities were seriously defeated at local elections in three regions.</p>
<p>NEZAVISIMAYA GAZETA</p>
<p>- The head of Russian gas giant Gazprom defends his company against a strong criticism from First Deputy Prime Minister Anatoly Chubais.</p>
<p>ROSSIISKIYE VESTI</p>
<p>- At a meeting with miners in Kemerovo Anatoly Chubais said it is necessary to restructure coal industry.</p>
<p>PRAVDA-5</p>
<p>- Our huge but extremely weakened country is bound to turn eastwards, shifting emphasis of its foreign and economic policy to China, and the Far and Middle East.</p>
<p>MOSKOVSKY KOMSOMOLETS</p>
<p>- On the eve of the nationwide strike which is due to start on March 27, the situation in Russia is in many ways similar to the one in October 1993 which ended in bloodshed in Moscow.</p>
<p>-- Svetlana Kovaleva, Moscow Newsroom, +7095 941 8520</p>
</text>
<copyright>(c) Reuters Limited 1997</copyright>
<metadata>
<codes class="bip:countries:1.0">
  <code code="RUSS">
    <editdetail attribution="Reuters BIP Coding Group" action="confirmed" date="1997-03-25"/>
  </code>
</codes>
<codes class="bip:topics:1.0">
  <code code="GCAT">
    <editdetail attribution="Reuters BIP Coding Group" action="confirmed" date="1997-03-25"/>
  </code>
</codes>
<dc element="dc.publisher" value="Reuters Holdings Plc"/>
<dc element="dc.date.published" value="1997-03-25"/>
<dc element="dc.source" value="Reuters"/>
<dc element="dc.creator.location.country.name" value="RUSSIA"/>
<dc element="dc.source" value="Reuters"/>
</metadata>
</newsitem>
