<?xml version="1.0" encoding="iso-8859-1" ?>
<newsitem itemid="465425" id="root" date="1997-03-25" xml:lang="en">
<title>SOUTH AFRICA: CRICKET-AUSTRALIA CALL UP DALE AND GILCHRIST.</title>
<headline>CRICKET-AUSTRALIA CALL UP DALE AND GILCHRIST.</headline>
<dateline>JOHANNESBURG 1997-03-25</dateline>
<text>
<p>Australia have called up wicketkeeper Adam Gilchrist and fast bowler Adam Dale to their squad for the forthcoming one-day series against South Africa.</p>
<p>Queensland's Dale comes in for fellow paceman Glenn McGrath, who is returning home to rest a foot injury.</p>
<p>Gilchrist has been drafted in as cover for wicketkeeper Ian Healy, who misses the first two games of the seven-match series after being banned for showing dissent following his dismissal in the third and final test in Pretoria on Monday.</p>
<p>The limited overs internationals begin in East London on Saturday.</p>
<p>Australia's revised squad: Mark Taylor (captain), Stuart Law, Michael DiVenuto, Mark Waugh, Steve Waugh, Greg Blewett, Michael Bevan, Ian Healy, Shane Warne, Jason Gillespie, Paul Reiffel, Andrew Bichel, Brendon Julian, Adam Gilchrist, Adam Dale.</p>
</text>
<copyright>(c) Reuters Limited 1997</copyright>
<metadata>
<codes class="bip:countries:1.0">
  <code code="AUSTR">
    <editdetail attribution="Reuters BIP Coding Group" action="confirmed" date="1997-03-25"/>
  </code>
  <code code="SAFR">
    <editdetail attribution="Reuters BIP Coding Group" action="confirmed" date="1997-03-25"/>
  </code>
</codes>
<codes class="bip:topics:1.0">
  <code code="GCAT">
    <editdetail attribution="Reuters BIP Coding Group" action="confirmed" date="1997-03-25"/>
  </code>
  <code code="GSPO">
    <editdetail attribution="Reuters BIP Coding Group" action="confirmed" date="1997-03-25"/>
  </code>
</codes>
<dc element="dc.date.created" value="1997-03-25"/>
<dc element="dc.publisher" value="Reuters Holdings Plc"/>
<dc element="dc.date.published" value="1997-03-25"/>
<dc element="dc.source" value="Reuters"/>
<dc element="dc.creator.location" value="JOHANNESBURG"/>
<dc element="dc.creator.location.country.name" value="SOUTH AFRICA"/>
<dc element="dc.source" value="Reuters"/>
</metadata>
</newsitem>
