<?xml version="1.0" encoding="iso-8859-1" ?>
<newsitem itemid="465410" id="root" date="1997-03-25" xml:lang="en">
<title>portugal: RALLYING-ERIKSSON HOLDS SLIM LEAD IN PORTUGAL.</title>
<headline>RALLYING-ERIKSSON HOLDS SLIM LEAD IN PORTUGAL.</headline>
<dateline>FIGUEIRA DA FOZ, Portugal 1997-03-25</dateline>
<text>
<p>Sweden's Kenneth Eriksson held a slender lead in the Rally of Portugal on Tuesday as nearest rival and world champion Tommi Makinen of Finland closed to within one second after 17 stages.</p>
<p>Eriksson, driving a Subaru, had started the second leg of the rally, the fourth on this year's calendar, with a 14-second lead over Makinen's Mitsubishi, but slowly lost his advantage on the four morning stages.</p>
<p>&quot;Eriksson has had no problems at all, but Makinen is pushing very hard,&quot; said a spokesperson for the Subaru team.</p>
<p>&quot;The stages are still very dusty which is making conditions quite difficult, but he is feeling quite confident.&quot;</p>
<p>Belgian Freddy Loix maintained his third position in the Toyota, more than one minute behind the leading two cars, while Portuguese Rui Madeira moved up to fourth place in his Subaru following the retirement of Briton Richard Burns in the Mitsubishi.</p>
<p>Burns, who finished second in the Safari Rally three weeks ago, had looked set for another points-scoring finish when he had suspected engine problems on the road sections between the 16th and 17th stages.</p>
<p>Tuesday's remaining five stages will take the teams to an overnight halt at Viseu, before the final leg on Wednesday sees them return to the coastal base of Figueira da Foz.</p>
</text>
<copyright>(c) Reuters Limited 1997</copyright>
<metadata>
<codes class="bip:countries:1.0">
  <code code="FIN">
    <editdetail attribution="Reuters BIP Coding Group" action="confirmed" date="1997-03-25"/>
  </code>
  <code code="PORL">
    <editdetail attribution="Reuters BIP Coding Group" action="confirmed" date="1997-03-25"/>
  </code>
  <code code="SWED">
    <editdetail attribution="Reuters BIP Coding Group" action="confirmed" date="1997-03-25"/>
  </code>
</codes>
<codes class="bip:topics:1.0">
  <code code="GCAT">
    <editdetail attribution="Reuters BIP Coding Group" action="confirmed" date="1997-03-25"/>
  </code>
  <code code="GSPO">
    <editdetail attribution="Reuters BIP Coding Group" action="confirmed" date="1997-03-25"/>
  </code>
</codes>
<dc element="dc.date.created" value="1997-03-25"/>
<dc element="dc.publisher" value="Reuters Holdings Plc"/>
<dc element="dc.date.published" value="1997-03-25"/>
<dc element="dc.source" value="Reuters"/>
<dc element="dc.creator.location" value="FIGUEIRA DA FOZ, Portugal"/>
<dc element="dc.creator.location.country.name" value="PORTUGAL"/>
<dc element="dc.source" value="Reuters"/>
</metadata>
</newsitem>
