<?xml version="1.0" encoding="iso-8859-1" ?>
<newsitem itemid="465427" id="root" date="1997-03-25" xml:lang="en">
<title>SOUTH AFRICA: CRICKET-SOUTH AFRICA V AUSTRALIA FINAL TEST AVERAGES.</title>
<headline>CRICKET-SOUTH AFRICA V AUSTRALIA FINAL TEST AVERAGES.</headline>
<dateline>JOHANNESBURG 1997-03-25</dateline>
<text>
<p>Final averages in the</p>
<p>three-test series between South Africa and Australia which ended</p>
<p>on Monday.</p>
<p>South Africa</p>
<p>Batting (tabulate under tests, innings, not out, runs,</p>
<p>highest score, average, 100s, 50s)</p>
<p> Hansie Cronje	  3  5  1  204   79*   51.00   0  2</p>
<p> Dave Richardson	3  5  2  124   72*   41.33   0  1</p>
<p> Adam Bacher	    2  4  0  161   96    40.25   0  1</p>
<p> Brian McMillan	 2  4  1  119   55    39.67   0  2</p>
<p> Daryll Cullinan	3  6  1  122   47    24.40   0  0</p>
<p> Shaun Pollock	  2  4  1   66   35    22.00   0  0</p>
<p> Herschelle Gibbs     1  2  0   38   31    19.00   0  0</p>
<p> Pat Symcox	     1  1  0   16   16    16.00   0  0</p>
<p> Andrew Hudson	  1  2  0   31   31    15.50   0  0</p>
<p> Jonty Rhodes	   1  2  0   30   22    15.00   0  0</p>
<p> Gary Kirsten	   3  6  0   82   43    13.67   0  0</p>
<p> Lance Klusener	 2  3  0   39   30    13.00   0  0</p>
<p> Jacques Kallis	 3  5  0   49   39    9.80    0  0</p>
<p> Allan Donald	   3  5  0   45   21    9.00    0  0</p>
<p> Paul Adams	     2  4  1   21   15    7.00    0  0</p>
<p> Brett Schultz	  1  1  0    2    2    2.00    0  0</p>
<p>Bowling (tabulate under overs, maidens, runs, wickets,</p>
<p>average, best bowling, 5 wkts in inns, 10 wkts in match)</p>
<p> Schultz	 37     8   91   6   15.17   4-52   0   0</p>
<p> Cronje	  45.1  16   94   4   23.50   2-21   0   0</p>
<p> McMillan	35     7   78   3   26.00   2-32   0   0</p>
<p> Kallis	  58.4  16  134   5   26.80   3-29   0   0</p>
<p> Pollock	 38     6  111   4   27.75   2-6    0   0</p>
<p> Donald	 122    36  325  11   29.55   5-36   1   0</p>
<p> Symcox	  42     9  111   3   37.00   2-49   0   0</p>
<p> Klusener	66.3  15  185   4   46.25   2-23   0   0</p>
<p> Adams	   77    11  234   4   58.50   2-66   0   0</p>
<p>Australia</p>
<p>Batting</p>
<p> Steve Waugh	    3  5  1  313  160   78.25    1  2</p>
<p> Greg Blewett	   3  5  0  271  214   54.20    1  0</p>
<p> Mark Waugh	     3  5  0  209  116   41.80    1  0</p>
<p> Matthew Elliott	3  5  0  182   85   36.40    0  1</p>
<p> Michael Bevan	  3  5  1   72   37*  18.00    0  0</p>
<p> Mark Taylor	    3  5  0   80   38   16.00    0  0</p>
<p> Ian Healy		3  5  1   57   19   14.25    0  0</p>
<p> Matthew Hayden	 3  5  0   64   40   12.80    0  0</p>
<p> Shane Warne	    3  5  0   42   18    8.40    0  0</p>
<p> Jason Gillespie	3  4  3    7    6*   7.00    0  0</p>
<p> Glenn McGrath	  3  3  0   11   11    3.67    0  0</p>
<p>Bowling</p>
<p> Bevan	   62     9  176   9   19.56   4-32   0   0</p>
<p> S.Waugh	  8.3   1   20   1   20.00   1-4    0   0</p>
<p> Gillespie    103.4  34  287  14   20.50   5-54   1   0</p>
<p> McGrath	111.4  38  289  13   22.23   6-86   1   0</p>
<p> Warne	  133    47  282  11   25.64   4-43   0   0</p>
<p> M.Waugh	  8     1   38   1   38.00   1-34   0   0</p>
<p> Blewett	 23.3   5   74   1   74.00   1-13   0   0</p>
</text>
<copyright>(c) Reuters Limited 1997</copyright>
<metadata>
<codes class="bip:countries:1.0">
  <code code="AUSTR">
    <editdetail attribution="Reuters BIP Coding Group" action="confirmed" date="1997-03-25"/>
  </code>
  <code code="SAFR">
    <editdetail attribution="Reuters BIP Coding Group" action="confirmed" date="1997-03-25"/>
  </code>
</codes>
<codes class="bip:topics:1.0">
  <code code="GCAT">
    <editdetail attribution="Reuters BIP Coding Group" action="confirmed" date="1997-03-25"/>
  </code>
  <code code="GSPO">
    <editdetail attribution="Reuters BIP Coding Group" action="confirmed" date="1997-03-25"/>
  </code>
</codes>
<dc element="dc.date.created" value="1997-03-25"/>
<dc element="dc.publisher" value="Reuters Holdings Plc"/>
<dc element="dc.date.published" value="1997-03-25"/>
<dc element="dc.source" value="Reuters"/>
<dc element="dc.creator.location" value="JOHANNESBURG"/>
<dc element="dc.creator.location.country.name" value="SOUTH AFRICA"/>
<dc element="dc.source" value="Reuters"/>
</metadata>
</newsitem>
