<?xml version="1.0" encoding="iso-8859-1" ?>
<newsitem itemid="465405" id="root" date="1997-03-25" xml:lang="en">
<title>USA: Donaldson Co acquires tube manufacturer.</title>
<headline>Donaldson Co acquires tube manufacturer.</headline>
<dateline>MINNEAPOLIS 1997-03-25</dateline>
<text>
<p>Donaldson Co Inc said Tuesday it had agreed to purchase the assets of Armada Tube Group. Terms were not disclosed.</p>
<p>It said the buy would enable it to extend its product line and add facilities to produce complete exhaust systems and intake tubing.</p>
<p>The assets being bought include Armada Tube Products Inc of Armada, Mich., and Lakeside Tube Fabricators Inc of Mooresville, N.C.</p>
<p>Donaldson expects to complete the transaction in the last week of April.</p>
<p>Armada, a private company with annual sales of more than $15 million, makes bent and fabricated tubular assemblies for exhaust and other engine-related products. It serves the medium- and heavy-duty transportation market.</p>
<p>Donaldson makes filtration and exhaust systems and replacement parts.</p>
<p>Shares of Donaldson were trading unchanged at 36.</p>
<p>((--Chicago Newsdesk 312 408 8787))</p>
</text>
<copyright>(c) Reuters Limited 1997</copyright>
<metadata>
<codes class="bip:countries:1.0">
  <code code="USA">
    <editdetail attribution="Reuters BIP Coding Group" action="confirmed" date="1997-03-25"/>
  </code>
</codes>
<codes class="bip:industries:1.0">
  <code code="I35300">
    <editdetail attribution="Reuters BIP Coding Group" action="confirmed" date="1997-03-25"/>
  </code>
</codes>
<codes class="bip:topics:1.0">
  <code code="C18">
    <editdetail attribution="Reuters BIP Coding Group" action="confirmed" date="1997-03-25"/>
  </code>
  <code code="C181">
    <editdetail attribution="Reuters BIP Coding Group" action="confirmed" date="1997-03-25"/>
  </code>
  <code code="CCAT">
    <editdetail attribution="Reuters BIP Coding Group" action="confirmed" date="1997-03-25"/>
  </code>
</codes>
<dc element="dc.date.created" value="1997-03-25"/>
<dc element="dc.publisher" value="Reuters Holdings Plc"/>
<dc element="dc.date.published" value="1997-03-25"/>
<dc element="dc.source" value="Reuters"/>
<dc element="dc.creator.location" value="MINNEAPOLIS"/>
<dc element="dc.creator.location.country.name" value="USA"/>
<dc element="dc.source" value="Reuters"/>
</metadata>
</newsitem>
