<?xml version="1.0" encoding="iso-8859-1" ?>
<newsitem itemid="465469" id="root" date="1997-03-25" xml:lang="en">
<title>SOUTH AFRICA: MALBAK TO PAY 350 MLN RAND NOW, MORE LATER.</title>
<headline>MALBAK TO PAY 350 MLN RAND NOW, MORE LATER.</headline>
<byline>Nicole Mordant</byline>
<dateline>JOHANNESBURG 1997-03-25</dateline>
<text>
<p>South Africa's Malbak Ltd will pay around 350 million rand in cash to shareholders on April 29 as part of its unbundling, to be topped up by a further distribution later, acting chief executive Peter Beningfield said on Tuesday.</p>
<p>&quot;It is about a rand a share which will be paid out at this stage,&quot; Beningfield told Reuters.</p>
<p>&quot;What the board has said is that they are cognisant of the need to pay the shareholders cash and they will look at a further distribution...once the remaining assets are sold and the liabilities are fully settled.&quot;</p>
<p>The unbundling of the diversified industrial holding group, was formally approved on Monday by shareholders. The plan has seen a raft of mostly unlisted investments sold off in recent months and plans laid to distribute shares in the listed companies.</p>
<p>Beningfield said the only assets still to be sold off are computer firm ICL and engineering company Osborn MMD. It was &quot;highly unlikely&quot; that they would be disposed of by the April deadline, hence the staggered payments to shareholders, he said.</p>
<p>&quot;We are talking (to potential buyers), it will hopefully take between four and six weeks,&quot; Beningfield said.</p>
<p>The unbundling, set in motion last year to unlock the value of Malbak's underlying assets, follows similar actions by other major South African groups including Gencor Ltd and Barlow Ltd .</p>
<p>Malbak said last year that the cash raised from unpacking its units would exceed 700 million rand, but Beningfield said on Tuesday the composition of this amount had changed over time. </p>
<p>&quot;When we calculated the 700 million, it assumed sales, for example, of MY. What has happened is that the entire make-up of the 700 million has changed, so what will be distributed on the April 29 is somewhere in the region of 350 million with the rest coming later.&quot;</p>
<p>He added, however, that the total value of the package to shareholders would be &quot;very similar&quot; to that originally announced. </p>
<p>The unbundling of Malbak's 64 percent stake in U.K-based MY Holdings Plc has been blocked by current South African exchange control regulations.</p>
<p>Malbak will therefore retain its interest in MY, alongside a stake in Kohler Ltd , leaving it as the holding company of two packaging groups. </p>
<p>Asked if either Kohler or MY would be delisted, Beningfield, who relinquishes his position on the board next month, said: &quot;That is a question for the new board.&quot;</p>
<p>Beningfield, who also heads up subsidiary South African Druggists Ltd (SAD), said the unbundling exercise had been more complex than originally envisaged.</p>
<p>&quot;(But) it has actually gone quite smoothly although it hasn't been easy. I am delighted we have got through it in what has effectively been six to seven months,&quot; he said.</p>
<p>Assets sold off include freight company Eagle Freight, steel firm Stalcor, electrical business Tedelex, appliance group Defy and automotive group Malbak Motor Holdings sold off. A stake in engineering group Haggie Ltd was also sold, with the remaining 20 percent stake to be distributed. </p>
<p>Shares in the other listed companies, including Ellerine Holdings Ltd , Foodcorp Ltd , New Clicks Holdings and SAD, will also be dispersed.</p>
<p>-- Johannesburg newsroom 27 11 482 1003</p>
</text>
<copyright>(c) Reuters Limited 1997</copyright>
<metadata>
<codes class="bip:countries:1.0">
  <code code="SAFR">
    <editdetail attribution="Reuters BIP Coding Group" action="confirmed" date="1997-03-25"/>
  </code>
</codes>
<codes class="bip:industries:1.0">
  <code code="I25700">
    <editdetail attribution="Reuters BIP Coding Group" action="confirmed" date="1997-03-25"/>
  </code>
  <code code="I41000">
    <editdetail attribution="Reuters BIP Coding Group" action="confirmed" date="1997-03-25"/>
  </code>
  <code code="I47000">
    <editdetail attribution="Reuters BIP Coding Group" action="confirmed" date="1997-03-25"/>
  </code>
  <code code="I47100">
    <editdetail attribution="Reuters BIP Coding Group" action="confirmed" date="1997-03-25"/>
  </code>
  <code code="I64800">
    <editdetail attribution="Reuters BIP Coding Group" action="confirmed" date="1997-03-25"/>
  </code>
  <code code="I83960">
    <editdetail attribution="Reuters BIP Coding Group" action="confirmed" date="1997-03-25"/>
  </code>
</codes>
<codes class="bip:topics:1.0">
  <code code="C11">
    <editdetail attribution="Reuters BIP Coding Group" action="confirmed" date="1997-03-25"/>
  </code>
  <code code="C15">
    <editdetail attribution="Reuters BIP Coding Group" action="confirmed" date="1997-03-25"/>
  </code>
  <code code="C151">
    <editdetail attribution="Reuters BIP Coding Group" action="confirmed" date="1997-03-25"/>
  </code>
  <code code="C18">
    <editdetail attribution="Reuters BIP Coding Group" action="confirmed" date="1997-03-25"/>
  </code>
  <code code="C181">
    <editdetail attribution="Reuters BIP Coding Group" action="confirmed" date="1997-03-25"/>
  </code>
  <code code="CCAT">
    <editdetail attribution="Reuters BIP Coding Group" action="confirmed" date="1997-03-25"/>
  </code>
</codes>
<dc element="dc.date.created" value="1997-03-25"/>
<dc element="dc.publisher" value="Reuters Holdings Plc"/>
<dc element="dc.date.published" value="1997-03-25"/>
<dc element="dc.source" value="Reuters"/>
<dc element="dc.creator.location" value="JOHANNESBURG"/>
<dc element="dc.creator.location.country.name" value="SOUTH AFRICA"/>
<dc element="dc.source" value="Reuters"/>
</metadata>
</newsitem>
