<?xml version="1.0" encoding="iso-8859-1" ?>
<newsitem itemid="465409" id="root" date="1997-03-25" xml:lang="en">
<title>SPAIN: SOCCER-BARCELONA WITHOUT KEY MEN AGAINST GIANT-KILLERS.</title>
<headline>SOCCER-BARCELONA WITHOUT KEY MEN AGAINST GIANT-KILLERS.</headline>
<dateline>LAS PALMAS, Spain 1997-03-25</dateline>
<text>
<p>Barcelona will face second-division giant-killers Las Palmas in Wednesday's Spanish Cup semifinal in Gran Canaria with four first-choice players missing on international duty.</p>
<p>With a daunting nine points separating Barcelona from league-leaders Real Madrid, the two-leg tie is vital in coach Bobby Robson's bid to salvage something from the season.</p>
<p>&quot;If we go there with a complacent attitude that would be dangerous,&quot; said Robson.</p>
<p>The former England coach will have to find replacements for Gheorghe Popescu, who will be playing for Romania, and three Portuguese internationals -- goalkeeper Vitor Baia, Fernando Couto and Luis Figo, who will also be absent on World Cup duty.</p>
<p>Substitute Carlos Busquets will take over between the posts, despite having made an appalling mistake that cost his side a goal the last time Baia missed a game.</p>
<p>Barcelona face a Las Palmas side that has already knocked out Valencia and Espanyol.</p>
<p>But the tie could provide a breathing space for Robson's team, who had to overcome Real and Atletico Madrid in previous rounds.</p>
<p>Robson sought to play down speculation about Brazilian striker Ronaldo, voted world player of the year, who said on Monday he might leave Barcelona at the end of the season.</p>
<p>&quot;I'm quite sure that Ronaldo will have his mind on the three competitions we are playing in,&quot; said Robson.</p>
<p>But the former England coach had harsher words for another Brazilian, midfielder Giovanni, who has also talked of leaving.</p>
<p>&quot;If his agent wants to take Giovanni back to Brazil, my advice to the club is that they should ask for the money,&quot; said Robson.</p>
</text>
<copyright>(c) Reuters Limited 1997</copyright>
<metadata>
<codes class="bip:countries:1.0">
  <code code="SPAIN">
    <editdetail attribution="Reuters BIP Coding Group" action="confirmed" date="1997-03-25"/>
  </code>
</codes>
<codes class="bip:topics:1.0">
  <code code="GCAT">
    <editdetail attribution="Reuters BIP Coding Group" action="confirmed" date="1997-03-25"/>
  </code>
  <code code="GSPO">
    <editdetail attribution="Reuters BIP Coding Group" action="confirmed" date="1997-03-25"/>
  </code>
</codes>
<dc element="dc.date.created" value="1997-03-25"/>
<dc element="dc.publisher" value="Reuters Holdings Plc"/>
<dc element="dc.date.published" value="1997-03-25"/>
<dc element="dc.source" value="Reuters"/>
<dc element="dc.creator.location" value="LAS PALMAS, Spain"/>
<dc element="dc.creator.location.country.name" value="SPAIN"/>
<dc element="dc.source" value="Reuters"/>
</metadata>
</newsitem>
