<?xml version="1.0" encoding="iso-8859-1" ?>
<newsitem itemid="465423" id="root" date="1997-03-25" xml:lang="en">
<title>UK: MOROR RACING-BARRICHELLO GOES HOME WITH POINT TO PROVE.</title>
<headline>MOROR RACING-BARRICHELLO GOES HOME WITH POINT TO PROVE.</headline>
<byline>Timothy Collings</byline>
<dateline>LONDON 1997-03-25</dateline>
<text>
<p>Recently married, slimmer and fitter, Brazilian Formula One driver Rubens Barrichello will travel home to Sao Paulo next week with a smile on his face -- and a point to prove.</p>
<p>The 24-year-old, once dubbed the natural successor to fellow-Paulista Ayrton Senna, lost his way in 1995 and 1996 after crashing in practice for the 1994 San Marino Grand Prix then seeing Senna killed two days later.</p>
<p>Observers who had predicted a glittering career, particularly after a brilliant drive in heavy rain at the 1993 European Grand Prix at Donington, began to suggest he was a waning talent without the character to survive at the top.</p>
<p>But, after switching teams from Jordan to Stewart at the end of last year and marrying Sylvana Giaffone last month, he is feeling rejuvenated -- and ready to prove the early predictions about his talent were not wrong.</p>
<p>&quot;I have been through a lot in my career already,&quot; he said. &quot;I was very young when I started and then I had my crash at Imola, in 1994, and the death of Ayrton...I was not really ready for it all.</p>
<p>&quot;But now, I am much tougher mentally. More like a European, if you like. Less emotional. And I feel I am stronger altogether. Changing teams to Stewart has been good for me too and I feel I am starting out afresh. It is a good feeling.&quot;</p>
<p>On his first outing for his new team, making its Formula One debut at the Australian Grand Prix in Melbourne, Barrichello suprised many observers with a strong, if ultimately fruitless, drive.</p>
<p>He had qualified 11th in his Ford-powered car and was in the hunt for a point when pushing hard in seventh position -- only for an engine failure let him down with eight laps to go.</p>
<p>&quot;It was disappointing for us all, but I was glad to show what the team could do. When we have reliability I think we can score points regularly,&quot; said Barrichello. &quot;That is a realistic prospect for us.&quot;</p>
<p>Next weekend, in the Brazilian Grand Prix, Barrichello will be back among his own people and hoping to deliver one of his best home performances. Last year, he was in the thick of the battle for a top six finish before spinning off.</p>
<p>&quot;I know I cannot win this race, not yet anyway,&quot; he said. &quot;But I feel that it is possible in the future. My fans want to see something from me in Brazil. But I think they know that the Stewart car is not yet ready to win races. They have to be patient for me and wait and see.&quot;</p>
<p>Barrichello has a special relationship with the fans at Interlagos, the sprawling but spectacular track in the outer suburbs of the massive industrial city of Sao Paulo. He grew up as one of them.</p>
<p>&quot;When I was a little boy,&quot; he admitted. &quot;I used to do what everyone else did and find holes in the fences and wriggle through. I loved the place. It is where I grew up -- my house was just down the road.&quot;</p>
<p>Barrichello's father was a goalkeeper for Brazilian side Santos before his son's career took off in karting and junior formula racing. Now, he follows him all over the world as he goes into his fifth grand prix season.</p>
<p>Barrichello also admitted that after Senna's death he felt overwhelmed by a public sense of expectation. He took Senna's death badly, found it difficult to deal with emotionally, and his own driving suffered.</p>
<p>But he said he was racing well last season. &quot;It was not a bad year for me at all,&quot; he said.</p>
<p>&quot;I know what some people have said and thought, but it is not true. I was driving well in a very difficult car and I was doing my best. But this move to Stewart came at the right time and I feel ready for the challenge.&quot;</p>
</text>
<copyright>(c) Reuters Limited 1997</copyright>
<metadata>
<codes class="bip:countries:1.0">
  <code code="BRAZ">
    <editdetail attribution="Reuters BIP Coding Group" action="confirmed" date="1997-03-25"/>
  </code>
</codes>
<codes class="bip:topics:1.0">
  <code code="GCAT">
    <editdetail attribution="Reuters BIP Coding Group" action="confirmed" date="1997-03-25"/>
  </code>
  <code code="GSPO">
    <editdetail attribution="Reuters BIP Coding Group" action="confirmed" date="1997-03-25"/>
  </code>
</codes>
<dc element="dc.date.created" value="1997-03-25"/>
<dc element="dc.publisher" value="Reuters Holdings Plc"/>
<dc element="dc.date.published" value="1997-03-25"/>
<dc element="dc.source" value="Reuters"/>
<dc element="dc.creator.location" value="LONDON"/>
<dc element="dc.creator.location.country.name" value="UK"/>
<dc element="dc.source" value="Reuters"/>
</metadata>
</newsitem>
