<?xml version="1.0" encoding="iso-8859-1" ?>
<newsitem itemid="465463" id="root" date="1997-03-25" xml:lang="en">
<title>MALAWI: MALAWI SEEKS TO REDUCE BUDGET DEFICIT TO 7.8 PCT.</title>
<headline>MALAWI SEEKS TO REDUCE BUDGET DEFICIT TO 7.8 PCT.</headline>
<byline>Anderson Fumulani</byline>
<dateline>ZOMBA 1997-03-24</dateline>
<text>
<p>Malawi Finance Minister Aleke Banda said in his 1997/98 budget speech on Monday the government hoped to decrease its budget deficit to 7.8 percent from 8.5 percent of Gross Domestic Product in the new financial year.</p>
<p>&quot;The deficit before grants is projected at 3.14 billion kwacha reflecting a decline from 8.5 percent in 1996/97 to 7.8 percent of GDP in 1997/98,&quot; Banda said.</p>
<p>He said the government expected to spend 9.79 billion kwacha ($652.9 million) out of which 7.54 billion kwacha would be recurrent and 2.25 billion kwacha will be spent on development.</p>
<p>Banda said an additional 1.78 billion kwacha will be raised through foreign loans and grants.</p>
<p>The deficit including grants of 1.78 million kwacha was expected to increase to 4.3 percent of GDP in 1997/98 from 3.8 percent the previous year, due to an expected decline in foreign loans.</p>
<p>He said the government aimed to achieve real growth of 7.1 percent during its 1997/98 economic programme, compared to 9.5 percent in 1996.</p>
<p>&quot;This far outstrips Africa's average growth in output of five percent in 1996,&quot; he said.</p>
<p>Banda said that in efforts to increase revenue import duties on raw materials used in manufacturing would be scrapped and a 10 percent surcharge for the hotel industry cut.</p>
<p>&quot;A 10 percent reduction on hotel industry will be effected in conjunction with this measure to promote tourism,&quot; he said.</p>
<p>Banda said corporate tax on export processing zones will be removed completely while new investments of between $5 million and $10 million will be given an option of an indefinite 15 percent tax or a five-year tax holiday.</p>
<p>&quot;New investments in excess of $10 million will be given similar option, but with a tax holiday of 10 years,&quot; he said.</p>
</text>
<copyright>(c) Reuters Limited 1997</copyright>
<metadata>
<codes class="bip:countries:1.0">
  <code code="MALAW">
    <editdetail attribution="Reuters BIP Coding Group" action="confirmed" date="1997-03-25"/>
  </code>
</codes>
<codes class="bip:topics:1.0">
  <code code="E21">
    <editdetail attribution="Reuters BIP Coding Group" action="confirmed" date="1997-03-25"/>
  </code>
  <code code="E211">
    <editdetail attribution="Reuters BIP Coding Group" action="confirmed" date="1997-03-25"/>
  </code>
  <code code="ECAT">
    <editdetail attribution="Reuters BIP Coding Group" action="confirmed" date="1997-03-25"/>
  </code>
</codes>
<dc element="dc.date.created" value="1997-03-24"/>
<dc element="dc.publisher" value="Reuters Holdings Plc"/>
<dc element="dc.date.published" value="1997-03-25"/>
<dc element="dc.source" value="Reuters"/>
<dc element="dc.creator.location" value="ZOMBA"/>
<dc element="dc.creator.location.country.name" value="MALAWI"/>
<dc element="dc.source" value="Reuters"/>
</metadata>
</newsitem>
