<?xml version="1.0" encoding="iso-8859-1" ?>
<newsitem itemid="465439" id="root" date="1997-03-25" xml:lang="en">
<title>DUBAI: HORSE RACING-DUBAI WORLD CUP RUNNERS AND DRAW.</title>
<headline>HORSE RACING-DUBAI WORLD CUP RUNNERS AND DRAW.</headline>
<dateline>DUBAI 1997-03-25</dateline>
<text>
<p>Thirteen runners were declared on</p>
<p>Tuesday in the post position draw for Saturday's second running</p>
<p>of the $4 million Dubai World Cup, the world's richest horse</p>
<p>race, over 10 furlongs (2,000 metres) for four-year-olds and</p>
<p>upwards; value to winner $2.4 million.</p>
<p>Tabulate under post position, horse, owner, trainer, jockey,</p>
<p>odds:</p>
<p>1.  Even Top (B. Schmidt-Bodner) (Mark Tompkins in England)</p>
<p>(Richard Hills) 25-1</p>
<p>2.  Singspiel (Sheikh Mohammed bin Rashid) (Michael Stoute in</p>
<p>England) (Jerry Bailey) 6-1</p>
<p>3.  Formal Gold (John D. Murphy) (William Perry in United</p>
<p>States) (Joe Bravo) 6-1</p>
<p>4.  Helissio (Enrique Sarasola) (Elie Lellouche in France)</p>
<p>(Olivier Peslier) 9-2</p>
<p>5.  Bijou D'Inde (J.S. Morrison) (Mark Johnston in England)</p>
<p>(Jason Weaver) 33-1</p>
<p>6.  Flemensfirth (Sheikh Mohammed bin Rashid) (John Gosden in</p>
<p>England) (Gary Hind) 10-1</p>
<p>7.  Luso (Saeed Manana) (Clive Brittain in England)</p>
<p>(Michael Kinane) 33-1</p>
<p>8.  Hokuto Vega (Kanamori Mori Shoji Co Ltd) (Takao Nakano in</p>
<p>Japan) (Norihiro Yokoyama) 33-1</p>
<p>9.  Juggler (Peter Horwitz) (Gai Waterhouse in Australia)</p>
<p>(Glen Boss) 25-1</p>
<p>10.  Siphon (Eduardo de Paula Machado Linneo) (Richard Mandella</p>
<p>in United States) (David Flores) 5-2</p>
<p>11.  Kammtarra (Sheikh Saeed bin Maktoum) (Saeed bin Suroor in</p>
<p>Dubai) (Frankie Dettori) 8-1</p>
<p>12.  Sandpit (Sierra Thoroughbreds) (Richard Mandella in United</p>
<p>States) (Corey Nakatani) 7-2</p>
<p>13.  Key of Luck (Sheikh Saeed bin Maktoum) (Kiaran McLaughlin</p>
<p>in Dubai) (Carlos Arias) 20-1</p>
</text>
<copyright>(c) Reuters Limited 1997</copyright>
<metadata>
<codes class="bip:countries:1.0">
  <code code="DUBAI">
    <editdetail attribution="Reuters BIP Coding Group" action="confirmed" date="1997-03-25"/>
  </code>
  <code code="UAE">
    <editdetail attribution="Reuters BIP Coding Group" action="confirmed" date="1997-03-25"/>
  </code>
</codes>
<codes class="bip:topics:1.0">
  <code code="GCAT">
    <editdetail attribution="Reuters BIP Coding Group" action="confirmed" date="1997-03-25"/>
  </code>
  <code code="GSPO">
    <editdetail attribution="Reuters BIP Coding Group" action="confirmed" date="1997-03-25"/>
  </code>
</codes>
<dc element="dc.date.created" value="1997-03-25"/>
<dc element="dc.publisher" value="Reuters Holdings Plc"/>
<dc element="dc.date.published" value="1997-03-25"/>
<dc element="dc.source" value="Reuters"/>
<dc element="dc.creator.location" value="DUBAI"/>
<dc element="dc.creator.location.country.name" value="DUBAI"/>
<dc element="dc.source" value="Reuters"/>
</metadata>
</newsitem>
