<?xml version="1.0" encoding="iso-8859-1" ?>
<newsitem itemid="465421" id="root" date="1997-03-25" xml:lang="en">
<title>UK: GOLF-LEHMAN AND FALDO LINE UP FOR WORLD INVITATIONAL.</title>
<headline>GOLF-LEHMAN AND FALDO LINE UP FOR WORLD INVITATIONAL.</headline>
<dateline>LONDON 1997-03-25</dateline>
<text>
<p>British Open champion Tom Lehman of the United States and Englishman Nick Faldo, the U.S. Masters champion, head the line-up for the 800,000-pound ($1.3-million) World Invitational at the Loch Lomond Golf Club in Scotland in July.</p>
<p>South Africa's Ernie Els, U.S. Open winner Steve Jones and European number one Colin Montgomerie of Scotland will also use the event to warm up for the British Open at Royal Troon the following week.</p>
<p>The event, which carries Ryder Cup qualifying status, takes place from July 9 to 12.</p>
<p>Last year's inaugural World Invitational at Loch Lomond was won by Thomas Bjorn of Denmark.</p>
</text>
<copyright>(c) Reuters Limited 1997</copyright>
<metadata>
<codes class="bip:countries:1.0">
  <code code="SAFR">
    <editdetail attribution="Reuters BIP Coding Group" action="confirmed" date="1997-03-25"/>
  </code>
  <code code="UK">
    <editdetail attribution="Reuters BIP Coding Group" action="confirmed" date="1997-03-25"/>
  </code>
  <code code="USA">
    <editdetail attribution="Reuters BIP Coding Group" action="confirmed" date="1997-03-25"/>
  </code>
</codes>
<codes class="bip:topics:1.0">
  <code code="GCAT">
    <editdetail attribution="Reuters BIP Coding Group" action="confirmed" date="1997-03-25"/>
  </code>
  <code code="GSPO">
    <editdetail attribution="Reuters BIP Coding Group" action="confirmed" date="1997-03-25"/>
  </code>
</codes>
<dc element="dc.date.created" value="1997-03-25"/>
<dc element="dc.publisher" value="Reuters Holdings Plc"/>
<dc element="dc.date.published" value="1997-03-25"/>
<dc element="dc.source" value="Reuters"/>
<dc element="dc.creator.location" value="LONDON"/>
<dc element="dc.creator.location.country.name" value="UK"/>
<dc element="dc.source" value="Reuters"/>
</metadata>
</newsitem>
