<?xml version="1.0" encoding="iso-8859-1" ?>
<newsitem itemid="465448" id="root" date="1997-03-25" xml:lang="en">
<title>FRANCE: SOCCER-FRENCH LEAGUE SUMMARIES.</title>
<headline>SOCCER-FRENCH LEAGUE SUMMARIES.</headline>
<dateline>PARIS 1997-03-25</dateline>
<text>
<p>Summaries of French first</p>
<p>division matches on Tuesday:</p>
<p> Lille	   0</p>
<p> Montpellier   4 - Bakayoko 68, 70, 74, Sauzee 82</p>
<p>HT: 0-0  Att: 12,000</p>
<p>- - - -</p>
<p> Bordeaux	0</p>
<p> Nantes	  0</p>
<p>Att: 30,000</p>
<p>- - - -</p>
<p>Playing on Wednesday:</p>
<p>Nice v Monaco </p>
<p>Auxerre v Paris St Germain </p>
<p>Bastia v Cannes </p>
<p>Metz v Lyon </p>
<p>Strasbourg v Caen </p>
<p>Le Havre v Guingamp </p>
<p>Marseille v Nancy </p>
<p>Rennes v Lens</p>
</text>
<copyright>(c) Reuters Limited 1997</copyright>
<metadata>
<codes class="bip:countries:1.0">
  <code code="FRA">
    <editdetail attribution="Reuters BIP Coding Group" action="confirmed" date="1997-03-25"/>
  </code>
  <code code="MONAC">
    <editdetail attribution="Reuters BIP Coding Group" action="confirmed" date="1997-03-25"/>
  </code>
</codes>
<codes class="bip:topics:1.0">
  <code code="GCAT">
    <editdetail attribution="Reuters BIP Coding Group" action="confirmed" date="1997-03-25"/>
  </code>
  <code code="GSPO">
    <editdetail attribution="Reuters BIP Coding Group" action="confirmed" date="1997-03-25"/>
  </code>
</codes>
<dc element="dc.date.created" value="1997-03-25"/>
<dc element="dc.publisher" value="Reuters Holdings Plc"/>
<dc element="dc.date.published" value="1997-03-25"/>
<dc element="dc.source" value="Reuters"/>
<dc element="dc.creator.location" value="PARIS"/>
<dc element="dc.creator.location.country.name" value="FRANCE"/>
<dc element="dc.source" value="Reuters"/>
</metadata>
</newsitem>
