<?xml version="1.0" encoding="iso-8859-1" ?>
<newsitem itemid="465468" id="root" date="1997-03-25" xml:lang="en">
<title>SOUTH AFRICA: S.AFRICA TELKOM TO GET $1BLN OF PRIVATISATION CASH.</title>
<headline>S.AFRICA TELKOM TO GET $1BLN OF PRIVATISATION CASH.</headline>
<dateline>JOHANNESBURG 1997-03-25</dateline>
<text>
<p>South Africa's Telkom will receive $1 billion of the proceeds from the sale of a 30 percent stake in the telecommunications concern with the balance going to the state, deputy president Thabo Mbeki said on Tuesday.  </p>
<p>&quot;I am happy to announce to the people of South Africa that government has decided on the injection of $1 billion of the proceeds of the sale into Telkom to help fund the infrastructure expansion programme,&quot; Mbeki told a telecommunications conference.</p>
<p>&quot;The rest of the proceeds will go to the National Revenue Fund.</p>
<p>&quot;This will commit Telkom to one of the most aggressive roll-out programmes of its kind in the world,&quot; he said.  </p>
<p>Mbeki said the government had given its approval for the immediate finalisation of the sale of the 30 percent stake in state-run Telkom to a consortium comprising SBC Communications Inc and Telekom Malaysia Bhd .</p>
<p>Telkom chairman Dikgang Moseneke said the sale would be settled by a one-off payment in dollars. Officials said the money would be paid at the close of the deal which could be one week to 90 days from the signing, now expected within the next few days.  </p>
<p>Mbeki said Telkom and its partners estimated that 50,000 jobs would be created in the telcommunications sector alone from the increased capital expenditure of Telkom which will almost double in the next five years.</p>
<p>&quot;The boost to the economy will be enormous,&quot; he said.</p>
<p>-- Ben Hirschler, Johannesburg newsroom, +27 11 482-1003</p>
</text>
<copyright>(c) Reuters Limited 1997</copyright>
<metadata>
<codes class="bip:countries:1.0">
  <code code="SAFR">
    <editdetail attribution="Reuters BIP Coding Group" action="confirmed" date="1997-03-25"/>
  </code>
</codes>
<codes class="bip:industries:1.0">
  <code code="I79020">
    <editdetail attribution="Reuters BIP Coding Group" action="confirmed" date="1997-03-25"/>
  </code>
</codes>
<codes class="bip:topics:1.0">
  <code code="C17">
    <editdetail attribution="Reuters BIP Coding Group" action="confirmed" date="1997-03-25"/>
  </code>
  <code code="C18">
    <editdetail attribution="Reuters BIP Coding Group" action="confirmed" date="1997-03-25"/>
  </code>
  <code code="C181">
    <editdetail attribution="Reuters BIP Coding Group" action="confirmed" date="1997-03-25"/>
  </code>
  <code code="C183">
    <editdetail attribution="Reuters BIP Coding Group" action="confirmed" date="1997-03-25"/>
  </code>
  <code code="CCAT">
    <editdetail attribution="Reuters BIP Coding Group" action="confirmed" date="1997-03-25"/>
  </code>
</codes>
<dc element="dc.date.created" value="1997-03-25"/>
<dc element="dc.publisher" value="Reuters Holdings Plc"/>
<dc element="dc.date.published" value="1997-03-25"/>
<dc element="dc.source" value="Reuters"/>
<dc element="dc.creator.location" value="JOHANNESBURG"/>
<dc element="dc.creator.location.country.name" value="SOUTH AFRICA"/>
<dc element="dc.source" value="Reuters"/>
</metadata>
</newsitem>
