<?xml version="1.0" encoding="iso-8859-1" ?>
<newsitem itemid="465579" id="root" date="1997-03-25" xml:lang="en">
<title>UK: NWE straight-run fuel oil stable in thin market.</title>
<headline>NWE straight-run fuel oil stable in thin market.</headline>
<dateline>LONDON 1997-03-25</dateline>
<text>
<p>NWE straight-run fuel prices were stable on Tuesday with little buying interest for anything but Russian cargo.</p>
<p>Offers for low sulphur straight-run were heard around  $105 and $106 fob NWE. No buying was seen although trans- Atlantic interest was indicated.</p>
<p>Russian material was reported to be available occasionally with the post-winter flood not yet apparent.</p>
<p>&quot;Its not a very active market, the Russians are coming up sporadically and everything goes very quickly,&quot; said one trader.</p>
<p>E-4 premiums of from $3 to $5 were being discussed, with levels hard to pin down, traders said. One cargo of M-40 with a high water content was heard traded on Monday but details were unavailable.</p>
<p>At least one Black Sea cargo was heard being offered in the Mediterranean area. It added to good supply of material in the region, though of diverse quality.</p>
<p>Three cargoes of Libyan material loaded at the weekend but their destinations were unclear. A cargo of Tunisian straight-run is being offered by tender to load 6-8 April.</p>
<p>-- London newsroom +44 171 542 8060</p>
</text>
<copyright>(c) Reuters Limited 1997</copyright>
<metadata>
<codes class="bip:countries:1.0">
  <code code="UK">
    <editdetail attribution="Reuters BIP Coding Group" action="confirmed" date="1997-03-25"/>
  </code>
</codes>
<codes class="bip:topics:1.0">
  <code code="M14">
    <editdetail attribution="Reuters BIP Coding Group" action="confirmed" date="1997-03-25"/>
  </code>
  <code code="M143">
    <editdetail attribution="Reuters BIP Coding Group" action="confirmed" date="1997-03-25"/>
  </code>
  <code code="MCAT">
    <editdetail attribution="Reuters BIP Coding Group" action="confirmed" date="1997-03-25"/>
  </code>
</codes>
<dc element="dc.date.created" value="1997-03-25"/>
<dc element="dc.publisher" value="Reuters Holdings Plc"/>
<dc element="dc.date.published" value="1997-03-25"/>
<dc element="dc.source" value="Reuters"/>
<dc element="dc.creator.location" value="LONDON"/>
<dc element="dc.creator.location.country.name" value="UK"/>
<dc element="dc.source" value="Reuters"/>
</metadata>
</newsitem>
