<?xml version="1.0" encoding="iso-8859-1" ?>
<newsitem itemid="465509" id="root" date="1997-03-25" xml:lang="en">
<title>POLAND: WROCLAW APPROVES CIESZYN MERGER.</title>
<headline>WROCLAW APPROVES CIESZYN MERGER.</headline>
<dateline>WARSAW 1997-03-25</dateline>
<text>
<p>Shareholders of Polish paintmaker Polifarb Wroclaw approved a merger with Polifarb Cieszyn but did not vote on Cieszyn's Monday decision to acquire 53.5 percent of the new firm, a Wroclaw official said.</p>
<p>Deputy president of Polifarb Wroclaw Wojciech Solarski said on Tuesday the company's extraordinary shareholders meeting voted for all the necessary motions to carry out the merger including the one-for-one share exchange to effect it.</p>
<p>&quot;All the necessary motions to carry out a merger with Polifarb Cieszyn were passed, we will have the merger,&quot; he said.</p>
<p>Solarski said Wroclaw shareholders did not vote on the Cieszyn shareholders decision that after the merger they should have 53.5 percent in the merged firm and current Wroclaw shareholders 46.5 percent.</p>
<p>On Monday Cieszyn shareholders voted to increase a bonus issue to 6.375 million shares from the earlier planned 2.98 million shares before the merger, to give them later the 53.5 percent control in the new firm.</p>
<p>&quot;The merger will go ahead no matter what will be with the bonus issue,&quot; he said.</p>
<p>Solarski also said the Cieszyn's motion on the scrip issue could yet be challenged, after one of Cieszyn's shareholders Bank Inicjatyw Gospodarczych (BIG) said it was illegal.</p>
<p>&quot;Yesterday BIG protested against the motion and it can yet be disputed and taken to commercial court,&quot; he said.</p>
<p>BIG, which has six percent of Cieszyn through its subsidiaries, declined comment on the issue.</p>
<p>Originally, both companies were to hold 50 percent each in the merged firm, Polifarb Cieszyn-Wroclaw SA, which would command 26 percent of the Polish paint market and account for 40 percent of domestic paint production.</p>
<p>-- Warsaw Newsroom +48 22 653 9700</p>
</text>
<copyright>(c) Reuters Limited 1997</copyright>
<metadata>
<codes class="bip:countries:1.0">
  <code code="POL">
    <editdetail attribution="Reuters BIP Coding Group" action="confirmed" date="1997-03-25"/>
  </code>
</codes>
<codes class="bip:industries:1.0">
  <code code="I25510">
    <editdetail attribution="Reuters BIP Coding Group" action="confirmed" date="1997-03-25"/>
  </code>
</codes>
<codes class="bip:topics:1.0">
  <code code="C18">
    <editdetail attribution="Reuters BIP Coding Group" action="confirmed" date="1997-03-25"/>
  </code>
  <code code="C181">
    <editdetail attribution="Reuters BIP Coding Group" action="confirmed" date="1997-03-25"/>
  </code>
  <code code="CCAT">
    <editdetail attribution="Reuters BIP Coding Group" action="confirmed" date="1997-03-25"/>
  </code>
</codes>
<dc element="dc.date.created" value="1997-03-25"/>
<dc element="dc.publisher" value="Reuters Holdings Plc"/>
<dc element="dc.date.published" value="1997-03-25"/>
<dc element="dc.source" value="Reuters"/>
<dc element="dc.creator.location" value="WARSAW"/>
<dc element="dc.creator.location.country.name" value="POLAND"/>
<dc element="dc.source" value="Reuters"/>
</metadata>
</newsitem>
