<?xml version="1.0" encoding="iso-8859-1" ?>
<newsitem itemid="465559" id="root" date="1997-03-25" xml:lang="en">
<title>UK: Labour to postpones manifesto by one day.</title>
<headline>Labour to postpones manifesto by one day.</headline>
<dateline>LONDON 1997-03-25</dateline>
<text>
<p>Britain's opposition Labour Party said on Tuesday that it would postpone publishing its manifesto so it will not clash with the release of the Conservatives' proposals.</p>
<p>Labour, which is leading the Conservatives by 25 points in the latest opinion polls, will unveil their document on Thursday, April 3, one day later than planned.</p>
<p>Labour campaign manager Peter Mandelson said the Conservatives wanted to use Labour's launch as a smokescreen for their manifesto.</p>
</text>
<copyright>(c) Reuters Limited 1997</copyright>
<metadata>
<codes class="bip:countries:1.0">
  <code code="UK">
    <editdetail attribution="Reuters BIP Coding Group" action="confirmed" date="1997-03-25"/>
  </code>
</codes>
<codes class="bip:topics:1.0">
  <code code="GCAT">
    <editdetail attribution="Reuters BIP Coding Group" action="confirmed" date="1997-03-25"/>
  </code>
  <code code="GPOL">
    <editdetail attribution="Reuters BIP Coding Group" action="confirmed" date="1997-03-25"/>
  </code>
  <code code="GVOTE">
    <editdetail attribution="Reuters BIP Coding Group" action="confirmed" date="1997-03-25"/>
  </code>
</codes>
<dc element="dc.date.created" value="1997-03-25"/>
<dc element="dc.publisher" value="Reuters Holdings Plc"/>
<dc element="dc.date.published" value="1997-03-25"/>
<dc element="dc.source" value="Reuters"/>
<dc element="dc.creator.location" value="LONDON"/>
<dc element="dc.creator.location.country.name" value="UK"/>
<dc element="dc.source" value="Reuters"/>
</metadata>
</newsitem>
