<?xml version="1.0" encoding="iso-8859-1" ?>
<newsitem itemid="465512" id="root" date="1997-03-25" xml:lang="en">
<title>LATVIA: UNIBANKA TO MAKE BONUS SHARE ISSUE.</title>
<headline>UNIBANKA TO MAKE BONUS SHARE ISSUE.</headline>
<dateline>RIGA 1997-03-25</dateline>
<text>
<p>Leading Latvian bank Unibanka shareholders' meeting on Tuesday decided to capitalise the remainder of its profit or 4.98 million lats by issuing bonus shares to be distributed proportionally among shareholders.</p>
<p>The dividend of five santimes and the bonus shares are to be handed by those who are Unibanka's share owners on April 7.</p>
<p>Unibanka has earlier said its audited 1996 profit was 5.978 million lats vs 3.024 in the previous year.</p>
<p>-- Martinsh Gravitis, Riga Newsroom +371 721 5240</p>
</text>
<copyright>(c) Reuters Limited 1997</copyright>
<metadata>
<codes class="bip:countries:1.0">
  <code code="LATV">
    <editdetail attribution="Reuters BIP Coding Group" action="confirmed" date="1997-03-25"/>
  </code>
</codes>
<codes class="bip:industries:1.0">
  <code code="I81402">
    <editdetail attribution="Reuters BIP Coding Group" action="confirmed" date="1997-03-25"/>
  </code>
</codes>
<codes class="bip:topics:1.0">
  <code code="C17">
    <editdetail attribution="Reuters BIP Coding Group" action="confirmed" date="1997-03-25"/>
  </code>
  <code code="C171">
    <editdetail attribution="Reuters BIP Coding Group" action="confirmed" date="1997-03-25"/>
  </code>
  <code code="CCAT">
    <editdetail attribution="Reuters BIP Coding Group" action="confirmed" date="1997-03-25"/>
  </code>
</codes>
<dc element="dc.date.created" value="1997-03-25"/>
<dc element="dc.publisher" value="Reuters Holdings Plc"/>
<dc element="dc.date.published" value="1997-03-25"/>
<dc element="dc.source" value="Reuters"/>
<dc element="dc.creator.location" value="RIGA"/>
<dc element="dc.creator.location.country.name" value="LATVIA"/>
<dc element="dc.source" value="Reuters"/>
</metadata>
</newsitem>
