<?xml version="1.0" encoding="iso-8859-1" ?>
<newsitem itemid="465531" id="root" date="1997-03-25" xml:lang="en">
<title>CZECH REPUBLIC: CZECH CBANK TO AUCTION TWO-YEAR STATE BONDS MAY 6. [CORRECTED 14:45 GMT]</title>
<headline>CZECH CBANK TO AUCTION TWO-YEAR STATE BONDS MAY 6. [CORRECTED 14:45 GMT]</headline>
<dateline>PRAGUE 1997-03-25</dateline>
<text>
<p>The Czech central bank on Tuesday said it will auction a five billion crown tranche of two year state bonds on May 6.</p>
<p>The central bank added in a statement that yield would be determined at the auction.</p>
<p>Bids for the paper will be accepted until 1100 GMT on May 5, it added. </p>
<p>In its last auction of similar bonds on November 5, maximum yield was set at 11.6 percent.</p>
<p>The bonds will be governed by Czech law and will be issued in book entry form.</p>
<p>Government bonds issued between August 1, 1993 and December 31, 1996 are not subject to the Czech 25 percent withholding tax. All government bonds after the end of 1996 are subject to a 25 percent withholding tax. (Corrects to clarify which bonds are subject to withholding tax.)</p>
<p>-- Prague Newsroom, 420-2-2423-0003</p>
</text>
<copyright>(c) Reuters Limited 1997</copyright>
<metadata>
<codes class="bip:countries:1.0">
  <code code="CZREP">
    <editdetail attribution="Reuters BIP Coding Group" action="confirmed" date="1997-03-25"/>
  </code>
</codes>
<codes class="bip:topics:1.0">
  <code code="E21">
    <editdetail attribution="Reuters BIP Coding Group" action="confirmed" date="1997-03-25"/>
  </code>
  <code code="E212">
    <editdetail attribution="Reuters BIP Coding Group" action="confirmed" date="1997-03-25"/>
  </code>
  <code code="ECAT">
    <editdetail attribution="Reuters BIP Coding Group" action="confirmed" date="1997-03-25"/>
  </code>
  <code code="M12">
    <editdetail attribution="Reuters BIP Coding Group" action="confirmed" date="1997-03-25"/>
  </code>
  <code code="MCAT">
    <editdetail attribution="Reuters BIP Coding Group" action="confirmed" date="1997-03-25"/>
  </code>
</codes>
<dc element="dc.date.created" value="1997-03-25"/>
<dc element="dc.publisher" value="Reuters Holdings Plc"/>
<dc element="dc.date.published" value="1997-03-25"/>
<dc element="dc.source" value="Reuters"/>
<dc element="dc.creator.location" value="PRAGUE"/>
<dc element="dc.creator.location.country.name" value="CZECH REPUBLIC"/>
<dc element="dc.source" value="Reuters"/>
</metadata>
</newsitem>
