<?xml version="1.0" encoding="iso-8859-1" ?>
<newsitem itemid="465550" id="root" date="1997-03-25" xml:lang="en">
<title>UK: UK natural gas prices - March 25.</title>
<headline>UK natural gas prices - March 25.</headline>
<text>
<p>Bacton		    Bacton	    St Fergus</p>
<p>24 hr	  9.50/ 9.75					9.50/ 9.75</p>
<p>bal. Mar     9.20/ 9.40					9.20/ 9.40</p>
<p>Apr	    9.65/ 9.80					9.65/ 9.80</p>
<p>May	    9.70/ 9.85					9.70/ 9.85</p>
<p>Jun	    9.70/ 9.85</p>
<p>Jul	    9.75/ 9.90</p>
<p>Aug	    9.70/ 9.90</p>
<p>2Q97	   9.70/ 9.85</p>
<p>3Q97	   9.85/10.00</p>
<p>4Q97	  12.90/13.10	YrOct97   12.20/12.40</p>
</text>
<copyright>(c) Reuters Limited 1997</copyright>
<metadata>
<codes class="bip:countries:1.0">
  <code code="UK">
    <editdetail attribution="Reuters BIP Coding Group" action="confirmed" date="1997-03-25"/>
  </code>
</codes>
<codes class="bip:topics:1.0">
  <code code="M14">
    <editdetail attribution="Reuters BIP Coding Group" action="confirmed" date="1997-03-25"/>
  </code>
  <code code="M143">
    <editdetail attribution="Reuters BIP Coding Group" action="confirmed" date="1997-03-25"/>
  </code>
  <code code="MCAT">
    <editdetail attribution="Reuters BIP Coding Group" action="confirmed" date="1997-03-25"/>
  </code>
</codes>
<dc element="dc.publisher" value="Reuters Holdings Plc"/>
<dc element="dc.date.published" value="1997-03-25"/>
<dc element="dc.source" value="Reuters"/>
<dc element="dc.creator.location.country.name" value="UK"/>
<dc element="dc.source" value="Reuters"/>
</metadata>
</newsitem>
