<?xml version="1.0" encoding="iso-8859-1" ?>
<newsitem itemid="465572" id="root" date="1997-03-25" xml:lang="en">
<title>UK: British utilities aim to offer value for money.</title>
<headline>British utilities aim to offer value for money.</headline>
<byline>Jo Winterbottom</byline>
<dateline>STRATFORD, England 1997-03-25</dateline>
<text>
<p>Britain's utility companies are aiming to win customers but at the same time boost company rewards with a variety of approaches, ahead of liberalisation of the country's gas and electricity markets in 1998, company executives said on Tuesday.</p>
<p>&quot;We aim to add value in a way that means the customer gains and the company gains,&quot; Duncan Whyte, executive director of multi-utility at Scottish Power plc told a three-day utilities conference here.</p>
<p>He said Scottish Power, which owns regional electricity company (REC) Manweb and water firm Southern Water, had a strategy of diversifying into other utility businesses, expanding in those markets and taking opportunities in electricity internationally.</p>
<p>He said that &quot;size and scale is important&quot; for the company to maximise possibilities of offering efficiency savings, but added that &quot;quality of service, quality of supply&quot; were important factors as well as price.</p>
<p>Standards of service are the key factor for Centrica plc, according to Mike Alexander, managing director of Centrica's British Gas Trading (BGT).</p>
<p>&quot;High standards of customer service will be the difference between winners and losers in the competitive market,&quot; he told the conference, which will hear from Clare Spottiswoode, head of the gas industry regulator Ofgas, on Wednesday.</p>
<p>&quot;We won't be the cheapest gas supplier, but we will offer value for money,&quot; he added.</p>
<p>British Gas plc, now demerged into Centrica and BG plc, lost 85,000 customers during recent preliminary trials of a liberalised market in the south west of England, Brian Murphy, director of customer operations at BGT, told the conference.</p>
<p>Alexander said the aims for BGT to become a complete energy company included maximising customer loyalty, value for money, competitor differentiation and diversification from its core business, largely through alliances.</p>
<p>Eastern, the electricity business of the Energy Group plc, spun off from conglomerate Hanson earlier this year, sees its energy trading arm as the prime driver for profit growth, Jim Whelan, director of gas and energy management, said.</p>
<p>&quot;The real synergies and the real possibilities for profit growth are in Super Trader,&quot; the arm of the company which manages risk and aims for arbitrage benefits of both producing and supplying electricity along with gas interests.</p>
<p>Whelan said he felt competition in Britain's generating market, where National Power plc and PowerGen plc were forced to sell capacity to the Hanson company by the government, had not gone far enough.</p>
<p>But he added that it could not be forced and with newer plants coming on stream should be &quot;a fairly active generation market&quot; by 2001 or 2002.</p>
<p>He said Eastern had no intention of moving into the water business as part of its multi-utility activities, adding that the company felt an integrated gas and electricity business &quot;is the right format.&quot;</p>
<p>At Hyder plc, the Welsh electricity and water utility formed when Welsh Water took control of South Wales Electricity (Swalec) early in 1996, cost advantages which can deliver either lower prices or higher standards or both are &quot;a decided advantage in a competitive market,&quot; John Roberts, chief executive of Swalec, said.</p>
<p>He said the key factors differentiating Hyder from its competitors were a strong management team, clear focus and shared customer base and support services between its utility arms.</p>
<p>&quot;For a multi-utility to be a success, it must have many similarities and few differences,&quot; Roberts said.</p>
</text>
<copyright>(c) Reuters Limited 1997</copyright>
<metadata>
<codes class="bip:countries:1.0">
  <code code="UK">
    <editdetail attribution="Reuters BIP Coding Group" action="confirmed" date="1997-03-25"/>
  </code>
</codes>
<codes class="bip:industries:1.0">
  <code code="I16000">
    <editdetail attribution="Reuters BIP Coding Group" action="confirmed" date="1997-03-25"/>
  </code>
  <code code="I16100">
    <editdetail attribution="Reuters BIP Coding Group" action="confirmed" date="1997-03-25"/>
  </code>
  <code code="I16200">
    <editdetail attribution="Reuters BIP Coding Group" action="confirmed" date="1997-03-25"/>
  </code>
  <code code="I17000">
    <editdetail attribution="Reuters BIP Coding Group" action="confirmed" date="1997-03-25"/>
  </code>
</codes>
<codes class="bip:topics:1.0">
  <code code="C15">
    <editdetail attribution="Reuters BIP Coding Group" action="confirmed" date="1997-03-25"/>
  </code>
  <code code="C152">
    <editdetail attribution="Reuters BIP Coding Group" action="confirmed" date="1997-03-25"/>
  </code>
  <code code="C31">
    <editdetail attribution="Reuters BIP Coding Group" action="confirmed" date="1997-03-25"/>
  </code>
  <code code="C313">
    <editdetail attribution="Reuters BIP Coding Group" action="confirmed" date="1997-03-25"/>
  </code>
  <code code="C34">
    <editdetail attribution="Reuters BIP Coding Group" action="confirmed" date="1997-03-25"/>
  </code>
  <code code="CCAT">
    <editdetail attribution="Reuters BIP Coding Group" action="confirmed" date="1997-03-25"/>
  </code>
</codes>
<dc element="dc.date.created" value="1997-03-25"/>
<dc element="dc.publisher" value="Reuters Holdings Plc"/>
<dc element="dc.date.published" value="1997-03-25"/>
<dc element="dc.source" value="Reuters"/>
<dc element="dc.creator.location" value="STRATFORD, England"/>
<dc element="dc.creator.location.country.name" value="UK"/>
<dc element="dc.source" value="Reuters"/>
</metadata>
</newsitem>
