<?xml version="1.0" encoding="iso-8859-1" ?>
<newsitem itemid="465573" id="root" date="1997-03-25" xml:lang="en">
<title>UK: London LIFFE futures APT closing prices.</title>
<headline>London LIFFE futures APT closing prices.</headline>
<dateline>LONDON 1997-03-25</dateline>
<text>
<p>London International Financial Futures Exchange automated pit trading (APT) tabular details:</p>
<p>   CONTRACT (MONTH)	APT CLOSE  SETTLEMENT  PREVIOUS SETTLE</p>
<p>   LONG GILT (JUN) (1/32)   109-18	109-17	     109-28</p>
<p>   SHORT STERLING (JUN)	93.34	 93.34		93.32</p>
<p>   GERMAN GOVT BOND (JUN)   100.45	100.47	     100.13</p>
<p>   EUROMARK (APR)		96.69	 96.69		96.73</p>
<p>   ITALIAN GOVT BOND (JUN)  125.29	125.21	     124.50</p>
<p>   EUROLIRA (JUN)		92.68	 92.70		92.69</p>
<p>   EUROSWISS (JUN)	     98-16	 98-16		98-13</p>
<p>   FTSE 100 (JUN)	   4,302.00    4,293.00	   4,238.00</p>
</text>
<copyright>(c) Reuters Limited 1997</copyright>
<metadata>
<codes class="bip:countries:1.0">
  <code code="UK">
    <editdetail attribution="Reuters BIP Coding Group" action="confirmed" date="1997-03-25"/>
  </code>
</codes>
<codes class="bip:topics:1.0">
  <code code="M12">
    <editdetail attribution="Reuters BIP Coding Group" action="confirmed" date="1997-03-25"/>
  </code>
  <code code="MCAT">
    <editdetail attribution="Reuters BIP Coding Group" action="confirmed" date="1997-03-25"/>
  </code>
</codes>
<dc element="dc.date.created" value="1997-03-25"/>
<dc element="dc.publisher" value="Reuters Holdings Plc"/>
<dc element="dc.date.published" value="1997-03-25"/>
<dc element="dc.source" value="Reuters"/>
<dc element="dc.creator.location" value="LONDON"/>
<dc element="dc.creator.location.country.name" value="UK"/>
<dc element="dc.source" value="Reuters"/>
</metadata>
</newsitem>
