<?xml version="1.0" encoding="iso-8859-1" ?>
<newsitem itemid="465570" id="root" date="1997-03-25" xml:lang="en">
<title>UK: BP, Greenpeace meet to discuss Atlantic oil projects.</title>
<headline>BP, Greenpeace meet to discuss Atlantic oil projects.</headline>
<dateline>LONDON 1997-03-25</dateline>
<text>
<p>Oil major British Petroleum has met with Greenpeace to discuss the environmental group's concerns over oil developments on Britain's Atlantic margin, representatives of both sides said on Tuesday.</p>
<p>&quot;We did have a briefing on our operations West of Shetland with Greenpeace, and we have written to them,&quot; said a spokesman for BP.</p>
<p>Sarah Burton, campaigns director for Greenpeace, said that a meeting had taken place on February 21.</p>
<p>But she said rumours that Greenpeace was to take direct action to sabotage BP's operations in the Atlantic area west of the Shetland Islands were started by the oil company.</p>
<p>&quot;It's clear that some of the rumours were started by BP. But we haven't made any threats of direct action,&quot; Burton said.</p>
<p>She added that the organisation could not rule out future action as it does not discuss future plans.</p>
<p>&quot;We are opposed to (BP's) development and exploration in the Atlantic frontier,&quot; she said.</p>
<p>BP is operator of the Foinaven field which is due on stream in a matter of weeks and expected to reach peak production of 120,000 barrels per day.</p>
<p>A second field, Schiehallion, is due onstream in mid-1998, while earlier this month BP announced the discovery of a third field, Suilven.</p>
<p>-- Rosalind Russell, London Newsroom +44 171 542 5387</p>
</text>
<copyright>(c) Reuters Limited 1997</copyright>
<metadata>
<codes class="bip:countries:1.0">
  <code code="UK">
    <editdetail attribution="Reuters BIP Coding Group" action="confirmed" date="1997-03-25"/>
  </code>
</codes>
<codes class="bip:industries:1.0">
  <code code="I13000">
    <editdetail attribution="Reuters BIP Coding Group" action="confirmed" date="1997-03-25"/>
  </code>
  <code code="I1300003">
    <editdetail attribution="Reuters BIP Coding Group" action="confirmed" date="1997-03-25"/>
  </code>
</codes>
<codes class="bip:topics:1.0">
  <code code="C24">
    <editdetail attribution="Reuters BIP Coding Group" action="confirmed" date="1997-03-25"/>
  </code>
  <code code="CCAT">
    <editdetail attribution="Reuters BIP Coding Group" action="confirmed" date="1997-03-25"/>
  </code>
  <code code="GCAT">
    <editdetail attribution="Reuters BIP Coding Group" action="confirmed" date="1997-03-25"/>
  </code>
  <code code="GENV">
    <editdetail attribution="Reuters BIP Coding Group" action="confirmed" date="1997-03-25"/>
  </code>
</codes>
<dc element="dc.date.created" value="1997-03-25"/>
<dc element="dc.publisher" value="Reuters Holdings Plc"/>
<dc element="dc.date.published" value="1997-03-25"/>
<dc element="dc.source" value="Reuters"/>
<dc element="dc.creator.location" value="LONDON"/>
<dc element="dc.creator.location.country.name" value="UK"/>
<dc element="dc.source" value="Reuters"/>
</metadata>
</newsitem>
