<?xml version="1.0" encoding="iso-8859-1" ?>
<newsitem itemid="465575" id="root" date="1997-03-25" xml:lang="en">
<title>UK: NWE gas oil steady on IPE, despite weaker premiums.</title>
<headline>NWE gas oil steady on IPE, despite weaker premiums.</headline>
<dateline>LONDON 1997-03-25</dateline>
<text>
<p>NWE gas oil was steady on Tuesday propped up by stronger IPE futures which countered the downward pull of premiums.</p>
<p>Heating oil barges were the only real gainer as premiums held and prices were boosted by futures.</p>
<p>April IPE gas oil last traded at $172.25, $1.50 a tonne stronger.</p>
<p>Russian cargo premiums fell from April IPE +$2-4 cif NWE to April IPE +$1-2 cif with a 20,000 tonne cargo sold at April IPE +$1.85 cif NWE, even though traders said supplies remained tight.</p>
<p>&quot;The whole gas oil complex looks to be drifting down,&quot; said one trader. The larger Russian cargoes were still expected to head to eastwards with the arb likely to work into April for May arrivals.</p>
<p>DIN premiums were also thought to have eased, despite unchanged bids of April IPE +$5 cif Germany. A 20kt cargo was offered at April +$4 cif Hamburg or Bremen while a 20kt cargo was available at April IPE +$3 cif Hamburg.</p>
<p>-- London Newsroom +44 171 542 8980</p>
</text>
<copyright>(c) Reuters Limited 1997</copyright>
<metadata>
<codes class="bip:countries:1.0">
  <code code="UK">
    <editdetail attribution="Reuters BIP Coding Group" action="confirmed" date="1997-03-25"/>
  </code>
</codes>
<codes class="bip:topics:1.0">
  <code code="M14">
    <editdetail attribution="Reuters BIP Coding Group" action="confirmed" date="1997-03-25"/>
  </code>
  <code code="M143">
    <editdetail attribution="Reuters BIP Coding Group" action="confirmed" date="1997-03-25"/>
  </code>
  <code code="MCAT">
    <editdetail attribution="Reuters BIP Coding Group" action="confirmed" date="1997-03-25"/>
  </code>
</codes>
<dc element="dc.date.created" value="1997-03-25"/>
<dc element="dc.publisher" value="Reuters Holdings Plc"/>
<dc element="dc.date.published" value="1997-03-25"/>
<dc element="dc.source" value="Reuters"/>
<dc element="dc.creator.location" value="LONDON"/>
<dc element="dc.creator.location.country.name" value="UK"/>
<dc element="dc.source" value="Reuters"/>
</metadata>
</newsitem>
