<?xml version="1.0" encoding="iso-8859-1" ?>
<newsitem itemid="465518" id="root" date="1997-03-25" xml:lang="en">
<title>HUNGARY: HUNGARY SAYS NO CONCESSIONS TO PROTESTING FARMERS.</title>
<headline>HUNGARY SAYS NO CONCESSIONS TO PROTESTING FARMERS.</headline>
<byline>Denes Albert</byline>
<dateline>BUDAPEST 1997-03-25</dateline>
<text>
<p>Hungary's Agriculture Minister on Tuesday ruled out further concessions to hardline farmers' union METESZ which plans to disrupt traffic at six border crossings on Wednesday.</p>
<p>&quot;I don't see that further concessions are justified,&quot; Frigyes Nagy told Reuters as members of parliament held an emergency debate on tax regulation amendments to which the government agreed after a series of roadblocks set up by METESZ last month.</p>
<p>METESZ farmers plan to slow down traffic by blocking one lane and will attempt to hinder traffic at frontiers with all neighbouring countries except Croatia by repeatedly crossing the border with their cars.</p>
<p>The grouping is one of the smaller but more radical of Hungary's almost thirty farmers' unions which have so far failed to establish a common stance over land ownership, distribution of subsidies and farming taxation.</p>
<p>Nagy said METESZ's claims represent the interests of roughly one-fifth of Hungary's individual farmers.</p>
<p>&quot;I think they stand for about 15 to 20 percent of Hungary's farmers,&quot; he said, although he acknowledged that larger numbers of farmers were worried about the sector's future.</p>
<p>&quot;If we look at the more general question of the agriculture's low profitability, more could be affected,&quot; he said.</p>
<p>He also said that the ministry had very little room for manoeuvre within the present budget constraints.</p>
<p>&quot;(Financial) sources available for the agriculture are not enough to achieve an improvement in the near future,&quot; Nagy said.</p>
<p>Hungary's agricultural output has dropped some 40 percent since the mid-80s and the Socialist-led government, which came to power in the summer of 1994, first presented a long-term farming policy draft at the beginning of March.</p>
<p>Opposition parties, farmers' unions and experts have criticised the draft for not going beyond generalities and failing to address the present crisis.</p>
<p>During Wednesday's emergency debate, however, all opposition parties signalled their intention to vote for the government amendments on tax relief for individual farmers,</p>
<p>&quot;It is better than than nothing, but only by a small margin,&quot; opposition Democratic Forum MP Zoltan Bogardi said.</p>
</text>
<copyright>(c) Reuters Limited 1997</copyright>
<metadata>
<codes class="bip:countries:1.0">
  <code code="HUNG">
    <editdetail attribution="Reuters BIP Coding Group" action="confirmed" date="1997-03-25"/>
  </code>
</codes>
<codes class="bip:industries:1.0">
  <code code="I01001">
    <editdetail attribution="Reuters BIP Coding Group" action="confirmed" date="1997-03-25"/>
  </code>
</codes>
<codes class="bip:topics:1.0">
  <code code="C42">
    <editdetail attribution="Reuters BIP Coding Group" action="confirmed" date="1997-03-25"/>
  </code>
  <code code="CCAT">
    <editdetail attribution="Reuters BIP Coding Group" action="confirmed" date="1997-03-25"/>
  </code>
  <code code="E41">
    <editdetail attribution="Reuters BIP Coding Group" action="confirmed" date="1997-03-25"/>
  </code>
  <code code="ECAT">
    <editdetail attribution="Reuters BIP Coding Group" action="confirmed" date="1997-03-25"/>
  </code>
  <code code="GCAT">
    <editdetail attribution="Reuters BIP Coding Group" action="confirmed" date="1997-03-25"/>
  </code>
  <code code="GJOB">
    <editdetail attribution="Reuters BIP Coding Group" action="confirmed" date="1997-03-25"/>
  </code>
  <code code="GPOL">
    <editdetail attribution="Reuters BIP Coding Group" action="confirmed" date="1997-03-25"/>
  </code>
  <code code="GVIO">
    <editdetail attribution="Reuters BIP Coding Group" action="confirmed" date="1997-03-25"/>
  </code>
</codes>
<dc element="dc.date.created" value="1997-03-25"/>
<dc element="dc.publisher" value="Reuters Holdings Plc"/>
<dc element="dc.date.published" value="1997-03-25"/>
<dc element="dc.source" value="Reuters"/>
<dc element="dc.creator.location" value="BUDAPEST"/>
<dc element="dc.creator.location.country.name" value="HUNGARY"/>
<dc element="dc.source" value="Reuters"/>
</metadata>
</newsitem>
