<?xml version="1.0" encoding="iso-8859-1" ?>
<newsitem itemid="465540" id="root" date="1997-03-25" xml:lang="en">
<title>ESTONIA: SAKU TO PAY ONE KROON PER SHARE DIVIDEND.</title>
<headline>SAKU TO PAY ONE KROON PER SHARE DIVIDEND.</headline>
<dateline>TALLINN 1997-03-25</dateline>
<text>
<p>Saku brewery said on Tuesday that their share holders meeting decided the company will pay a dividend of one kroon per share or eight million kroons and 6.5 million kroons will be paid into the company's reserve capital.</p>
<p>Saku, listed on the free market of stock exchange, also said the shareholders approved the company's financial statement with a profit of 27.3 million kroon for 1996.</p>
<p>-- David Mardiste, Tallinn newsroom +372 630 8400 reuters@reuter.ee</p>
</text>
<copyright>(c) Reuters Limited 1997</copyright>
<metadata>
<codes class="bip:countries:1.0">
  <code code="ESTNIA">
    <editdetail attribution="Reuters BIP Coding Group" action="confirmed" date="1997-03-25"/>
  </code>
</codes>
<codes class="bip:industries:1.0">
  <code code="I42700">
    <editdetail attribution="Reuters BIP Coding Group" action="confirmed" date="1997-03-25"/>
  </code>
</codes>
<codes class="bip:topics:1.0">
  <code code="C15">
    <editdetail attribution="Reuters BIP Coding Group" action="confirmed" date="1997-03-25"/>
  </code>
  <code code="C151">
    <editdetail attribution="Reuters BIP Coding Group" action="confirmed" date="1997-03-25"/>
  </code>
  <code code="CCAT">
    <editdetail attribution="Reuters BIP Coding Group" action="confirmed" date="1997-03-25"/>
  </code>
</codes>
<dc element="dc.date.created" value="1997-03-25"/>
<dc element="dc.publisher" value="Reuters Holdings Plc"/>
<dc element="dc.date.published" value="1997-03-25"/>
<dc element="dc.source" value="Reuters"/>
<dc element="dc.creator.location" value="TALLINN"/>
<dc element="dc.creator.location.country.name" value="ESTONIA"/>
<dc element="dc.source" value="Reuters"/>
</metadata>
</newsitem>
