<?xml version="1.0" encoding="iso-8859-1" ?>
<newsitem itemid="465541" id="root" date="1997-03-25" xml:lang="en">
<title>LATVIA: UNIBANKA, ZEMES REFUSE MORE DETAIL ON MERGER END.</title>
<headline>UNIBANKA, ZEMES REFUSE MORE DETAIL ON MERGER END.</headline>
<dateline>RIGA 1997-03-25</dateline>
<text>
<p>Leading banks Unibanka and Zemes Banka, which have shocked the financial markets by cancelling a planned merger, refused to make further comment before a press conference in just over one hour's time.</p>
<p>&quot;I cannot say anything more at the moment,&quot; Zemes Banka's spokeswoman told Reuters.</p>
<p>She repeated an earlier statement, which said the two banks will now continue to operate normally as two independent banks.</p>
<p>An Unibanka spokeswoman said that all questions would be answered at the press conference.</p>
<p>The two banks earlier announced that a planned merger was cancelled as it seemed that the synergies to be gained from merging would not be as big as originally thought.</p>
<p>They said that the talks on a merger will now cease.</p>
<p>-- Patrick Lannin, Riga Newsroom +371 721 5240</p>
</text>
<copyright>(c) Reuters Limited 1997</copyright>
<metadata>
<codes class="bip:countries:1.0">
  <code code="LATV">
    <editdetail attribution="Reuters BIP Coding Group" action="confirmed" date="1997-03-25"/>
  </code>
</codes>
<codes class="bip:industries:1.0">
  <code code="I81402">
    <editdetail attribution="Reuters BIP Coding Group" action="confirmed" date="1997-03-25"/>
  </code>
</codes>
<codes class="bip:topics:1.0">
  <code code="C18">
    <editdetail attribution="Reuters BIP Coding Group" action="confirmed" date="1997-03-25"/>
  </code>
  <code code="C181">
    <editdetail attribution="Reuters BIP Coding Group" action="confirmed" date="1997-03-25"/>
  </code>
  <code code="CCAT">
    <editdetail attribution="Reuters BIP Coding Group" action="confirmed" date="1997-03-25"/>
  </code>
</codes>
<dc element="dc.date.created" value="1997-03-25"/>
<dc element="dc.publisher" value="Reuters Holdings Plc"/>
<dc element="dc.date.published" value="1997-03-25"/>
<dc element="dc.source" value="Reuters"/>
<dc element="dc.creator.location" value="RIGA"/>
<dc element="dc.creator.location.country.name" value="LATVIA"/>
<dc element="dc.source" value="Reuters"/>
</metadata>
</newsitem>
