<?xml version="1.0" encoding="iso-8859-1" ?>
<newsitem itemid="465599" id="root" date="1997-03-25" xml:lang="en">
<title>UK: UK grain futures ease on sterling strength.</title>
<headline>UK grain futures ease on sterling strength.</headline>
<dateline>LONDON 1997-03-25</dateline>
<text>
<p>LIFFE grain futures eased on the strength of sterling, traders said.</p>
<p>But the market was well underpinned by shipper interest in particular, which meant that the effect of currency moves was muted.</p>
<p>&quot;If you look where sterling is, it should be a lot easier,&quot; one trader said.</p>
<p>There had been no change in the fundamental state of the market, he said.</p>
<p>Trade in wheat was concentrated on the old crop months, with July most active. July last traded 0.40 stg lower at 104.00 stg. July volume was 259 lots of a total 616. Much of the rest, a further 242 lots, were on May.</p>
<p>On barley November dominated, with 60 of a total 68 lots. November last changed hands 0.50 stg lower at 94.75 stg.</p>
<p>--Christopher Lyddon, London newsroom, +44 171 542 7928</p>
</text>
<copyright>(c) Reuters Limited 1997</copyright>
<metadata>
<codes class="bip:countries:1.0">
  <code code="UK">
    <editdetail attribution="Reuters BIP Coding Group" action="confirmed" date="1997-03-25"/>
  </code>
</codes>
<codes class="bip:topics:1.0">
  <code code="M14">
    <editdetail attribution="Reuters BIP Coding Group" action="confirmed" date="1997-03-25"/>
  </code>
  <code code="M141">
    <editdetail attribution="Reuters BIP Coding Group" action="confirmed" date="1997-03-25"/>
  </code>
  <code code="MCAT">
    <editdetail attribution="Reuters BIP Coding Group" action="confirmed" date="1997-03-25"/>
  </code>
</codes>
<dc element="dc.date.created" value="1997-03-25"/>
<dc element="dc.publisher" value="Reuters Holdings Plc"/>
<dc element="dc.date.published" value="1997-03-25"/>
<dc element="dc.source" value="Reuters"/>
<dc element="dc.creator.location" value="LONDON"/>
<dc element="dc.creator.location.country.name" value="UK"/>
<dc element="dc.source" value="Reuters"/>
</metadata>
</newsitem>
