<?xml version="1.0" encoding="iso-8859-1" ?>
<newsitem itemid="465589" id="root" date="1997-03-25" xml:lang="en">
<title>UK: Mideast VLCCs edge up, Caribs continue to climb.</title>
<headline>Mideast VLCCs edge up, Caribs continue to climb.</headline>
<dateline>LONDON 1997-03-25</dateline>
<text>
<p>Middle East very large crude carrier rates were slightly firmer on Tuesday after a heavy load of fixtures on Monday, brokers said.</p>
<p>Fixtures included the 290,000 tonne Tartar which was set to sail from the Iraqi port of Mina al-Bakr to the U.S. Gulf at W55 for Bayoil, loading April 10.</p>
<p>VLCC fixtures eastwards, especially to South Korea, were more numerous, however, with the rate for 250,000 tonnes to Singapore firming to W67.5 from W62.5/65, brokers said.</p>
<p>&quot;Six or seven ships were fixed yesterday Middle East/east. Rates are moving up even though today hasn't been as busy. Next week could see an improvement to around W70 for a modern ship,&quot; one broker said.</p>
<p>The U.S./upcoast sector continued its spectacular climb of recent weeks, with 70,000 tonne crude cargoes hitting W250, against a 1996 average of W148 and a February average of just W131.6, according to New York-based Rigos Chartering Inc.</p>
<p>U.S./upcoast 50,000 tonne fuel oil cargoes edged up to W215 from W212.5.</p>
<p>The West Africa market was quieter, with brokers quoting W70 for a 260,000 tonne VLCC to the U.S. and W97.5 for a 130,000 tonner.</p>
<p>In the Mediterranean, 130,000 tonne cargoes were unchanged at around W100 in quiet trade, with 80,000 tonnes also flat at W120. Inter-U.K./cont 80,000 tonne vessels remained at a firm W140.</p>
<p>Fuel oil firmed five points to W205 for 25,000 tonnes inter-U.K./Cont and to W210 cross-Med. &quot;There's simply no tonnage for prompt dates on the Continent,&quot; an Italian broker said.</p>
<p>-- London newsroom +44 171 542 4088</p>
</text>
<copyright>(c) Reuters Limited 1997</copyright>
<metadata>
<codes class="bip:countries:1.0">
  <code code="UK">
    <editdetail attribution="Reuters BIP Coding Group" action="confirmed" date="1997-03-25"/>
  </code>
</codes>
<codes class="bip:topics:1.0">
  <code code="M14">
    <editdetail attribution="Reuters BIP Coding Group" action="confirmed" date="1997-03-25"/>
  </code>
  <code code="MCAT">
    <editdetail attribution="Reuters BIP Coding Group" action="confirmed" date="1997-03-25"/>
  </code>
</codes>
<dc element="dc.date.created" value="1997-03-25"/>
<dc element="dc.publisher" value="Reuters Holdings Plc"/>
<dc element="dc.date.published" value="1997-03-25"/>
<dc element="dc.source" value="Reuters"/>
<dc element="dc.creator.location" value="LONDON"/>
<dc element="dc.creator.location.country.name" value="UK"/>
<dc element="dc.source" value="Reuters"/>
</metadata>
</newsitem>
