<?xml version="1.0" encoding="iso-8859-1" ?>
<newsitem itemid="465563" id="root" date="1997-03-25" xml:lang="en">
<title>UK: Med oil products hold ground underpinned by crude.</title>
<headline>Med oil products hold ground underpinned by crude.</headline>
<dateline>LONDON 1997-03-25</dateline>
<text>
<p>Mediterranean oil products were all steady to a touch firmer on Tuesday, traders said.</p>
<p>Gasoline markets were steady to firmer tracking crude and products futures. Most players are thought to have covered short term commitments ahead of the Easter weekend holidays.</p>
<p>Supplies were expected to tighten with refiners looking mostly covered combined with warmer weather that may create some extra demand from drivers.</p>
<p>&quot;The market tracked the losses on crude on Monday but the underlying sentiment is bullish and those losses have been reversed today,&quot; one trader said.</p>
<p>Prompt Eurograde cargoes valued around $202 cif Med.</p>
<p>Naphtha was steady but with firmer crude and fresh interest from the Asia giving a more bullish tone. Local buying interest was pegged in the low $190s cif Med but arbitrage options kept sellers scarce. Far East product is valued around $229 for May 16-31 delivery.</p>
<p>Fuel oil markets were stable with high sulphur markets on the tight side and low sulphur cargoes being offered into the Med from out of the region. Little business was done.</p>
<p>Prices were broadly unchanged with low sulphur cif offers talked in the $104 to $108 level. Lower low sulphur values in northern Europe were keeping offer levels down.</p>
<p>Transatlantic material was heard being firmly indicated into the Med, although the arbitrage looked tight, and the offers were above those coming from Europe, buyers said.</p>
<p>Asian interest was still drawing Russian gas oil eastwards amid few signs that the arb was likely to close. Traders said it was looking good into April for shipping product out of the region. Russian was pegged around high fob quotes +$2 although most barrels already have Far Eastern homes.</p>
<p>Non-Russian 0.2 percent material was talked around high fob quotes +$4.</p>
<p>-- London Newsroom +44 171 542 8980</p>
</text>
<copyright>(c) Reuters Limited 1997</copyright>
<metadata>
<codes class="bip:countries:1.0">
  <code code="UK">
    <editdetail attribution="Reuters BIP Coding Group" action="confirmed" date="1997-03-25"/>
  </code>
</codes>
<codes class="bip:topics:1.0">
  <code code="M14">
    <editdetail attribution="Reuters BIP Coding Group" action="confirmed" date="1997-03-25"/>
  </code>
  <code code="M143">
    <editdetail attribution="Reuters BIP Coding Group" action="confirmed" date="1997-03-25"/>
  </code>
  <code code="MCAT">
    <editdetail attribution="Reuters BIP Coding Group" action="confirmed" date="1997-03-25"/>
  </code>
</codes>
<dc element="dc.date.created" value="1997-03-25"/>
<dc element="dc.publisher" value="Reuters Holdings Plc"/>
<dc element="dc.date.published" value="1997-03-25"/>
<dc element="dc.source" value="Reuters"/>
<dc element="dc.creator.location" value="LONDON"/>
<dc element="dc.creator.location.country.name" value="UK"/>
<dc element="dc.source" value="Reuters"/>
</metadata>
</newsitem>
