<?xml version="1.0" encoding="iso-8859-1" ?>
<newsitem itemid="465534" id="root" date="1997-03-25" xml:lang="en">
<title>LATVIA: UNIBANKA SLIGHTLY LOWER AT SHARE PRICE FIX.</title>
<headline>UNIBANKA SLIGHTLY LOWER AT SHARE PRICE FIX.</headline>
<dateline>RIGA 1997-03-25</dateline>
<text>
<p>Leading share Unibanka slipped</p>
<p>four santimes to 4.84 lats at the morning share price fix on</p>
<p>Tuesday.</p>
<p>The bank earlier announced that it has cancelled its planned</p>
<p>merger with fellow commercial bank Zemes Banka.</p>
<p>It and other Latvian shares registered the following prices</p>
<p>after the morning trade session on Friday.</p>
<p>Shares can be bought (B) or sold (S) at the following prices</p>
<p>and in the following volume, the bourse said in a statement.</p>
<p> SECURITY	   PREVIOUS PRICE  BUY/SELL LATEST PRICE VOLUME</p>
<p> Riga Tr. Fleet    1.70		  S	    1.72    7275</p>
<p> Staburadze	  2.70		  S	    2.71    1865</p>
<p> Unibanka	    4.88		  S	    4.84    146</p>
<p> Rigas alus	  2.24		  B	    1.91    518</p>
<p> Naruta candy	0.60		  B	    0.60    4111</p>
<p> Daugavpils MChF   2.75		  S	    2.85    6742</p>
<p> Salacgriva	  5.50		  S	    5.30    8310</p>
<p> Kaija		 2.33		  S	    2.35    13259</p>
<p> Brasa		 0.18		  S	    0.17    2804</p>
<p> Jekabpils Sugar   0.58		  S	    0.66    1530</p>
<p> Jelgava ConstrMP  0.38		  B	    0.37    1090</p>
<p> Kurzeme Lock F.   0.39		  S	    0.34    59639</p>
<p> Latvian Bridges   0.92		  S	    0.92    1831</p>
<p> Liepaja Fish C.   1.50		  S	    1.50    25168</p>
<p> Lode Brick Comp.  2.65		  S	    2.74    635</p>
<p> Mangali Shipyard  1.40		  B	    1.45    1521</p>
<p> Metalserviss	0.65		  B	    0.68    354</p>
<p> Ogre Forestry     0.70		  B	    0.80    944</p>
<p> Riga Agric. M.F.  0.20		  B	    0.20    4845</p>
<p> Roja Fish Cann    2.90		  S	    2.86   38051</p>
<p> Saldus Forestry   0.29		  S	    0.33   29199</p>
<p> Saldus Oil Term   0.60		  B	    0.65   1188</p>
<p> Veldze soft drink 0.63		  S	    0.64   1597</p>
<p> Strenci Forestry  1.53		  S	    1.65    171</p>
<p> Talsi Forestry    0.50		  S	    0.50    430</p>
<p> ValmieraGl.Fiber  2.00		  S	    1.87   28650</p>
<p> Ventspils fish    2.45		  S	    2.45   120</p>
<p> Rigas raugs yeast 4.05		  S	    4.05   2539</p>
<p>-- Riga Newsroom, +371 721 5240</p>
</text>
<copyright>(c) Reuters Limited 1997</copyright>
<metadata>
<codes class="bip:countries:1.0">
  <code code="LATV">
    <editdetail attribution="Reuters BIP Coding Group" action="confirmed" date="1997-03-25"/>
  </code>
</codes>
<codes class="bip:industries:1.0">
  <code code="I81402">
    <editdetail attribution="Reuters BIP Coding Group" action="confirmed" date="1997-03-25"/>
  </code>
</codes>
<codes class="bip:topics:1.0">
  <code code="C15">
    <editdetail attribution="Reuters BIP Coding Group" action="confirmed" date="1997-03-25"/>
  </code>
  <code code="C152">
    <editdetail attribution="Reuters BIP Coding Group" action="confirmed" date="1997-03-25"/>
  </code>
  <code code="CCAT">
    <editdetail attribution="Reuters BIP Coding Group" action="confirmed" date="1997-03-25"/>
  </code>
  <code code="M11">
    <editdetail attribution="Reuters BIP Coding Group" action="confirmed" date="1997-03-25"/>
  </code>
  <code code="MCAT">
    <editdetail attribution="Reuters BIP Coding Group" action="confirmed" date="1997-03-25"/>
  </code>
</codes>
<dc element="dc.date.created" value="1997-03-25"/>
<dc element="dc.publisher" value="Reuters Holdings Plc"/>
<dc element="dc.date.published" value="1997-03-25"/>
<dc element="dc.source" value="Reuters"/>
<dc element="dc.creator.location" value="RIGA"/>
<dc element="dc.creator.location.country.name" value="LATVIA"/>
<dc element="dc.source" value="Reuters"/>
</metadata>
</newsitem>
