<?xml version="1.0" encoding="iso-8859-1" ?>
<newsitem itemid="465537" id="root" date="1997-03-25" xml:lang="en">
<title>LATVIA: UNIBANKA, ZEMES SYNERGIES WERE ABSENT-SOURCE.</title>
<headline>UNIBANKA, ZEMES SYNERGIES WERE ABSENT-SOURCE.</headline>
<dateline>RIGA 1997-03-25</dateline>
<text>
<p>An international banking source on Tuesday said the merger between Zemes Bank and Unibanka was cancedlled as there was no synergy between the banks.</p>
<p>&quot;It was really just a matter of when the managers looked at the banks the synergies were not there,&quot; the international banking source, who declined to be indentified, told Reuters.</p>
<p>The European Bank for Reconstruction and Development (EBRD) is a key shareholder in both Unibanka and Zemes Banka.</p>
<p>The two banks said earlier in a statement that the merger had been cancelled with the full agreement of all the shareholders.</p>
<p>The banks also said that it was apparent after talks that the benefits to be gained by merging the banks were also not as big as at first believed.</p>
<p>The international banking source said that Zemes Bank had not been afraid that the merger would lead to large-scale closures and staff cuts.</p>
<p>&quot;In talks it did not seem that the banks would be treated differently. The idea was to bring together the best of both banks,&quot; the source added.</p>
<p>-- Patrick Lannin, Riga Newsroom, +371 721 5240</p>
</text>
<copyright>(c) Reuters Limited 1997</copyright>
<metadata>
<codes class="bip:countries:1.0">
  <code code="LATV">
    <editdetail attribution="Reuters BIP Coding Group" action="confirmed" date="1997-03-25"/>
  </code>
</codes>
<codes class="bip:industries:1.0">
  <code code="I81402">
    <editdetail attribution="Reuters BIP Coding Group" action="confirmed" date="1997-03-25"/>
  </code>
</codes>
<codes class="bip:topics:1.0">
  <code code="C18">
    <editdetail attribution="Reuters BIP Coding Group" action="confirmed" date="1997-03-25"/>
  </code>
  <code code="C181">
    <editdetail attribution="Reuters BIP Coding Group" action="confirmed" date="1997-03-25"/>
  </code>
  <code code="CCAT">
    <editdetail attribution="Reuters BIP Coding Group" action="confirmed" date="1997-03-25"/>
  </code>
</codes>
<dc element="dc.date.created" value="1997-03-25"/>
<dc element="dc.publisher" value="Reuters Holdings Plc"/>
<dc element="dc.date.published" value="1997-03-25"/>
<dc element="dc.source" value="Reuters"/>
<dc element="dc.creator.location" value="RIGA"/>
<dc element="dc.creator.location.country.name" value="LATVIA"/>
<dc element="dc.source" value="Reuters"/>
</metadata>
</newsitem>
