<?xml version="1.0" encoding="iso-8859-1" ?>
<newsitem itemid="465590" id="root" date="1997-03-25" xml:lang="en">
<title>UK: Most N.Sea upstream assest in UK waters - Andersen.</title>
<headline>Most N.Sea upstream assest in UK waters - Andersen.</headline>
<dateline>LONDON 1997-03-25</dateline>
<text>
<p>Over 60 percent of the net value of remaining oil and gas assets in the North Sea are contained in fields on the U.K. Continental Shelf (UKCS), industry consultants Arthur Andersen Petroleum Services Group said on Tuesday.</p>
<p>Based on the value of fields in production, under development or with commercial potential, Andersen's report shows that 85 percent of the remaining value is held by the top 20 companies.</p>
<p>Royal Dutch/Shell leads the field, with British Petroleum (BP) and Exxon Corp following closely behind, Andersen said.</p>
<p>&quot;Where almost all of BP's value is based in the U.K., Shell and Exxon tend to be more international with larger proportions in Norway, Netherlands and in Shell's case Denmark,&quot; the consultants said.</p>
<p>Norwegian producers were also beginning to diversify with Statoil holding commercial assets in Britain, Denmark and Ireland and Saga holding 25 percent of its asset value on the UKCS.</p>
<p>Of the major North Sea oil producing countries, Britain continues to have the most attractive fiscal regime with a marginal tax rate for new fields of 33 percent compared with Norway's 78 percent.</p>
<p>-- London Newsroom +44 171 542 7930</p>
</text>
<copyright>(c) Reuters Limited 1997</copyright>
<metadata>
<codes class="bip:countries:1.0">
  <code code="UK">
    <editdetail attribution="Reuters BIP Coding Group" action="confirmed" date="1997-03-25"/>
  </code>
</codes>
<codes class="bip:industries:1.0">
  <code code="I13000">
    <editdetail attribution="Reuters BIP Coding Group" action="confirmed" date="1997-03-25"/>
  </code>
  <code code="I1300003">
    <editdetail attribution="Reuters BIP Coding Group" action="confirmed" date="1997-03-25"/>
  </code>
</codes>
<codes class="bip:topics:1.0">
  <code code="C24">
    <editdetail attribution="Reuters BIP Coding Group" action="confirmed" date="1997-03-25"/>
  </code>
  <code code="CCAT">
    <editdetail attribution="Reuters BIP Coding Group" action="confirmed" date="1997-03-25"/>
  </code>
  <code code="M14">
    <editdetail attribution="Reuters BIP Coding Group" action="confirmed" date="1997-03-25"/>
  </code>
  <code code="M143">
    <editdetail attribution="Reuters BIP Coding Group" action="confirmed" date="1997-03-25"/>
  </code>
  <code code="MCAT">
    <editdetail attribution="Reuters BIP Coding Group" action="confirmed" date="1997-03-25"/>
  </code>
</codes>
<dc element="dc.date.created" value="1997-03-25"/>
<dc element="dc.publisher" value="Reuters Holdings Plc"/>
<dc element="dc.date.published" value="1997-03-25"/>
<dc element="dc.source" value="Reuters"/>
<dc element="dc.creator.location" value="LONDON"/>
<dc element="dc.creator.location.country.name" value="UK"/>
<dc element="dc.source" value="Reuters"/>
</metadata>
</newsitem>
