<?xml version="1.0" encoding="iso-8859-1" ?>
<newsitem itemid="465542" id="root" date="1997-03-25" xml:lang="en">
<title>ESTONIA: BALTIKA SEEKS LISTING ON TALLINN OTC - REPORT.</title>
<headline>BALTIKA SEEKS LISTING ON TALLINN OTC - REPORT.</headline>
<dateline>TALLINN 1997-03-25</dateline>
<text>
<p>Baltika, a clothing manufacturer and retailer, said it will seek a listing on the Estonian free market, Aripaev business daily said on Tuesday.</p>
<p>Baltika's head Meelis Milder was quoted as saying said that Baltika will not seek a listing on the main list of the stock exchange but would feel more conformable with companies in the same league such as Saku, Norma and Tallinna Kaubamaja on the free market.</p>
<p>Baltika shareholders will meet on Tuesday to discuss amendments to the company's articles of association which will allow the company to be floated and a possible share issue, the paper added.</p>
<p>Baltika's profit in 1996 was 13.4 million kroons and their forecast for 1997 is 15.8 million kroons, the paper said.</p>
<p>-- David Mardiste, Tallinn newsroom +372 630 8400 reuters@reuters.ee</p>
</text>
<copyright>(c) Reuters Limited 1997</copyright>
<metadata>
<codes class="bip:countries:1.0">
  <code code="ESTNIA">
    <editdetail attribution="Reuters BIP Coding Group" action="confirmed" date="1997-03-25"/>
  </code>
</codes>
<codes class="bip:industries:1.0">
  <code code="I45300">
    <editdetail attribution="Reuters BIP Coding Group" action="confirmed" date="1997-03-25"/>
  </code>
</codes>
<codes class="bip:topics:1.0">
  <code code="C14">
    <editdetail attribution="Reuters BIP Coding Group" action="confirmed" date="1997-03-25"/>
  </code>
  <code code="CCAT">
    <editdetail attribution="Reuters BIP Coding Group" action="confirmed" date="1997-03-25"/>
  </code>
</codes>
<dc element="dc.date.created" value="1997-03-25"/>
<dc element="dc.publisher" value="Reuters Holdings Plc"/>
<dc element="dc.date.published" value="1997-03-25"/>
<dc element="dc.source" value="Reuters"/>
<dc element="dc.creator.location" value="TALLINN"/>
<dc element="dc.creator.location.country.name" value="ESTONIA"/>
<dc element="dc.source" value="Reuters"/>
</metadata>
</newsitem>
