<?xml version="1.0" encoding="iso-8859-1" ?>
<newsitem itemid="465514" id="root" date="1997-03-25" xml:lang="en">
<title>POLAND: BIG SHAREHOLDERS PASS NEW, AMENDED ISSUE.</title>
<headline>BIG SHAREHOLDERS PASS NEW, AMENDED ISSUE.</headline>
<dateline>WARSAW 1997-03-25</dateline>
<text>
<p>Shareholders of Polish Bank Inicjatyw Gospodarczych SA (BIG) approved the bank's new issue of up to 75 million shares ex rights, but decided they would be privileged in taking the shares, a BIG official said on Monday.</p>
<p>He said during the bank's shareholders meeting current BIG shareholders would get one share of the between 60 and 75-million share issue, for each five currently held, but did not give details on the subscription.</p>
<p>Part of the issue would also be offered in a public subscription to domestic investors and foreign banks which agree to act as depositary banks for its possible American Depositary Receipts (ADRs) or Global Depositary Receipts (GDRs).</p>
<p>The bank earlier said it was necessary to seek new investors including foreign ones and would consider issuing GDRs or ADRs.</p>
<p>The president of BIG Boguslaw Kott, also present, said the funds from the issue would be earmarked for financing investments in its subsidiary Bank Gdanski .</p>
<p>BIG, which now has 163.47 million shares outstanding, earlier said the new share issue would rank among the biggest in the Polish market's history.</p>
<p>It also said that by offering the new shares ex-rights it could price them through book-building.</p>
<p>Last month BIG has doubled its stake in Bank Gdanski to about 63 percent paying the state treasury about 250 million zlotys.</p>
<p>-- Warsaw Newsroom +48 22 653 9700</p>
</text>
<copyright>(c) Reuters Limited 1997</copyright>
<metadata>
<codes class="bip:countries:1.0">
  <code code="POL">
    <editdetail attribution="Reuters BIP Coding Group" action="confirmed" date="1997-03-25"/>
  </code>
</codes>
<codes class="bip:industries:1.0">
  <code code="I81402">
    <editdetail attribution="Reuters BIP Coding Group" action="confirmed" date="1997-03-25"/>
  </code>
</codes>
<codes class="bip:topics:1.0">
  <code code="C17">
    <editdetail attribution="Reuters BIP Coding Group" action="confirmed" date="1997-03-25"/>
  </code>
  <code code="C171">
    <editdetail attribution="Reuters BIP Coding Group" action="confirmed" date="1997-03-25"/>
  </code>
  <code code="CCAT">
    <editdetail attribution="Reuters BIP Coding Group" action="confirmed" date="1997-03-25"/>
  </code>
</codes>
<dc element="dc.date.created" value="1997-03-25"/>
<dc element="dc.publisher" value="Reuters Holdings Plc"/>
<dc element="dc.date.published" value="1997-03-25"/>
<dc element="dc.source" value="Reuters"/>
<dc element="dc.creator.location" value="WARSAW"/>
<dc element="dc.creator.location.country.name" value="POLAND"/>
<dc element="dc.source" value="Reuters"/>
</metadata>
</newsitem>
