<?xml version="1.0" encoding="iso-8859-1" ?>
<newsitem itemid="465519" id="root" date="1997-03-25" xml:lang="en">
<title>LITHUANIA: SIAULIU BANK HAS '96 PROFIT AFTER '95 LOSS.</title>
<headline>SIAULIU BANK HAS '96 PROFIT AFTER '95 LOSS.</headline>
<dateline>VILNIUS 1997-03-25</dateline>
<text>
<p>Lithuania's Siauliu Bank, one of the smallest bank's operating in the country, said on Tuesday that it had a net profit in 1996 of 3.9 million litas versus a loss of 2.9 million litas the previous year.</p>
<p>The bank's deputy chairman Donatas Savickas also told Reuters by telephone that the general sharholders' meeting on Monday decided to boost the bank's share capital by 14 million litas to 34 million litas. </p>
<p>He added that the bank decided not to pay dividends for 1996.</p>
<p>&quot;The shareholders decided it was better to put two million litas into reserves and to use the rest of the profit to cover the losses of 1995,&quot; he said.</p>
<p>The bank said in a statement of audited results that its assets in 1996 rose to 70.674 million litas from 50.085 million litas.</p>
<p>Analysts say that the bank is a likely candidate for merger in 1997 as it scrambles to meet tighter central bank requirements.</p>
<p>--Andrius Vilkancas, Vilnius newsroom +370 2 22 35 17</p>
</text>
<copyright>(c) Reuters Limited 1997</copyright>
<metadata>
<codes class="bip:countries:1.0">
  <code code="LITH">
    <editdetail attribution="Reuters BIP Coding Group" action="confirmed" date="1997-03-25"/>
  </code>
</codes>
<codes class="bip:industries:1.0">
  <code code="I81402">
    <editdetail attribution="Reuters BIP Coding Group" action="confirmed" date="1997-03-25"/>
  </code>
</codes>
<codes class="bip:topics:1.0">
  <code code="C15">
    <editdetail attribution="Reuters BIP Coding Group" action="confirmed" date="1997-03-25"/>
  </code>
  <code code="C151">
    <editdetail attribution="Reuters BIP Coding Group" action="confirmed" date="1997-03-25"/>
  </code>
  <code code="C1511">
    <editdetail attribution="Reuters BIP Coding Group" action="confirmed" date="1997-03-25"/>
  </code>
  <code code="CCAT">
    <editdetail attribution="Reuters BIP Coding Group" action="confirmed" date="1997-03-25"/>
  </code>
</codes>
<dc element="dc.date.created" value="1997-03-25"/>
<dc element="dc.publisher" value="Reuters Holdings Plc"/>
<dc element="dc.date.published" value="1997-03-25"/>
<dc element="dc.source" value="Reuters"/>
<dc element="dc.creator.location" value="VILNIUS"/>
<dc element="dc.creator.location.country.name" value="LITHUANIA"/>
<dc element="dc.source" value="Reuters"/>
</metadata>
</newsitem>
