<?xml version="1.0" encoding="iso-8859-1" ?>
<newsitem itemid="465576" id="root" date="1997-03-25" xml:lang="en">
<title>UK: Greenpeace seeks all British offshore oil licenses - DTI.</title>
<headline>Greenpeace seeks all British offshore oil licenses - DTI.</headline>
<dateline>LONDON 1997-03-25</dateline>
<text>
<p>Environmental lobby group Greenpeace has applied for all of the offshore blocks in Britain's seventeenth oil licensing round, a spokeswoman for the Department of Trade and Industry said on Tuesday.</p>
<p>&quot;We have received applications from Greenpeace and we are examining the documentation to see if they meet the legal requirements,&quot; she said.</p>
<p>Britain's seventeenth offshore round invited applications for the exploration of blocks mostly in Britain's Atlantic margin area West of Shetland.</p>
<p>&quot;Our plans are to do what the government should have done and set aside this 22,000 square miles instead of drilling for oil,&quot; said Matthew Spencer, climate campaigner for Greenpeace.</p>
<p>As well as Greenpeace, 36 oil companies have applied for the 127 blocks on offer, the DTI said.</p>
<p>The DTI said they had no idea when awards would be made.</p>
<p>Operator British Petroleum is expected to bring its first Atlantic margin field Foinaven onstream in a matter of weeks.</p>
<p>&quot;We have justified our workplan to study the wildlife of the area and now it's all up to (Trade Secretary) Ian Lang,&quot; said Greenpeace's Spencer.</p>
<p>&quot;Opening up pristine ocean for new oil development is madness fuelled by greed,&quot; he added.</p>
<p>This is the first time Greenpeace has applied for oil licenses.</p>
</text>
<copyright>(c) Reuters Limited 1997</copyright>
<metadata>
<codes class="bip:countries:1.0">
  <code code="UK">
    <editdetail attribution="Reuters BIP Coding Group" action="confirmed" date="1997-03-25"/>
  </code>
</codes>
<codes class="bip:industries:1.0">
  <code code="I13000">
    <editdetail attribution="Reuters BIP Coding Group" action="confirmed" date="1997-03-25"/>
  </code>
</codes>
<codes class="bip:topics:1.0">
  <code code="C13">
    <editdetail attribution="Reuters BIP Coding Group" action="confirmed" date="1997-03-25"/>
  </code>
  <code code="C24">
    <editdetail attribution="Reuters BIP Coding Group" action="confirmed" date="1997-03-25"/>
  </code>
  <code code="CCAT">
    <editdetail attribution="Reuters BIP Coding Group" action="confirmed" date="1997-03-25"/>
  </code>
  <code code="GCAT">
    <editdetail attribution="Reuters BIP Coding Group" action="confirmed" date="1997-03-25"/>
  </code>
  <code code="GENV">
    <editdetail attribution="Reuters BIP Coding Group" action="confirmed" date="1997-03-25"/>
  </code>
</codes>
<dc element="dc.date.created" value="1997-03-25"/>
<dc element="dc.publisher" value="Reuters Holdings Plc"/>
<dc element="dc.date.published" value="1997-03-25"/>
<dc element="dc.source" value="Reuters"/>
<dc element="dc.creator.location" value="LONDON"/>
<dc element="dc.creator.location.country.name" value="UK"/>
<dc element="dc.source" value="Reuters"/>
</metadata>
</newsitem>
