<?xml version="1.0" encoding="iso-8859-1" ?>
<newsitem itemid="465567" id="root" date="1997-03-25" xml:lang="en">
<title>UK: Euro jet ends touch firmer with futures, but quiet.</title>
<headline>Euro jet ends touch firmer with futures, but quiet.</headline>
<dateline>LONDON 1997-03-25</dateline>
<text>
<p>European jet was $1.00-$1.50 stronger on Tuesday on the back of firmer futures. Jet premiums were broadly steady.</p>
<p>April IPE gas oil last traded $1.50 stronger at $172.25 a tonne.</p>
<p>NWE barge premiums were assessed unchanged around April IPE gas oil +$17.50 fob while cargoes were put in the low $20s cif NWE.</p>
<p>In the Mediterranean EU spec was understood to be looking for high fob quotes +$8 while non-EU cargoes were pegged around high fob quotes +$4-5.</p>
<p>-- London Newsroom +44 171 542 8980</p>
</text>
<copyright>(c) Reuters Limited 1997</copyright>
<metadata>
<codes class="bip:countries:1.0">
  <code code="UK">
    <editdetail attribution="Reuters BIP Coding Group" action="confirmed" date="1997-03-25"/>
  </code>
</codes>
<codes class="bip:topics:1.0">
  <code code="M14">
    <editdetail attribution="Reuters BIP Coding Group" action="confirmed" date="1997-03-25"/>
  </code>
  <code code="M143">
    <editdetail attribution="Reuters BIP Coding Group" action="confirmed" date="1997-03-25"/>
  </code>
  <code code="MCAT">
    <editdetail attribution="Reuters BIP Coding Group" action="confirmed" date="1997-03-25"/>
  </code>
</codes>
<dc element="dc.date.created" value="1997-03-25"/>
<dc element="dc.publisher" value="Reuters Holdings Plc"/>
<dc element="dc.date.published" value="1997-03-25"/>
<dc element="dc.source" value="Reuters"/>
<dc element="dc.creator.location" value="LONDON"/>
<dc element="dc.creator.location.country.name" value="UK"/>
<dc element="dc.source" value="Reuters"/>
</metadata>
</newsitem>
