<?xml version="1.0" encoding="iso-8859-1" ?>
<newsitem itemid="465558" id="root" date="1997-03-25" xml:lang="en">
<title>UK: Unilever to cut 150 jobs in UK.</title>
<headline>Unilever to cut 150 jobs in UK.</headline>
<dateline>LONDON 1997-03-25</dateline>
<text>
<p>Anglo-Dutch conglomerate Unilever Plc said on Tuesday it will close its unit based in Bristol, southwest England, with the loss of 150 jobs.</p>
<p>The unit traditionally concentrated in developing markets for products such as tea and detergents in countries where Unilever had little presence.</p>
<p>However, that role had been overtaken by newly-formed specialist regional groups, a company spokesman said.</p>
<p>&quot;As the global economy continues to grow, it is clear that our business in Bristol cannot continue to develop markets as efficiently as the regional groups which are close to local consumers,&quot; chairman David Stevenson said in a statement.</p>
<p>Some 190 people were employed at Unilever International in Bristol, and 150 people would be made redundant in phases from September 1997, the spokesman said. The office would close in June next year and the remaining 40 people would be redeployed within Unilever.</p>
<p>- Lisa Wilson, London Newsroom +44 171 542 7717</p>
</text>
<copyright>(c) Reuters Limited 1997</copyright>
<metadata>
<codes class="bip:countries:1.0">
  <code code="NETH">
    <editdetail attribution="Reuters BIP Coding Group" action="confirmed" date="1997-03-25"/>
  </code>
  <code code="UK">
    <editdetail attribution="Reuters BIP Coding Group" action="confirmed" date="1997-03-25"/>
  </code>
</codes>
<codes class="bip:industries:1.0">
  <code code="I25800">
    <editdetail attribution="Reuters BIP Coding Group" action="confirmed" date="1997-03-25"/>
  </code>
  <code code="I41000">
    <editdetail attribution="Reuters BIP Coding Group" action="confirmed" date="1997-03-25"/>
  </code>
</codes>
<codes class="bip:topics:1.0">
  <code code="C24">
    <editdetail attribution="Reuters BIP Coding Group" action="confirmed" date="1997-03-25"/>
  </code>
  <code code="C42">
    <editdetail attribution="Reuters BIP Coding Group" action="confirmed" date="1997-03-25"/>
  </code>
  <code code="CCAT">
    <editdetail attribution="Reuters BIP Coding Group" action="confirmed" date="1997-03-25"/>
  </code>
  <code code="E41">
    <editdetail attribution="Reuters BIP Coding Group" action="confirmed" date="1997-03-25"/>
  </code>
  <code code="ECAT">
    <editdetail attribution="Reuters BIP Coding Group" action="confirmed" date="1997-03-25"/>
  </code>
  <code code="GCAT">
    <editdetail attribution="Reuters BIP Coding Group" action="confirmed" date="1997-03-25"/>
  </code>
  <code code="GJOB">
    <editdetail attribution="Reuters BIP Coding Group" action="confirmed" date="1997-03-25"/>
  </code>
</codes>
<dc element="dc.date.created" value="1997-03-25"/>
<dc element="dc.publisher" value="Reuters Holdings Plc"/>
<dc element="dc.date.published" value="1997-03-25"/>
<dc element="dc.source" value="Reuters"/>
<dc element="dc.creator.location" value="LONDON"/>
<dc element="dc.creator.location.country.name" value="UK"/>
<dc element="dc.source" value="Reuters"/>
</metadata>
</newsitem>
