<?xml version="1.0" encoding="iso-8859-1" ?>
<newsitem itemid="465539" id="root" date="1997-03-25" xml:lang="en">
<title>LATVIA: CENTRAL BANK FIXINGS FOR MARCH 26.</title>
<headline>CENTRAL BANK FIXINGS FOR MARCH 26.</headline>
<dateline>RIGA 1996-03-26</dateline>
<text>
<p>The central bank set the following</p>
<p>fixings for the lat on Tuesday, which are valid for March 26:</p>
<p>    USD	  0.580</p>
<p>    ATS	  0.0488</p>
<p>    AUD	  0.457</p>
<p>    BEF	  0.0167</p>
<p>    CAD	  0.421</p>
<p>    CHF	  0.398</p>
<p>    CZK	  0.0199</p>
<p>    DEM	  0.343</p>
<p>    DKK	  0.0901</p>
<p>    ECU	  0.667</p>
<p>    EEK	  0.0429</p>
<p>    100ESP     0.405</p>
<p>    FIM	  0.115</p>
<p>    FRF	  0.1019</p>
<p>    GBP	  0.938</p>
<p>    100HUF     0.328</p>
<p>    100ITL     0.0344</p>
<p>    100JPY     0.470</p>
<p>    KGS	  0.0330</p>
<p>    LTL	  0.145</p>
<p>    MDL	  0.125</p>
<p>    NLG	  0.306</p>
<p>    NOK	  0.0863</p>
<p>    PLN	  0.188</p>
<p>    1000RUR    0.1015</p>
<p>    SDR	  0.7997</p>
<p>    SEK	  0.0761</p>
<p>    SKK	  0.0175</p>
<p>    XAU	203.18</p>
<p>-- Riga Newsroom, +371 721 5240</p>
</text>
<copyright>(c) Reuters Limited 1997</copyright>
<metadata>
<codes class="bip:countries:1.0">
  <code code="LATV">
    <editdetail attribution="Reuters BIP Coding Group" action="confirmed" date="1997-03-25"/>
  </code>
</codes>
<codes class="bip:topics:1.0">
  <code code="M13">
    <editdetail attribution="Reuters BIP Coding Group" action="confirmed" date="1997-03-25"/>
  </code>
  <code code="M132">
    <editdetail attribution="Reuters BIP Coding Group" action="confirmed" date="1997-03-25"/>
  </code>
  <code code="MCAT">
    <editdetail attribution="Reuters BIP Coding Group" action="confirmed" date="1997-03-25"/>
  </code>
</codes>
<dc element="dc.date.created" value="1996-03-26"/>
<dc element="dc.publisher" value="Reuters Holdings Plc"/>
<dc element="dc.date.published" value="1997-03-25"/>
<dc element="dc.source" value="Reuters"/>
<dc element="dc.creator.location" value="RIGA"/>
<dc element="dc.creator.location.country.name" value="LATVIA"/>
<dc element="dc.source" value="Reuters"/>
</metadata>
</newsitem>
