<?xml version="1.0" encoding="iso-8859-1" ?>
<newsitem itemid="465565" id="root" date="1997-03-25" xml:lang="en">
<title>UK: Wet N. Sea crudes see little upside, buying slow.</title>
<headline>Wet N. Sea crudes see little upside, buying slow.</headline>
<dateline>LONDON 1997-03-25</dateline>
<text>
<p>As North Sea traders and refiners waited further news on the price and possible outlets for April Brent, buyers of other grades held back and few deals were reported.</p>
<p>&quot;Everyone is so nervous and they (the buyers) all have an eye on the Brent to see what will happen there. People selling other grades don't know how to pitch them till they see what happens to all the Brents out already,&quot; one North Sea equity holder said.</p>
<p>&quot;Even if some crude moves out of the area (Northwest Europe) this market still looks bad fundamentally,&quot; he added.</p>
<p>Following the trade of a Mar 31-April 2 Brent cargo at May Brent -90 cents on Tuesday, the market took a further downturn. CFDs lost ground as did the prompt April/May.</p>
<p>The April/May traded at a low -30 cents after talk early in the day around -20 cents.</p>
<p>Talk on next week's Mar 31-April 4 CFDs was around May -56, just up from the low of the day of May -60 cents.</p>
<p>Other wet deals heard, though not confirmed, were a Forties on April 10-12 dates at around dated Brent -5 cents. One equity holder saw the market at dated Brent -10/-5 cents.</p>
<p>A second decade Ekofisk was heard to have traded around dated Brent +2-4 cents but some saw the market around evens with Brent.</p>
</text>
<copyright>(c) Reuters Limited 1997</copyright>
<metadata>
<codes class="bip:countries:1.0">
  <code code="UK">
    <editdetail attribution="Reuters BIP Coding Group" action="confirmed" date="1997-03-25"/>
  </code>
</codes>
<codes class="bip:topics:1.0">
  <code code="M14">
    <editdetail attribution="Reuters BIP Coding Group" action="confirmed" date="1997-03-25"/>
  </code>
  <code code="M143">
    <editdetail attribution="Reuters BIP Coding Group" action="confirmed" date="1997-03-25"/>
  </code>
  <code code="MCAT">
    <editdetail attribution="Reuters BIP Coding Group" action="confirmed" date="1997-03-25"/>
  </code>
</codes>
<dc element="dc.date.created" value="1997-03-25"/>
<dc element="dc.publisher" value="Reuters Holdings Plc"/>
<dc element="dc.date.published" value="1997-03-25"/>
<dc element="dc.source" value="Reuters"/>
<dc element="dc.creator.location" value="LONDON"/>
<dc element="dc.creator.location.country.name" value="UK"/>
<dc element="dc.source" value="Reuters"/>
</metadata>
</newsitem>
