<?xml version="1.0" encoding="iso-8859-1" ?>
<newsitem itemid="465584" id="root" date="1997-03-25" xml:lang="en">
<title>UK: RESEARCH ALERT-SBC Warburg tips C&amp;W shares.</title>
<headline>RESEARCH ALERT-SBC Warburg tips C&amp;W shares.</headline>
<dateline>LONDON 1997-03-25</dateline>
<text>
<p>Cable and Wireless Plc, Britain's second biggest telecommunications company, should see its shares rise as it embarks on a road show to sell to institutions on both side of the Atlantic its giant cable merger with three other companies, SBC Warburg says.</p>
<p>The broker notes the management of C&amp;W's majority-owned cable venture, Cable and Wireless Communications (CWC), came across well in a presentation launch on Monday despite the complexity of merging its Mercury unit with the UK cable TV subsidiaries of NYNEX Corp and Bell Canada.</p>
<p>&quot;CWC faces huge challenges in integrating and growing the business to generate attractive returns on over six billion pounds of capital employed (by 1998/9) and there is likely to be healthy debate in the coming weeks about valuing the new company.</p>
<p>&quot;But we believe investors reaction to management should be positive over the coming weeks,&quot; the broker added.</p>
<p>CWC will be Britain's biggest cable company and although it has given few financial details of the merger, it says it plans substantial synergy savings and promises to grow aggressively.</p>
<p>C&amp;W rival British Telecommunications Plc saw its shares outperform and hit new year highs during its road show to sell its $22 billion planned merger with U.S. long distance carrier MCI Communications Corp.</p>
<p>-- London Newsroom +44 171 542 4017</p>
</text>
<copyright>(c) Reuters Limited 1997</copyright>
<metadata>
<codes class="bip:countries:1.0">
  <code code="CANA">
    <editdetail attribution="Reuters BIP Coding Group" action="confirmed" date="1997-03-25"/>
  </code>
  <code code="UK">
    <editdetail attribution="Reuters BIP Coding Group" action="confirmed" date="1997-03-25"/>
  </code>
  <code code="USA">
    <editdetail attribution="Reuters BIP Coding Group" action="confirmed" date="1997-03-25"/>
  </code>
</codes>
<codes class="bip:industries:1.0">
  <code code="I79020">
    <editdetail attribution="Reuters BIP Coding Group" action="confirmed" date="1997-03-25"/>
  </code>
  <code code="I9741109">
    <editdetail attribution="Reuters BIP Coding Group" action="confirmed" date="1997-03-25"/>
  </code>
</codes>
<codes class="bip:topics:1.0">
  <code code="C15">
    <editdetail attribution="Reuters BIP Coding Group" action="confirmed" date="1997-03-25"/>
  </code>
  <code code="C152">
    <editdetail attribution="Reuters BIP Coding Group" action="confirmed" date="1997-03-25"/>
  </code>
  <code code="C18">
    <editdetail attribution="Reuters BIP Coding Group" action="confirmed" date="1997-03-25"/>
  </code>
  <code code="C181">
    <editdetail attribution="Reuters BIP Coding Group" action="confirmed" date="1997-03-25"/>
  </code>
  <code code="CCAT">
    <editdetail attribution="Reuters BIP Coding Group" action="confirmed" date="1997-03-25"/>
  </code>
</codes>
<dc element="dc.date.created" value="1997-03-25"/>
<dc element="dc.publisher" value="Reuters Holdings Plc"/>
<dc element="dc.date.published" value="1997-03-25"/>
<dc element="dc.source" value="Reuters"/>
<dc element="dc.creator.location" value="LONDON"/>
<dc element="dc.creator.location.country.name" value="UK"/>
<dc element="dc.source" value="Reuters"/>
</metadata>
</newsitem>
