<?xml version="1.0" encoding="iso-8859-1" ?>
<newsitem itemid="465595" id="root" date="1997-03-25" xml:lang="en">
<title>UK: Brent cargo trades at May Brent -90 cents - trade.</title>
<headline>Brent cargo trades at May Brent -90 cents - trade.</headline>
<dateline>LONDON 1997-03-25</dateline>
<text>
<p>A cargo of Brent crude loading March 31-April 2 traded on Tuesday at a lower May -90 cents, traders said. The cargo was a minimum size.</p>
<p>Some traders felt the later April barrels would still fetch higher prices after an April 1-3 cargo traded earlier on Tuesday at May Brent -80 cents.</p>
<p>&quot;But nobody seems to want the crude,&quot; one equity holder said.</p>
<p>-- S Hayden London Newsroom +44 171 542 8978</p>
</text>
<copyright>(c) Reuters Limited 1997</copyright>
<metadata>
<codes class="bip:countries:1.0">
  <code code="UK">
    <editdetail attribution="Reuters BIP Coding Group" action="confirmed" date="1997-03-25"/>
  </code>
</codes>
<codes class="bip:topics:1.0">
  <code code="M14">
    <editdetail attribution="Reuters BIP Coding Group" action="confirmed" date="1997-03-25"/>
  </code>
  <code code="M143">
    <editdetail attribution="Reuters BIP Coding Group" action="confirmed" date="1997-03-25"/>
  </code>
  <code code="MCAT">
    <editdetail attribution="Reuters BIP Coding Group" action="confirmed" date="1997-03-25"/>
  </code>
</codes>
<dc element="dc.date.created" value="1997-03-25"/>
<dc element="dc.publisher" value="Reuters Holdings Plc"/>
<dc element="dc.date.published" value="1997-03-25"/>
<dc element="dc.source" value="Reuters"/>
<dc element="dc.creator.location" value="LONDON"/>
<dc element="dc.creator.location.country.name" value="UK"/>
<dc element="dc.source" value="Reuters"/>
</metadata>
</newsitem>
