<?xml version="1.0" encoding="iso-8859-1" ?>
<newsitem itemid="465543" id="root" date="1997-03-25" xml:lang="en">
<title>LATVIA: UNIBANKA, ZEMES TO HOLD PRESS CONFERENCE.</title>
<headline>UNIBANKA, ZEMES TO HOLD PRESS CONFERENCE.</headline>
<dateline>RIGA 1997-03-25</dateline>
<text>
<p>Latvian banks Unibanka and Zemes Bank, which have just called off a merger, plan to hold a joint press conference at 1100 am, they said on Tuesday.</p>
<p>The conference, at the training centre of the Unibanka Ridzene branch entrance Kalku and Valnu, will also have the participation of members of the European Bank for Reconstruction and Development (EBRD), a key shareholder in both banks.</p>
<p>In a shock move, the two banks called off the merger just as an Unibanka shareholders meeting was due to vote on whether to approve it or not.</p>
<p>-- Riga Newsroom, +371 721 5240</p>
</text>
<copyright>(c) Reuters Limited 1997</copyright>
<metadata>
<codes class="bip:countries:1.0">
  <code code="LATV">
    <editdetail attribution="Reuters BIP Coding Group" action="confirmed" date="1997-03-25"/>
  </code>
</codes>
<codes class="bip:industries:1.0">
  <code code="I81402">
    <editdetail attribution="Reuters BIP Coding Group" action="confirmed" date="1997-03-25"/>
  </code>
</codes>
<codes class="bip:topics:1.0">
  <code code="C18">
    <editdetail attribution="Reuters BIP Coding Group" action="confirmed" date="1997-03-25"/>
  </code>
  <code code="C181">
    <editdetail attribution="Reuters BIP Coding Group" action="confirmed" date="1997-03-25"/>
  </code>
  <code code="CCAT">
    <editdetail attribution="Reuters BIP Coding Group" action="confirmed" date="1997-03-25"/>
  </code>
</codes>
<dc element="dc.date.created" value="1997-03-25"/>
<dc element="dc.publisher" value="Reuters Holdings Plc"/>
<dc element="dc.date.published" value="1997-03-25"/>
<dc element="dc.source" value="Reuters"/>
<dc element="dc.creator.location" value="RIGA"/>
<dc element="dc.creator.location.country.name" value="LATVIA"/>
<dc element="dc.source" value="Reuters"/>
</metadata>
</newsitem>
