<?xml version="1.0" encoding="iso-8859-1" ?>
<newsitem itemid="465505" id="root" date="1997-03-25" xml:lang="en">
<title>CZECH REPUBLIC: PM KLAUS BLASTS CZECH CAPITAL MARKET CRITICS.</title>
<headline>PM KLAUS BLASTS CZECH CAPITAL MARKET CRITICS.</headline>
<byline>Jan Lopatka</byline>
<dateline>PRAGUE 1997-03-25</dateline>
<text>
<p>Prime Minister Vaclav Klaus said on Tuesday that improving the regulation of beleaguered Czech capital markets was on his agenda, but he took a shot at critics who have said the improvement was coming too slowly.</p>
<p>Speaking at a banking and finance forum in Prague, Klaus said that &quot;we are searching for new forms of regulations.&quot;</p>
<p>&quot;But I disagree with those critics, mostly foreigners, who look at the existing quality of our capital markets and are surprised that they do not equal Wall Street, the City of London or any other well-established western financial centre yet,&quot; Klaus told the conference.</p>
<p>&quot;Their high-brow attitude and their absolutist, almost doctrinal phraseology is something what does not help much.&quot;</p>
<p>However Klaus, a professor of economics and fierce anti-regulation campaigner, added that finding the right extent of capital market regulation was an &quot;imminent task&quot;.</p>
<p>Many foreign equity analysts and investors frequently criticise the Czech markets for a lack of quality company information and clear pricing of shares, insider trading, and poor oversight of numerous investment funds.</p>
<p>Many analysts use Poland and its more stringent capital market regulation as an example of why the Warsaw Stock Exchange attracts much more foreign investment than Prague.</p>
<p>Separately, Klaus said that the country had too many banks and investment funds, and many were poorly managed.</p>
<p>A crisis in small private banks peaked last year when Agrobanka, the fifth largest and the largest fully-private bank, was put under forced administration by the central bank, the last and largest in a dozen recent interventions.</p>
<p>Klaus said a liberal approach to granting banking and capital markets licences in the early 1990's came from the need for more private financial houses and competition, and nobody knew what the right number of institutions would be.</p>
<p>&quot;We have too many banks and too many investment funds now, and we also know that not all of them function perfectly or are in the best possible hands,&quot; Klaus said.</p>
<p>The Finance Ministry's capital markets oversight office has recently stepped up its activity with a wave of actions against illegal asset-stripping by managers of mostly smaller Czech investment funds.</p>
<p>But the ministry is still under fierce criticism from investors and the media for a lack of activity.</p>
<p>Klaus has revealed a plan to gradually separate the capital market supervision from the Finance Ministry, a process which has started in February by creating a separate Securities Bureau within the ministry.</p>
<p>Under the plan, the Czech Securities Registry started publishing over-the counter trades registred at the centre earlier this year.</p>
<p>Klaus also admitted that a period at the start of the privatisation process in the early 1990's when state firms were not yet privatised led to a loss of many assets as state supervision relaxed but new owners were still not in place.</p>
<p>&quot;This is something what the future privatising countries should avoid,&quot; Klaus told the conference.</p>
<p>-- Prague Newsroom, 420-2-2423-0003</p>
</text>
<copyright>(c) Reuters Limited 1997</copyright>
<metadata>
<codes class="bip:countries:1.0">
  <code code="CZREP">
    <editdetail attribution="Reuters BIP Coding Group" action="confirmed" date="1997-03-25"/>
  </code>
</codes>
<codes class="bip:industries:1.0">
  <code code="I83100">
    <editdetail attribution="Reuters BIP Coding Group" action="confirmed" date="1997-03-25"/>
  </code>
</codes>
<codes class="bip:topics:1.0">
  <code code="C13">
    <editdetail attribution="Reuters BIP Coding Group" action="confirmed" date="1997-03-25"/>
  </code>
  <code code="CCAT">
    <editdetail attribution="Reuters BIP Coding Group" action="confirmed" date="1997-03-25"/>
  </code>
  <code code="M11">
    <editdetail attribution="Reuters BIP Coding Group" action="confirmed" date="1997-03-25"/>
  </code>
  <code code="M12">
    <editdetail attribution="Reuters BIP Coding Group" action="confirmed" date="1997-03-25"/>
  </code>
  <code code="MCAT">
    <editdetail attribution="Reuters BIP Coding Group" action="confirmed" date="1997-03-25"/>
  </code>
</codes>
<dc element="dc.date.created" value="1997-03-25"/>
<dc element="dc.publisher" value="Reuters Holdings Plc"/>
<dc element="dc.date.published" value="1997-03-25"/>
<dc element="dc.source" value="Reuters"/>
<dc element="dc.creator.location" value="PRAGUE"/>
<dc element="dc.creator.location.country.name" value="CZECH REPUBLIC"/>
<dc element="dc.source" value="Reuters"/>
</metadata>
</newsitem>
