<?xml version="1.0" encoding="iso-8859-1" ?>
<newsitem itemid="465586" id="root" date="1997-03-25" xml:lang="en">
<title>UK: LIFFE cocoa bounces up again in thin volume.</title>
<headline>LIFFE cocoa bounces up again in thin volume.</headline>
<dateline>LONDON 1997-03-25</dateline>
<text>
<p>LIFFE cocoa futures flipped higher in an afternoon wave of short-covering on Tuesday, further securing their position above a critical chart gap, but volume was thin.</p>
<p>&quot;We looked for a downside correction and we didn't get it. Then they were all short and they had to cover,&quot; said one trader.</p>
<p>&quot;But there was no volume on the way up,&quot; he added.</p>
<p>After spending the morning session in negative territory, benchmark May cocoa bounced higher in sympathy with a recovery in New York. It saw an intraday high of 1,019 stg per tonne after a morning dip to 997, but ended off the session peak at 1,016 stg, up 11 stg on the day.</p>
<p>Most forward contracts recorded smaller gains, although turnover totalled a slim 3,310 lots including 400 lots of against actuals and some 1,000 crosses, traders said.</p>
<p>Truxo and Rudolf Wolff led the buyers in the afternoon. Mees Pierson was said to be selling December while Cargill bought September.</p>
<p>Producers and industry were sidelined while the market continued to browse around the 1,000 stg level looking for direction after last week's spike to 1,048 stg.</p>
<p>Traders said the afternoon rebound was probably spearheaded by New York where the May contract stood $19 higher at $1,447 at 1730 GMT. &quot;London had more shorts,&quot; commented one trader.</p>
<p>In New York the upward movement led by speculative buying accelerated after May broke through chart resistance at $1,440, triggering buy stops.</p>
<p>It was also helped by the dollar's weakness against sterling, prompting some arbitrage buying in the CSCE market.</p>
<p>Technically, if London can stay above 1,000 stg it will try to conquer the 1,035-37 area, which hold the key for any significant gains.</p>
<p>On the downside, a chart gap between 989 and 982 may run into sell-stops and send prices to 950, analysts said.</p>
<p>-- Clelia Oziel, London Newsroom +44-171-542 8072</p>
</text>
<copyright>(c) Reuters Limited 1997</copyright>
<metadata>
<codes class="bip:countries:1.0">
  <code code="UK">
    <editdetail attribution="Reuters BIP Coding Group" action="confirmed" date="1997-03-25"/>
  </code>
</codes>
<codes class="bip:topics:1.0">
  <code code="M14">
    <editdetail attribution="Reuters BIP Coding Group" action="confirmed" date="1997-03-25"/>
  </code>
  <code code="M141">
    <editdetail attribution="Reuters BIP Coding Group" action="confirmed" date="1997-03-25"/>
  </code>
  <code code="MCAT">
    <editdetail attribution="Reuters BIP Coding Group" action="confirmed" date="1997-03-25"/>
  </code>
</codes>
<dc element="dc.date.created" value="1997-03-25"/>
<dc element="dc.publisher" value="Reuters Holdings Plc"/>
<dc element="dc.date.published" value="1997-03-25"/>
<dc element="dc.source" value="Reuters"/>
<dc element="dc.creator.location" value="LONDON"/>
<dc element="dc.creator.location.country.name" value="UK"/>
<dc element="dc.source" value="Reuters"/>
</metadata>
</newsitem>
