<?xml version="1.0" encoding="iso-8859-1" ?>
<newsitem itemid="465524" id="root" date="1997-03-25" xml:lang="en">
<title>POLAND: POLISH RAPESEED WORSE, WHEAT/RYE BETTER THAN IN 96.</title>
<headline>POLISH RAPESEED WORSE, WHEAT/RYE BETTER THAN IN 96.</headline>
<dateline>WARSAW 1997-03-25</dateline>
<text>
<p>Polish winter rapeseed crops suffered more damage this winter than last year, but winter wheat and rye crops are in better shape, preliminary figures from the Agriculture Ministry showed on Tuesday.</p>
<p>Bozena Nowicka, deputy head of the Ministry's Production Department, told Reuters that 46 percent of rapeseed crops did not survive the winter, while eight percent of wheat and two percent of rye froze over the cold 1996/97 winter.</p>
<p>Last year 61 percent of rapeseed survived the winter, while 89 percent of wheat and 90 of rye successfully sprouted in 1996, according to Central Statistical Office (GUS) data.  </p>
<p>&quot;According to our preliminary figures winter losses are huge...and final results may even be worse,&quot; Nowicka said.</p>
<p>Nowicka said that low night-time temperatures and warm days often froze and refroze topsoil destroyig crops.</p>
<p>She also said 41 percent of winter barley crops has been destroyed by the winter against 19 percent losses last year.</p>
<p>&quot;Although winter barley was sown on only about 100,000 hectars losses are large and farmers are looking to replow fields with either spring barley or wheat,&quot; Nowicka said.</p>
<p>She said demand for spring grain and rapeseed seed was rising and said that winter losses could be minimized by favourable weather in the spring and summer.</p>
<p>GUS is due to release official damage figures for the 1996/97 winter early next month.</p>
<p>-- Wojciech Moskwa +48 22 653 9700</p>
</text>
<copyright>(c) Reuters Limited 1997</copyright>
<metadata>
<codes class="bip:countries:1.0">
  <code code="POL">
    <editdetail attribution="Reuters BIP Coding Group" action="confirmed" date="1997-03-25"/>
  </code>
</codes>
<codes class="bip:industries:1.0">
  <code code="I01001">
    <editdetail attribution="Reuters BIP Coding Group" action="confirmed" date="1997-03-25"/>
  </code>
</codes>
<codes class="bip:topics:1.0">
  <code code="C24">
    <editdetail attribution="Reuters BIP Coding Group" action="confirmed" date="1997-03-25"/>
  </code>
  <code code="CCAT">
    <editdetail attribution="Reuters BIP Coding Group" action="confirmed" date="1997-03-25"/>
  </code>
  <code code="M14">
    <editdetail attribution="Reuters BIP Coding Group" action="confirmed" date="1997-03-25"/>
  </code>
  <code code="M141">
    <editdetail attribution="Reuters BIP Coding Group" action="confirmed" date="1997-03-25"/>
  </code>
  <code code="MCAT">
    <editdetail attribution="Reuters BIP Coding Group" action="confirmed" date="1997-03-25"/>
  </code>
</codes>
<dc element="dc.date.created" value="1997-03-25"/>
<dc element="dc.publisher" value="Reuters Holdings Plc"/>
<dc element="dc.date.published" value="1997-03-25"/>
<dc element="dc.source" value="Reuters"/>
<dc element="dc.creator.location" value="WARSAW"/>
<dc element="dc.creator.location.country.name" value="POLAND"/>
<dc element="dc.source" value="Reuters"/>
</metadata>
</newsitem>
