<?xml version="1.0" encoding="iso-8859-1" ?>
<newsitem itemid="465506" id="root" date="1997-03-25" xml:lang="en">
<title>LATVIA: LATVIA'S WAY BERZINSH BECOMES RIGA MAYOR.</title>
<headline>LATVIA'S WAY BERZINSH BECOMES RIGA MAYOR.</headline>
<dateline>RIGA 1997-03-25</dateline>
<text>
<p>Riga city got a new mayor on Tuesday as leading Latvia's Way member Andris Berzinsh was voted into the post.</p>
<p>He gained 32 votes compared to the 31 needed for a majority after fierce arguments between the leading political parties over who should get the post.</p>
<p>&quot;Riga has to again become the economic centre of the Baltics, with capital flows concentrating here and entering the region, making use of Riga's favourable geographic position,&quot; Berzinsh told journalists.</p>
<p>He said that the political parties in the council should copy the way of cooperating chosen by the government parties, which rule according to a coalition agreement.</p>
<p>Riga mayor is also head of Riga harbour board.</p>
<p>Berzinsh said he thought that the port has unused potential, especially in dry cargos and fuel transit.</p>
<p>Infrastructure has to be improved, deepening the port waters where necessary and serious companies have to be attracted.</p>
<p>&quot;Riga harbour has to become a bigger bread-winner for Riga than it is at the moment,&quot; he added.</p>
<p>Berzinsh is a former welfare mininister in a previous government, led by current foreign minister, Valdis Birkavs. Berzinsh was also state minister of employment in the ministry of welfare under the first government of current prime minister, Andris Shkele.</p>
<p>-- Riga Newsroom, +371 721 5240</p>
</text>
<copyright>(c) Reuters Limited 1997</copyright>
<metadata>
<codes class="bip:countries:1.0">
  <code code="LATV">
    <editdetail attribution="Reuters BIP Coding Group" action="confirmed" date="1997-03-25"/>
  </code>
</codes>
<codes class="bip:topics:1.0">
  <code code="GCAT">
    <editdetail attribution="Reuters BIP Coding Group" action="confirmed" date="1997-03-25"/>
  </code>
  <code code="GPOL">
    <editdetail attribution="Reuters BIP Coding Group" action="confirmed" date="1997-03-25"/>
  </code>
</codes>
<dc element="dc.date.created" value="1997-03-25"/>
<dc element="dc.publisher" value="Reuters Holdings Plc"/>
<dc element="dc.date.published" value="1997-03-25"/>
<dc element="dc.source" value="Reuters"/>
<dc element="dc.creator.location" value="RIGA"/>
<dc element="dc.creator.location.country.name" value="LATVIA"/>
<dc element="dc.source" value="Reuters"/>
</metadata>
</newsitem>
