<?xml version="1.0" encoding="iso-8859-1" ?>
<newsitem itemid="465545" id="root" date="1997-03-25" xml:lang="en">
<title>LATVIA: UNIBANKA, ZEMES BANKA CANCEL MERGER.</title>
<headline>UNIBANKA, ZEMES BANKA CANCEL MERGER.</headline>
<dateline>RIGA 1997-03-25</dateline>
<text>
<p>Leading bank Unibanka and fellow bank Zemes Banka on Tuesday said they have called off merger talks and will continue to operate as two independent banks.</p>
<p>&quot;After discussions with major shareholders of the two banks and with their full support, it is considered that better shareholder value would be achieved in the medium term if A/S Latvijas Unibanka and A/S Latvijas Zemes Banka were to continue to operate as independent banks,&quot; Zemes Banka said in a statement.</p>
<p>&quot;Therefore the merger investigations and discussions will now cease,&quot; the bank added.  </p>
<p>The two banks said in a statement released almost at the same time that the results of the synergy to be achieved after the merger were not as big as first seemed possible.</p>
<p>&quot;Both banks will continue to operate together in a normal manner in the future as leading participants in the Latvian financial market,&quot; the statement added.</p>
<p>The banks called off the merger just as Unibanka shareholders were due to vote on it at a shareholder meeting today.</p>
<p>&quot;Both banks are recognised as financially stable and well-managed institutions with important roles in the Latvian economy,&quot; the banks added.</p>
<p>-- Patrick Lannin, Riga Newsroom +371 721 5240</p>
</text>
<copyright>(c) Reuters Limited 1997</copyright>
<metadata>
<codes class="bip:countries:1.0">
  <code code="LATV">
    <editdetail attribution="Reuters BIP Coding Group" action="confirmed" date="1997-03-25"/>
  </code>
</codes>
<codes class="bip:industries:1.0">
  <code code="I81402">
    <editdetail attribution="Reuters BIP Coding Group" action="confirmed" date="1997-03-25"/>
  </code>
</codes>
<codes class="bip:topics:1.0">
  <code code="C18">
    <editdetail attribution="Reuters BIP Coding Group" action="confirmed" date="1997-03-25"/>
  </code>
  <code code="C181">
    <editdetail attribution="Reuters BIP Coding Group" action="confirmed" date="1997-03-25"/>
  </code>
  <code code="CCAT">
    <editdetail attribution="Reuters BIP Coding Group" action="confirmed" date="1997-03-25"/>
  </code>
</codes>
<dc element="dc.date.created" value="1997-03-25"/>
<dc element="dc.publisher" value="Reuters Holdings Plc"/>
<dc element="dc.date.published" value="1997-03-25"/>
<dc element="dc.source" value="Reuters"/>
<dc element="dc.creator.location" value="RIGA"/>
<dc element="dc.creator.location.country.name" value="LATVIA"/>
<dc element="dc.source" value="Reuters"/>
</metadata>
</newsitem>
