<?xml version="1.0" encoding="iso-8859-1" ?>
<newsitem itemid="465574" id="root" date="1997-03-25" xml:lang="en">
<title>UK: LIFFE white sugar ends mixed, nearbys at day's low.</title>
<headline>LIFFE white sugar ends mixed, nearbys at day's low.</headline>
<dateline>LONDON 1997-03-25</dateline>
<text>
<p>White sugar futures ended mixed with nearby positions reversing their earlier upward move to end Tuesday at the day's lows. Distant months were higher in thin volume.</p>
<p>The market rallied briefly earlier in the day after New York's May contract cleared 11.00 cents a lb but the advance was shortlived.</p>
<p>The foray to an intraday high of 11.01 cents was capped by producer pricing and was not enough to boost activity in London, where the equivalent May whites contract hit a high of $308.10 but then fell back into a range.</p>
<p>May closed 60 cents down at $306.10 a tonne while other traded months wre $1.10 up to 30 cents down.</p>
<p>Volume was a paltry 1,461 lots.</p>
<p>Traders said arbitrage activity against the Paris market had provided much of the day's volume after commission house crossed trades earlier in the session.</p>
<p>The London/Paris differentials for May and August were the most active, whereas arbitrage activity against New York was minimal, they said.</p>
<p>&quot;If you're not involved with that, you're not doing much of anything. There's nothing going on,&quot; said one.</p>
<p>London's May/Aug spread traded at around 20 cents and traders said light interest was also noted in Aug/Oct.</p>
<p>-- London Newsroom +44 171 542 4985</p>
</text>
<copyright>(c) Reuters Limited 1997</copyright>
<metadata>
<codes class="bip:countries:1.0">
  <code code="UK">
    <editdetail attribution="Reuters BIP Coding Group" action="confirmed" date="1997-03-25"/>
  </code>
</codes>
<codes class="bip:topics:1.0">
  <code code="M14">
    <editdetail attribution="Reuters BIP Coding Group" action="confirmed" date="1997-03-25"/>
  </code>
  <code code="M141">
    <editdetail attribution="Reuters BIP Coding Group" action="confirmed" date="1997-03-25"/>
  </code>
  <code code="MCAT">
    <editdetail attribution="Reuters BIP Coding Group" action="confirmed" date="1997-03-25"/>
  </code>
</codes>
<dc element="dc.date.created" value="1997-03-25"/>
<dc element="dc.publisher" value="Reuters Holdings Plc"/>
<dc element="dc.date.published" value="1997-03-25"/>
<dc element="dc.source" value="Reuters"/>
<dc element="dc.creator.location" value="LONDON"/>
<dc element="dc.creator.location.country.name" value="UK"/>
<dc element="dc.source" value="Reuters"/>
</metadata>
</newsitem>
