<?xml version="1.0" encoding="iso-8859-1" ?>
<newsitem itemid="465569" id="root" date="1997-03-25" xml:lang="en">
<title>UK: FOCUS - Oil prices inch up on feared Russian strike.</title>
<headline>FOCUS - Oil prices inch up on feared Russian strike.</headline>
<byline>Peter Lardner</byline>
<dateline>LONDON 1997-03-25</dateline>
<text>
<p>Oil markets staged a modest recovery on Tuesday, with listless European and Asian markets finding support from technical trading on the New York Mercantile Exchange and news of Russian labor disputes, dealers said.</p>
<p>&quot;We're seeing a relatively sloppy physical market finding some encouragement from headline driven trading on the futures exchanges,&quot; said Morgan Stanley analyst Lloyd Byrne.</p>
<p>London May futures for North Sea bellwether Brent traded three cents higher at $19.62 a barrel at 1845 GMT, after earlier climbing to as high as $19.77.</p>
<p>News of a planned strike on Thursday by up to 20 million people in Russia, a major oil producer and exporter, to protest wage arrears and government policy served as grist for traders looking to boost prices.</p>
<p>&quot;I think some bulls began putting the Russian story about to talk it up,&quot; a trader said.</p>
<p>Markets remained vulnerable to fundamental weakness, as persistently robust supplies in the North Sea were still courting buying interest from United States refiners, dealers said. But rangebound trading was expected ahead of the release of U.S. inventory data later on Tuesday.</p>
<p>Prices received only notional support from the continued loss of 100,000 barrels per day of Nigerian crude oil production to a civil uprising there, as Anglo-Dutch operator Royal Dutch/Shell said its exports would be unaffected.</p>
<p>Nigeria, with output of about 2.15 million bpd, is the fifth largest producer in the Organization of the Petroleum Exporting Countries (OPEC).</p>
<p>						   Mar 25    Mar 24</p>
<p>						 (1845 GMT)  (Close)</p>
<p>    Dated Brent			     $18.77    $18.94</p>
<p>    IPE London Brent Futures (May)    $19.62    $19.59</p>
<p>    NYMEX light crude futures (May)   $21.12    $21.06</p>
</text>
<copyright>(c) Reuters Limited 1997</copyright>
<metadata>
<codes class="bip:countries:1.0">
  <code code="UK">
    <editdetail attribution="Reuters BIP Coding Group" action="confirmed" date="1997-03-25"/>
  </code>
</codes>
<codes class="bip:topics:1.0">
  <code code="M14">
    <editdetail attribution="Reuters BIP Coding Group" action="confirmed" date="1997-03-25"/>
  </code>
  <code code="M143">
    <editdetail attribution="Reuters BIP Coding Group" action="confirmed" date="1997-03-25"/>
  </code>
  <code code="MCAT">
    <editdetail attribution="Reuters BIP Coding Group" action="confirmed" date="1997-03-25"/>
  </code>
</codes>
<dc element="dc.date.created" value="1997-03-25"/>
<dc element="dc.publisher" value="Reuters Holdings Plc"/>
<dc element="dc.date.published" value="1997-03-25"/>
<dc element="dc.source" value="Reuters"/>
<dc element="dc.creator.location" value="LONDON"/>
<dc element="dc.creator.location.country.name" value="UK"/>
<dc element="dc.source" value="Reuters"/>
</metadata>
</newsitem>
