<?xml version="1.0" encoding="iso-8859-1" ?>
<newsitem itemid="465538" id="root" date="1997-03-25" xml:lang="en">
<title>LITHUANIA: DEBT IN HARD CURRENCY FALLS IN FEB.</title>
<headline>DEBT IN HARD CURRENCY FALLS IN FEB.</headline>
<dateline>VILNIUS 1997-03-25</dateline>
<text>
<p>Lithuania's state debt in hard currencies as of March 1 was $1.163 billion compared with debt of $1.175 billion on February 1, the finance ministry said on Tuesday.</p>
<p>Loans taken in the name of the state came to $879.5 million and loans taken with a government guarantee were $283.2 million, the ministry said in a statement.  </p>
<p>By March 1, the government signed loan agreements worth $1.975 billion, including state loans worth $1.364 billion and loans with a government guarantee worth $611.5 million. These agreements have been signed but not all of them used.</p>
<p>The statement also said that the state has used $1.378 billion of loans and of that the state has taken $990.4 million and with a state guarantee $387.8 million.</p>
<p>-- Vilnius Newsroom +370 2 223 517</p>
</text>
<copyright>(c) Reuters Limited 1997</copyright>
<metadata>
<codes class="bip:countries:1.0">
  <code code="LITH">
    <editdetail attribution="Reuters BIP Coding Group" action="confirmed" date="1997-03-25"/>
  </code>
</codes>
<codes class="bip:topics:1.0">
  <code code="E21">
    <editdetail attribution="Reuters BIP Coding Group" action="confirmed" date="1997-03-25"/>
  </code>
  <code code="E212">
    <editdetail attribution="Reuters BIP Coding Group" action="confirmed" date="1997-03-25"/>
  </code>
  <code code="ECAT">
    <editdetail attribution="Reuters BIP Coding Group" action="confirmed" date="1997-03-25"/>
  </code>
</codes>
<dc element="dc.date.created" value="1997-03-25"/>
<dc element="dc.publisher" value="Reuters Holdings Plc"/>
<dc element="dc.date.published" value="1997-03-25"/>
<dc element="dc.source" value="Reuters"/>
<dc element="dc.creator.location" value="VILNIUS"/>
<dc element="dc.creator.location.country.name" value="LITHUANIA"/>
<dc element="dc.source" value="Reuters"/>
</metadata>
</newsitem>
