<?xml version="1.0" encoding="iso-8859-1" ?>
<newsitem itemid="465504" id="root" date="1997-03-25" xml:lang="en">
<title>LITHUANIA: SIAULIU BANK GIVES BALANCE SHEET DETAILS.</title>
<headline>SIAULIU BANK GIVES BALANCE SHEET DETAILS.</headline>
<dateline>VILNIUS 1997-03-25</dateline>
<text>
<p>Lithuania's Siauliu Bank said</p>
<p>on Tuesday its total assets rose to 70.67 million litas in 1996</p>
<p>versus 50.08 million litas a year before.</p>
<p>The bank also presented the details of its balance sheet as</p>
<p>at 31 December 1996.</p>
<p>All amounts are in 1,000 litas unless otherwise stated:</p>
<p>    ASSETS					 1996	 1995</p>
<p>    Cash and deposits with central bank  10.125     5.686</p>
<p>    Government securities		    3.884	2.869</p>
<p>    Deposits with banks			6.122	2.395</p>
<p>    Loans to customers			 42.220    38.871</p>
<p>    Provisions for bad/doubtful loans    (4.948)   (6.794)</p>
<p>    Other assets				  6.133     1.441</p>
<p>    Equity investments			    354	  64</p>
<p>    Fixed assets				  6.784	5.553</p>
<p>    TOTAL ASSETS				 70.674     50.085</p>
<p>LIABILITIES</p>
<p>    Deposits from central bank		 5.643	2.123</p>
<p>    Deposits and letters of credit	  42.261     40.453</p>
<p>    Other liabilities			    1.619	 908</p>
<p>    TOTAL LIABILITIES			   49.523     43.484</p>
<p>EQUITY</p>
<p>    Share capital				 20.021     10.000</p>
<p>    Reserves and retained  earnings	  1.130     (3.399)</p>
<p>    TOTAL EQUITY				  21.151	6.601</p>
<p>    TOTAL LIABILITIES AND EQUITY	    70.674     50.085</p>
<p>    GUARANTEES				     1.629	4.870</p>
<p>-- Andrius Vilkancas, Vilnius Newsroom +370 2 223 517</p>
</text>
<copyright>(c) Reuters Limited 1997</copyright>
<metadata>
<codes class="bip:countries:1.0">
  <code code="LITH">
    <editdetail attribution="Reuters BIP Coding Group" action="confirmed" date="1997-03-25"/>
  </code>
</codes>
<codes class="bip:industries:1.0">
  <code code="I81402">
    <editdetail attribution="Reuters BIP Coding Group" action="confirmed" date="1997-03-25"/>
  </code>
</codes>
<codes class="bip:topics:1.0">
  <code code="C15">
    <editdetail attribution="Reuters BIP Coding Group" action="confirmed" date="1997-03-25"/>
  </code>
  <code code="C151">
    <editdetail attribution="Reuters BIP Coding Group" action="confirmed" date="1997-03-25"/>
  </code>
  <code code="C1511">
    <editdetail attribution="Reuters BIP Coding Group" action="confirmed" date="1997-03-25"/>
  </code>
  <code code="CCAT">
    <editdetail attribution="Reuters BIP Coding Group" action="confirmed" date="1997-03-25"/>
  </code>
</codes>
<dc element="dc.date.created" value="1997-03-25"/>
<dc element="dc.publisher" value="Reuters Holdings Plc"/>
<dc element="dc.date.published" value="1997-03-25"/>
<dc element="dc.source" value="Reuters"/>
<dc element="dc.creator.location" value="VILNIUS"/>
<dc element="dc.creator.location.country.name" value="LITHUANIA"/>
<dc element="dc.source" value="Reuters"/>
</metadata>
</newsitem>
