<?xml version="1.0" encoding="iso-8859-1" ?>
<newsitem itemid="465547" id="root" date="1997-03-25" xml:lang="en">
<title>BELGIUM: BELGIAN PM SAYS BUDGET REVIEW GUARANTEES EMU PLACE.</title>
<headline>BELGIAN PM SAYS BUDGET REVIEW GUARANTEES EMU PLACE.</headline>
<dateline>BRUSSELS 1997-03-25</dateline>
<text>
<p>Belgian Prime Minister Jean-Luc Dehaene said on Tuesday revisions to the 1997 budget which agreed last weekend guaranteed Belgium a place in a single European currency from the start.</p>
<p>&quot;The 1997 budget is of vital importance for our country because it will be part of our entry exam to (European economic and monetary union), which will be taken at the start of 1998,&quot; Dehaene said in a speech to parliament to present the outcome of the budget review.</p>
<p>&quot;These revisions to the 1997 budget have made it possible to limit the budget deficit of all public authorities to 2.9 percent (of gross domestic product) which will allow our country to take part in EMU from the start,&quot; Dehaene added.</p>
<p>Dehaene said the new austerity measures represented only 1.1 percent of GDP, much less than has been required in neighbouring countries to keep on track for EMU.</p>
<p>&quot;It is a certainty that Belgium is able to meet the convergence requirements of the Maastricht Treaty because the budget rests on a triple safety margin,&quot; Dehaene added.</p>
<p>First, Dehaene said, the deficit target at 2.9 percent was below the 3 percent norm permitted in the Maastricht Treaty. Secondly, the 1997 growth forecast was unchanged at 2.1 percent, compared with an average 2.9 percent of recent forecasts. Thirdly, there is a 20 billion franc safety margin designed to counter possible adverse developments on financial markets.</p>
<p>Belgium was also on course to cut its debt to 127 percent of GDP in 1997, which is 10 percentage points less than in 1993.</p>
<p>Dehaene added the fight against unemployment would be the focus of the second half of the government's four-year term in office, which began in May 1995.</p>
<p>Dehaene said that before its summer recess, the government would organise five special cabinet meetings, each focusing on single issue problems.</p>
<p>The five issues were: job creation and small and medium-sized companies; information and telecommunication technologies; the functioning of the civil service; improving democracy on the basis of recommendations of an all-party parliamentary working group; and the fight against poverty and social exclusion.</p>
<p>-- Brussels Newsroom +32 2 287 6810, Fax +32 2 230 7710</p>
</text>
<copyright>(c) Reuters Limited 1997</copyright>
<metadata>
<codes class="bip:countries:1.0">
  <code code="BELG">
    <editdetail attribution="Reuters BIP Coding Group" action="confirmed" date="1997-03-25"/>
  </code>
  <code code="EEC">
    <editdetail attribution="Reuters BIP Coding Group" action="confirmed" date="1997-03-25"/>
  </code>
</codes>
<codes class="bip:topics:1.0">
  <code code="E12">
    <editdetail attribution="Reuters BIP Coding Group" action="confirmed" date="1997-03-25"/>
  </code>
  <code code="E21">
    <editdetail attribution="Reuters BIP Coding Group" action="confirmed" date="1997-03-25"/>
  </code>
  <code code="E211">
    <editdetail attribution="Reuters BIP Coding Group" action="confirmed" date="1997-03-25"/>
  </code>
  <code code="ECAT">
    <editdetail attribution="Reuters BIP Coding Group" action="confirmed" date="1997-03-25"/>
  </code>
  <code code="G15">
    <editdetail attribution="Reuters BIP Coding Group" action="confirmed" date="1997-03-25"/>
  </code>
  <code code="G151">
    <editdetail attribution="Reuters BIP Coding Group" action="confirmed" date="1997-03-25"/>
  </code>
  <code code="G154">
    <editdetail attribution="Reuters BIP Coding Group" action="confirmed" date="1997-03-25"/>
  </code>
  <code code="GCAT">
    <editdetail attribution="Reuters BIP Coding Group" action="confirmed" date="1997-03-25"/>
  </code>
  <code code="M13">
    <editdetail attribution="Reuters BIP Coding Group" action="confirmed" date="1997-03-25"/>
  </code>
  <code code="M132">
    <editdetail attribution="Reuters BIP Coding Group" action="confirmed" date="1997-03-25"/>
  </code>
  <code code="MCAT">
    <editdetail attribution="Reuters BIP Coding Group" action="confirmed" date="1997-03-25"/>
  </code>
</codes>
<dc element="dc.date.created" value="1997-03-25"/>
<dc element="dc.publisher" value="Reuters Holdings Plc"/>
<dc element="dc.date.published" value="1997-03-25"/>
<dc element="dc.source" value="Reuters"/>
<dc element="dc.creator.location" value="BRUSSELS"/>
<dc element="dc.creator.location.country.name" value="BELGIUM"/>
<dc element="dc.source" value="Reuters"/>
</metadata>
</newsitem>
