<?xml version="1.0" encoding="iso-8859-1" ?>
<newsitem itemid="465581" id="root" date="1997-03-25" xml:lang="en">
<title>UK: Aeroflot adds cargo capacity to UK market.</title>
<headline>Aeroflot adds cargo capacity to UK market.</headline>
<dateline>LONDON 1997-03-25</dateline>
<text>
<p>Aeroflot Russian International Airlines is adding extra cargo capacity to the UK market with the introduction of a weekly 10,000kg-capacity 767 service from Heathrow to Moscow on Fridays.</p>
<p>This will brings to 13 the number of exHeathrow Aeroflot flights per week the others being operated by A3l0 and IL86 aircraft with 4000kg capacity, Aeroflot UK cargo sales agent Air Marketing Associates (AMA) said.</p>
<p>Aeroflot's summer schedule which starts on April 1 includes four flights per week to St. Petersburg (three from London Gatwick, and one from London Heathrow). Tokyo will gain an extra flight per week via Moscow from Heathrow, bringing total flights to Japan to three per week.</p>
<p>AMA said it is adding to Aeroflot's ex-UK cargo capacity to Moscow, Japan and Korea by marketing Aeroflot DC10 freighter services from Frankfurt with a dedicated five day a week road feeder services. - Reuters Air Cargo Newsroom Tel+44 171 542 7706 Fax:5017</p>
</text>
<copyright>(c) Reuters Limited 1997</copyright>
<metadata>
<codes class="bip:countries:1.0">
  <code code="RUSS">
    <editdetail attribution="Reuters BIP Coding Group" action="confirmed" date="1997-03-25"/>
  </code>
  <code code="UK">
    <editdetail attribution="Reuters BIP Coding Group" action="confirmed" date="1997-03-25"/>
  </code>
</codes>
<codes class="bip:industries:1.0">
  <code code="I75000">
    <editdetail attribution="Reuters BIP Coding Group" action="confirmed" date="1997-03-25"/>
  </code>
  <code code="I77002">
    <editdetail attribution="Reuters BIP Coding Group" action="confirmed" date="1997-03-25"/>
  </code>
</codes>
<codes class="bip:topics:1.0">
  <code code="C21">
    <editdetail attribution="Reuters BIP Coding Group" action="confirmed" date="1997-03-25"/>
  </code>
  <code code="C24">
    <editdetail attribution="Reuters BIP Coding Group" action="confirmed" date="1997-03-25"/>
  </code>
  <code code="CCAT">
    <editdetail attribution="Reuters BIP Coding Group" action="confirmed" date="1997-03-25"/>
  </code>
</codes>
<dc element="dc.date.created" value="1997-03-25"/>
<dc element="dc.publisher" value="Reuters Holdings Plc"/>
<dc element="dc.date.published" value="1997-03-25"/>
<dc element="dc.source" value="Reuters"/>
<dc element="dc.creator.location" value="LONDON"/>
<dc element="dc.creator.location.country.name" value="UK"/>
<dc element="dc.source" value="Reuters"/>
</metadata>
</newsitem>
