<?xml version="1.0" encoding="iso-8859-1" ?>
<newsitem itemid="465566" id="root" date="1997-03-25" xml:lang="en">
<title>UK: NWE fuel oil slips slightly in lifeless market.</title>
<headline>NWE fuel oil slips slightly in lifeless market.</headline>
<dateline>LONDON 1997-03-25</dateline>
<text>
<p>NWE fuel oil prices slipped on Tuesday in a lifeless market with players more interested in their Easter break, traders said.</p>
<p>High sulphur cargo prices drifted down to $81-$83 with buyers content to sit back and wait for further falls.</p>
<p>&quot;End-users are fairly relaxed and will wait for numbers below $80 before they'll trade,&quot; said one buyer.</p>
<p>No boost was expected from the Portugese state electricity 25,000 tonne high sulphur buy tender due to be finalised on Wednesday.</p>
<p>&quot;It's very quiet ahead of Easter,&quot; said one trader. &quot;People already seem to be on holiday.&quot;</p>
<p>Barge prices also slipped a little, with $85.50 traded late on Monday and early on Tuesday and $85 fob ARA done later. But business was poor with major refiners chasing hard to grab bunker trade, which was at healthy levels.</p>
<p>Low sulphur barges were heard offered around $97 and $98 fob on Monday, with very little interest in the product.</p>
<p>Low sulphur cargoes were heard being indicated available into the Mediterranean but not finding buyers. Prices were being talked off slightly at $94-$96 fob.</p>
<p>-- London newsroom +44 171 542 8060</p>
</text>
<copyright>(c) Reuters Limited 1997</copyright>
<metadata>
<codes class="bip:countries:1.0">
  <code code="UK">
    <editdetail attribution="Reuters BIP Coding Group" action="confirmed" date="1997-03-25"/>
  </code>
</codes>
<codes class="bip:topics:1.0">
  <code code="M14">
    <editdetail attribution="Reuters BIP Coding Group" action="confirmed" date="1997-03-25"/>
  </code>
  <code code="M143">
    <editdetail attribution="Reuters BIP Coding Group" action="confirmed" date="1997-03-25"/>
  </code>
  <code code="MCAT">
    <editdetail attribution="Reuters BIP Coding Group" action="confirmed" date="1997-03-25"/>
  </code>
</codes>
<dc element="dc.date.created" value="1997-03-25"/>
<dc element="dc.publisher" value="Reuters Holdings Plc"/>
<dc element="dc.date.published" value="1997-03-25"/>
<dc element="dc.source" value="Reuters"/>
<dc element="dc.creator.location" value="LONDON"/>
<dc element="dc.creator.location.country.name" value="UK"/>
<dc element="dc.source" value="Reuters"/>
</metadata>
</newsitem>
