<?xml version="1.0" encoding="iso-8859-1" ?>
<newsitem itemid="465577" id="root" date="1997-03-25" xml:lang="en">
<title>UK: NWE naphtha steady, arbitrage East helps sellers.</title>
<headline>NWE naphtha steady, arbitrage East helps sellers.</headline>
<dateline>LONDON 1997-03-25</dateline>
<text>
<p>European spot naphtha prices were steady to slightly firmer on Tuesday in thin trade.</p>
<p>Traders said buyers and sellers remained at a stand-off but sellers were beginning to gain the upper hand over relaxed European buyers with further arbitrage options East seen.</p>
<p>Forward paper markets were slightly firmer with the narrow backwardation to May swaps wiped out reflecting perceptions of further demand from the Far East.</p>
<p>This demand is seen in order to cover a supply deficit in the Asia-Pacific region that is likely to grow this year as a series of new petrochemical plants mainly in Singapore, Thailand, Indonesia and India create new demand.</p>
<p>Open spec and Russian cargoes on offer in NWE at around $195 a tonne were attracting little buying interest, but material in the Far East is still valued around $229 for May 16-31 delivery.</p>
<p>--Colin Wooster, London Newsroom, +44 171 542 7456</p>
</text>
<copyright>(c) Reuters Limited 1997</copyright>
<metadata>
<codes class="bip:countries:1.0">
  <code code="UK">
    <editdetail attribution="Reuters BIP Coding Group" action="confirmed" date="1997-03-25"/>
  </code>
</codes>
<codes class="bip:topics:1.0">
  <code code="M14">
    <editdetail attribution="Reuters BIP Coding Group" action="confirmed" date="1997-03-25"/>
  </code>
  <code code="M143">
    <editdetail attribution="Reuters BIP Coding Group" action="confirmed" date="1997-03-25"/>
  </code>
  <code code="MCAT">
    <editdetail attribution="Reuters BIP Coding Group" action="confirmed" date="1997-03-25"/>
  </code>
</codes>
<dc element="dc.date.created" value="1997-03-25"/>
<dc element="dc.publisher" value="Reuters Holdings Plc"/>
<dc element="dc.date.published" value="1997-03-25"/>
<dc element="dc.source" value="Reuters"/>
<dc element="dc.creator.location" value="LONDON"/>
<dc element="dc.creator.location.country.name" value="UK"/>
<dc element="dc.source" value="Reuters"/>
</metadata>
</newsitem>
