<?xml version="1.0" encoding="iso-8859-1" ?>
<newsitem itemid="465516" id="root" date="1997-03-25" xml:lang="en">
<title>POLAND: POLISH KGHM, UNIONS TO MEET ON WAGES MARCH 26.</title>
<headline>POLISH KGHM, UNIONS TO MEET ON WAGES MARCH 26.</headline>
<dateline>WARSAW 1997-03-25</dateline>
<text>
<p>The board of Poland's KGHM copper concern and trade unions will meet on March 26 on a wage dispute which led to a strike alert last week, the head of the Solidarity union in KGHM said on Tuesday.</p>
<p>Jozef Czyczerski said the seven unions which are in the wage dispute with the management would attend the meeting even though the board was not willing to discuss all postulates, because it came at the time of their regular quarterly meeting.</p>
<p>&quot;This is our regular quarterly meeting with the management so unions will attend, and we shall see what the board will talk about,&quot; Czyczerski told Reuter.</p>
<p>The unions demand a 10 percent increase in the basic salary in the company and a 17 percent wage increase for the whole of 1997 against the management's 15 percent.</p>
<p>Sources close to KGHM's board said the management wanted to offer the unions a 17 percent increase in wages throughout 1997, done in two stages -- the first rise on April 1 and the second on July 1, 1997.</p>
<p>&quot;However, the board is not prepared to discuss anything else,&quot; the source said.</p>
<p>The unions, fearing lay-offs after KGHM's flotation on Warsaw and London bourses later this year, also wants 10-year employment and social benefit guarantees. KGHM is one of the world's major copper and silver producers.</p>
<p>-- Jan Strupczewski +48 22 653 9700</p>
</text>
<copyright>(c) Reuters Limited 1997</copyright>
<metadata>
<codes class="bip:countries:1.0">
  <code code="POL">
    <editdetail attribution="Reuters BIP Coding Group" action="confirmed" date="1997-03-25"/>
  </code>
</codes>
<codes class="bip:industries:1.0">
  <code code="I22460">
    <editdetail attribution="Reuters BIP Coding Group" action="confirmed" date="1997-03-25"/>
  </code>
</codes>
<codes class="bip:topics:1.0">
  <code code="C42">
    <editdetail attribution="Reuters BIP Coding Group" action="confirmed" date="1997-03-25"/>
  </code>
  <code code="CCAT">
    <editdetail attribution="Reuters BIP Coding Group" action="confirmed" date="1997-03-25"/>
  </code>
  <code code="E41">
    <editdetail attribution="Reuters BIP Coding Group" action="confirmed" date="1997-03-25"/>
  </code>
  <code code="ECAT">
    <editdetail attribution="Reuters BIP Coding Group" action="confirmed" date="1997-03-25"/>
  </code>
  <code code="GCAT">
    <editdetail attribution="Reuters BIP Coding Group" action="confirmed" date="1997-03-25"/>
  </code>
  <code code="GJOB">
    <editdetail attribution="Reuters BIP Coding Group" action="confirmed" date="1997-03-25"/>
  </code>
</codes>
<dc element="dc.date.created" value="1997-03-25"/>
<dc element="dc.publisher" value="Reuters Holdings Plc"/>
<dc element="dc.date.published" value="1997-03-25"/>
<dc element="dc.source" value="Reuters"/>
<dc element="dc.creator.location" value="WARSAW"/>
<dc element="dc.creator.location.country.name" value="POLAND"/>
<dc element="dc.source" value="Reuters"/>
</metadata>
</newsitem>
