<?xml version="1.0" encoding="iso-8859-1" ?>
<newsitem itemid="465502" id="root" date="1997-03-25" xml:lang="en">
<title>HUNGARY: WHEAT, BARLEY FUTURES DOWN, MAIZE UP IN BUDAPEST.</title>
<headline>WHEAT, BARLEY FUTURES DOWN, MAIZE UP IN BUDAPEST.</headline>
<dateline>BUDAPEST 1997-03-25</dateline>
<text>
<p>Wheat futures prices started a long-awaited downward movement on the Budapest Commodity Exchange (BCE) on Tuesday, traders said.</p>
<p>&quot;It was not today's price drop, but earlier increases that were surprising,&quot; said Janos Szolyka of Swap. &quot;Both domestic fundamentals and international prices warranted today's correction.&quot;</p>
<p>Milling wheat prices dropped 200 forints to 400 forints per tonne on Tuesday, and finished at 24,410 forints for May, 22,000 forints for September and 23,150 for December.</p>
<p>Szolyka added that current wheat prices, especially on the physical market, are prohibitively high for export although excess stocks stand between 500,000 and 900,000 tonnes.</p>
<p>Feed barley prices also dropped on Tuesday, partly led by milling wheat and partly speculation driven, he said.</p>
<p>&quot;A couple of market players can afford to play with the price as they have stocks to back them up,&quot; Szolyka said, adding that the market had little fundamental information about this year's crop outlook.</p>
<p>Maize futures rose slightly by some 100 forints for the old (1996) crop and went 200 to 400 forints higher for the new (1997) crop but few contracts changed hands.</p>
<p>&quot;There was little actual trade, so most price movements were of a technical nature,&quot; Szolyka said.</p>
<p>Total grains turnover was 253.9 million forints or 605 contracts of which milling wheat accounted for 316.</p>
<p>Lot size= 20,000 kgs</p>
<p>($1=176.58 Hungarian forints)</p>
<p>-- Denes Albert, Budapest newsroom +36 1 327 4040</p>
</text>
<copyright>(c) Reuters Limited 1997</copyright>
<metadata>
<codes class="bip:countries:1.0">
  <code code="HUNG">
    <editdetail attribution="Reuters BIP Coding Group" action="confirmed" date="1997-03-25"/>
  </code>
</codes>
<codes class="bip:topics:1.0">
  <code code="M14">
    <editdetail attribution="Reuters BIP Coding Group" action="confirmed" date="1997-03-25"/>
  </code>
  <code code="M141">
    <editdetail attribution="Reuters BIP Coding Group" action="confirmed" date="1997-03-25"/>
  </code>
  <code code="MCAT">
    <editdetail attribution="Reuters BIP Coding Group" action="confirmed" date="1997-03-25"/>
  </code>
</codes>
<dc element="dc.date.created" value="1997-03-25"/>
<dc element="dc.publisher" value="Reuters Holdings Plc"/>
<dc element="dc.date.published" value="1997-03-25"/>
<dc element="dc.source" value="Reuters"/>
<dc element="dc.creator.location" value="BUDAPEST"/>
<dc element="dc.creator.location.country.name" value="HUNGARY"/>
<dc element="dc.source" value="Reuters"/>
</metadata>
</newsitem>
