<?xml version="1.0" encoding="iso-8859-1" ?>
<newsitem itemid="465513" id="root" date="1997-03-25" xml:lang="en">
<title>LATVIA: LATVIAN SHIPPING ELECTS NEW PRESIDENT.</title>
<headline>LATVIAN SHIPPING ELECTS NEW PRESIDENT.</headline>
<dateline>RIGA 1997-03-25</dateline>
<text>
<p>Latvian Shipping, one of the country's largest companies, on Tuesday elected Andris Klavinsh as the company's president.</p>
<p>Klavinsh was until recently senior vice president of the company, which is on the government's privatisation list.</p>
<p>The shareholder meeting of the company also elected Ivars Godmanis as board member. Godmanis is also currently president of Savings Bank (Krajbanka), also on the privatisation list.</p>
<p>Klavinsh replaced Peteris Avotinsh, who was sacked after the company reported two years of losses.</p>
<p>-- Riga Newsroom +371 721 5240</p>
</text>
<copyright>(c) Reuters Limited 1997</copyright>
<metadata>
<codes class="bip:countries:1.0">
  <code code="LATV">
    <editdetail attribution="Reuters BIP Coding Group" action="confirmed" date="1997-03-25"/>
  </code>
</codes>
<codes class="bip:industries:1.0">
  <code code="I74000">
    <editdetail attribution="Reuters BIP Coding Group" action="confirmed" date="1997-03-25"/>
  </code>
</codes>
<codes class="bip:topics:1.0">
  <code code="C41">
    <editdetail attribution="Reuters BIP Coding Group" action="confirmed" date="1997-03-25"/>
  </code>
  <code code="C411">
    <editdetail attribution="Reuters BIP Coding Group" action="confirmed" date="1997-03-25"/>
  </code>
  <code code="CCAT">
    <editdetail attribution="Reuters BIP Coding Group" action="confirmed" date="1997-03-25"/>
  </code>
</codes>
<dc element="dc.date.created" value="1997-03-25"/>
<dc element="dc.publisher" value="Reuters Holdings Plc"/>
<dc element="dc.date.published" value="1997-03-25"/>
<dc element="dc.source" value="Reuters"/>
<dc element="dc.creator.location" value="RIGA"/>
<dc element="dc.creator.location.country.name" value="LATVIA"/>
<dc element="dc.source" value="Reuters"/>
</metadata>
</newsitem>
