<?xml version="1.0" encoding="iso-8859-1" ?>
<newsitem itemid="465623" id="root" date="1997-03-25" xml:lang="en">
<title>AUSTRALIA: RTRS-Cricket-McGrath to return home through injury.</title>
<headline>RTRS-Cricket-McGrath to return home through injury.</headline>
<dateline>MELBOURNE 1997-03-25</dateline>
<text>
<p>Australia fast bowler Glenn McGrath will miss the upcoming limited overs series against South Africa after succumbing to a nagging foot injury, the Australian Cricket Board (ACB) said on Tuesday.</p>
<p>Queensland pace bowler Adam Dale will be sent to South Africa as a replacement for the seven-match series over the coming three weeks.</p>
<p>Western Australia wicketkeeper Adam Gilchrist will join Dale on the plane to South Africa as cover for Ian Healy, who was suspended from the first two one-day internationals for dissent.</p>
<p>Both Gilchrist and Dale are playing for their respective states in the domestic Sheffield Shield final, which will conclude at Perth's WACA Ground on Tuesday.</p>
<p>McGrath, who has been troubled by the foot injury for the past week, will leave for home on Thursday, an ACB spokeswoman told Reuters.</p>
<p>Vice-captain Healy was banned after being found guilty of dissent during the third and final test, won convincingly by South Africa at Centurion Park in Pretoria on Monday.</p>
<p>Healy glowered angrily with hand on hip at umpire Cyril Mitchley after he was given out and stamped from the field before throwing his bat into the dressing-room.</p>
<p>He will miss the matches in East London on Saturday and Port Elizabeth on Monday.</p>
<p>Australia, who won the test series 2-1, have already made three changes for the limited overs fixtures, calling up all-rounders Stuart Law and Michael DiVenuto and left-arm seamer Brendon Julian.</p>
<p>They will replace specialist batsmen Matthew Hayden, Matthew Elliott and Justin Langer.</p>
<p>-- Sydney Newsroom 61-2 9373-1800</p>
</text>
<copyright>(c) Reuters Limited 1997</copyright>
<metadata>
<codes class="bip:countries:1.0">
  <code code="AUSTR">
    <editdetail attribution="Reuters BIP Coding Group" action="confirmed" date="1997-03-25"/>
  </code>
  <code code="SAFR">
    <editdetail attribution="Reuters BIP Coding Group" action="confirmed" date="1997-03-25"/>
  </code>
</codes>
<codes class="bip:topics:1.0">
  <code code="GCAT">
    <editdetail attribution="Reuters BIP Coding Group" action="confirmed" date="1997-03-25"/>
  </code>
  <code code="GSPO">
    <editdetail attribution="Reuters BIP Coding Group" action="confirmed" date="1997-03-25"/>
  </code>
</codes>
<dc element="dc.date.created" value="1997-03-25"/>
<dc element="dc.publisher" value="Reuters Holdings Plc"/>
<dc element="dc.date.published" value="1997-03-25"/>
<dc element="dc.source" value="Reuters"/>
<dc element="dc.creator.location" value="MELBOURNE"/>
<dc element="dc.creator.location.country.name" value="AUSTRALIA"/>
<dc element="dc.source" value="Reuters"/>
</metadata>
</newsitem>
