<?xml version="1.0" encoding="iso-8859-1" ?>
<newsitem itemid="465634" id="root" date="1997-03-25" xml:lang="en">
<title>CANADA: Canada dlr ends slightly firmer, more gains seen.</title>
<headline>Canada dlr ends slightly firmer, more gains seen.</headline>
<text>
<p>FORECAST RANGE   1.3760/1.3800	    ASIAN CLOSE     1.3761</p>
<p>RESISTANCE 1.3540   SUPPORT 1.3800	HI 1.3786   LO  1.3758</p>
<p>CANADA OPEN  1.3779/84    HI 1.3785     EUROPE OPEN     1.3780</p>
<p>PREV CLOSE   1.3785/90    LO 1.3766     HI 1.3770   LO  1.3760</p>
<p>----------------------MARKET COMMENT--------------------------</p>
<p>* Canada's dollar ended slightly firmer on Tuesday after the U.S. Federal Reserve raised U.S. interest rates as expected. * Canada unit finished around C$1.3779 (US$0.7257) from Monday's close at C$1.3785 (US$0.7254). * Analysts said Fed rate move already priced into Canadian dollar, further strength seen.  </p>
<p>&quot;It was pretty much in line with what we expected. We took a back seat to what happened in the U.S.,&quot; one trader said.</p>
<p>The Canadian dollar hit a year low last week as financial markets factored in the Bank of Canada's stay-the-course reaction to a U.S. rate increase.</p>
<p>Bank of Canada Governor Gordon Thiessen said last week that the central bank has more room to maneuver in reaction to U.S. interest rate hikes. But he cautioned that his comments should not be interpreted as a pledge not to raise rates.</p>
<p>With the Fed move out of the way, analysts said the unit may now benefit from Canada's brighter economic picture.  </p>
<p>&quot;The Fed move could allow the markets to focus on Canada's strong economic fundamentals,&quot; said Rob Palombi, senior fixed income analyst with MMS International.</p>
<p>He predicted the currency would trade between C$1.3690 (US$0.7304) and C$1.3730 (US$0.7283) in the near term.</p>
<p>In other economic news, the Quebec government unveiled a 1997/98 budget which forecast a deficit of C$2.2 billion in the year ended March 31, down from C$3.2 billion in fiscal 1996/97.</p>
<p>On the crosses, the Canadian dollar fell to 1.2254 marks from 1.2277 marks on Monday and rose to 89.77 yen from Monday's 88.98 yen.</p>
<p>((Reuters Toronto Bureau (416) 941-8100))</p>
</text>
<copyright>(c) Reuters Limited 1997</copyright>
<metadata>
<codes class="bip:countries:1.0">
  <code code="CANA">
    <editdetail attribution="Reuters BIP Coding Group" action="confirmed" date="1997-03-25"/>
  </code>
</codes>
<codes class="bip:topics:1.0">
  <code code="M13">
    <editdetail attribution="Reuters BIP Coding Group" action="confirmed" date="1997-03-25"/>
  </code>
  <code code="M132">
    <editdetail attribution="Reuters BIP Coding Group" action="confirmed" date="1997-03-25"/>
  </code>
  <code code="MCAT">
    <editdetail attribution="Reuters BIP Coding Group" action="confirmed" date="1997-03-25"/>
  </code>
</codes>
<dc element="dc.publisher" value="Reuters Holdings Plc"/>
<dc element="dc.date.published" value="1997-03-25"/>
<dc element="dc.source" value="Reuters"/>
<dc element="dc.creator.location.country.name" value="CANADA"/>
<dc element="dc.source" value="Reuters"/>
</metadata>
</newsitem>
