<?xml version="1.0" encoding="iso-8859-1" ?>
<newsitem itemid="465638" id="root" date="1997-03-25" xml:lang="en">
<title>CANADA: Canada foreign minister to meet Asian leaders.</title>
<headline>Canada foreign minister to meet Asian leaders.</headline>
<dateline>OTTAWA 1997-03-25</dateline>
<text>
<p>Canada's foreign minister will visit China, Japan and Hong Kong next week to discuss relations with Hong Kong and the upcoming Asia Pacific Economic Cooperation (APEC) conference, the government said on Tuesday.</p>
<p>Lloyd Axworthy will meet his Chinese counterpart, Qian Qichen, in Beijing on April 1 and other members of the Chinese government on April 2 to discuss Canada's relations with Hong Kong.</p>
<p>He is scheduled to visit Japan on April 3 and 4. He will meet with the foreign and defence ministers and is expected to call on Prime Minister Ryutaro Hashimoto.</p>
<p>Axworthy hopes to discuss security issues, human rights, the United Nationals and Canada's role as chair of the APEC forum, the Canadian government said. Canada will host an APEC summit in November.</p>
<p>&quot;My visit to Japan will be an excellent opportunity to build on the mature relationship that exists between our two countries, through discussions on a broad range of political and security issues, including peacekeeping,&quot; Axworthy said in the statement.</p>
<p>He will end his trip with a visit to Hong Kong to speak with Hong Kong Governor Christopher Patten and Chief Executive Designate Tung Chee-hwa to discuss the transition to Chinese rule.</p>
<p>Last week, Canada announced the extension of visa-free access for most Hong Kong visitors to Canada.</p>
</text>
<copyright>(c) Reuters Limited 1997</copyright>
<metadata>
<codes class="bip:countries:1.0">
  <code code="CANA">
    <editdetail attribution="Reuters BIP Coding Group" action="confirmed" date="1997-03-25"/>
  </code>
  <code code="CHINA">
    <editdetail attribution="Reuters BIP Coding Group" action="confirmed" date="1997-03-25"/>
  </code>
  <code code="HKONG">
    <editdetail attribution="Reuters BIP Coding Group" action="confirmed" date="1997-03-25"/>
  </code>
  <code code="JAP">
    <editdetail attribution="Reuters BIP Coding Group" action="confirmed" date="1997-03-25"/>
  </code>
</codes>
<codes class="bip:topics:1.0">
  <code code="GCAT">
    <editdetail attribution="Reuters BIP Coding Group" action="confirmed" date="1997-03-25"/>
  </code>
  <code code="GDIP">
    <editdetail attribution="Reuters BIP Coding Group" action="confirmed" date="1997-03-25"/>
  </code>
</codes>
<dc element="dc.date.created" value="1997-03-25"/>
<dc element="dc.publisher" value="Reuters Holdings Plc"/>
<dc element="dc.date.published" value="1997-03-25"/>
<dc element="dc.source" value="Reuters"/>
<dc element="dc.creator.location" value="OTTAWA"/>
<dc element="dc.creator.location.country.name" value="CANADA"/>
<dc element="dc.source" value="Reuters"/>
</metadata>
</newsitem>
