<?xml version="1.0" encoding="iso-8859-1" ?>
<newsitem itemid="465632" id="root" date="1997-03-25" xml:lang="en">
<title>CANADA: Toronto indices closing - March 25.</title>
<headline>Toronto indices closing - March 25.</headline>
<text>
<p>Coms			 6143.80    -0.45</p>
<p> Met/Min		    5577.66  -104.11</p>
<p> Gold			10445.53   -96.89</p>
<p> Oil/Gas		    6518.67    +4.23</p>
<p> Volume		  91,911,699</p>
</text>
<copyright>(c) Reuters Limited 1997</copyright>
<metadata>
<codes class="bip:countries:1.0">
  <code code="CANA">
    <editdetail attribution="Reuters BIP Coding Group" action="confirmed" date="1997-03-25"/>
  </code>
</codes>
<codes class="bip:topics:1.0">
  <code code="M11">
    <editdetail attribution="Reuters BIP Coding Group" action="confirmed" date="1997-03-25"/>
  </code>
  <code code="MCAT">
    <editdetail attribution="Reuters BIP Coding Group" action="confirmed" date="1997-03-25"/>
  </code>
</codes>
<dc element="dc.publisher" value="Reuters Holdings Plc"/>
<dc element="dc.date.published" value="1997-03-25"/>
<dc element="dc.source" value="Reuters"/>
<dc element="dc.creator.location.country.name" value="CANADA"/>
<dc element="dc.source" value="Reuters"/>
</metadata>
</newsitem>
