<?xml version="1.0" encoding="iso-8859-1" ?>
<newsitem itemid="465626" id="root" date="1997-03-25" xml:lang="en">
<title>REPUBLIC OF IRELAND: Horse racing-Papillon favourite for Irish National.</title>
<headline>Horse racing-Papillon favourite for Irish National.</headline>
<dateline>DUBLIN 1997-03-25</dateline>
<text>
<p>Ted Walsh-trained Papillon has been backed down to 6-1 favourite from 10-1 last weekend for Monday's Grade One Irish Grand National at Fairyhouse.</p>
<p>British-trained raiders Mary Reveley's Seven Towers and David Nicholson's Percy Smollet are quoted 8-1 for the 100,000 Irish pound presentation at the County Meath racecourse.</p>
<p>Two other British-trained entries, Gordon Richards-trained The Grey Monk and Jenny Pitman's Mudahim, are quoted 10-1.</p>
<p>Walsh, who is based in County Kildare, has offered the ride on his novice over the three miles and five furlongs (4.7-km) trip to Ireland's champion jumps jockey Charlie Swan.</p>
<p>Swan is expected to make up his mind later this week.</p>
<p>Herring Gull, Vulpine, Bit Of A Skite and Vanton were all novices when they won the Irish National.</p>
<p>Walsh landed the biggest win of his training career when he saddled Commanche Court to win the Triumph Hurdle at the 1997 Cheltenham festival of racing.</p>
<p>--Dublin Newsroom 353-1-661-3377</p>
</text>
<copyright>(c) Reuters Limited 1997</copyright>
<metadata>
<codes class="bip:countries:1.0">
  <code code="IRE">
    <editdetail attribution="Reuters BIP Coding Group" action="confirmed" date="1997-03-25"/>
  </code>
</codes>
<codes class="bip:topics:1.0">
  <code code="GCAT">
    <editdetail attribution="Reuters BIP Coding Group" action="confirmed" date="1997-03-25"/>
  </code>
  <code code="GSPO">
    <editdetail attribution="Reuters BIP Coding Group" action="confirmed" date="1997-03-25"/>
  </code>
</codes>
<dc element="dc.date.created" value="1997-03-25"/>
<dc element="dc.publisher" value="Reuters Holdings Plc"/>
<dc element="dc.date.published" value="1997-03-25"/>
<dc element="dc.source" value="Reuters"/>
<dc element="dc.creator.location" value="DUBLIN"/>
<dc element="dc.creator.location.country.name" value="REPUBLIC OF IRELAND"/>
<dc element="dc.source" value="Reuters"/>
</metadata>
</newsitem>
