<?xml version="1.0" encoding="iso-8859-1" ?>
<newsitem itemid="465608" id="root" date="1997-03-25" xml:lang="en">
<title>UK: Chelsfield increases profits, to raise cash.</title>
<headline>Chelsfield increases profits, to raise cash.</headline>
<byline>Alexander Smith</byline>
<dateline>LONDON 1997-03-25</dateline>
<text>
<p>British property group Chelsfield Plc on Tuesday reported increased profits and plans to raise 62.2 million pounds ($100.5 million) by placing 20 million new shares.</p>
<p>Chelsfield chairman Elliot Bernerd told Reuters he was pleased with the group's asset performance, which rose 22 percent in 1996 even without taking into account two of its main developments, which it was holding at cost.</p>
<p>The group's net asset value (NAV) per share rose to 225.6 pence from 184.8 pence a year earlier. Pretax profits for 1996 were 14.4 million pounds against 10.6 million pounds in 1995 and it will pay an increased total dividend of 3.0 pence.</p>
<p>Bernerd said the group was also extremely pleased with its 90 million pound purchase of the London and New York Westbury hotels from British media and leisure group Granada Group Plc .</p>
<p>The proceeds of the new share placement, which will be at 317 pence per share, will be used to finance this as well as the group's overall development programme.</p>
<p>Bernerd said the Westbury hotel in London's West End would enable Chelsfield to develop a high standard retailing space as well as improving the hotel itself. &quot;This kills two birds with one stone,&quot; he said.</p>
<p>He would not be drawn on whether the Westbury buy was a precursor to further activity in the hotels sector, but said that Chelsfield was already involved in leisure and this formed part of that.</p>
<p>&quot;We are dealing within the core portfolio,&quot; he said, adding that the group was interested in expanding its leisure interests while reducing the office element of its portfolio.</p>
<p>Bernerd said Chelsfield hoped to begin work on its White City site, in west London, by the end of 1997 or early 1998 now that the appropriate planning consents had been obtained.</p>
<p>In his results statement he described it and Chelsfield's Paddington Basin investments as &quot;amongst the most interesting development situations in central London at the present time&quot;.</p>
<p>He said the group was now &quot;well on its way&quot; with the White City leisure and retail project, which he said would be the largest shopping centre of its type in central London.</p>
<p>There was already good tenant demand for the site, which would be completed in a couple of years, although Bernerd declined to name which tenants would take space.</p>
<p>He described the Paddington Basin development as a &quot;more complex situation&quot; but said that the site provided &quot;such an attractive starting base&quot; that it could be built in a relaxed fashion and would be completed in phases.</p>
<p>A master plan had been submitted to the local planning authority and the first phase, a residential development of 500 apartments, would start later this year.</p>
<p>Bernerd said the leisure element of the development, which is situated around a canal basin near Paddington railway station, had great potential, with plenty of interest from restaurants and residential developers.</p>
<p>Chelsfield's shares were marked down one penny at 327 at 1600 GMT. ($ = 0.618 British 5 pence Pounds)</p>
</text>
<copyright>(c) Reuters Limited 1997</copyright>
<metadata>
<codes class="bip:countries:1.0">
  <code code="UK">
    <editdetail attribution="Reuters BIP Coding Group" action="confirmed" date="1997-03-25"/>
  </code>
</codes>
<codes class="bip:industries:1.0">
  <code code="I85000">
    <editdetail attribution="Reuters BIP Coding Group" action="confirmed" date="1997-03-25"/>
  </code>
</codes>
<codes class="bip:topics:1.0">
  <code code="C15">
    <editdetail attribution="Reuters BIP Coding Group" action="confirmed" date="1997-03-25"/>
  </code>
  <code code="C151">
    <editdetail attribution="Reuters BIP Coding Group" action="confirmed" date="1997-03-25"/>
  </code>
  <code code="C1511">
    <editdetail attribution="Reuters BIP Coding Group" action="confirmed" date="1997-03-25"/>
  </code>
  <code code="C17">
    <editdetail attribution="Reuters BIP Coding Group" action="confirmed" date="1997-03-25"/>
  </code>
  <code code="C171">
    <editdetail attribution="Reuters BIP Coding Group" action="confirmed" date="1997-03-25"/>
  </code>
  <code code="CCAT">
    <editdetail attribution="Reuters BIP Coding Group" action="confirmed" date="1997-03-25"/>
  </code>
</codes>
<dc element="dc.date.created" value="1997-03-25"/>
<dc element="dc.publisher" value="Reuters Holdings Plc"/>
<dc element="dc.date.published" value="1997-03-25"/>
<dc element="dc.source" value="Reuters"/>
<dc element="dc.creator.location" value="LONDON"/>
<dc element="dc.creator.location.country.name" value="UK"/>
<dc element="dc.source" value="Reuters"/>
</metadata>
</newsitem>
