<?xml version="1.0" encoding="iso-8859-1" ?>
<newsitem itemid="465603" id="root" date="1997-03-25" xml:lang="en">
<title>UK: Cuba sugar freight business keeps market busy.</title>
<headline>Cuba sugar freight business keeps market busy.</headline>
<dateline>LONDON 1997-03-25</dateline>
<text>
<p>Cuba and other Latin American origins again set the tone on the sugar freight market on Tuesday as various new orders emerged to keep the market busy before Europe's Easter holiday break.</p>
<p>For Cuba, the Black Sea plus the standard north Africa options were the principal quoted destinations.</p>
<p>&quot;There's quite a lot of business being done there,&quot; said one shipbroker, adding that while charterers were expecting rates of between $27 amd $28, shipowners were looking for rates nearer to $30.</p>
<p>The last reported fixture on the route fetched $31.50, he said.</p>
<p>Physical sugar brokers have said Cuba is lagging behind with its sugar shipments this year, suggesting that island could be overstretching itself on its supply contracts for the 1997/98 cane sugar crop.</p>
<p>Express Sea Transport entered the market on account to ship 25/27,000 tonnes in bulk from Cuba to the Black Sea for 1/10 April, after having reportedly fixed on the same route last week. Further details were not available.</p>
<p>Of the day's other new business, Sugar Exporters quoted for 12/14,000 tonnes of bagged sugar from south Brazil to Lagos for mid-April shipment dates.</p>
<p>Commodity Specialists were open for a prompt 5/10,000 tonnes of bulk sugar from La Romana to Puerto Rico.</p>
<p>Genoc quoted for 14,000 tonnes of bagged sugar from Poland to the Red Sea with options of Mediterranean and Colombo, again for prompt shipment.</p>
<p>Shipbrokers said Seven Seas was still open with its prompt/onwards bagged order from Djibouti to Somalia.</p>
<p>In other news, Bangladesh bought 25,000 tonnes of white sugar for shipment by May 15, with the first 12,500-tonne instalment expected to reach Chittagong by May 8 and the rest by May 15.</p>
<p>The supplier was named as G. Premjee.</p>
<p>-- Jeremy Smith, London Newsroom +44 171 542 8064</p>
</text>
<copyright>(c) Reuters Limited 1997</copyright>
<metadata>
<codes class="bip:countries:1.0">
  <code code="UK">
    <editdetail attribution="Reuters BIP Coding Group" action="confirmed" date="1997-03-25"/>
  </code>
</codes>
<codes class="bip:topics:1.0">
  <code code="M14">
    <editdetail attribution="Reuters BIP Coding Group" action="confirmed" date="1997-03-25"/>
  </code>
  <code code="M141">
    <editdetail attribution="Reuters BIP Coding Group" action="confirmed" date="1997-03-25"/>
  </code>
  <code code="MCAT">
    <editdetail attribution="Reuters BIP Coding Group" action="confirmed" date="1997-03-25"/>
  </code>
</codes>
<dc element="dc.date.created" value="1997-03-25"/>
<dc element="dc.publisher" value="Reuters Holdings Plc"/>
<dc element="dc.date.published" value="1997-03-25"/>
<dc element="dc.source" value="Reuters"/>
<dc element="dc.creator.location" value="LONDON"/>
<dc element="dc.creator.location.country.name" value="UK"/>
<dc element="dc.source" value="Reuters"/>
</metadata>
</newsitem>
