<?xml version="1.0" encoding="iso-8859-1" ?>
<newsitem itemid="465612" id="root" date="1997-03-25" xml:lang="en">
<title>UK: Hamleys profits up, but toy market flat.</title>
<headline>Hamleys profits up, but toy market flat.</headline>
<dateline>LONDON 1997-03-25</dateline>
<text>
<p>British toy store Hamleys Plc said on Tuesday underlying profits rose eight percent last year even though the overall toy market was flat, and lacked any really big sellers to capture shoppers' imaginations.</p>
<p>Hamleys, whose flagship store in London is a big draw for tourists, said pretax profits rose to 6.88 million pounds ($11.1 million) up from 6.38 million. Sales increased to 30.49 million pounds from 30.12 million. The dividend was up 11 percent to nine pence a share.</p>
<p>Chairman Howard Dyer was optimistic about prospects for 1997.</p>
<p>&quot;We remain confident that 1997 will continue the improvement in both the Hamleys' and House of Toys' businesses, although like-for-like sales have started the year in line with last year's,&quot; he said in a statement.</p>
<p>But during the key Christmas season the overall market was stagnant.</p>
<p>&quot;I think it was flat (in the UK) in terms of overall sales,&quot; he told Reuters in an interview. He said Hamleys market share was up, year on year, but not dramatically and since January sales had eased back.</p>
<p>He said sales were hit by shoppers leaving Christmas buying until the last minute and the absence of any blockbuster toy to lure them in sooner.</p>
<p>&quot;There was nothing really sexy in the marketplace,&quot; he said, &quot;Buzz Lightyear (a character from the film 'Toy Story') was the one thing that caught people's imagination over the Christmas period and that was in short supply.&quot;</p>
<p>He said merchandise linked to the re-released Star Wars films was looking quite promising for this year - including a Star Wars version of the board game Monopoly.</p>
<p>Dyer said the group's plans to open outlets within Debenhams department stores should improve margins.</p>
<p>Hamleys will open 23 units of its House of Toys' operation at Debenhams centres on a year round basis, with a further 28 units operating during the Christmas period. Debenhams is owned by Burton Group.</p>
<p>($ = 0.618 British Pounds)</p>
</text>
<copyright>(c) Reuters Limited 1997</copyright>
<metadata>
<codes class="bip:countries:1.0">
  <code code="UK">
    <editdetail attribution="Reuters BIP Coding Group" action="confirmed" date="1997-03-25"/>
  </code>
</codes>
<codes class="bip:industries:1.0">
  <code code="I65400">
    <editdetail attribution="Reuters BIP Coding Group" action="confirmed" date="1997-03-25"/>
  </code>
  <code code="I6540030">
    <editdetail attribution="Reuters BIP Coding Group" action="confirmed" date="1997-03-25"/>
  </code>
</codes>
<codes class="bip:topics:1.0">
  <code code="C15">
    <editdetail attribution="Reuters BIP Coding Group" action="confirmed" date="1997-03-25"/>
  </code>
  <code code="C151">
    <editdetail attribution="Reuters BIP Coding Group" action="confirmed" date="1997-03-25"/>
  </code>
  <code code="C1511">
    <editdetail attribution="Reuters BIP Coding Group" action="confirmed" date="1997-03-25"/>
  </code>
  <code code="CCAT">
    <editdetail attribution="Reuters BIP Coding Group" action="confirmed" date="1997-03-25"/>
  </code>
</codes>
<dc element="dc.date.created" value="1997-03-25"/>
<dc element="dc.publisher" value="Reuters Holdings Plc"/>
<dc element="dc.date.published" value="1997-03-25"/>
<dc element="dc.source" value="Reuters"/>
<dc element="dc.creator.location" value="LONDON"/>
<dc element="dc.creator.location.country.name" value="UK"/>
<dc element="dc.source" value="Reuters"/>
</metadata>
</newsitem>
