<?xml version="1.0" encoding="iso-8859-1" ?>
<newsitem itemid="465606" id="root" date="1997-03-25" xml:lang="en">
<title>UK: Moody's says has not made any change to Australia.</title>
<headline>Moody's says has not made any change to Australia.</headline>
<dateline>LONDON 1997-03-25</dateline>
<text>
<p>Moody's Investors Service said on Tuesday it had not made any changes to Australia's credit ratings following talk in the foreign exchange market the country's sovereign ratings might come under examination.</p>
<p>&quot;We've not done anything on it,&quot; a Moody's official in London said. &quot;It's not on CreditWatch and it's not got a negative outlook.&quot;</p>
<p>Moody's policy is not to comment on speculation in markets about the agency's ratings plans.</p>
<p>The Australian dollar weakened on Tuesday to U.S.$0.7823/28 at 1635 GMT from a high of US$0.7905 earlier. Some currency dealers in London said this was due to speculation about Moody's ratings plans for Australia.</p>
<p>The Moody's official said the agency released an outlook on Australia about a month ago in which it said continued growth provided a solid base for the current rating.</p>
<p>Australia has a AA2 sovereign ceiling for bonds and bank deposits and a AAA domestic currency rating, Moody's said.</p>
<p>-- International Bonds Unit +44 171 542 6176</p>
</text>
<copyright>(c) Reuters Limited 1997</copyright>
<metadata>
<codes class="bip:countries:1.0">
  <code code="AUSTR">
    <editdetail attribution="Reuters BIP Coding Group" action="confirmed" date="1997-03-25"/>
  </code>
  <code code="UK">
    <editdetail attribution="Reuters BIP Coding Group" action="confirmed" date="1997-03-25"/>
  </code>
</codes>
<codes class="bip:topics:1.0">
  <code code="C17">
    <editdetail attribution="Reuters BIP Coding Group" action="confirmed" date="1997-03-25"/>
  </code>
  <code code="C174">
    <editdetail attribution="Reuters BIP Coding Group" action="confirmed" date="1997-03-25"/>
  </code>
  <code code="CCAT">
    <editdetail attribution="Reuters BIP Coding Group" action="confirmed" date="1997-03-25"/>
  </code>
  <code code="E21">
    <editdetail attribution="Reuters BIP Coding Group" action="confirmed" date="1997-03-25"/>
  </code>
  <code code="E212">
    <editdetail attribution="Reuters BIP Coding Group" action="confirmed" date="1997-03-25"/>
  </code>
  <code code="ECAT">
    <editdetail attribution="Reuters BIP Coding Group" action="confirmed" date="1997-03-25"/>
  </code>
</codes>
<dc element="dc.date.created" value="1997-03-25"/>
<dc element="dc.publisher" value="Reuters Holdings Plc"/>
<dc element="dc.date.published" value="1997-03-25"/>
<dc element="dc.source" value="Reuters"/>
<dc element="dc.creator.location" value="LONDON"/>
<dc element="dc.creator.location.country.name" value="UK"/>
<dc element="dc.source" value="Reuters"/>
</metadata>
</newsitem>
