<?xml version="1.0" encoding="iso-8859-1" ?>
<newsitem itemid="465611" id="root" date="1997-03-25" xml:lang="en">
<title>UK: INTERVIEW-Scholl reorganisation succeeding.</title>
<headline>INTERVIEW-Scholl reorganisation succeeding.</headline>
<dateline>LONDON 1997-03-25</dateline>
<text>
<p>Specialist footcare and footwear group Scholl Plc said on Tuesday that its reorganisation plans were &quot;going well,&quot; and predicted a satisfactory outcome for 1997.</p>
<p>In a telephone interview with Reuters, chairman Stuart Wallis said the goal of the reorganisation had been to &quot;concentrate on the core business, which is the Scholl brand, and remove ourselves from extraneous businesses which have not yielded the sort of profits we were looking for.&quot;</p>
<p>The shake-up led to an exceptional charge of 35.7 million stg against group earnings, pushing Scholl into the red with a pre-tax loss of 15.12 million stg compared with a profit of 18.1 million a year before. Underlying profits rose 13.8 percent to 20.6 million stg.</p>
<p>Wallis said the group had taken all the charges it needed and was now in a position to concentrate on expanding its business, particularly in eastern Europe and Asia Pacific.</p>
<p>The company sold a number of non-core activities during the year, including a British herbal remedies brand and two French operations.</p>
<p>With the acquisition of the South American Scholl business in February, Wallis said Scholl now owned the brand name throughout the world, with the exception of the U.S, where it belongs to Schering Plough Corp.</p>
<p>He said the two companies had greatly improved relations and were cooperating on marketing a number of products.</p>
<p>In retail, Scholl reduced the number of shops to around 100 from 150 two years ago, leaving 70 in Britain, 14 in Scandinavia and 12 in Spain. Some 33 shops were sold last year, with the company getting out of the Canadian market altogether. It also disposed of 11 stores in Germany. Scholl said that on a like-for-like basis sales at its stores rose seven percent in 1996.</p>
<p>Wallis said the group planned to expand organically and through selective acquisitions. He said Hungary and Poland showed strong growth last year, adding &quot;we see further growth opportunities both there and in the rest of Eastern Europe.&quot;</p>
<p>-- Jonathan Birt, London Newsroom +44 171 542 7717</p>
</text>
<copyright>(c) Reuters Limited 1997</copyright>
<metadata>
<codes class="bip:countries:1.0">
  <code code="UK">
    <editdetail attribution="Reuters BIP Coding Group" action="confirmed" date="1997-03-25"/>
  </code>
</codes>
<codes class="bip:industries:1.0">
  <code code="I61000">
    <editdetail attribution="Reuters BIP Coding Group" action="confirmed" date="1997-03-25"/>
  </code>
</codes>
<codes class="bip:topics:1.0">
  <code code="C11">
    <editdetail attribution="Reuters BIP Coding Group" action="confirmed" date="1997-03-25"/>
  </code>
  <code code="C15">
    <editdetail attribution="Reuters BIP Coding Group" action="confirmed" date="1997-03-25"/>
  </code>
  <code code="C152">
    <editdetail attribution="Reuters BIP Coding Group" action="confirmed" date="1997-03-25"/>
  </code>
  <code code="CCAT">
    <editdetail attribution="Reuters BIP Coding Group" action="confirmed" date="1997-03-25"/>
  </code>
</codes>
<dc element="dc.date.created" value="1997-03-25"/>
<dc element="dc.publisher" value="Reuters Holdings Plc"/>
<dc element="dc.date.published" value="1997-03-25"/>
<dc element="dc.source" value="Reuters"/>
<dc element="dc.creator.location" value="LONDON"/>
<dc element="dc.creator.location.country.name" value="UK"/>
<dc element="dc.source" value="Reuters"/>
</metadata>
</newsitem>
