<?xml version="1.0" encoding="iso-8859-1" ?>
<newsitem itemid="465614" id="root" date="1997-03-25" xml:lang="en">
<title>UK: IRSG to hold rubber assembly, trade forum in UK.</title>
<headline>IRSG to hold rubber assembly, trade forum in UK.</headline>
<dateline>LONDON 1997-03-25</dateline>
<text>
<p>Senior rubber industry players will gather in Liverpool, England, in June for a trade forum which is expected to focus on the changing structure of the tyre and non-tyre industry especially in Europe, the organisers said.</p>
<p>The International Rubber Study Group (IRSG) said the June 12-13 gathering, which coincides with the IRSG's annual meeting, would also examine the future of rubber production from Vietnam and Africa.</p>
<p>But an IRSG official said the spotlight will be on the world's tyre giants, who consume the bulk of rubber production.</p>
<p>There are now about five or six big tyre firms including Goodyear Tire and Rubber Co and Michelin after a wave of mergers and acquisitions in the 1980s and early 1990s as part of the major industry shake-out.</p>
<p>&quot;What's happening is that they are now more acquisitive, buying up plants in Eastern Europe or beginning to look to joint ventures and acquisitions in China,&quot; the IRSG official said.</p>
<p>This month, U.S. firm Cooper Tire and Rubber Co said it has agreed to buy UK's Avon Rubber Plc's tyre operations for about $110 million.</p>
<p>Japan's Sumitomo Rubber Industries Ltd said in February that it and Goodyear had agreed to produce tyres for cars using each other's brand names within this year.</p>
<p>The IRSG official said the rationalisation in the tyre industry has led to growing product specialisation in the non-tyre sector in Europe. -- Jalil Hamid, London newsroom +44 171 542 4985 The London-based International Rubber Study Group (IRSG) a trade forum from June 9 to 13 in the English port city of Liverpool.</p>
</text>
<copyright>(c) Reuters Limited 1997</copyright>
<metadata>
<codes class="bip:countries:1.0">
  <code code="AFRICA">
    <editdetail attribution="Reuters BIP Coding Group" action="confirmed" date="1997-03-25"/>
  </code>
  <code code="CHINA">
    <editdetail attribution="Reuters BIP Coding Group" action="confirmed" date="1997-03-25"/>
  </code>
  <code code="EEUR">
    <editdetail attribution="Reuters BIP Coding Group" action="confirmed" date="1997-03-25"/>
  </code>
  <code code="UK">
    <editdetail attribution="Reuters BIP Coding Group" action="confirmed" date="1997-03-25"/>
  </code>
  <code code="VIETN">
    <editdetail attribution="Reuters BIP Coding Group" action="confirmed" date="1997-03-25"/>
  </code>
</codes>
<codes class="bip:industries:1.0">
  <code code="I48100">
    <editdetail attribution="Reuters BIP Coding Group" action="confirmed" date="1997-03-25"/>
  </code>
  <code code="I48110">
    <editdetail attribution="Reuters BIP Coding Group" action="confirmed" date="1997-03-25"/>
  </code>
</codes>
<codes class="bip:topics:1.0">
  <code code="C11">
    <editdetail attribution="Reuters BIP Coding Group" action="confirmed" date="1997-03-25"/>
  </code>
  <code code="CCAT">
    <editdetail attribution="Reuters BIP Coding Group" action="confirmed" date="1997-03-25"/>
  </code>
</codes>
<dc element="dc.date.created" value="1997-03-25"/>
<dc element="dc.publisher" value="Reuters Holdings Plc"/>
<dc element="dc.date.published" value="1997-03-25"/>
<dc element="dc.source" value="Reuters"/>
<dc element="dc.creator.location" value="LONDON"/>
<dc element="dc.creator.location.country.name" value="UK"/>
<dc element="dc.source" value="Reuters"/>
</metadata>
</newsitem>
