<?xml version="1.0" encoding="iso-8859-1" ?>
<newsitem itemid="465629" id="root" date="1997-03-25" xml:lang="en">
<title>BULGARIA: GOVERNMENT LIST.</title>
<headline>GOVERNMENT LIST.</headline>
<text>
<p>BULGARIA GOVERNMENT LIST (970325)</p>
<p> *************************************************************</p>
<p> * 19 April 97 - General Elections.				  *</p>
<p> *************************************************************</p>
<p> President**......Petar STOYANOV</p>
<p> Vice-president**.............Todor KAVALDZHIEV</p>
<p>(**Sworn in 19 Jan 97, took office 22 jan 97)</p>
<p>				 - - - - - - -</p>
<p>CABINET (Named 12 Feb 97)</p>
<p> Prime Minister................Stefan SOFIANSKI</p>
<p> Deputy Prime Minister........Alexander BOZHKOV</p>
<p>(Also Minister of Industry)</p>
<p> Deputy Prime Minister.........Haralambi ANCHEV</p>
<p>(Also Minister of Justice)</p>
<p>				 - - - - - - -</p>
<p>MINISTERS:</p>
<p> Agriculture.....Roumen CHRISTOV</p>
<p> Culture............Emil TABAKOV</p>
<p> Defence..........Georgi ANANIEV</p>
<p> Economic Policy.............Krassimir ANGARSKI</p>
<p> Education, Science &amp; Technologies...Ivan LALOV</p>
<p> Energy...........Georgi STOILOV</p>
<p> Environment........Ivan FILIPOV</p>
<p> Finance.....Svetoslav GAVRIISKI</p>
<p> Foreign Affairs...Stoyan STALEV</p>
<p> Health...............Emil TAKOV</p>
<p> Industry.........See Deputy Pms</p>
<p> Interior..........Bogomil BONEV</p>
<p> Justice..........See Deputy PMs</p>
<p> Social Care &amp; Labour...............Ivan NEIKOV</p>
<p> Territorial Development &amp; Construction.......Nikola KARADIMOV</p>
<p> Trade............Daniela BOBEVA</p>
<p> Transport.........Wilhelm KRAUS</p>
<p>				 - - - - - - -</p>
<p> Parliamentary Speaker.........Blagovest SENDOV</p>
<p>				 - - - - - - -</p>
<p> Central Bank Governor.........Lyubomir FILIPOV</p>
<p>				 - - - - - - -</p>
<p>	 NOTE: Any comments/queries on the content of this</p>
<p>		 government list, please contact the Reuter</p>
<p>		 Editorial Reference Unit, London, on (171) 542</p>
<p>		 7968.</p>
<p>			 (End government list)</p>
</text>
<copyright>(c) Reuters Limited 1997</copyright>
<metadata>
<codes class="bip:countries:1.0">
  <code code="BUL">
    <editdetail attribution="Reuters BIP Coding Group" action="confirmed" date="1997-03-25"/>
  </code>
</codes>
<codes class="bip:topics:1.0">
  <code code="GCAT">
    <editdetail attribution="Reuters BIP Coding Group" action="confirmed" date="1997-03-25"/>
  </code>
  <code code="GPOL">
    <editdetail attribution="Reuters BIP Coding Group" action="confirmed" date="1997-03-25"/>
  </code>
</codes>
<dc element="dc.publisher" value="Reuters Holdings Plc"/>
<dc element="dc.date.published" value="1997-03-25"/>
<dc element="dc.source" value="Reuters"/>
<dc element="dc.creator.location.country.name" value="BULGARIA"/>
<dc element="dc.source" value="Reuters"/>
</metadata>
</newsitem>
