<?xml version="1.0" encoding="iso-8859-1" ?>
<newsitem itemid="465602" id="root" date="1997-03-25" xml:lang="en">
<title>UK: IPE natgas rises in all periods as volume picks up.</title>
<headline>IPE natgas rises in all periods as volume picks up.</headline>
<dateline>LONDON 1997-03-25</dateline>
<text>
<p>The IPE natural gas futures market saw a busier day on Tuesday as a total of 180 lots traded in 13 separate deals and prices were up across the board.</p>
<p>Of the total, 50 lots were done in June and 45 in September.</p>
<p>&quot;There's talk of a June/Sep spread on the physical, so 95 lots are reflected in that,&quot; said a futures broker. &quot;There are not a lot of players in the market but volumes are improving,&quot; he added.</p>
<p>There was some surprise that prices were up across the board, with many still predicting a gentle drift downwards, especially in the summer. &quot;In a more liquid market we might have tested 9.30 or 9.20 (pence a therm),&quot; said a broker, referring to the April contract.</p>
<p>April only traded once, a 5 lot deal at 9.55 pence.</p>
<p>Apart from the June and September contracts, activity centred on next winter, with 45 lots traded in January and 35 in February. January saw the biggest price rise, of 0.23 pence a therm to trade for the last time at 15.995. But the market was bid and offered stronger in most periods, with closing bids as high as or higher than the previous day's settlement price in seven of the 12 monthly contracts.</p>
<p>--Sebastian Alison, London Newsroom, +44 171 542 6412</p>
</text>
<copyright>(c) Reuters Limited 1997</copyright>
<metadata>
<codes class="bip:countries:1.0">
  <code code="UK">
    <editdetail attribution="Reuters BIP Coding Group" action="confirmed" date="1997-03-25"/>
  </code>
</codes>
<codes class="bip:topics:1.0">
  <code code="M14">
    <editdetail attribution="Reuters BIP Coding Group" action="confirmed" date="1997-03-25"/>
  </code>
  <code code="M143">
    <editdetail attribution="Reuters BIP Coding Group" action="confirmed" date="1997-03-25"/>
  </code>
  <code code="MCAT">
    <editdetail attribution="Reuters BIP Coding Group" action="confirmed" date="1997-03-25"/>
  </code>
</codes>
<dc element="dc.date.created" value="1997-03-25"/>
<dc element="dc.publisher" value="Reuters Holdings Plc"/>
<dc element="dc.date.published" value="1997-03-25"/>
<dc element="dc.source" value="Reuters"/>
<dc element="dc.creator.location" value="LONDON"/>
<dc element="dc.creator.location.country.name" value="UK"/>
<dc element="dc.source" value="Reuters"/>
</metadata>
</newsitem>
