<?xml version="1.0" encoding="iso-8859-1" ?>
<newsitem itemid="465625" id="root" date="1997-03-25" xml:lang="en">
<title>MALAYSIA: CRICKET-Malaysia opposition protests visiting Israeli team.</title>
<headline>CRICKET-Malaysia opposition protests visiting Israeli team.</headline>
<dateline>KUALA LUMPUR 1997-03-25</dateline>
<text>
<p>Some 300 Malaysians from an opposition Islamic party protested on Tuesday against the presence of an Israeli cricket team in Kuala Lumpur, witnesses said.</p>
<p>The protesters, shouting slogans against Israel and carrying placards, marched by the prime minister's office after earlier gathering at a square in central Kuala Lumpur.</p>
<p>The demonstrators, from the fundamentalist Malaysian Islamic Party or PAS, caused a traffic snarl in the area as police closed roads leading to the Merdeka Square, Reuters correspondents at the scene said.</p>
<p>Israel is making a rare sporting appearance in Asia at the International Cricket Council (ICC) Trophy being held in the Malaysian capital.</p>
<p>A number of protesters were allowed into the office of Prime Minister Mahathir Mohamad to hand over a memorandum, while the rest remained outside locked gates, witnesses said.</p>
<p>About half the protesters were women dressed in long-flowing Islamic gowns.</p>
<p>Some protesters carried placards in Malay and English that read: &quot;We do not accept Jews in this country&quot;, &quot;Israel get lost from Malaysia&quot;, and &quot;Which is important: cricket or Islam&quot;.</p>
<p>The cricket team's visit was the first to Malaysia by an Israeli sporting team, or any other official delegation. Mainly Moslem Malaysia has no diplomatic ties with Israel.</p>
<p>The Malaysian Cricket Association (MCA) said it was the first visit of an Israeli sporting team to Asia since the Asia Games in Tehran in 1974, when Israel and other Middle East countries were considered part of the Asian sporting scene.</p>
<p>The MCA said Israel's inclusion was a condition for hosting the ICC Trophy tournament.</p>
<p>Malaysian Prime Minister Mahathir Mohamad had said the government wanted Israelis to see how multiracial Malaysia lived in harmony.</p>
<p>&quot;We actually intend to show Israel and the Israelis that the different religious communities (in Malaysia) can live together without friction,&quot; Bernama quoted him as saying on Sunday after returning from Saudi Arabia.</p>
</text>
<copyright>(c) Reuters Limited 1997</copyright>
<metadata>
<codes class="bip:countries:1.0">
  <code code="ISRAEL">
    <editdetail attribution="Reuters BIP Coding Group" action="confirmed" date="1997-03-25"/>
  </code>
  <code code="MALAY">
    <editdetail attribution="Reuters BIP Coding Group" action="confirmed" date="1997-03-25"/>
  </code>
</codes>
<codes class="bip:topics:1.0">
  <code code="GCAT">
    <editdetail attribution="Reuters BIP Coding Group" action="confirmed" date="1997-03-25"/>
  </code>
  <code code="GSPO">
    <editdetail attribution="Reuters BIP Coding Group" action="confirmed" date="1997-03-25"/>
  </code>
</codes>
<dc element="dc.date.created" value="1997-03-25"/>
<dc element="dc.publisher" value="Reuters Holdings Plc"/>
<dc element="dc.date.published" value="1997-03-25"/>
<dc element="dc.source" value="Reuters"/>
<dc element="dc.creator.location" value="KUALA LUMPUR"/>
<dc element="dc.creator.location.country.name" value="MALAYSIA"/>
<dc element="dc.source" value="Reuters"/>
</metadata>
</newsitem>
