<?xml version="1.0" encoding="iso-8859-1" ?>
<newsitem itemid="465607" id="root" date="1997-03-25" xml:lang="en">
<title>UK: Aid carrier breaks down on passage to Iraq.</title>
<headline>Aid carrier breaks down on passage to Iraq.</headline>
<dateline>LONDON 1997-03-25</dateline>
<text>
<p>A Cyprus-flag bulker, carrying an aid cargo of wheat to Iraq, has generator problems and is due to be towed into Piraeus, Greece, Lloyds Shipping Intelligence Service said on Tuesday.</p>
<p>The 26,958-dwt Adonis left Nantes, France on March 8.</p>
</text>
<copyright>(c) Reuters Limited 1997</copyright>
<metadata>
<codes class="bip:countries:1.0">
  <code code="IRAQ">
    <editdetail attribution="Reuters BIP Coding Group" action="confirmed" date="1997-03-25"/>
  </code>
  <code code="UK">
    <editdetail attribution="Reuters BIP Coding Group" action="confirmed" date="1997-03-25"/>
  </code>
</codes>
<codes class="bip:industries:1.0">
  <code code="I74000">
    <editdetail attribution="Reuters BIP Coding Group" action="confirmed" date="1997-03-25"/>
  </code>
</codes>
<codes class="bip:topics:1.0">
  <code code="C24">
    <editdetail attribution="Reuters BIP Coding Group" action="confirmed" date="1997-03-25"/>
  </code>
  <code code="CCAT">
    <editdetail attribution="Reuters BIP Coding Group" action="confirmed" date="1997-03-25"/>
  </code>
</codes>
<dc element="dc.date.created" value="1997-03-25"/>
<dc element="dc.publisher" value="Reuters Holdings Plc"/>
<dc element="dc.date.published" value="1997-03-25"/>
<dc element="dc.source" value="Reuters"/>
<dc element="dc.creator.location" value="LONDON"/>
<dc element="dc.creator.location.country.name" value="UK"/>
<dc element="dc.source" value="Reuters"/>
</metadata>
</newsitem>
