<?xml version="1.0" encoding="iso-8859-1" ?>
<newsitem itemid="465637" id="root" date="1997-03-25" xml:lang="en">
<title>CANADA: Toronto stocks end flat after U.S. rate hike.</title>
<headline>Toronto stocks end flat after U.S. rate hike.</headline>
<byline>Lydia Zajc</byline>
<dateline>TORONTO 1997-03-25</dateline>
<text>
<p>Toronto stocks closed flat in thin dealings on Tuesday after the U.S. Federal Open Market Committee announced a widely expected quarter-point interest rate hike.</p>
<p>The Toronto Stock Exchange's key 300 Composite Index dipped 0.49 points to end at 6143.76. Trading was light -- 87.8 million shares traded hands worth C$1.5 billion ($1.1 billion).</p>
<p>Market players had sold off Canadian stocks in recent weeks, reckoning on a 25-basis-point increase in U.S. short-term interest rates. &quot;I think that it was fully discounted,&quot; remarked Montreal-based portfolio consultant Ron Meisels.</p>
<p>&quot;It (the rate hike) is not major news at this stage anymore,&quot; Meisels said. &quot;Everybody saw it coming and now it's here.&quot;</p>
<p>Of Toronto's 14 sub-indices, 11 posted gains led by conglomerates, real estate and pipelines. The only three weak sectors were base metals, golds and consumer products.</p>
<p>Declining issues narrowly outnumbered advances 477 to 462 while 310 stocks traded flat.</p>
<p>In individual issues, Canadian Imperial Bank of Commerce lost 0.35 to close at 33.45 on 3.4 million shares, topping Toronto's most active issues.</p>
<p>Canada's second largest bank said on Tuesday each CIBC dividend capital receipt and secondary warrant will split on a two-for-one basis.</p>
<p>Gold prospector Bre-X Minerals Ltd. slipped 0.20 to 15.50 on nearly 2.5 million shares. Calgary-based Bre-X is awaiting the signing of contracts of work for two sections of the Busang gold discovery from the Indonesian government.</p>
<p>Alcan Aluminium Ltd. dropped 1.20 to 48.80 on more than one million shares.</p>
<p>Shares in forestry firm Merfin International Inc. jumped 0.55 to 6.50 after executives expressed disappointment with a C$6.00-a-share bid from Memphis, Tenn.-based Buckeye Cellulose Corp.</p>
<p>((lydia.zajc@reuters.com, Reuters Toronto Bureau (416) 941-8109))</p>
</text>
<copyright>(c) Reuters Limited 1997</copyright>
<metadata>
<codes class="bip:countries:1.0">
  <code code="CANA">
    <editdetail attribution="Reuters BIP Coding Group" action="confirmed" date="1997-03-25"/>
  </code>
</codes>
<codes class="bip:topics:1.0">
  <code code="M11">
    <editdetail attribution="Reuters BIP Coding Group" action="confirmed" date="1997-03-25"/>
  </code>
  <code code="MCAT">
    <editdetail attribution="Reuters BIP Coding Group" action="confirmed" date="1997-03-25"/>
  </code>
</codes>
<dc element="dc.date.created" value="1997-03-25"/>
<dc element="dc.publisher" value="Reuters Holdings Plc"/>
<dc element="dc.date.published" value="1997-03-25"/>
<dc element="dc.source" value="Reuters"/>
<dc element="dc.creator.location" value="TORONTO"/>
<dc element="dc.creator.location.country.name" value="CANADA"/>
<dc element="dc.source" value="Reuters"/>
</metadata>
</newsitem>
