<?xml version="1.0" encoding="iso-8859-1" ?>
<newsitem itemid="465624" id="root" date="1997-03-25" xml:lang="en">
<title>NEW ZEALAND: NZ Sport-Sri Lanka win toss, NZ bat in one-dayer.</title>
<headline>NZ Sport-Sri Lanka win toss, NZ bat in one-dayer.</headline>
<dateline>CHRISTCHURCH, New Zealand 1997-03-25</dateline>
<text>
<p>Sri Lanka, looking to salvage some pride from a dismal tour, won the toss and asked New Zealand to bat in their day-night limited overs international on Tuesday.</p>
<p>Sri Lanka, the world one-day champions, lost both tests earlier in the summer and were further frustrated when the first scheduled one-day contest was lost to rain at the weekend.</p>
<p>Three players were making their one-day international debuts -- batsman Matt Horne and left-arm spinner Daniel Vettori for New Zealand, and seam bowler Nuwan Zoysa for the tourists.  </p>
<p>Vettori owed his elevation to the withdrawal from the team last night of experienced offspinner Dipak Patel, who sprained his ankle during training.</p>
<p>New Zealand: Stephen Fleming (captain), Nathan Astle, Bryan Young, Matt Horne, Chris Cairns, Adam Parore, Chris Harris, Gavin Larsen, Simon Doull, Heath Davis, Daniel Vettori.</p>
<p>Sri Lanka: Arjuna Ranatunga (captain), Sanath Jayasuriya, Romesh Kaluwitharana, Roshan Mahanama, Aravinda de Silva, Hashan Tillekaratne, Upul Chandana, Kumar Dharmasena, Chaminda Vaas, Muttiah Muralitharan, Nuwan Zoysa.</p>
</text>
<copyright>(c) Reuters Limited 1997</copyright>
<metadata>
<codes class="bip:countries:1.0">
  <code code="NZ">
    <editdetail attribution="Reuters BIP Coding Group" action="confirmed" date="1997-03-25"/>
  </code>
  <code code="SRILAN">
    <editdetail attribution="Reuters BIP Coding Group" action="confirmed" date="1997-03-25"/>
  </code>
</codes>
<codes class="bip:topics:1.0">
  <code code="GCAT">
    <editdetail attribution="Reuters BIP Coding Group" action="confirmed" date="1997-03-25"/>
  </code>
  <code code="GSPO">
    <editdetail attribution="Reuters BIP Coding Group" action="confirmed" date="1997-03-25"/>
  </code>
</codes>
<dc element="dc.date.created" value="1997-03-25"/>
<dc element="dc.publisher" value="Reuters Holdings Plc"/>
<dc element="dc.date.published" value="1997-03-25"/>
<dc element="dc.source" value="Reuters"/>
<dc element="dc.creator.location" value="CHRISTCHURCH, New Zealand"/>
<dc element="dc.creator.location.country.name" value="NEW ZEALAND"/>
<dc element="dc.source" value="Reuters"/>
</metadata>
</newsitem>
