<?xml version="1.0" encoding="iso-8859-1" ?>
<newsitem itemid="465628" id="root" date="1997-03-25" xml:lang="en">
<title>UNITED ARAB EMIRATES: GOVERNMENT LIST.</title>
<headline>GOVERNMENT LIST.</headline>
<text>
<p>UNITED ARAB EMIRATES GOVERNMENT LIST (970325)</p>
<p>President (Re-elected 2 Dec 96)</p>
<p>	........Sheikh ZAID bin Sultan al-Nahayan</p>
<p>(Ruler of Abu Dhabi)</p>
<p>Vice-President &amp; Prime Minister (Re-elected 2 Dec</p>
<p>96)..Sheikh MAKTOUM bin Rashid al-Maktoum</p>
<p>(Ruler of Dubai)</p>
<p>			    - - - - - - -</p>
<p>  Ruler of Abu Dhabi..............See President</p>
<p>  Ruler of Ajman............Sheikh HUMAID bin Rashid al-Nuaimi</p>
<p>  Ruler of Dubai.........See Vice-President and Prime Minister</p>
<p>  Ruler of Fujairah........Sheikh HAMAD bin Mohammed al-Sharqi</p>
<p>  Ruler of Sharjah.......Sheikh SULTAN bin Mohammed al-Qassimi</p>
<p>  Ruler of Ras al-Khaimah..Sheikh SAQR bin Mohammed al-Qassimi</p>
<p>  Ruler of Umm al-Quwain.....Sheikh RASHID bin Ahmed al-Mualla</p>
<p>			    - - - - - - -</p>
<p>GOVERNMENT (Formed 25 Mar 97)</p>
<p>  Prime Minister............See Vice-President</p>
<p>  Deputy Prime Minister......Sheikh SULTAN bin Zaid al-Nahayan</p>
<p>				  - - - - - - -</p>
<p>MINISTERS:</p>
<p>  Agriculture &amp; Fisheries......Said al-RAGABANI</p>
<p>Chief of</p>
<p>Protocol.Sheikh SULTAN bin Hamdan bin Mohammed al-Nahayan   Communications..........Ahmad Humaid al-TAYER</p>
<p>Defence.Sheikh MOHAMMED bin Rashid al-Maktoum</p>
<p>  Economy &amp; Commerce........Sheikh FAHEM bin Sultan al-Qassimi</p>
<p>Education &amp; Youth...Ali Abdul-Aziz al-SHARHAN</p>
<p>  Finance &amp; Industry.......Sheikh HAMDAN bin Rashid al-Maktoum</p>
<p>Foreign Affairs.....Rashid Abdullah al-NUAIMI</p>
<p>  Health............Hamad Abdul-Rahman al-MADFA</p>
<p>Higher Education &amp;</p>
<p>Scientific Research.....Sheikh NAHYAN bin Mubarak al-Nahayan</p>
<p>Information &amp; Culture....Sheikh ABDULLAH bin Zaid al-Nahayan</p>
<p>  Interior.........Lt-Gen Mohammed Said al-BADI</p>
<p>Justice, Islamic Affairs &amp;</p>
<p>Endowments.....Mohammad Nakhira al-THAHIRI</p>
<p>Labour &amp; Social Affairs.Matar Humaid al-TAYER</p>
<p>  Petroleum &amp; Mineral Resources......Obaid bin Saif al-NASSERI</p>
<p>Planning....Sheikh HUMAID bin Ahmed al-Mualla</p>
<p>  Public Works &amp; Housing.............Rakad bin Salem bin RAKAD</p>
<p>Water &amp; Electricity....Hamid Nasser al-OWEISS</p>
<p>			    - - - - - - - -</p>
<p>MINISTERS OF STATE:</p>
<p>Cabinet Affairs..Said al-GAITH</p>
<p>Finance &amp; Industrial Affairs...Mohammad Khalfan bin KHARBASH</p>
<p>  Foreign Affairs............Sheikh HAMDAN bin Zaid al-Nahayan</p>
<p>  Supreme Council Affairs......Sheikh MAJED bin Said al-Nuaimi</p>
<p>			    - - - - - -</p>
<p>  Special Adviser to the President.............Hamouda bin ALI</p>
<p>			    - - - - - -</p>
<p>  Central Bank Governor...............Sultan Nasser al-SUWEIDI</p>
<p>			    - - - - - - -</p>
<p>	 NOTE: Any comments/queries on the content of this</p>
<p>		 government list, please contact the Reuter</p>
<p>		 Editorial Reference Unit, London, on (171) 542</p>
<p>		 7968.</p>
<p>			     (End Government List)</p>
</text>
<copyright>(c) Reuters Limited 1997</copyright>
<metadata>
<codes class="bip:countries:1.0">
  <code code="UAE">
    <editdetail attribution="Reuters BIP Coding Group" action="confirmed" date="1997-03-25"/>
  </code>
</codes>
<codes class="bip:topics:1.0">
  <code code="GCAT">
    <editdetail attribution="Reuters BIP Coding Group" action="confirmed" date="1997-03-25"/>
  </code>
  <code code="GPOL">
    <editdetail attribution="Reuters BIP Coding Group" action="confirmed" date="1997-03-25"/>
  </code>
</codes>
<dc element="dc.publisher" value="Reuters Holdings Plc"/>
<dc element="dc.date.published" value="1997-03-25"/>
<dc element="dc.source" value="Reuters"/>
<dc element="dc.creator.location.country.name" value="UNITED ARAB EMIRATES"/>
<dc element="dc.source" value="Reuters"/>
</metadata>
</newsitem>
