<?xml version="1.0" encoding="iso-8859-1" ?>
<newsitem itemid="429483" id="root" date="1997-03-10" xml:lang="en">
<title>USA: Entergy says three 500 kv lines still down.</title>
<headline>Entergy says three 500 kv lines still down.</headline>
<dateline>NEW YORK 1997-03-10</dateline>
<text>
<p>Entergy Corp said Monday three of its 500 kilovolt (kv) Arkansas transmission lines are still out of service following a band of 20 tornadoes that initially wiped out service to 18,000 customers a week ago.</p>
<p>&quot;Two of those (lines) are in heavily flooded areas, so our crews are having a tough time getting in there,&quot; company spokeswoman Carol Copeland said.</p>
<p>&quot;We also have three 161 or 115 kv lines still down,&quot; she added.</p>
<p>&quot;Everyone that can accept power has power,&quot; she said, noting full restoration of power to those customers was met last Wednesday.</p>
<p>Last week, Entergy reported that the severe weather on March 1 damaged or destroyed 36 steel towers supporting five of its 500 kv lines. Six 161 kv lines and four 115 kv lines were also struck down by the tornadoes.</p>
<p>The company said it could take another couple of weeks to restore all damaged transmission lines.</p>
<p>New Orleans-based Entergy maintains about 119,000 miles of transmission and distribution lines in its service territory, which covers parts of Louisiana, Arkansas, Mississippi and eastern Texas. It serves about 611,000 customers.</p>
<p>((--H McCulloch, New York Power Desk +212-859-1628))</p>
</text>
<copyright>(c) Reuters Limited 1997</copyright>
<metadata>
<codes class="bip:countries:1.0">
  <code code="USA">
    <editdetail attribution="Reuters BIP Coding Group" action="confirmed" date="1997-03-10"/>
  </code>
</codes>
<codes class="bip:industries:1.0">
  <code code="I16100">
    <editdetail attribution="Reuters BIP Coding Group" action="confirmed" date="1997-03-10"/>
  </code>
</codes>
<codes class="bip:topics:1.0">
  <code code="C24">
    <editdetail attribution="Reuters BIP Coding Group" action="confirmed" date="1997-03-10"/>
  </code>
  <code code="CCAT">
    <editdetail attribution="Reuters BIP Coding Group" action="confirmed" date="1997-03-10"/>
  </code>
</codes>
<dc element="dc.date.created" value="1997-03-10"/>
<dc element="dc.publisher" value="Reuters Holdings Plc"/>
<dc element="dc.date.published" value="1997-03-10"/>
<dc element="dc.source" value="Reuters"/>
<dc element="dc.creator.location" value="NEW YORK"/>
<dc element="dc.creator.location.country.name" value="USA"/>
<dc element="dc.source" value="Reuters"/>
</metadata>
</newsitem>
