<?xml version="1.0" encoding="iso-8859-1" ?>
<newsitem itemid="429450" id="root" date="1997-03-10" xml:lang="en">
<title>USA: CSG Systems CFO Brenner to retire.</title>
<headline>CSG Systems CFO Brenner to retire.</headline>
<dateline>ENGLEWOOD, Colo. 1997-03-10</dateline>
<text>
<p>CSG Systems International Inc said its chief financial officer, David Brenner, is retiring effective March 31.</p>
<p>Brenner informed the company that because of a degenerative spinal condition he can no longer perform the duties of his position. The company said it is hopeful that Brenner will be available in a consulting capacity as his health permits.</p>
<p>CSG Systems said it named Greg Parker as its chief financial officer effective April 1.  Parker has been with CSG since July, 1995 and currently holds the position of vice president of finance.</p>
</text>
<copyright>(c) Reuters Limited 1997</copyright>
<metadata>
<codes class="bip:countries:1.0">
  <code code="USA">
    <editdetail attribution="Reuters BIP Coding Group" action="confirmed" date="1997-03-10"/>
  </code>
</codes>
<codes class="bip:industries:1.0">
  <code code="I83954">
    <editdetail attribution="Reuters BIP Coding Group" action="confirmed" date="1997-03-10"/>
  </code>
</codes>
<codes class="bip:topics:1.0">
  <code code="C41">
    <editdetail attribution="Reuters BIP Coding Group" action="confirmed" date="1997-03-10"/>
  </code>
  <code code="C411">
    <editdetail attribution="Reuters BIP Coding Group" action="confirmed" date="1997-03-10"/>
  </code>
  <code code="CCAT">
    <editdetail attribution="Reuters BIP Coding Group" action="confirmed" date="1997-03-10"/>
  </code>
</codes>
<dc element="dc.date.created" value="1997-03-10"/>
<dc element="dc.publisher" value="Reuters Holdings Plc"/>
<dc element="dc.date.published" value="1997-03-10"/>
<dc element="dc.source" value="Reuters"/>
<dc element="dc.creator.location" value="ENGLEWOOD, Colo."/>
<dc element="dc.creator.location.country.name" value="USA"/>
<dc element="dc.source" value="Reuters"/>
</metadata>
</newsitem>
