<?xml version="1.0" encoding="iso-8859-1" ?>
<newsitem itemid="429414" id="root" date="1997-03-10" xml:lang="en">
<title>EU:  OFFICIAL JOURNAL CONTENTS - OJ L 68 OF MARCH 8, 1997.</title>
<headline>OFFICIAL JOURNAL CONTENTS - OJ L 68 OF MARCH 8, 1997.</headline>
<text>
<p>* (Note - contents are displayed in reverse order to that in the printed Journal)</p>
<p>* COMMISSION DECISION of 7 March 1997 on marking and use of pigmeat in application of Article 9 of Council Directive 80/217/EEC (Text with EEA relevance) (97/171/EC)</p>
<p>COMMISSION DECISION of 18 February 1997 amending Decision 95/94/EC establishing a list of semen collection centres approved for the export to the Community of semen of domestic animals of the porcine species from certain third countries (Text with EEA relevance) (97/170/EC)</p>
<p>COMMISSION DIRECTIVE 97/10/EC of 26 February 1997 adapting to technical progress for the 3rd time Annex I to Council Directive 76/769/EEC on the approximation of the laws, regulations and administrative provisions of the Member States relating to restrictions on the marketing and use of certain dangerous substances and preparations (CMRs) (Text with EEA relevance)</p>
<p>COMMISSION REGULATION (EC) No 451/97 of 7 March 1997 fixing the agricultural conversion rates</p>
<p>COMMISSION REGULATION (EC) No 450/97 of 7 March 1997 amending representative prices and additional duties for the import of certain products in the sugar sector</p>
<p>COMMISSION REGULATION (EC) No 449/97 of 7 March 1997 establishing the standard import values for determining the entry price of certain fruit and vegetables</p>
<p>COMMISSION REGULATION (EC) No 448/97 of 7 March 1997 derogating, for certain regions in Italy, from the trading standards set for artichokes</p>
<p>COMMISSION REGULATION (EC) No 447/97 of 7 March 1997 establishing Community quantitative limits on re-importation into the European Community of certain textile products originating in the People's Republic of China after outward processing operations in that country and amending the table appended to Annex VII to Council Regulation (EEC) No 3030/93 on common rules for imports of certain textile products from third countries</p>
<p>COMMISSION REGULATION (EC) No 446/97 of 7 March 1997 on the supply of vegetable oil as food aid</p>
<p>COMMISSION REGULATION (EC) No 445/97 of 7 March 1997 on the supply of cereals as food aid</p>
<p>COMMISSION REGULATION (EC) No 444/97 of 7 March 1997 on the supply of milk products as food aid</p>
<p>COUNCIL REGULATION (EC) No 443/97 of 3 March 1997 on operations to aid uprooted people in Asian and Latin American developing countries END OF DOCUMENT.</p>
</text>
<copyright>(c) Reuters Limited 1997</copyright>
<metadata>
<codes class="bip:countries:1.0">
  <code code="EEC">
    <editdetail attribution="Reuters BIP Coding Group" action="confirmed" date="1997-03-10"/>
  </code>
</codes>
<codes class="bip:topics:1.0">
  <code code="G15">
    <editdetail attribution="Reuters BIP Coding Group" action="confirmed" date="1997-03-10"/>
  </code>
  <code code="GCAT">
    <editdetail attribution="Reuters BIP Coding Group" action="confirmed" date="1997-03-10"/>
  </code>
</codes>
<dc element="dc.publisher" value="Reuters Holdings Plc"/>
<dc element="dc.date.published" value="1997-03-10"/>
<dc element="dc.source" value="Reuters"/>
<dc element="dc.creator.location.country.name" value="EU"/>
<dc element="dc.source" value="Reuters"/>
</metadata>
</newsitem>
