<?xml version="1.0" encoding="iso-8859-1" ?>
<newsitem itemid="429417" id="root" date="1997-03-10" xml:lang="en">
<title>CANADA: CIBC to get Q2 C$50 million gain.</title>
<headline>CIBC to get Q2 C$50 million gain.</headline>
<dateline>TORONTO 1997-03-10</dateline>
<text>
<p>Canadian Imperial Bank of Commerce said on Monday it will realize a C$50 million second quarter gain on the sale and write-down of some real estate properties.</p>
<p>Canada's second biggest bank said in a statement that it had signed a letter of intent with a wholly owned subsidiary of Edper Group Ltd to sell 100 percent of its interest in a portion of the land under BCE Place in Toronto.</p>
<p>Edper said in a separate statement that its subsidiary will issue a C$104 million six percent preferred share issue to pay for the real estate deal.  </p>
<p>Canadian Imperial said it will realize an after tax gain of approximately C$62 million from this sale, but at the same time the bank said it will take a write down of other properties totalling approximately C$12 million after tax.</p>
<p>Edper said its preferred shares will be retractable in 10 years and can be redeemed by Edper for cash or class A treasury shares of Edper based on the market price at the time or by Edper delivering eight million common shares of Brookfield Properties Corp. Canadian Imperial has the right to convert its preferred shares into eight million common shares of Brookfield, which is 68 percent owned by Edper.</p>
<p>((Reuters Toronto Bureau 416 941-8100))</p>
</text>
<copyright>(c) Reuters Limited 1997</copyright>
<metadata>
<codes class="bip:countries:1.0">
  <code code="CANA">
    <editdetail attribution="Reuters BIP Coding Group" action="confirmed" date="1997-03-10"/>
  </code>
</codes>
<codes class="bip:industries:1.0">
  <code code="I81402">
    <editdetail attribution="Reuters BIP Coding Group" action="confirmed" date="1997-03-10"/>
  </code>
  <code code="I83960">
    <editdetail attribution="Reuters BIP Coding Group" action="confirmed" date="1997-03-10"/>
  </code>
</codes>
<codes class="bip:topics:1.0">
  <code code="C15">
    <editdetail attribution="Reuters BIP Coding Group" action="confirmed" date="1997-03-10"/>
  </code>
  <code code="C151">
    <editdetail attribution="Reuters BIP Coding Group" action="confirmed" date="1997-03-10"/>
  </code>
  <code code="C18">
    <editdetail attribution="Reuters BIP Coding Group" action="confirmed" date="1997-03-10"/>
  </code>
  <code code="C182">
    <editdetail attribution="Reuters BIP Coding Group" action="confirmed" date="1997-03-10"/>
  </code>
  <code code="CCAT">
    <editdetail attribution="Reuters BIP Coding Group" action="confirmed" date="1997-03-10"/>
  </code>
</codes>
<dc element="dc.date.created" value="1997-03-10"/>
<dc element="dc.publisher" value="Reuters Holdings Plc"/>
<dc element="dc.date.published" value="1997-03-10"/>
<dc element="dc.source" value="Reuters"/>
<dc element="dc.creator.location" value="TORONTO"/>
<dc element="dc.creator.location.country.name" value="CANADA"/>
<dc element="dc.source" value="Reuters"/>
</metadata>
</newsitem>
