<?xml version="1.0" encoding="iso-8859-1" ?>
<newsitem itemid="429466" id="root" date="1997-03-10" xml:lang="en">
<title>USA: Norfolk Southern extends Conrail offer.</title>
<headline>Norfolk Southern extends Conrail offer.</headline>
<dateline>NORFOLK, Va. 1997-03-10</dateline>
<text>
<p>Norfolk Southern Corp said it is extending its previously announced tender offer for shares of Conrail Inc through 12:00 midnight EST (0500 GMT) on April 18.</p>
<p>The company said the offer had been scheduled to expire on March 12, unless extended.  </p>
<p>Norfolk said it expects to negotiate with CSX Corp a comprehensive settlement of the issues confronting the two suitors consistent with the proposal submitted by Norfolk Southern last month.</p>
<p>However, while negotiations are pending, Norfolk intends to amend its tender offer to run coextensive with CSX's offer.</p>
<p>It continues to offer $115 cash per share for all shares of Conrail. Norfolk said that, as of March 7, about 1,056,000 Conrail shares had been tendered and not withdrawn.</p>
</text>
<copyright>(c) Reuters Limited 1997</copyright>
<metadata>
<codes class="bip:countries:1.0">
  <code code="USA">
    <editdetail attribution="Reuters BIP Coding Group" action="confirmed" date="1997-03-10"/>
  </code>
</codes>
<codes class="bip:industries:1.0">
  <code code="I71000">
    <editdetail attribution="Reuters BIP Coding Group" action="confirmed" date="1997-03-10"/>
  </code>
</codes>
<codes class="bip:topics:1.0">
  <code code="C18">
    <editdetail attribution="Reuters BIP Coding Group" action="confirmed" date="1997-03-10"/>
  </code>
  <code code="C181">
    <editdetail attribution="Reuters BIP Coding Group" action="confirmed" date="1997-03-10"/>
  </code>
  <code code="CCAT">
    <editdetail attribution="Reuters BIP Coding Group" action="confirmed" date="1997-03-10"/>
  </code>
</codes>
<dc element="dc.date.created" value="1997-03-10"/>
<dc element="dc.publisher" value="Reuters Holdings Plc"/>
<dc element="dc.date.published" value="1997-03-10"/>
<dc element="dc.source" value="Reuters"/>
<dc element="dc.creator.location" value="NORFOLK, Va."/>
<dc element="dc.creator.location.country.name" value="USA"/>
<dc element="dc.source" value="Reuters"/>
</metadata>
</newsitem>
