<?xml version="1.0" encoding="iso-8859-1" ?>
<newsitem itemid="429476" id="root" date="1997-03-10" xml:lang="en">
<title>USA: Biosite Diagnostics Inc Q4 shr falls.</title>
<headline>Biosite Diagnostics Inc Q4 shr falls.</headline>
<dateline>SAN DIEGO 1997-03-10</dateline>
<text>
<p>Biosite Diagnostics Inc.</p>
<p>				Statement of Income Data</p>
<p>		     (in thousands, except per share data)</p>
<p>					3 mos ended	12 mos ended</p>
<p>					December 31,     December 31,</p>
<p>				     1996    1995     1996	1995</p>
<p>					 (Unaudited)</p>
<p> Net sales			 7,981   6,911 $ 28,206  $ 25,147</p>
<p> Cost of sales		   1,665   1,867    5,983     5,649</p>
<p> Gross profit		    6,316   5,043   22,223    19,498</p>
<p>Operating expenses:</p>
<p>   Research and development  2,753   1,952    9,268     6,553</p>
<p>Selling, general, and</p>
<p>     administrative	    2,506   1,930    8,623     7,134</p>
<p>   Settlement of patent matters  0     474    2,368     1,217</p>
<p>Total operating expenses</p>
<p>				     5,259   4,356   20,259    14,904</p>
<p> Operating income		1,057     687    1,964     4,594</p>
<p>Other income:</p>
<p>   Interest income		 157     219	736	 599</p>
<p>   Contract and other income   247     176    1,110     1,048</p>
<p>					 404     395    1,846     1,647</p>
<p>Income before benefit (provision)</p>
<p>   for income taxes	    1,461   1,082    3,810     6,241</p>
<p>Benefit (provision) for</p>
<p>   income taxes		  (525)   1,799    (261)     1,667</p>
<p> Net income			  936   2,881    3,549     7,908</p>
<p> Net income per share	   0.08    O.26     0.33	0.73</p>
<p>Shares used in calculating</p>
<p>  per share amount	    11,088  10,903   10,896    10,766</p>
</text>
<copyright>(c) Reuters Limited 1997</copyright>
<metadata>
<codes class="bip:countries:1.0">
  <code code="USA">
    <editdetail attribution="Reuters BIP Coding Group" action="confirmed" date="1997-03-10"/>
  </code>
</codes>
<codes class="bip:industries:1.0">
  <code code="I25700">
    <editdetail attribution="Reuters BIP Coding Group" action="confirmed" date="1997-03-10"/>
  </code>
</codes>
<codes class="bip:topics:1.0">
  <code code="C15">
    <editdetail attribution="Reuters BIP Coding Group" action="confirmed" date="1997-03-10"/>
  </code>
  <code code="C151">
    <editdetail attribution="Reuters BIP Coding Group" action="confirmed" date="1997-03-10"/>
  </code>
  <code code="C1511">
    <editdetail attribution="Reuters BIP Coding Group" action="confirmed" date="1997-03-10"/>
  </code>
  <code code="CCAT">
    <editdetail attribution="Reuters BIP Coding Group" action="confirmed" date="1997-03-10"/>
  </code>
</codes>
<dc element="dc.date.created" value="1997-03-10"/>
<dc element="dc.publisher" value="Reuters Holdings Plc"/>
<dc element="dc.date.published" value="1997-03-10"/>
<dc element="dc.source" value="Reuters"/>
<dc element="dc.creator.location" value="SAN DIEGO"/>
<dc element="dc.creator.location.country.name" value="USA"/>
<dc element="dc.source" value="Reuters"/>
</metadata>
</newsitem>
