<?xml version="1.0" encoding="iso-8859-1" ?>
<newsitem itemid="429485" id="root" date="1997-03-10" xml:lang="en">
<title>USA: INCSTAR in definitive pact to be acquired.</title>
<headline>INCSTAR in definitive pact to be acquired.</headline>
<dateline>STILLWATER, Minn. 1997-03-10</dateline>
<text>
<p>INCSTAR Corp, a medical immunodiagnostics company, said Monday it signed a definitive agreement to be acquired by American Standard Inc, a wholly owned unit of American Standard Cos Inc for $6.32 per share in cash.</p>
<p>The companies reached a memorandum of understanding on January 24 on the merger.  </p>
<p>The merger, which has been approved by a special committee of independent directors and the board of INCSTAR, requires approval by a majority shareholder vote, satisfaction of customary closing conditions and regulatory approvals.</p>
<p>It also is subject to the completion by American Standard of its agreement to acquire the European medical diagnostics business of Sorin Biomedica S.p.A., a large stakeholder in INCSTAR.</p>
<p>	  ((Reuters Chicago Newsdesk (312) 408-8787))</p>
</text>
<copyright>(c) Reuters Limited 1997</copyright>
<metadata>
<codes class="bip:countries:1.0">
  <code code="USA">
    <editdetail attribution="Reuters BIP Coding Group" action="confirmed" date="1997-03-10"/>
  </code>
</codes>
<codes class="bip:industries:1.0">
  <code code="I25700">
    <editdetail attribution="Reuters BIP Coding Group" action="confirmed" date="1997-03-10"/>
  </code>
  <code code="I35300">
    <editdetail attribution="Reuters BIP Coding Group" action="confirmed" date="1997-03-10"/>
  </code>
  <code code="I37200">
    <editdetail attribution="Reuters BIP Coding Group" action="confirmed" date="1997-03-10"/>
  </code>
</codes>
<codes class="bip:topics:1.0">
  <code code="C18">
    <editdetail attribution="Reuters BIP Coding Group" action="confirmed" date="1997-03-10"/>
  </code>
  <code code="C181">
    <editdetail attribution="Reuters BIP Coding Group" action="confirmed" date="1997-03-10"/>
  </code>
  <code code="CCAT">
    <editdetail attribution="Reuters BIP Coding Group" action="confirmed" date="1997-03-10"/>
  </code>
</codes>
<dc element="dc.date.created" value="1997-03-10"/>
<dc element="dc.publisher" value="Reuters Holdings Plc"/>
<dc element="dc.date.published" value="1997-03-10"/>
<dc element="dc.source" value="Reuters"/>
<dc element="dc.creator.location" value="STILLWATER, Minn."/>
<dc element="dc.creator.location.country.name" value="USA"/>
<dc element="dc.source" value="Reuters"/>
</metadata>
</newsitem>
