<?xml version="1.0" encoding="iso-8859-1" ?>
<newsitem itemid="429494" id="root" date="1997-03-10" xml:lang="en">
<title>USA: NYMEX electricity futures settle higher with cash.</title>
<headline>NYMEX electricity futures settle higher with cash.</headline>
<dateline>NEW YORK 1997-03-10</dateline>
<text>
<p>NYMEX electricity futures settled higher Monday, continuing recent gains on stronger cash prices in the western U.S.</p>
<p>&quot;It was basically the cash market,&quot; said one Houston futures trader when asked about the factor in today's rise.</p>
<p>Day-ahead electricity prices at the California-Oregon Border (COB) climbed 50 cents to a dollar $14.00-15.00 a megawatt hour (MWh), while those at Palo Verde (PV) held steady at $17.00-18.00.</p>
<p>Short-term power supply in the West will tighten Tuesday when the Western Area Power Administration (WAPA) trimmed power offers from the 1,855 megawatt (MW) Salt Lake Integrated hydroelectric project.</p>
<p>Strength in the natural gas market also supported the electricity complex, market sources said.</p>
<p>Swing natural gas prices across the country on average rose three to five cents per million British thermal units (mmBtu) today on cooler weather in the East and storage buying in the domestic producing region.</p>
<p>NYMEX April Henry Hub gas futures settled down 1.0 cent at $1.937/mmBtu, erasing a 9.3 cent gain due to a late technical selloff.</p>
<p>April COB finished up 23 cents at $10.22 a megawatt hour (MWh) after traded between $10.00 and $10.35.</p>
<p>May COB ended up 32 cents at $10.20. Other active COB months settled 15 to 65 cents higher.</p>
<p>April PV finished up 30 cents at $14.40, its highest level in two months.</p>
<p>May PV ended also settled up 30 cents at $14.50. Other deferred PV contracts ended 20 to 40 cents higher.</p>
<p>In the Northwest, temperatures were expected to average near to slightly below normal for much of the week, with a chance of rain and mountain snow through Thursday.</p>
<p>Most of the Southwest was expected to experience well-above normal readings in the early part of this week as a high pressure system hovered over the region.</p>
<p>Restart of the 1,070 megawatt (MW) San Onofre nuclear unit 2 in San Clemente, Calif., was planned for March 20.</p>
<p>Also, Arizona Public's 1,221 megawatt Palo Verde nuclear unit 3 was expected to return to service from a scheduled maintenance and refueling shutdown in early April.</p>
<p>NYMEX estimated 130 COB and 204 PV contracts were sold, compared with 118 COB and 347 PV lots Friday.</p>
<p>((--New York Power Desk +1 212 859 1627))</p>
</text>
<copyright>(c) Reuters Limited 1997</copyright>
<metadata>
<codes class="bip:countries:1.0">
  <code code="USA">
    <editdetail attribution="Reuters BIP Coding Group" action="confirmed" date="1997-03-10"/>
  </code>
</codes>
<codes class="bip:topics:1.0">
  <code code="M14">
    <editdetail attribution="Reuters BIP Coding Group" action="confirmed" date="1997-03-10"/>
  </code>
  <code code="M143">
    <editdetail attribution="Reuters BIP Coding Group" action="confirmed" date="1997-03-10"/>
  </code>
  <code code="MCAT">
    <editdetail attribution="Reuters BIP Coding Group" action="confirmed" date="1997-03-10"/>
  </code>
</codes>
<dc element="dc.date.created" value="1997-03-10"/>
<dc element="dc.publisher" value="Reuters Holdings Plc"/>
<dc element="dc.date.published" value="1997-03-10"/>
<dc element="dc.source" value="Reuters"/>
<dc element="dc.creator.location" value="NEW YORK"/>
<dc element="dc.creator.location.country.name" value="USA"/>
<dc element="dc.source" value="Reuters"/>
</metadata>
</newsitem>
