<?xml version="1.0" encoding="iso-8859-1" ?>
<newsitem itemid="429427" id="root" date="1997-03-10" xml:lang="en">
<title>USA: RESEARCH ALERT - PaineWebber Cisco details.</title>
<headline>RESEARCH ALERT - PaineWebber Cisco details.</headline>
<text>
<p>-- PaineWebber analyst Paul Weinstein said the near-term performance of Cisco Systems Inc could remain weak &quot;as estimate revisions look increasingly likely&quot; amid general uncertainty in the networking market.</p>
<p>-- The analyst said that as a result he had downgraded the stock to neutral from buy and cut his earnings estimates by $0.02 or $0.03 for both the third quarter ending in April and the fourth quarter that closes in July.</p>
<p>-- He said estimate cuts were based on a &quot;more competitive macro environment, tougher switching and router comparisons&quot; and lack of improvement in previously-known negative factors.</p>
</text>
<copyright>(c) Reuters Limited 1997</copyright>
<metadata>
<codes class="bip:countries:1.0">
  <code code="USA">
    <editdetail attribution="Reuters BIP Coding Group" action="confirmed" date="1997-03-10"/>
  </code>
</codes>
<codes class="bip:industries:1.0">
  <code code="I33020">
    <editdetail attribution="Reuters BIP Coding Group" action="confirmed" date="1997-03-10"/>
  </code>
  <code code="I3302004">
    <editdetail attribution="Reuters BIP Coding Group" action="confirmed" date="1997-03-10"/>
  </code>
</codes>
<codes class="bip:topics:1.0">
  <code code="C15">
    <editdetail attribution="Reuters BIP Coding Group" action="confirmed" date="1997-03-10"/>
  </code>
  <code code="C152">
    <editdetail attribution="Reuters BIP Coding Group" action="confirmed" date="1997-03-10"/>
  </code>
  <code code="CCAT">
    <editdetail attribution="Reuters BIP Coding Group" action="confirmed" date="1997-03-10"/>
  </code>
</codes>
<dc element="dc.publisher" value="Reuters Holdings Plc"/>
<dc element="dc.date.published" value="1997-03-10"/>
<dc element="dc.source" value="Reuters"/>
<dc element="dc.creator.location.country.name" value="USA"/>
<dc element="dc.source" value="Reuters"/>
</metadata>
</newsitem>
