<?xml version="1.0" encoding="iso-8859-1" ?>
<newsitem itemid="429451" id="root" date="1997-03-10" xml:lang="en">
<title>USA: Brady bonds end mostly higher in quiet trade.</title>
<headline>Brady bonds end mostly higher in quiet trade.</headline>
<dateline>NEW YORK 1997-03-10</dateline>
<text>
<p>Brady bond prices ended the New York session mostly higher on Monday, after what traders deemed a very quiet day with thin trading activity.</p>
<p>&quot;Spreads tightened a little bit and bonds were better bid but trading has been fairly thin today,&quot; said one Brady trader.</p>
<p>Venezulan PARS were up 5/8 at 75-1/4 bid, DCBs were up 1/2 at 88 bid. Brazilian &quot;C&quot; bonds were up 3/8 at 79 bid and Mexico PARS were quoted up 1/4 at 74-3/4 bid.  </p>
<p>&quot;Bonds were better bid today...it looks like some dealers are using this opportunity to work off some inventory,&quot; another trader said.</p>
<p>Meanwhile, Argentine PARS and FRBs traded an 1/8 weaker at 66-1/8 bid, 90-3/8 bid, respectively.</p>
<p>&quot;The market's tried to rally pretty strong today but there really wasn't strong support from the U.S. market,&quot; said Walter Molano, Director of Latam Economic Research at SBC Warburg.  </p>
<p>Molano said uncertainty in the market surrounding the U.S. Federal Reserve Board's next interest rate move has kept players nervous and prices under pressure.</p>
<p>&quot;We're going to get a better signal of that on Thursday and Friday when we get more key (U.S.) econmic data coming in,&quot; Molano said. &quot;It could very well be that we get more  data pointing towards a tightening by the Fed.&quot;</p>
<p>As the possibility of a Fed hike in interest rates looms over the market players will keep a watchful eye on Thursday's release of U.S. February retail sales figures followed by Friday's release of February producer prices.  </p>
<p>In a Reuter poll, U.S. economists predict a 0.6 percent increase in February retail sales, unchanged from January's level. February Producer prices are expected to show a slight 0.1 percent decline versus a drop of 0.3 percent in January.</p>
<p>Elsewhere, Bulgarian IABs fell 3/4 to 60-7/8 bid while Russian VN US$ ended the trading day up 1/8 at 82-1/8 bid.</p>
<p>In the governmnet market, the benchmark U.S. 30-year Treasury bond closed off 1/32 at 97-17/32 to yield 6.82 percent.</p>
<p>(( Nancy Leinfuss, 212-859-1675 ))</p>
</text>
<copyright>(c) Reuters Limited 1997</copyright>
<metadata>
<codes class="bip:countries:1.0">
  <code code="ARG">
    <editdetail attribution="Reuters BIP Coding Group" action="confirmed" date="1997-03-10"/>
  </code>
  <code code="BRAZ">
    <editdetail attribution="Reuters BIP Coding Group" action="confirmed" date="1997-03-10"/>
  </code>
  <code code="BUL">
    <editdetail attribution="Reuters BIP Coding Group" action="confirmed" date="1997-03-10"/>
  </code>
  <code code="MEX">
    <editdetail attribution="Reuters BIP Coding Group" action="confirmed" date="1997-03-10"/>
  </code>
  <code code="RUSS">
    <editdetail attribution="Reuters BIP Coding Group" action="confirmed" date="1997-03-10"/>
  </code>
  <code code="USA">
    <editdetail attribution="Reuters BIP Coding Group" action="confirmed" date="1997-03-10"/>
  </code>
  <code code="VEN">
    <editdetail attribution="Reuters BIP Coding Group" action="confirmed" date="1997-03-10"/>
  </code>
</codes>
<codes class="bip:topics:1.0">
  <code code="M12">
    <editdetail attribution="Reuters BIP Coding Group" action="confirmed" date="1997-03-10"/>
  </code>
  <code code="MCAT">
    <editdetail attribution="Reuters BIP Coding Group" action="confirmed" date="1997-03-10"/>
  </code>
</codes>
<dc element="dc.date.created" value="1997-03-10"/>
<dc element="dc.publisher" value="Reuters Holdings Plc"/>
<dc element="dc.date.published" value="1997-03-10"/>
<dc element="dc.source" value="Reuters"/>
<dc element="dc.creator.location" value="NEW YORK"/>
<dc element="dc.creator.location.country.name" value="USA"/>
<dc element="dc.source" value="Reuters"/>
</metadata>
</newsitem>
