<?xml version="1.0" encoding="iso-8859-1" ?>
<newsitem itemid="429462" id="root" date="1997-03-10" xml:lang="en">
<title>USA: Aydin Corp Q4 loss vs profit.</title>
<headline>Aydin Corp Q4 loss vs profit.</headline>
<dateline>HORSHAM, Pa. 1997-03-10</dateline>
<text>
<p>1996			1995</p>
<p> Shr  loss		  $0.63   profit	 $0.17</p>
<p> Net  loss		  3,252   profit	   892</p>
<p> Revs			28,340		   35,593</p>
<p>			  Year</p>
<p> Shr  loss		  $2.88   profit	 $0.77</p>
<p> Net  loss		 14,780   profit	 3,930</p>
<p> Revs		     116,578		  140,607</p>
<p>	 (All Data Above 000s Except Per Share Numbers)</p>
<p>NOTE: Current Q4 loss included $900,000 charge for write-off of software development costs. Current Q4 also included $600,000 charge for disposition of interest in Argentine unit.</p>
</text>
<copyright>(c) Reuters Limited 1997</copyright>
<metadata>
<codes class="bip:countries:1.0">
  <code code="USA">
    <editdetail attribution="Reuters BIP Coding Group" action="confirmed" date="1997-03-10"/>
  </code>
</codes>
<codes class="bip:industries:1.0">
  <code code="I34400">
    <editdetail attribution="Reuters BIP Coding Group" action="confirmed" date="1997-03-10"/>
  </code>
</codes>
<codes class="bip:topics:1.0">
  <code code="C15">
    <editdetail attribution="Reuters BIP Coding Group" action="confirmed" date="1997-03-10"/>
  </code>
  <code code="C151">
    <editdetail attribution="Reuters BIP Coding Group" action="confirmed" date="1997-03-10"/>
  </code>
  <code code="C1511">
    <editdetail attribution="Reuters BIP Coding Group" action="confirmed" date="1997-03-10"/>
  </code>
  <code code="CCAT">
    <editdetail attribution="Reuters BIP Coding Group" action="confirmed" date="1997-03-10"/>
  </code>
</codes>
<dc element="dc.date.created" value="1997-03-10"/>
<dc element="dc.publisher" value="Reuters Holdings Plc"/>
<dc element="dc.date.published" value="1997-03-10"/>
<dc element="dc.source" value="Reuters"/>
<dc element="dc.creator.location" value="HORSHAM, Pa."/>
<dc element="dc.creator.location.country.name" value="USA"/>
<dc element="dc.source" value="Reuters"/>
</metadata>
</newsitem>
