<?xml version="1.0" encoding="iso-8859-1" ?>
<newsitem itemid="429469" id="root" date="1997-03-10" xml:lang="en">
<title>USA: Collins fails to reach wheelchair sale deal.</title>
<headline>Collins fails to reach wheelchair sale deal.</headline>
<dateline>HUTCHINSON, Kansas 1997-03-10</dateline>
<text>
<p>Collins Industries Inc said on Monday it was unable to reach a definitive agreement with the Braun Corp regarding the sale of certain assets of its wheelchair lift product line.</p>
<p>Collins said it continued to sell its wheelchair lift products through its Mobile Tech Corp subsidiary.</p>
<p>Wheelchair lift products have historically represented about three percent of the company's consolidated sales and have not contributed to net earnings in recent years, it said.</p>
<p>((New York newsdesk 212-859-1610))</p>
</text>
<copyright>(c) Reuters Limited 1997</copyright>
<metadata>
<codes class="bip:countries:1.0">
  <code code="USA">
    <editdetail attribution="Reuters BIP Coding Group" action="confirmed" date="1997-03-10"/>
  </code>
</codes>
<codes class="bip:industries:1.0">
  <code code="I35102">
    <editdetail attribution="Reuters BIP Coding Group" action="confirmed" date="1997-03-10"/>
  </code>
</codes>
<codes class="bip:topics:1.0">
  <code code="C18">
    <editdetail attribution="Reuters BIP Coding Group" action="confirmed" date="1997-03-10"/>
  </code>
  <code code="C182">
    <editdetail attribution="Reuters BIP Coding Group" action="confirmed" date="1997-03-10"/>
  </code>
  <code code="CCAT">
    <editdetail attribution="Reuters BIP Coding Group" action="confirmed" date="1997-03-10"/>
  </code>
</codes>
<dc element="dc.date.created" value="1997-03-10"/>
<dc element="dc.publisher" value="Reuters Holdings Plc"/>
<dc element="dc.date.published" value="1997-03-10"/>
<dc element="dc.source" value="Reuters"/>
<dc element="dc.creator.location" value="HUTCHINSON, Kansas"/>
<dc element="dc.creator.location.country.name" value="USA"/>
<dc element="dc.source" value="Reuters"/>
</metadata>
</newsitem>
