<?xml version="1.0" encoding="iso-8859-1" ?>
<newsitem itemid="429443" id="root" date="1997-03-10" xml:lang="en">
<title>USA: Uniphase to acquire IBM unit.</title>
<headline>Uniphase to acquire IBM unit.</headline>
<dateline>SAN JOSE, Calif. 1997-03-10</dateline>
<text>
<p>Uniphase Corp Monday said it signed a definitive agreement to acquire the assets of the IBM Laser Enterprise from IBM Corp for $45 million.</p>
<p>In a statement, Uniphase said it will take a charge in the third quarter ending March 31, for acquired in-process R&amp;D in connection with the acquisition. With the one time charge, the company said it expects to record a net loss for the quarter.</p>
<p>Uniphase said the business will operate as a wholly-owned subsidiary of Uniphase, Uniphase Laser Enterprise AG, based in Zurich, Switzerland and continue to market its lasers to leading telecommunications companies worldwide as well as supplying lasers to the Uniphase Telecommunications Products subsidiary.</p>
<p>Uniphase is an optoelectronics company that designs, develops, manufactures and markets laser subsystems, laser-based semiconductor wafer defect examination and analysis equipment and fiber optic telecommunications equipment products.</p>
</text>
<copyright>(c) Reuters Limited 1997</copyright>
<metadata>
<codes class="bip:countries:1.0">
  <code code="USA">
    <editdetail attribution="Reuters BIP Coding Group" action="confirmed" date="1997-03-10"/>
  </code>
</codes>
<codes class="bip:industries:1.0">
  <code code="I33020">
    <editdetail attribution="Reuters BIP Coding Group" action="confirmed" date="1997-03-10"/>
  </code>
  <code code="I3302003">
    <editdetail attribution="Reuters BIP Coding Group" action="confirmed" date="1997-03-10"/>
  </code>
  <code code="I34350">
    <editdetail attribution="Reuters BIP Coding Group" action="confirmed" date="1997-03-10"/>
  </code>
</codes>
<codes class="bip:topics:1.0">
  <code code="C18">
    <editdetail attribution="Reuters BIP Coding Group" action="confirmed" date="1997-03-10"/>
  </code>
  <code code="C182">
    <editdetail attribution="Reuters BIP Coding Group" action="confirmed" date="1997-03-10"/>
  </code>
  <code code="CCAT">
    <editdetail attribution="Reuters BIP Coding Group" action="confirmed" date="1997-03-10"/>
  </code>
</codes>
<dc element="dc.date.created" value="1997-03-10"/>
<dc element="dc.publisher" value="Reuters Holdings Plc"/>
<dc element="dc.date.published" value="1997-03-10"/>
<dc element="dc.source" value="Reuters"/>
<dc element="dc.creator.location" value="SAN JOSE, Calif."/>
<dc element="dc.creator.location.country.name" value="USA"/>
<dc element="dc.source" value="Reuters"/>
</metadata>
</newsitem>
