<?xml version="1.0" encoding="iso-8859-1" ?>
<newsitem itemid="429420" id="root" date="1997-03-10" xml:lang="en">
<title>CANADA: Sable gas backers say delays threaten project.</title>
<headline>Sable gas backers say delays threaten project.</headline>
<dateline>CALGARY 1997-03-10</dateline>
<text>
<p>A battle between pipeline companies aiming to ship natural gas from Sable Island off Canada's east coast heated up again on Monday when the Sable backers said regulatory delays could jeopardize the development.</p>
<p>&quot;(Sable Offshore Energy Project) has been clear about project dates and timetable for almost three years now,&quot; Ken Miller, vice-present of frontier for project proponent Mobil Oil Canada, said in a statement.  </p>
<p>Miller made the comment in response to an anouncement on Friday by Trans Quebec &amp; Maritimes, a firm owned by TransCanada PipeLines Ltd and Gaz Metropolitain and Co LP, that it will sumbit its proposal to Canada's National Energy Board in August.</p>
<p>TQM is competing with Maritimes &amp; Northeast Pipeline, owned by Mobil, Westcoast Energy Inc and PanEnergy Corp.  </p>
<p>Maritimes &amp; Northeast would move the estimated 480 million cubic feet of gas per day to Northeast U.S. markets from Nova Scotia through New Brunswick. The TQM expansion would also move the gas to Boston, but via Quebec.</p>
<p>Miller said TQM knew about the Sable and Maritimes &amp; Northeast proposals since 1995 and indicated early last year that it would file a development application.</p>
<p>&quot;The Joint Review Panel and the government have clearly stated that other projects will be provided separate regulatory processes and we support this,&quot; Miller said.  </p>
<p>&quot;It is hard for us to view TQM's proposal as anything other than a late attempt at delay in order to provide them time to catch up.&quot;</p>
<p>He said the Sable developers expected to plan the project diligently at each stage in order to build credibility and justify the investments.</p>
<p>The Sable Island gas project and Maritimes &amp; Northeast pipeline were estimated to cost a total of C$3 billion.</p>
<p>&quot;If we do not have that certainty then the risks inherent in the project may at some point become too great,&quot; Miller said.</p>
<p>Partners in the Sable project, which would see development of six gas fields off Nova Scotia, include Mobil, Shell Canada Ltd, Imperial Oil Ltd and Nova Scotia Resources Ltd.</p>
<p>((Reuters Calgary Bureau (403) 531-1624))</p>
</text>
<copyright>(c) Reuters Limited 1997</copyright>
<metadata>
<codes class="bip:countries:1.0">
  <code code="CANA">
    <editdetail attribution="Reuters BIP Coding Group" action="confirmed" date="1997-03-10"/>
  </code>
</codes>
<codes class="bip:industries:1.0">
  <code code="I13000">
    <editdetail attribution="Reuters BIP Coding Group" action="confirmed" date="1997-03-10"/>
  </code>
  <code code="I1300003">
    <editdetail attribution="Reuters BIP Coding Group" action="confirmed" date="1997-03-10"/>
  </code>
  <code code="I14000">
    <editdetail attribution="Reuters BIP Coding Group" action="confirmed" date="1997-03-10"/>
  </code>
  <code code="I16200">
    <editdetail attribution="Reuters BIP Coding Group" action="confirmed" date="1997-03-10"/>
  </code>
</codes>
<codes class="bip:topics:1.0">
  <code code="C13">
    <editdetail attribution="Reuters BIP Coding Group" action="confirmed" date="1997-03-10"/>
  </code>
  <code code="C24">
    <editdetail attribution="Reuters BIP Coding Group" action="confirmed" date="1997-03-10"/>
  </code>
  <code code="CCAT">
    <editdetail attribution="Reuters BIP Coding Group" action="confirmed" date="1997-03-10"/>
  </code>
</codes>
<dc element="dc.date.created" value="1997-03-10"/>
<dc element="dc.publisher" value="Reuters Holdings Plc"/>
<dc element="dc.date.published" value="1997-03-10"/>
<dc element="dc.source" value="Reuters"/>
<dc element="dc.creator.location" value="CALGARY"/>
<dc element="dc.creator.location.country.name" value="CANADA"/>
<dc element="dc.source" value="Reuters"/>
</metadata>
</newsitem>
