<?xml version="1.0" encoding="iso-8859-1" ?>
<newsitem itemid="429432" id="root" date="1997-03-10" xml:lang="en">
<title>USA: RESEARCH ALERT - Medallion cut near-term.</title>
<headline>RESEARCH ALERT - Medallion cut near-term.</headline>
<text>
<p>- EVEREN Securities said Monday it cut its near-term rating on Medallion Financial Corp to market performer from outperformer. It left its long-term rating of outperformer unchanged.</p>
<p>- EVEREN said in a statement that it believes Medallion's stock has approached full valuation for the intermediate term and is therefore changing its rating.</p>
<p>- EVEREN said Medallion was awarded a 5-year contract to provide taxi-top advertising for 1,800 New York City cabs. Although the contract is seen benefitting Medallion, EVEREN said its earnings projections still assume the company has an additional 1,000 units under control by the end of 1997.</p>
<p>- EVEREN said its rating change was effective Friday, March 7.</p>
<p>- Medallion stock traded off 3/4 at 19.</p>
<p>((--Chicago newsdesk, 312-408-8787))</p>
</text>
<copyright>(c) Reuters Limited 1997</copyright>
<metadata>
<codes class="bip:countries:1.0">
  <code code="USA">
    <editdetail attribution="Reuters BIP Coding Group" action="confirmed" date="1997-03-10"/>
  </code>
</codes>
<codes class="bip:industries:1.0">
  <code code="I81501">
    <editdetail attribution="Reuters BIP Coding Group" action="confirmed" date="1997-03-10"/>
  </code>
</codes>
<codes class="bip:topics:1.0">
  <code code="C15">
    <editdetail attribution="Reuters BIP Coding Group" action="confirmed" date="1997-03-10"/>
  </code>
  <code code="C152">
    <editdetail attribution="Reuters BIP Coding Group" action="confirmed" date="1997-03-10"/>
  </code>
  <code code="CCAT">
    <editdetail attribution="Reuters BIP Coding Group" action="confirmed" date="1997-03-10"/>
  </code>
</codes>
<dc element="dc.publisher" value="Reuters Holdings Plc"/>
<dc element="dc.date.published" value="1997-03-10"/>
<dc element="dc.source" value="Reuters"/>
<dc element="dc.creator.location.country.name" value="USA"/>
<dc element="dc.source" value="Reuters"/>
</metadata>
</newsitem>
