<?xml version="1.0" encoding="iso-8859-1" ?>
<newsitem itemid="429439" id="root" date="1997-03-10" xml:lang="en">
<title>USA: Quest Medical seeks strategic alternatives.</title>
<headline>Quest Medical seeks strategic alternatives.</headline>
<dateline>DALLAS 1997-03-10</dateline>
<text>
<p>Quest Medical Inc on Monday said its board of directors hired Smith Barney and Rauscher Pierce Refsnes to seek &quot;strategic alternatives&quot; to enhance shareholder value.  </p>
<p>The company, which makes healthcare products, said the alternatives might include a joint venture, strategic alliance, merger, sale of assets or other business combination.</p>
<p>&quot;It has become clear to us ...that the current hospital consolidation trend, coupled with the pressure hospitals are under to keep costs low, is deterring hospitals from making timely purchase decisions on new capital equipment,&quot; it said.</p>
<p>&quot;That and other factors have prompted us to seek a merger or strategic alliance partner who can bring marketing muscle and capital to bear so that we can place (Myocardial Protection System) instruments in hospitals,&quot; it said, referring to one of its products.</p>
<p>Quest Medical also said it foresaw a fourth-quarter loss of $0.05 a share.</p>
<p>First Call's analysts' consensus expected a profit of $0.04 a share for the period.</p>
<p>Last year, the company reported a profit of $0.02 a share for the same quarter.</p>
</text>
<copyright>(c) Reuters Limited 1997</copyright>
<metadata>
<codes class="bip:countries:1.0">
  <code code="USA">
    <editdetail attribution="Reuters BIP Coding Group" action="confirmed" date="1997-03-10"/>
  </code>
</codes>
<codes class="bip:industries:1.0">
  <code code="I37200">
    <editdetail attribution="Reuters BIP Coding Group" action="confirmed" date="1997-03-10"/>
  </code>
  <code code="I83100">
    <editdetail attribution="Reuters BIP Coding Group" action="confirmed" date="1997-03-10"/>
  </code>
</codes>
<codes class="bip:topics:1.0">
  <code code="C11">
    <editdetail attribution="Reuters BIP Coding Group" action="confirmed" date="1997-03-10"/>
  </code>
  <code code="C33">
    <editdetail attribution="Reuters BIP Coding Group" action="confirmed" date="1997-03-10"/>
  </code>
  <code code="CCAT">
    <editdetail attribution="Reuters BIP Coding Group" action="confirmed" date="1997-03-10"/>
  </code>
</codes>
<dc element="dc.date.created" value="1997-03-10"/>
<dc element="dc.publisher" value="Reuters Holdings Plc"/>
<dc element="dc.date.published" value="1997-03-10"/>
<dc element="dc.source" value="Reuters"/>
<dc element="dc.creator.location" value="DALLAS"/>
<dc element="dc.creator.location.country.name" value="USA"/>
<dc element="dc.source" value="Reuters"/>
</metadata>
</newsitem>
