<?xml version="1.0" encoding="iso-8859-1" ?>
<newsitem itemid="429430" id="root" date="1997-03-10" xml:lang="en">
<title>USA: RESEARCH ALERT - Equity Res estimates raised.</title>
<headline>RESEARCH ALERT - Equity Res estimates raised.</headline>
<text>
<p>- EVEREN Securities Inc said Monday it raised its estimates for funds from operations for Equity Residential Properties Trust to $3.59 a share in 1997 from $3.55 and to $3.94 a share in 1998 from $3.85.</p>
<p>- EVEREN said it remains confident in the overall stability of the multifamily apartment market and Equity Residential's ability to sustain its acquisition program.  </p>
<p>- EVEREN said it expects Equity Residential to acquire about $550 million in additional property in 1997, in addition to previously announced acquisitions.</p>
<p>- EVEREN said it also raised its six-month price target for Equity Residential to $50 a share from $45.50, and increased its 18-month target to $52.50 from $47.50.</p>
<p>- Shares of Equity traded off 5/8 at 47-1/4.</p>
<p>((--Chicago newsdesk, 312-408-8787))</p>
</text>
<copyright>(c) Reuters Limited 1997</copyright>
<metadata>
<codes class="bip:countries:1.0">
  <code code="USA">
    <editdetail attribution="Reuters BIP Coding Group" action="confirmed" date="1997-03-10"/>
  </code>
</codes>
<codes class="bip:industries:1.0">
  <code code="I81502">
    <editdetail attribution="Reuters BIP Coding Group" action="confirmed" date="1997-03-10"/>
  </code>
  <code code="I8150206">
    <editdetail attribution="Reuters BIP Coding Group" action="confirmed" date="1997-03-10"/>
  </code>
</codes>
<codes class="bip:topics:1.0">
  <code code="C15">
    <editdetail attribution="Reuters BIP Coding Group" action="confirmed" date="1997-03-10"/>
  </code>
  <code code="C152">
    <editdetail attribution="Reuters BIP Coding Group" action="confirmed" date="1997-03-10"/>
  </code>
  <code code="CCAT">
    <editdetail attribution="Reuters BIP Coding Group" action="confirmed" date="1997-03-10"/>
  </code>
</codes>
<dc element="dc.publisher" value="Reuters Holdings Plc"/>
<dc element="dc.date.published" value="1997-03-10"/>
<dc element="dc.source" value="Reuters"/>
<dc element="dc.creator.location.country.name" value="USA"/>
<dc element="dc.source" value="Reuters"/>
</metadata>
</newsitem>
