<?xml version="1.0" encoding="iso-8859-1" ?>
<newsitem itemid="429484" id="root" date="1997-03-10" xml:lang="en">
<title>USA: CBOE seat sells for record $630,000.</title>
<headline>CBOE seat sells for record $630,000.</headline>
<dateline>CHICAGO 1997-03-10</dateline>
<text>
<p>A seat at the Chicago Board Options Exchange (CBOE) sold for $630,000 on Monday, a record price, the exchange said.</p>
<p>Another seat also sold Monday for $615,000.</p>
<p>The prior record was $565,000 set on February 13.</p>
<p>The current bid/offer for seats was $620,000/$650,000.</p>
<p>((--Derivatives desk, 312 408 8750))</p>
<p>((E-mail: derivatives@reuters.com))</p>
</text>
<copyright>(c) Reuters Limited 1997</copyright>
<metadata>
<codes class="bip:countries:1.0">
  <code code="USA">
    <editdetail attribution="Reuters BIP Coding Group" action="confirmed" date="1997-03-10"/>
  </code>
</codes>
<codes class="bip:industries:1.0">
  <code code="I83100">
    <editdetail attribution="Reuters BIP Coding Group" action="confirmed" date="1997-03-10"/>
  </code>
</codes>
<codes class="bip:topics:1.0">
  <code code="C31">
    <editdetail attribution="Reuters BIP Coding Group" action="confirmed" date="1997-03-10"/>
  </code>
  <code code="CCAT">
    <editdetail attribution="Reuters BIP Coding Group" action="confirmed" date="1997-03-10"/>
  </code>
  <code code="M14">
    <editdetail attribution="Reuters BIP Coding Group" action="confirmed" date="1997-03-10"/>
  </code>
  <code code="M141">
    <editdetail attribution="Reuters BIP Coding Group" action="confirmed" date="1997-03-10"/>
  </code>
  <code code="MCAT">
    <editdetail attribution="Reuters BIP Coding Group" action="confirmed" date="1997-03-10"/>
  </code>
</codes>
<dc element="dc.date.created" value="1997-03-10"/>
<dc element="dc.publisher" value="Reuters Holdings Plc"/>
<dc element="dc.date.published" value="1997-03-10"/>
<dc element="dc.source" value="Reuters"/>
<dc element="dc.creator.location" value="CHICAGO"/>
<dc element="dc.creator.location.country.name" value="USA"/>
<dc element="dc.source" value="Reuters"/>
</metadata>
</newsitem>
