<?xml version="1.0" encoding="iso-8859-1" ?>
<newsitem itemid="429496" id="root" date="1997-03-10" xml:lang="en">
<title>USA: Shuffle Master buys Yoseloff game library.</title>
<headline>Shuffle Master buys Yoseloff game library.</headline>
<dateline>MINNEAPOLIS 1997-03-10</dateline>
<text>
<p>Shuffle Master Inc said Monday it purchased an extensive library of proprietary games from Mark Yoseloff, and it will soon begin efforts to commercialize those games.</p>
<p>Terms were not disclosed. The library includes games developed by Yoseloff.</p>
<p>The company, a supplier of shuffler systems and video games to the casino and gaming industry, also said it signed a five-year employment agreement with Yoseloff, who will develop games with Shuffle Master's new games division.</p>
<p>Shuffle Master will own all future games developed by Yoseloff while he works for the company.</p>
<p>		((Reuters Chicago Newsdesk (312) 408-8787))</p>
</text>
<copyright>(c) Reuters Limited 1997</copyright>
<metadata>
<codes class="bip:countries:1.0">
  <code code="USA">
    <editdetail attribution="Reuters BIP Coding Group" action="confirmed" date="1997-03-10"/>
  </code>
</codes>
<codes class="bip:industries:1.0">
  <code code="I49410">
    <editdetail attribution="Reuters BIP Coding Group" action="confirmed" date="1997-03-10"/>
  </code>
</codes>
<codes class="bip:topics:1.0">
  <code code="C18">
    <editdetail attribution="Reuters BIP Coding Group" action="confirmed" date="1997-03-10"/>
  </code>
  <code code="C182">
    <editdetail attribution="Reuters BIP Coding Group" action="confirmed" date="1997-03-10"/>
  </code>
  <code code="C41">
    <editdetail attribution="Reuters BIP Coding Group" action="confirmed" date="1997-03-10"/>
  </code>
  <code code="C411">
    <editdetail attribution="Reuters BIP Coding Group" action="confirmed" date="1997-03-10"/>
  </code>
  <code code="CCAT">
    <editdetail attribution="Reuters BIP Coding Group" action="confirmed" date="1997-03-10"/>
  </code>
</codes>
<dc element="dc.date.created" value="1997-03-10"/>
<dc element="dc.publisher" value="Reuters Holdings Plc"/>
<dc element="dc.date.published" value="1997-03-10"/>
<dc element="dc.source" value="Reuters"/>
<dc element="dc.creator.location" value="MINNEAPOLIS"/>
<dc element="dc.creator.location.country.name" value="USA"/>
<dc element="dc.source" value="Reuters"/>
</metadata>
</newsitem>
