<?xml version="1.0" encoding="iso-8859-1" ?>
<newsitem itemid="429446" id="root" date="1997-03-10" xml:lang="en">
<title>USA: Energy sees Citizens as key into US market.</title>
<headline>Energy sees Citizens as key into US market.</headline>
<dateline>NEW YORK 1997-03-10</dateline>
<text>
<p>U.K.-based Energy Group Plc said Monday its acquisition of Citizens Lehman Power L.L.C., is key to its planned expansion into the U.S. electricity market.</p>
<p>&quot;This is the next step to become an integrated company (in the U.S.),&quot; said Irl Engelhardt, head of Energy's Peabody Holding Co and newly-appointed board member of Citizens.</p>
</text>
<copyright>(c) Reuters Limited 1997</copyright>
<metadata>
<codes class="bip:countries:1.0">
  <code code="UK">
    <editdetail attribution="Reuters BIP Coding Group" action="confirmed" date="1997-03-10"/>
  </code>
  <code code="USA">
    <editdetail attribution="Reuters BIP Coding Group" action="confirmed" date="1997-03-10"/>
  </code>
</codes>
<codes class="bip:industries:1.0">
  <code code="I16000">
    <editdetail attribution="Reuters BIP Coding Group" action="confirmed" date="1997-03-10"/>
  </code>
</codes>
<codes class="bip:topics:1.0">
  <code code="C18">
    <editdetail attribution="Reuters BIP Coding Group" action="confirmed" date="1997-03-10"/>
  </code>
  <code code="C181">
    <editdetail attribution="Reuters BIP Coding Group" action="confirmed" date="1997-03-10"/>
  </code>
  <code code="CCAT">
    <editdetail attribution="Reuters BIP Coding Group" action="confirmed" date="1997-03-10"/>
  </code>
</codes>
<dc element="dc.date.created" value="1997-03-10"/>
<dc element="dc.publisher" value="Reuters Holdings Plc"/>
<dc element="dc.date.published" value="1997-03-10"/>
<dc element="dc.source" value="Reuters"/>
<dc element="dc.creator.location" value="NEW YORK"/>
<dc element="dc.creator.location.country.name" value="USA"/>
<dc element="dc.source" value="Reuters"/>
</metadata>
</newsitem>
