<?xml version="1.0" encoding="iso-8859-1" ?>
<newsitem itemid="429416" id="root" date="1997-03-10" xml:lang="en">
<title>CANADA: Spanish trawler banned from area off Canada.</title>
<headline>Spanish trawler banned from area off Canada.</headline>
<dateline>OTTAWA 1997-03-10</dateline>
<text>
<p>A Spanish trawler has been banned from fishing in an area off Canada's east coast, the government of Canada said on Monday.</p>
<p>Canadian Fisheries Minister Fred Mifflin said European Union (EU) inspectors promptly boarded the Spanish vessel Hermanos Gandon IV in response to a report by Canadian inspectors that the boat had misreported its catch.</p>
<p>These arrangements had been put into place after Spain and Canada nearly came to blows in March 1995 when Canada declared a ban on fishing in a rich area just outside its 200-mile (320 km) limit to protect the endangered turbot, or Greenland halibut.</p>
<p>&quot;The minister praised European Union ... inspectors for their prompt and effective enforcement action,&quot; a statement from Mifflin's office said.</p>
<p>Canadian inspectors boarded the vessel on Feb. 27 and contacted an EU patrol vessel, which boarded it on March 1. EU inspectors confirmed it had about 33.8 tonnes of turbot where the master had reported only 14.8 tonnes in his log.</p>
<p>The statement said Spanish authorities revoked the vessel's license to fish in the area for the rest of the year and told Canada the boat would be subject to a substantial fine, a sign that the bitter transatlantic fishing dispute of two years ago was past.</p>
</text>
<copyright>(c) Reuters Limited 1997</copyright>
<metadata>
<codes class="bip:countries:1.0">
  <code code="CANA">
    <editdetail attribution="Reuters BIP Coding Group" action="confirmed" date="1997-03-10"/>
  </code>
  <code code="EEC">
    <editdetail attribution="Reuters BIP Coding Group" action="confirmed" date="1997-03-10"/>
  </code>
  <code code="SPAIN">
    <editdetail attribution="Reuters BIP Coding Group" action="confirmed" date="1997-03-10"/>
  </code>
</codes>
<codes class="bip:industries:1.0">
  <code code="I03000">
    <editdetail attribution="Reuters BIP Coding Group" action="confirmed" date="1997-03-10"/>
  </code>
</codes>
<codes class="bip:topics:1.0">
  <code code="C13">
    <editdetail attribution="Reuters BIP Coding Group" action="confirmed" date="1997-03-10"/>
  </code>
  <code code="CCAT">
    <editdetail attribution="Reuters BIP Coding Group" action="confirmed" date="1997-03-10"/>
  </code>
  <code code="G15">
    <editdetail attribution="Reuters BIP Coding Group" action="confirmed" date="1997-03-10"/>
  </code>
  <code code="G153">
    <editdetail attribution="Reuters BIP Coding Group" action="confirmed" date="1997-03-10"/>
  </code>
  <code code="GCAT">
    <editdetail attribution="Reuters BIP Coding Group" action="confirmed" date="1997-03-10"/>
  </code>
</codes>
<dc element="dc.date.created" value="1997-03-10"/>
<dc element="dc.publisher" value="Reuters Holdings Plc"/>
<dc element="dc.date.published" value="1997-03-10"/>
<dc element="dc.source" value="Reuters"/>
<dc element="dc.creator.location" value="OTTAWA"/>
<dc element="dc.creator.location.country.name" value="CANADA"/>
<dc element="dc.source" value="Reuters"/>
</metadata>
</newsitem>
