<?xml version="1.0" encoding="iso-8859-1" ?>
<newsitem itemid="429461" id="root" date="1997-03-10" xml:lang="en">
<title>USA: Sierra Pacific to supply Cortez with power.</title>
<headline>Sierra Pacific to supply Cortez with power.</headline>
<dateline>RENO, Nev. 1997-03-10</dateline>
<text>
<p>Sierra Pacific Power Co announced Monday a five-year contract to provide electricity and energy services to the Cortez Joint Venture gold mining operations in Crescent Valley, Nevada.</p>
<p>Sierra will supply up to 31 megawatts of electricity to the existing and future Cortez operations, which use electricity for mining, milling and heap leaching.</p>
<p>When the Cortez mines reach full capacity, energy usage is expected to represent more than 7 percent of Sierra Pacific's industrial load.</p>
<p>The utility estimates annual electric revenues from the operation at $12.8 million.</p>
<p>The contract, which is subject to approval by the Nevada Public Service Commission, is the utility's sixth long-term deal with major mining company.</p>
<p>The Cortez projects are a joint venture between Placer Dome U.S., and Kennecott Explorations.</p>
<p>--Los Angeles bureau + 1 213 955 6761</p>
</text>
<copyright>(c) Reuters Limited 1997</copyright>
<metadata>
<codes class="bip:countries:1.0">
  <code code="USA">
    <editdetail attribution="Reuters BIP Coding Group" action="confirmed" date="1997-03-10"/>
  </code>
</codes>
<codes class="bip:industries:1.0">
  <code code="I21000">
    <editdetail attribution="Reuters BIP Coding Group" action="confirmed" date="1997-03-10"/>
  </code>
</codes>
<codes class="bip:topics:1.0">
  <code code="C11">
    <editdetail attribution="Reuters BIP Coding Group" action="confirmed" date="1997-03-10"/>
  </code>
  <code code="C24">
    <editdetail attribution="Reuters BIP Coding Group" action="confirmed" date="1997-03-10"/>
  </code>
  <code code="CCAT">
    <editdetail attribution="Reuters BIP Coding Group" action="confirmed" date="1997-03-10"/>
  </code>
</codes>
<dc element="dc.date.created" value="1997-03-10"/>
<dc element="dc.publisher" value="Reuters Holdings Plc"/>
<dc element="dc.date.published" value="1997-03-10"/>
<dc element="dc.source" value="Reuters"/>
<dc element="dc.creator.location" value="RENO, Nev."/>
<dc element="dc.creator.location.country.name" value="USA"/>
<dc element="dc.source" value="Reuters"/>
</metadata>
</newsitem>
