<?xml version="1.0" encoding="iso-8859-1" ?>
<newsitem itemid="429421" id="root" date="1997-03-10" xml:lang="en">
<title>CANADA: Aircraft passenger fatalities jump in 1996 - ICAO.</title>
<headline>Aircraft passenger fatalities jump in 1996 - ICAO.</headline>
<dateline>MONTREAL 1997-03-10</dateline>
<text>
<p>The number of aircraft passenger deaths reported by the world's scheduled air carriers jumped to 1,135 in 1996 from 710 in 1995, the International Civil Aviation Organization (ICAO) said on Monday.</p>
<p>Passenger fatalities per 100 million passenger-kilometres also rose, to 0.05 in 1996 from 0.03 in 1995. The scheduled air carriers of ICAO's 185 contracting states reported 23 aircraft accidents involving passenger fatalities in 1996, compared with 26 in 1995.</p>
<p>For non-scheduled air services, there were 25 fatal accidents in 1996, down from 40 in 1995, accounting for 479 passenger fatalities versus 391.</p>
<p>ICAO said 14 incidents of unlawful interference were reported ub 1996, in which 126 people were killed and 53 injured. In 1995, there were 13 such incidents in which two people were killed and one perpetrator was injured.</p>
<p>ICAO is an agency of the United Nations created in 1944 to promote civil aviation safety and development.</p>
<p>((Reuters Montreal bureau 514-985-2434))</p>
</text>
<copyright>(c) Reuters Limited 1997</copyright>
<metadata>
<codes class="bip:countries:1.0">
  <code code="CANA">
    <editdetail attribution="Reuters BIP Coding Group" action="confirmed" date="1997-03-10"/>
  </code>
</codes>
<codes class="bip:industries:1.0">
  <code code="I75000">
    <editdetail attribution="Reuters BIP Coding Group" action="confirmed" date="1997-03-10"/>
  </code>
</codes>
<codes class="bip:topics:1.0">
  <code code="CCAT">
    <editdetail attribution="Reuters BIP Coding Group" action="confirmed" date="1997-03-10"/>
  </code>
  <code code="GCAT">
    <editdetail attribution="Reuters BIP Coding Group" action="confirmed" date="1997-03-10"/>
  </code>
  <code code="GDIS">
    <editdetail attribution="Reuters BIP Coding Group" action="confirmed" date="1997-03-10"/>
  </code>
</codes>
<dc element="dc.date.created" value="1997-03-10"/>
<dc element="dc.publisher" value="Reuters Holdings Plc"/>
<dc element="dc.date.published" value="1997-03-10"/>
<dc element="dc.source" value="Reuters"/>
<dc element="dc.creator.location" value="MONTREAL"/>
<dc element="dc.creator.location.country.name" value="CANADA"/>
<dc element="dc.source" value="Reuters"/>
</metadata>
</newsitem>
