<?xml version="1.0" encoding="iso-8859-1" ?>
<newsitem itemid="429428" id="root" date="1997-03-10" xml:lang="en">
<title>USA: Crescent sets two-for-one stock split.</title>
<headline>Crescent sets two-for-one stock split.</headline>
<dateline>FORTH WORTH 1997-03-10</dateline>
<text>
<p>Crescent Real Estate Equities Co said Monday its board declared a two-for-one stock split in the form of a 100 percent stock dividend.</p>
<p>The dividend will be payable March 26 to shareholders of record on March 20, it said.</p>
<p>Crescent is a real estate investment trust which, on completion of certain pending transactions, will own through its subsidiaries a portfolio of real estate assets, consisting of 71 office properties and six retail properties  .</p>
</text>
<copyright>(c) Reuters Limited 1997</copyright>
<metadata>
<codes class="bip:countries:1.0">
  <code code="USA">
    <editdetail attribution="Reuters BIP Coding Group" action="confirmed" date="1997-03-10"/>
  </code>
</codes>
<codes class="bip:industries:1.0">
  <code code="I81502">
    <editdetail attribution="Reuters BIP Coding Group" action="confirmed" date="1997-03-10"/>
  </code>
  <code code="I8150206">
    <editdetail attribution="Reuters BIP Coding Group" action="confirmed" date="1997-03-10"/>
  </code>
</codes>
<codes class="bip:topics:1.0">
  <code code="C17">
    <editdetail attribution="Reuters BIP Coding Group" action="confirmed" date="1997-03-10"/>
  </code>
  <code code="C171">
    <editdetail attribution="Reuters BIP Coding Group" action="confirmed" date="1997-03-10"/>
  </code>
  <code code="CCAT">
    <editdetail attribution="Reuters BIP Coding Group" action="confirmed" date="1997-03-10"/>
  </code>
</codes>
<dc element="dc.date.created" value="1997-03-10"/>
<dc element="dc.publisher" value="Reuters Holdings Plc"/>
<dc element="dc.date.published" value="1997-03-10"/>
<dc element="dc.source" value="Reuters"/>
<dc element="dc.creator.location" value="FORTH WORTH"/>
<dc element="dc.creator.location.country.name" value="USA"/>
<dc element="dc.source" value="Reuters"/>
</metadata>
</newsitem>
