<?xml version="1.0" encoding="iso-8859-1" ?>
<newsitem itemid="429455" id="root" date="1997-03-10" xml:lang="en">
<title>USA: John Alden Financial Q4 net loss narrows.</title>
<headline>John Alden Financial Q4 net loss narrows.</headline>
<dateline>MIAMI 1997-03-10</dateline>
<text>
<p>1996			1995</p>
<p> Shr loss	  $0.10	 loss     $0.72</p>
<p> Net loss	  2,400	 loss     18,800</p>
<p> Revs		351,400		  413,400</p>
<p> Avg shrs	  25,620		   25,866</p>
<p>	  12 MONTHS</p>
<p> Shr profit	$1.15	 profit   $0.20</p>
<p> Net profit	29,600	profit   5,100</p>
<p> Revs		1,847,700		1,945,500</p>
<p> Avg shrs	  25,651		   25,721</p>
<p>(All data above 000s except per share numbers)</p>
<p>NOTES: Full name of company is John Alden Financial Corp.</p>
<p>Q4 loss from continuing operations was $0.57 per share, compared to a loss of $0.97 per share for the same period the year before.</p>
</text>
<copyright>(c) Reuters Limited 1997</copyright>
<metadata>
<codes class="bip:countries:1.0">
  <code code="USA">
    <editdetail attribution="Reuters BIP Coding Group" action="confirmed" date="1997-03-10"/>
  </code>
</codes>
<codes class="bip:industries:1.0">
  <code code="I82000">
    <editdetail attribution="Reuters BIP Coding Group" action="confirmed" date="1997-03-10"/>
  </code>
</codes>
<codes class="bip:topics:1.0">
  <code code="C15">
    <editdetail attribution="Reuters BIP Coding Group" action="confirmed" date="1997-03-10"/>
  </code>
  <code code="C151">
    <editdetail attribution="Reuters BIP Coding Group" action="confirmed" date="1997-03-10"/>
  </code>
  <code code="C1511">
    <editdetail attribution="Reuters BIP Coding Group" action="confirmed" date="1997-03-10"/>
  </code>
  <code code="CCAT">
    <editdetail attribution="Reuters BIP Coding Group" action="confirmed" date="1997-03-10"/>
  </code>
</codes>
<dc element="dc.date.created" value="1997-03-10"/>
<dc element="dc.publisher" value="Reuters Holdings Plc"/>
<dc element="dc.date.published" value="1997-03-10"/>
<dc element="dc.source" value="Reuters"/>
<dc element="dc.creator.location" value="MIAMI"/>
<dc element="dc.creator.location.country.name" value="USA"/>
<dc element="dc.source" value="Reuters"/>
</metadata>
</newsitem>
