<?xml version="1.0" encoding="iso-8859-1" ?>
<newsitem itemid="429479" id="root" date="1997-03-10" xml:lang="en">
<title>USA: Brazil Sao Paulo to start privatizing by 1998.</title>
<headline>Brazil Sao Paulo to start privatizing by 1998.</headline>
<byline>Ian Simpson</byline>
<dateline>NEW YORK 1997-03-10</dateline>
<text>
<p>Brazil's industrial powerhouse of Sao Paulo state will start the privatization of its multibillion dollar electrical holdings at the end of the year, the state's energy secretary said on Monday.</p>
<p>The official, David Zylbersztajn, told potential investors that consultants would be hired next month to recommend minimum prices and the system for selling the government's share of the three major state power companies -- distributor Companhia Paulista De Forca e Luz, or CPFL; generator Companhia Energetica De Sao Paulo, or Cesp; and distributor Electropaulo.</p>
<p>&quot;We expect sales to start this November or December,&quot; Zylbersztajn told potential investors at a conference.</p>
<p>&quot;There will be a final decision by the governor on the form of payment and how they can be sold.&quot;</p>
<p>He said CPFL would be the first company sold, likely followed by CESP's distribution arm. He added that the timetable remained flexible.</p>
<p>&quot;These companies all go together, it depends on the consultants and the state of the market. But now, it's CPFL first,&quot; he told Reuters.</p>
<p>The sale of the companies will be among the biggest in Latin American history. Some examples of their size:</p>
<p>* The three companies have a net worth of $18 billion;.</p>
<p>*They have 15 percent of all installed capacity in Latin America, or 11.8 gigawatts;</p>
<p>*Their annual billings equal those of Consolidated Edison Co of New York.</p>
<p>Executives for the companies say they have been cutting costs and slashing bloated payrolls to prepare for the sales.</p>
<p>For example, CESP cut its staff to 10,900 as of last month from 19,700 in December 1994. Electropaulo cut the number of unmetered connections to zero at the end of 1996 from 64,000 in December 1995.</p>
<p>Sao Paulo officials said energy use was forecast to grow an average of 4.3 percent a year from 1997 to 2006, against an annual increase in gross domestic product of four percent through 2001, and five percent form 2001 to 2006. They also forecast a 10 percent to 12 percent increase in electrical rates, most of which will take place after the sales go through.</p>
<p>Under the laws governing privatization, the state government will keep 51 percent of the voting shares in transmission. The number of companies that can be created by the possible breakup of CPFL, CESP and Electropaulo is limited to 20.</p>
<p>Penn Cox, South America projects director for Duke Power Co, said the potential growth of energy needs made the Sau Paulo companies attractive.</p>
<p>&quot;They are both attractive and daunting at the same time because of their size,&quot; he said. &quot;They are kind of on the scale of the Australian companies that were privatized.&quot;</p>
</text>
<copyright>(c) Reuters Limited 1997</copyright>
<metadata>
<codes class="bip:countries:1.0">
  <code code="BRAZ">
    <editdetail attribution="Reuters BIP Coding Group" action="confirmed" date="1997-03-10"/>
  </code>
  <code code="USA">
    <editdetail attribution="Reuters BIP Coding Group" action="confirmed" date="1997-03-10"/>
  </code>
</codes>
<codes class="bip:industries:1.0">
  <code code="I16100">
    <editdetail attribution="Reuters BIP Coding Group" action="confirmed" date="1997-03-10"/>
  </code>
</codes>
<codes class="bip:topics:1.0">
  <code code="C18">
    <editdetail attribution="Reuters BIP Coding Group" action="confirmed" date="1997-03-10"/>
  </code>
  <code code="C183">
    <editdetail attribution="Reuters BIP Coding Group" action="confirmed" date="1997-03-10"/>
  </code>
  <code code="CCAT">
    <editdetail attribution="Reuters BIP Coding Group" action="confirmed" date="1997-03-10"/>
  </code>
</codes>
<dc element="dc.date.created" value="1997-03-10"/>
<dc element="dc.publisher" value="Reuters Holdings Plc"/>
<dc element="dc.date.published" value="1997-03-10"/>
<dc element="dc.source" value="Reuters"/>
<dc element="dc.creator.location" value="NEW YORK"/>
<dc element="dc.creator.location.country.name" value="USA"/>
<dc element="dc.source" value="Reuters"/>
</metadata>
</newsitem>
