<?xml version="1.0" encoding="iso-8859-1" ?>
<newsitem itemid="429497" id="root" date="1997-03-10" xml:lang="en">
<title>USA: Ariz Glen Canyon hydropower dam flows cut slightly.</title>
<headline>Ariz Glen Canyon hydropower dam flows cut slightly.</headline>
<dateline>LOS ANGELES 1997-03-10</dateline>
<text>
<p>Flows through the Glen Canyon dam in Arizona will be reduced from Tuesday in line with a lower estimate for spring runoff on the Colorado River, a spokesman for the U.S. Bureau of Reclamation (BuRec) said Monday.</p>
<p>The hydroelectric project has been running at much higher than normal rates since mid-January to make space in the dam's reservoir for water from the spring runoff.</p>
<p>Glen Canyon has a power generating capacity of 1,356 megawatts.</p>
<p>The early March estimate for snowpack along the Colorado River basin was reduced to 162 percent of normal, compared with an early-February forecast of 171 percent of normal, the BuRec spokesman said.</p>
<p>The dam is now running at a rate of 27,000 cubic feet per second (cfs), but that will drop to 24,000 cfs on Tuesday and to 21,000 cfs on May 1.</p>
<p>&quot;We are still way above normal operating rates and will remain there until the end of April,&quot; the spokesman noted.</p>
<p>&quot;By the end of July, the reservoir will be close to full and the runoff will be over,&quot; he added.</p>
<p>--D Beasley, Los Angeles bureau + 1 213 955 6761</p>
</text>
<copyright>(c) Reuters Limited 1997</copyright>
<metadata>
<codes class="bip:countries:1.0">
  <code code="USA">
    <editdetail attribution="Reuters BIP Coding Group" action="confirmed" date="1997-03-10"/>
  </code>
</codes>
<codes class="bip:industries:1.0">
  <code code="I1610107">
    <editdetail attribution="Reuters BIP Coding Group" action="confirmed" date="1997-03-10"/>
  </code>
</codes>
<codes class="bip:topics:1.0">
  <code code="C24">
    <editdetail attribution="Reuters BIP Coding Group" action="confirmed" date="1997-03-10"/>
  </code>
  <code code="CCAT">
    <editdetail attribution="Reuters BIP Coding Group" action="confirmed" date="1997-03-10"/>
  </code>
</codes>
<dc element="dc.date.created" value="1997-03-10"/>
<dc element="dc.publisher" value="Reuters Holdings Plc"/>
<dc element="dc.date.published" value="1997-03-10"/>
<dc element="dc.source" value="Reuters"/>
<dc element="dc.creator.location" value="LOS ANGELES"/>
<dc element="dc.creator.location.country.name" value="USA"/>
<dc element="dc.source" value="Reuters"/>
</metadata>
</newsitem>
