<?xml version="1.0" encoding="iso-8859-1" ?>
<newsitem itemid="429487" id="root" date="1997-03-10" xml:lang="en">
<title>USA: Medtronic releases heart valve in Europe.</title>
<headline>Medtronic releases heart valve in Europe.</headline>
<dateline>MINNEAPOLIS 1997-03-10</dateline>
<text>
<p>Medtronic Inc said Monday its Mosaic bioprosthetic heart valve is now commercially available in Europe.</p>
<p>Replacement heart valves help restore the heart's pumping capacity for persons whose natural valves are damaged or hurt by disease. Bioprosthetic valves are used for patients for whom long-term anticoagulation medication is undesirable, Medtronic said. New technologies used in the Mosaic valve potentially improve durability, the company said.</p>
<p>Medtronic said the valve combines new technology with the proven features of earlier Medtronic tissue valves.</p>
<p>Medtronic is a medical technology company specializing in implantable and invasive therapies.</p>
<p>((--Chicago newsdesk, 312-408-8787))</p>
</text>
<copyright>(c) Reuters Limited 1997</copyright>
<metadata>
<codes class="bip:countries:1.0">
  <code code="USA">
    <editdetail attribution="Reuters BIP Coding Group" action="confirmed" date="1997-03-10"/>
  </code>
</codes>
<codes class="bip:industries:1.0">
  <code code="I37200">
    <editdetail attribution="Reuters BIP Coding Group" action="confirmed" date="1997-03-10"/>
  </code>
</codes>
<codes class="bip:topics:1.0">
  <code code="C22">
    <editdetail attribution="Reuters BIP Coding Group" action="confirmed" date="1997-03-10"/>
  </code>
  <code code="CCAT">
    <editdetail attribution="Reuters BIP Coding Group" action="confirmed" date="1997-03-10"/>
  </code>
  <code code="GCAT">
    <editdetail attribution="Reuters BIP Coding Group" action="confirmed" date="1997-03-10"/>
  </code>
  <code code="GHEA">
    <editdetail attribution="Reuters BIP Coding Group" action="confirmed" date="1997-03-10"/>
  </code>
</codes>
<dc element="dc.date.created" value="1997-03-10"/>
<dc element="dc.publisher" value="Reuters Holdings Plc"/>
<dc element="dc.date.published" value="1997-03-10"/>
<dc element="dc.source" value="Reuters"/>
<dc element="dc.creator.location" value="MINNEAPOLIS"/>
<dc element="dc.creator.location.country.name" value="USA"/>
<dc element="dc.source" value="Reuters"/>
</metadata>
</newsitem>
