<?xml version="1.0" encoding="iso-8859-1" ?>
<newsitem itemid="429492" id="root" date="1997-03-10" xml:lang="en">
<title>USA: Sulzer Medica says FDA okays Res-Q Micron.</title>
<headline>Sulzer Medica says FDA okays Res-Q Micron.</headline>
<dateline>ANGLETON, Texas 1997-03-10</dateline>
<text>
<p>Sulzer Medica, an operating group of Sulzer AG, said on Monday that it received approval from the U.S. Food and Drug Administration to market a new implantable cardioverter-defibrillator.</p>
<p>The company's cardiac arrhythmia management business, Sulzer Intermedica, designed the Res-Q Micron implantable cardioverter-defibrillator arrhythmia management device to prevent sudden cardiac death.  </p>
<p>Sulzer Medica, one of five operating groups of the Swiss-based Sulzer LTD, is a partnership of companies focused on the development of implantable medical devices and biomaterials for the cardiovascular and orthopedic markets.</p>
<p>((-- New York Newsdesk 212 859-1610))</p>
</text>
<copyright>(c) Reuters Limited 1997</copyright>
<metadata>
<codes class="bip:countries:1.0">
  <code code="USA">
    <editdetail attribution="Reuters BIP Coding Group" action="confirmed" date="1997-03-10"/>
  </code>
</codes>
<codes class="bip:industries:1.0">
  <code code="I32200">
    <editdetail attribution="Reuters BIP Coding Group" action="confirmed" date="1997-03-10"/>
  </code>
</codes>
<codes class="bip:topics:1.0">
  <code code="C13">
    <editdetail attribution="Reuters BIP Coding Group" action="confirmed" date="1997-03-10"/>
  </code>
  <code code="C21">
    <editdetail attribution="Reuters BIP Coding Group" action="confirmed" date="1997-03-10"/>
  </code>
  <code code="CCAT">
    <editdetail attribution="Reuters BIP Coding Group" action="confirmed" date="1997-03-10"/>
  </code>
  <code code="GCAT">
    <editdetail attribution="Reuters BIP Coding Group" action="confirmed" date="1997-03-10"/>
  </code>
  <code code="GHEA">
    <editdetail attribution="Reuters BIP Coding Group" action="confirmed" date="1997-03-10"/>
  </code>
</codes>
<dc element="dc.date.created" value="1997-03-10"/>
<dc element="dc.publisher" value="Reuters Holdings Plc"/>
<dc element="dc.date.published" value="1997-03-10"/>
<dc element="dc.source" value="Reuters"/>
<dc element="dc.creator.location" value="ANGLETON, Texas"/>
<dc element="dc.creator.location.country.name" value="USA"/>
<dc element="dc.source" value="Reuters"/>
</metadata>
</newsitem>
