<?xml version="1.0" encoding="iso-8859-1" ?>
<newsitem itemid="429422" id="root" date="1997-03-10" xml:lang="en">
<title>CANADA: Rogers Cantel to buy back 5.3 pct B shares.</title>
<headline>Rogers Cantel to buy back 5.3 pct B shares.</headline>
<dateline>TORONTO 1997-03-10</dateline>
<text>
<p>Rogers Cantel Mobile Communications Inc said it intends to initiate a normal course issuer bid for about 5.3 percent of its class B subordinate voting shares through the Toronto Stock Exchange.</p>
<p>Cantel said purchases made through the bid will not exceed one million class B shares or one percent of the total number of outstanding class A multiple voting shares and class B shares over a 12 month period commencing upon regulatory approval.</p>
<p>The company said approval is expected no later than the end of March 1997. ((Reuters Toronto Bureau 416 941-8100))</p>
</text>
<copyright>(c) Reuters Limited 1997</copyright>
<metadata>
<codes class="bip:countries:1.0">
  <code code="CANA">
    <editdetail attribution="Reuters BIP Coding Group" action="confirmed" date="1997-03-10"/>
  </code>
</codes>
<codes class="bip:industries:1.0">
  <code code="I79020">
    <editdetail attribution="Reuters BIP Coding Group" action="confirmed" date="1997-03-10"/>
  </code>
</codes>
<codes class="bip:topics:1.0">
  <code code="C17">
    <editdetail attribution="Reuters BIP Coding Group" action="confirmed" date="1997-03-10"/>
  </code>
  <code code="C171">
    <editdetail attribution="Reuters BIP Coding Group" action="confirmed" date="1997-03-10"/>
  </code>
  <code code="C18">
    <editdetail attribution="Reuters BIP Coding Group" action="confirmed" date="1997-03-10"/>
  </code>
  <code code="C181">
    <editdetail attribution="Reuters BIP Coding Group" action="confirmed" date="1997-03-10"/>
  </code>
  <code code="CCAT">
    <editdetail attribution="Reuters BIP Coding Group" action="confirmed" date="1997-03-10"/>
  </code>
</codes>
<dc element="dc.date.created" value="1997-03-10"/>
<dc element="dc.publisher" value="Reuters Holdings Plc"/>
<dc element="dc.date.published" value="1997-03-10"/>
<dc element="dc.source" value="Reuters"/>
<dc element="dc.creator.location" value="TORONTO"/>
<dc element="dc.creator.location.country.name" value="CANADA"/>
<dc element="dc.source" value="Reuters"/>
</metadata>
</newsitem>
