<?xml version="1.0" encoding="iso-8859-1" ?>
<newsitem itemid="429471" id="root" date="1997-03-10" xml:lang="en">
<title>USA: Lucent declines comment on Kazakhstan suit.</title>
<headline>Lucent declines comment on Kazakhstan suit.</headline>
<dateline>NEW YORK 1997-03-10</dateline>
<text>
<p>Lucent Technologies Inc declined to comment immediately on a lawsuit filed by a joint venture partner in a scuttled project in Kazakhstan.</p>
<p>&quot;We have just been served,&quot; a Lucent spokesman said. &quot;We are still reviewing (the complaint) so we can't comment on it.&quot;</p>
<p>AT&amp;T, which was also named with Lucent as a defendant in the complaint as the former parent of Lucent, referred calls to Lucent, which inherited the network operations unit that is the subject of the lawsuit.</p>
<p>Telecom 21 LLC and Telecom 21 Ventures LLC said Monday they filed suit against AT&amp;T and Lucent in a Dallas state court, alleging fraud and breach of fiduciary duties over a scuttled project in Kazakhstan.</p>
<p>The project involved converting a former Soviet nuclear missile site in Kazakhstan into a civilian telecommunications teleport.</p>
<p>The plaintiffs said AT&amp;T had made financial projections for a 10-year period placing the value of the project at &quot;well over $6 billion&quot; at the end of the period.</p>
<p>(( -- E. Auchard, New York newsdesk, 212-859-1736 ))</p>
</text>
<copyright>(c) Reuters Limited 1997</copyright>
<metadata>
<codes class="bip:countries:1.0">
  <code code="KAZK">
    <editdetail attribution="Reuters BIP Coding Group" action="confirmed" date="1997-03-10"/>
  </code>
  <code code="USA">
    <editdetail attribution="Reuters BIP Coding Group" action="confirmed" date="1997-03-10"/>
  </code>
</codes>
<codes class="bip:industries:1.0">
  <code code="I34400">
    <editdetail attribution="Reuters BIP Coding Group" action="confirmed" date="1997-03-10"/>
  </code>
  <code code="I79020">
    <editdetail attribution="Reuters BIP Coding Group" action="confirmed" date="1997-03-10"/>
  </code>
</codes>
<codes class="bip:topics:1.0">
  <code code="C11">
    <editdetail attribution="Reuters BIP Coding Group" action="confirmed" date="1997-03-10"/>
  </code>
  <code code="C12">
    <editdetail attribution="Reuters BIP Coding Group" action="confirmed" date="1997-03-10"/>
  </code>
  <code code="CCAT">
    <editdetail attribution="Reuters BIP Coding Group" action="confirmed" date="1997-03-10"/>
  </code>
  <code code="GCAT">
    <editdetail attribution="Reuters BIP Coding Group" action="confirmed" date="1997-03-10"/>
  </code>
  <code code="GCRIM">
    <editdetail attribution="Reuters BIP Coding Group" action="confirmed" date="1997-03-10"/>
  </code>
</codes>
<dc element="dc.date.created" value="1997-03-10"/>
<dc element="dc.publisher" value="Reuters Holdings Plc"/>
<dc element="dc.date.published" value="1997-03-10"/>
<dc element="dc.source" value="Reuters"/>
<dc element="dc.creator.location" value="NEW YORK"/>
<dc element="dc.creator.location.country.name" value="USA"/>
<dc element="dc.source" value="Reuters"/>
</metadata>
</newsitem>
