<?xml version="1.0" encoding="iso-8859-1" ?>
<newsitem itemid="429516" id="root" date="1997-03-10" xml:lang="en">
<title>USA: National Insurance names Saunders as CFO.</title>
<headline>National Insurance names Saunders as CFO.</headline>
<dateline>SOUTH SAN FRANCISCO, Calif. 1997-03-10</dateline>
<text>
<p>National Insurance Group on Monday said Gregory Saunders has joined the company as executive vice president, treasurer and chief financial officer.</p>
<p>Former National Insurance chief financial officer, Casey Eichler, assumed the chief financial officer post at Visigenic Software Inc this past summer.</p>
<p>&quot;Greg's drive, enthusiasm and experience make him a valuable addition to the Company's management team.&quot; Mark Speizer, chief executive officer, said in a statement.  </p>
<p>Prior to joining National Insurance Group, Saunders was chief financial officer at Transcisco Industries Inc, an international industrial services company that merged into Trinity Industries Inc in September 1996.</p>
</text>
<copyright>(c) Reuters Limited 1997</copyright>
<metadata>
<codes class="bip:countries:1.0">
  <code code="USA">
    <editdetail attribution="Reuters BIP Coding Group" action="confirmed" date="1997-03-10"/>
  </code>
</codes>
<codes class="bip:industries:1.0">
  <code code="I33020">
    <editdetail attribution="Reuters BIP Coding Group" action="confirmed" date="1997-03-10"/>
  </code>
  <code code="I3302021">
    <editdetail attribution="Reuters BIP Coding Group" action="confirmed" date="1997-03-10"/>
  </code>
  <code code="I36200">
    <editdetail attribution="Reuters BIP Coding Group" action="confirmed" date="1997-03-10"/>
  </code>
  <code code="I77003">
    <editdetail attribution="Reuters BIP Coding Group" action="confirmed" date="1997-03-10"/>
  </code>
  <code code="I82001">
    <editdetail attribution="Reuters BIP Coding Group" action="confirmed" date="1997-03-10"/>
  </code>
</codes>
<codes class="bip:topics:1.0">
  <code code="C41">
    <editdetail attribution="Reuters BIP Coding Group" action="confirmed" date="1997-03-10"/>
  </code>
  <code code="C411">
    <editdetail attribution="Reuters BIP Coding Group" action="confirmed" date="1997-03-10"/>
  </code>
  <code code="CCAT">
    <editdetail attribution="Reuters BIP Coding Group" action="confirmed" date="1997-03-10"/>
  </code>
</codes>
<dc element="dc.date.created" value="1997-03-10"/>
<dc element="dc.publisher" value="Reuters Holdings Plc"/>
<dc element="dc.date.published" value="1997-03-10"/>
<dc element="dc.source" value="Reuters"/>
<dc element="dc.creator.location" value="SOUTH SAN FRANCISCO, Calif."/>
<dc element="dc.creator.location.country.name" value="USA"/>
<dc element="dc.source" value="Reuters"/>
</metadata>
</newsitem>
