<?xml version="1.0" encoding="iso-8859-1" ?>
<newsitem itemid="429526" id="root" date="1997-03-10" xml:lang="en">
<title>USA: India sovereign rating outlook unfavorable - Moody's.</title>
<headline>India sovereign rating outlook unfavorable - Moody's.</headline>
<byline>Al Yoon</byline>
<dateline>NEW YORK 1997-03-10</dateline>
<text>
<p>India's unstable political environment, directionless economic policies, and a deterioration in its macroeconomic balances have led Moody's Investors Service Inc to take an unfavorable outlook on the nation's Baa3 sovereign rating, the agency said.</p>
<p>Moody's, which upgraded India's rating from Ba2 to Baa3 in December, 1994, recently assessed potential pressure on the rating over an 18- to 24-month horizon.  </p>
<p>Its report said India's growth is hindered by inadequate infrastructure, while domestic savings is incapable of providing sufficient capital for needed development. At the same time, the current governmental policy does not foster a favorable environment for external financing, said Moody's sovereign ratings analyst Kristin Lindow.</p>
<p>A sluggish pace of industrial production and a &quot;disturbing&quot; drop in export growth were responsible for slowing economic growth, Moody's said, portending a worsened financial condition.  </p>
<p>&quot;The slowdown, coupled with virtually no sale of state assets, suggests that the budget deficit will be above target,&quot; Moody's said, adding that a higher oil bill could mean that trade and current accounts may not improve as growth decelerates.</p>
<p>India has also been beset with an increasingly large current account deficit and the loss of reserves over the past two years, Lindow said.</p>
<p>&quot;Reserve coverage has dropped from over six months to under four months of imports,&quot; she said. &quot;That's a concern because in a big country like (India) which has had balance of payments pressures arise before, we know that imports tend to be underestimated concurrently and that means they may be in even a more fragile situation.&quot;</p>
<p>Further, the rating agency said India's political framework is &quot;unwieldy&quot; due to the multi-party coalition government that is supported by a Congress party weakened by corruption scandals and a leadership vacuum.</p>
<p>Inflation in India is low, but is on an upward track, Moody's said.</p>
<p>((-- U.S. Corporate Bond Unit, 212-859-1672 ))</p>
</text>
<copyright>(c) Reuters Limited 1997</copyright>
<metadata>
<codes class="bip:countries:1.0">
  <code code="INDIA">
    <editdetail attribution="Reuters BIP Coding Group" action="confirmed" date="1997-03-10"/>
  </code>
  <code code="USA">
    <editdetail attribution="Reuters BIP Coding Group" action="confirmed" date="1997-03-10"/>
  </code>
</codes>
<codes class="bip:topics:1.0">
  <code code="C17">
    <editdetail attribution="Reuters BIP Coding Group" action="confirmed" date="1997-03-10"/>
  </code>
  <code code="C174">
    <editdetail attribution="Reuters BIP Coding Group" action="confirmed" date="1997-03-10"/>
  </code>
  <code code="CCAT">
    <editdetail attribution="Reuters BIP Coding Group" action="confirmed" date="1997-03-10"/>
  </code>
  <code code="E21">
    <editdetail attribution="Reuters BIP Coding Group" action="confirmed" date="1997-03-10"/>
  </code>
  <code code="E212">
    <editdetail attribution="Reuters BIP Coding Group" action="confirmed" date="1997-03-10"/>
  </code>
  <code code="ECAT">
    <editdetail attribution="Reuters BIP Coding Group" action="confirmed" date="1997-03-10"/>
  </code>
</codes>
<dc element="dc.date.created" value="1997-03-10"/>
<dc element="dc.publisher" value="Reuters Holdings Plc"/>
<dc element="dc.date.published" value="1997-03-10"/>
<dc element="dc.source" value="Reuters"/>
<dc element="dc.creator.location" value="NEW YORK"/>
<dc element="dc.creator.location.country.name" value="USA"/>
<dc element="dc.source" value="Reuters"/>
</metadata>
</newsitem>
