<?xml version="1.0" encoding="iso-8859-1" ?>
<newsitem itemid="429521" id="root" date="1997-03-10" xml:lang="en">
<title>USA: Libbey to buy Vitro tableware stake.</title>
<headline>Libbey to buy Vitro tableware stake.</headline>
<dateline>TOLEDO, Ohio 1997-03-10</dateline>
<text>
<p>Libbey Inc said Monday it agreed in principal with Vitro SA, the largest glass manufacturer in Mexico, to become a joint venture partner in Vitro's glass tableware business and acquire Vitro's WorldCrisa subsidiary.</p>
<p>In return for about $100 million in cash, Libbey said, it becomes a 49 percent equity holder in Vitrocrisa, the largest manufacturer of glass tableware in Mexico and currently a wholly owned subsidiary of Vitro; and purchases the business known as WorldCrisa, a supplier of flatware, dinnerware and other tabletop products to the U.S. foodservice industry.  </p>
<p>Libbey said the agreement would also establish reciprocal distribution agreements, whereby Libbey becomes the distributor of Vitrocrisa tableware products in the United States and Canada, and Vitrocrisa becomes the distributor of Libbey products in Mexico, Central and South America.</p>
<p>The areement is subject to the signing of definitive agreements, board approvals and regulatory clearance.</p>
<p>It is expected that the transactions will close in the second quarter of this year, Libbey said.  </p>
<p>The joint venture and distribution agreements align the capabilities of these two glass tableware manufacturers, and is intended to take advantage of each company's specific manufacturing and distribution capabilities to benefit customers and thereby expand Libbey's and Vitrocrisa's sales opportunities domestically and internationally.</p>
<p>Specifically, both companies intend to work together in pursuing glass tableware expansion opportunities internationally, Libbey said in a statement.  </p>
<p>In addition, the acquisition of WorldCrisa expands Libbey's offering of tabletop products to the food service industry to include stainless steel flatware and serving dishes and a wide selection of imported dinnerware.</p>
<p>((-- New York Newsdesk 212 859-1610))</p>
</text>
<copyright>(c) Reuters Limited 1997</copyright>
<metadata>
<codes class="bip:countries:1.0">
  <code code="MEX">
    <editdetail attribution="Reuters BIP Coding Group" action="confirmed" date="1997-03-10"/>
  </code>
  <code code="USA">
    <editdetail attribution="Reuters BIP Coding Group" action="confirmed" date="1997-03-10"/>
  </code>
</codes>
<codes class="bip:industries:1.0">
  <code code="I24700">
    <editdetail attribution="Reuters BIP Coding Group" action="confirmed" date="1997-03-10"/>
  </code>
</codes>
<codes class="bip:topics:1.0">
  <code code="C11">
    <editdetail attribution="Reuters BIP Coding Group" action="confirmed" date="1997-03-10"/>
  </code>
  <code code="C18">
    <editdetail attribution="Reuters BIP Coding Group" action="confirmed" date="1997-03-10"/>
  </code>
  <code code="C181">
    <editdetail attribution="Reuters BIP Coding Group" action="confirmed" date="1997-03-10"/>
  </code>
  <code code="CCAT">
    <editdetail attribution="Reuters BIP Coding Group" action="confirmed" date="1997-03-10"/>
  </code>
</codes>
<dc element="dc.date.created" value="1997-03-10"/>
<dc element="dc.publisher" value="Reuters Holdings Plc"/>
<dc element="dc.date.published" value="1997-03-10"/>
<dc element="dc.source" value="Reuters"/>
<dc element="dc.creator.location" value="TOLEDO, Ohio"/>
<dc element="dc.creator.location.country.name" value="USA"/>
<dc element="dc.source" value="Reuters"/>
</metadata>
</newsitem>
