<?xml version="1.0" encoding="iso-8859-1" ?>
<newsitem itemid="429566" id="root" date="1997-03-10" xml:lang="en">
<title>USA: NYCE cotton ends up, specs buy ahead of USDA data.</title>
<headline>NYCE cotton ends up, specs buy ahead of USDA data.</headline>
<dateline>NEW YORK 1997-03-10</dateline>
<text>
<p>NYCE cotton futures settled firmer after a rally in soybeans at the Chicago Board of Trade sparked buying of old-crop cotton futures, market sources said.</p>
<p>&quot;This appears to be speculative buying due to a CBOT rally,&quot; Sharon Johnson, an analyst with Frank Schneider and Co Inc, said.</p>
<p>CBOT soybean futures rose the daily 30-cent-per bushel limit and soymeal futures climbed the $10-per-ton limit in afternoon trade.</p>
<p>&quot;There is no fundamental reason to warrant this rally,&quot; Johnson added.</p>
<p>Indeed, industry sources expect few changes in Tuesday's supply and demand report. The U.S. Department of Agriculture will issue its montly data at 0830 EST.</p>
<p>Analysts said the U.S. production estimate would remain unchanged at 18.95 million 480-lb bales, while the USDA could raise its export target from 6.5 million bales to as many as 6.8 million bales.</p>
<p>But high prices could stymie cotton sales and prevent the U.S. from reaching even its current target, analysts warned.</p>
<p>May cotton gained 1.03 cents on the day to close at 77.95 cents a lb, having ranged from 78.25 to 76.55 cents. The back months finished 0.93 to 0.05 cent higher.</p>
<p>Firm resistance was seen at the contract high of 85.40 cents in May.</p>
<p>Estimated volume reached 25,000 lots compared to Friday's official 30,225 lots.</p>
<p>Following Tuesday's data, players will look towards the USDA's first official estimate of planted area for the 1997/98 crop, to guide activity. The report will be issued March 31.</p>
<p>((Suzanne Rostler, New York Commodity Desk, 212-859-1640))</p>
</text>
<copyright>(c) Reuters Limited 1997</copyright>
<metadata>
<codes class="bip:countries:1.0">
  <code code="USA">
    <editdetail attribution="Reuters BIP Coding Group" action="confirmed" date="1997-03-10"/>
  </code>
</codes>
<codes class="bip:topics:1.0">
  <code code="M14">
    <editdetail attribution="Reuters BIP Coding Group" action="confirmed" date="1997-03-10"/>
  </code>
  <code code="M141">
    <editdetail attribution="Reuters BIP Coding Group" action="confirmed" date="1997-03-10"/>
  </code>
  <code code="MCAT">
    <editdetail attribution="Reuters BIP Coding Group" action="confirmed" date="1997-03-10"/>
  </code>
</codes>
<dc element="dc.date.created" value="1997-03-10"/>
<dc element="dc.publisher" value="Reuters Holdings Plc"/>
<dc element="dc.date.published" value="1997-03-10"/>
<dc element="dc.source" value="Reuters"/>
<dc element="dc.creator.location" value="NEW YORK"/>
<dc element="dc.creator.location.country.name" value="USA"/>
<dc element="dc.source" value="Reuters"/>
</metadata>
</newsitem>
