<?xml version="1.0" encoding="iso-8859-1" ?>
<newsitem itemid="429560" id="root" date="1997-03-10" xml:lang="en">
<title>USA: Charter Power Systems Q4 shr rises.</title>
<headline>Charter Power Systems Q4 shr rises.</headline>
<dateline>BLUE BELL, Pa. 1997-03-10</dateline>
<text>
<p>CHARTER POWER SYSTEMS, INC. AND SUBSIDIARIES</p>
<p>		    (In thousands, except per share data)</p>
<p>							Three months ended</p>
<p>							   January 31,</p>
<p>						     1997	     1996</p>
<p> Net sales				     $76,154	  $58,808</p>
<p> Operating income				7,319	    4,884</p>
<p> Income before income taxes		  6,985	    4,483</p>
<p> Net income					4,511	    3,043</p>
<p>Earnings per common and common</p>
<p>  equivalent share				 .72		.47</p>
<p>Weighted average common and common</p>
<p>  equivalent shares			    6,291	    6,535</p>
<p>						    Year ended January 31,</p>
<p>						     1997	     1996</p>
<p> Net sales				    $286,907	 $242,422</p>
<p> Operating income			     24,446	   22,637</p>
<p> Income before income taxes		 23,058	   21,151</p>
<p> Net income				     14,937	   14,044</p>
<p>Earnings per common and common</p>
<p>  equivalent share				2.32	     2.18</p>
<p>Weighted average common and common</p>
<p>  equivalent shares			    6,451	    6,455</p>
<p>Full company name is Charter Power Systems Inc.</p>
<p>((--New York Newsdesk 212 859-1610))</p>
</text>
<copyright>(c) Reuters Limited 1997</copyright>
<metadata>
<codes class="bip:countries:1.0">
  <code code="USA">
    <editdetail attribution="Reuters BIP Coding Group" action="confirmed" date="1997-03-10"/>
  </code>
</codes>
<codes class="bip:industries:1.0">
  <code code="I34320">
    <editdetail attribution="Reuters BIP Coding Group" action="confirmed" date="1997-03-10"/>
  </code>
</codes>
<codes class="bip:topics:1.0">
  <code code="C15">
    <editdetail attribution="Reuters BIP Coding Group" action="confirmed" date="1997-03-10"/>
  </code>
  <code code="C151">
    <editdetail attribution="Reuters BIP Coding Group" action="confirmed" date="1997-03-10"/>
  </code>
  <code code="C1511">
    <editdetail attribution="Reuters BIP Coding Group" action="confirmed" date="1997-03-10"/>
  </code>
  <code code="CCAT">
    <editdetail attribution="Reuters BIP Coding Group" action="confirmed" date="1997-03-10"/>
  </code>
</codes>
<dc element="dc.date.created" value="1997-03-10"/>
<dc element="dc.publisher" value="Reuters Holdings Plc"/>
<dc element="dc.date.published" value="1997-03-10"/>
<dc element="dc.source" value="Reuters"/>
<dc element="dc.creator.location" value="BLUE BELL, Pa."/>
<dc element="dc.creator.location.country.name" value="USA"/>
<dc element="dc.source" value="Reuters"/>
</metadata>
</newsitem>
