<?xml version="1.0" encoding="iso-8859-1" ?>
<newsitem itemid="429528" id="root" date="1997-03-10" xml:lang="en">
<title>USA: NYSE members posted Q4 $1.7 bln after-tax profit.</title>
<headline>NYSE members posted Q4 $1.7 bln after-tax profit.</headline>
<dateline>NEW YORK 1997-03-10</dateline>
<text>
<p>Member brokerages of the New York Stock Exchange that do business with the public posted an after-tax profit of $1.7 billion for the fourth quarter of 1996, up 6.2 percent from $1.6 billion in the quarter a year ago.</p>
<p>The profits came from record revenues of $31.4 billion for the latest quarter, up 13.8 percent, or $3.8 billion from $27.6 billion reported for the similar quarter in 1995, the Big Board said.  </p>
<p>For the full year 1966 the firms racked up record after-tax profit of $7.3 billion, up 52.1 percent, or $2.5 billion, from the $4.8 billion reported for 1995, it said.</p>
<p>Revenues for 1996 were also a record: $120.3 billion, up 25 percent, or $24 billion, from the $96.3 billion posted the year before, it added.</p>
<p>NYSE said there were 309 member firms included in its report and the revenues tallied came from all sources including trading, interest and commission income.</p>
<p>The 309 firms make up about two-thirds of the NYSE's membership of about 500.  </p>
<p>It said that, since the NYSE member brokerages are made up of corporations and partnerships, after-tax earnings were presented on a pro-forma basis assuming a regular corporate tax rate or credit of 35 percent.</p>
<p>Of the 309, NYSE said 224 firms were profitable during the latest quarter, up from 218 a year ago. For 1996, 318 firms reported, with 264 firms profitable, up from 258 in 1995, it said.</p>
</text>
<copyright>(c) Reuters Limited 1997</copyright>
<metadata>
<codes class="bip:countries:1.0">
  <code code="USA">
    <editdetail attribution="Reuters BIP Coding Group" action="confirmed" date="1997-03-10"/>
  </code>
</codes>
<codes class="bip:industries:1.0">
  <code code="I83100">
    <editdetail attribution="Reuters BIP Coding Group" action="confirmed" date="1997-03-10"/>
  </code>
</codes>
<codes class="bip:topics:1.0">
  <code code="C15">
    <editdetail attribution="Reuters BIP Coding Group" action="confirmed" date="1997-03-10"/>
  </code>
  <code code="C151">
    <editdetail attribution="Reuters BIP Coding Group" action="confirmed" date="1997-03-10"/>
  </code>
  <code code="C1511">
    <editdetail attribution="Reuters BIP Coding Group" action="confirmed" date="1997-03-10"/>
  </code>
  <code code="CCAT">
    <editdetail attribution="Reuters BIP Coding Group" action="confirmed" date="1997-03-10"/>
  </code>
</codes>
<dc element="dc.date.created" value="1997-03-10"/>
<dc element="dc.publisher" value="Reuters Holdings Plc"/>
<dc element="dc.date.published" value="1997-03-10"/>
<dc element="dc.source" value="Reuters"/>
<dc element="dc.creator.location" value="NEW YORK"/>
<dc element="dc.creator.location.country.name" value="USA"/>
<dc element="dc.source" value="Reuters"/>
</metadata>
</newsitem>
