<?xml version="1.0" encoding="iso-8859-1" ?>
<newsitem itemid="429546" id="root" date="1997-03-10" xml:lang="en">
<title>USA: Progressive ends talks on Danielson stake.</title>
<headline>Progressive ends talks on Danielson stake.</headline>
<dateline>NEW YORK 1997-03-10</dateline>
<text>
<p>Progressive Corp ended negotiations over acquiring shares of Danielson Holding Corp, the companies said on Monday.</p>
<p>Under a proposed transaction, the property and casualty insurance company would have acquired about 11 million newly issued shares of Danielson common stock for a consideration having a value of $6.60 per share. The stake would have represented about 42 percent of Danielson's common stock.</p>
<p>Danielson said it would reopen discussions with other parties. Such discussions had been suspended pending the outcome of the negotiations with Progressive. It also said it would explore other opportunities.</p>
<p>Danielson, a financial service company involved in insurance and investment management, said it could offer &quot;no assurance that any such discussions or exploration will lead to an agreement regarding a transaction or that any agreement reached will ultimately be consummated.&quot;</p>
</text>
<copyright>(c) Reuters Limited 1997</copyright>
<metadata>
<codes class="bip:countries:1.0">
  <code code="USA">
    <editdetail attribution="Reuters BIP Coding Group" action="confirmed" date="1997-03-10"/>
  </code>
</codes>
<codes class="bip:industries:1.0">
  <code code="I82003">
    <editdetail attribution="Reuters BIP Coding Group" action="confirmed" date="1997-03-10"/>
  </code>
  <code code="I8200316">
    <editdetail attribution="Reuters BIP Coding Group" action="confirmed" date="1997-03-10"/>
  </code>
  <code code="I83100">
    <editdetail attribution="Reuters BIP Coding Group" action="confirmed" date="1997-03-10"/>
  </code>
</codes>
<codes class="bip:topics:1.0">
  <code code="C18">
    <editdetail attribution="Reuters BIP Coding Group" action="confirmed" date="1997-03-10"/>
  </code>
  <code code="C181">
    <editdetail attribution="Reuters BIP Coding Group" action="confirmed" date="1997-03-10"/>
  </code>
  <code code="CCAT">
    <editdetail attribution="Reuters BIP Coding Group" action="confirmed" date="1997-03-10"/>
  </code>
</codes>
<dc element="dc.date.created" value="1997-03-10"/>
<dc element="dc.publisher" value="Reuters Holdings Plc"/>
<dc element="dc.date.published" value="1997-03-10"/>
<dc element="dc.source" value="Reuters"/>
<dc element="dc.creator.location" value="NEW YORK"/>
<dc element="dc.creator.location.country.name" value="USA"/>
<dc element="dc.source" value="Reuters"/>
</metadata>
</newsitem>
