<?xml version="1.0" encoding="iso-8859-1" ?>
<newsitem itemid="429502" id="root" date="1997-03-10" xml:lang="en">
<title>USA: Grill Concepts Q4 shr loss with writedown.</title>
<headline>Grill Concepts Q4 shr loss with writedown.</headline>
<dateline>LOS ANGELES 1997-03-10</dateline>
<text>
<p>GRILL CONCEPTS, INC. AND SUBSIDIARIES</p>
<p>			  CONSOLIDATED STATEMENT OF OPERATION</p>
<p>			  Three Months Ended	  Year Ended</p>
<p>			Dec. 29,    Dec. 31,    Dec. 29,    Dec. 31,</p>
<p>			  1996	  1995	  1996	  1995</p>
<p>Sales		$6,264,362 $5,396,278 $22,743,867 $20,253,248</p>
<p>Cost of sales     1,734,174  1,437,749   6,210,226   5,437,041</p>
<p>Gross profit	4,530,188  3,958,529  16,533,641  14,816,207</p>
<p>Costs and expenses</p>
<p>Restaurant</p>
<p>operating</p>
<p>    expenses	3,709,213  3,053,415  13,969,911  12,109,505</p>
<p>General and</p>
<p>    administration  837,677    613,234   2,172,271   1,716,514</p>
<p>Depreciation and</p>
<p>    amortization    267,227    259,157     826,761     787,715</p>
<p>Amortization of</p>
<p>pre-opening</p>
<p>    expenses	   40,306	    -	40,306	 4,043</p>
<p>  Unusual charges*2,052,141	    -   2,052,141	     -</p>
<p>Total operating</p>
<p>	 expenses   6,906,564  3,925,806  19,061,390  14,617,777</p>
<p>Income (loss) from   operations    (2,376,376)     32,723 (2,527,749)     198,430</p>
<p>Nonrecurring</p>
<p>acquisition</p>
<p>	charges		 -	    -   (230,671)	     -</p>
<p>Interest expense,   net		  (12,346)   (40,980)    (80,573)   (105,114)</p>
<p>Interest expense -</p>
<p>   related parties  (1,479)	    -     (5,915)    (22,492)</p>
<p>Income (loss) before</p>
<p>taxes on</p>
<p>  income	  (2,390,201)    (8,257) (2,844,908)	70,824</p>
<p>Provision for taxes</p>
<p>   on income	    7,000    (7,600)     (7,800)     (7,600)</p>
<p>Net income</p>
<p>  (loss)	 ($2,397,201)  ($15,857)($2,852,708)     $63,224</p>
<p>Net income (loss)</p>
<p>  per share	   ($0.17)	$0.00     ($0.21)	 $0.01</p>
<p>Average weighted</p>
<p>shares</p>
<p>  outstanding    14,270,968 12,999,230  13,705,886  12,387,081</p>
<p>NOTE*  Principally writedown of goodwill associated with merger transaction in March 1995.</p>
</text>
<copyright>(c) Reuters Limited 1997</copyright>
<metadata>
<codes class="bip:countries:1.0">
  <code code="USA">
    <editdetail attribution="Reuters BIP Coding Group" action="confirmed" date="1997-03-10"/>
  </code>
</codes>
<codes class="bip:topics:1.0">
  <code code="C15">
    <editdetail attribution="Reuters BIP Coding Group" action="confirmed" date="1997-03-10"/>
  </code>
  <code code="C151">
    <editdetail attribution="Reuters BIP Coding Group" action="confirmed" date="1997-03-10"/>
  </code>
  <code code="C1511">
    <editdetail attribution="Reuters BIP Coding Group" action="confirmed" date="1997-03-10"/>
  </code>
  <code code="CCAT">
    <editdetail attribution="Reuters BIP Coding Group" action="confirmed" date="1997-03-10"/>
  </code>
</codes>
<dc element="dc.date.created" value="1997-03-10"/>
<dc element="dc.publisher" value="Reuters Holdings Plc"/>
<dc element="dc.date.published" value="1997-03-10"/>
<dc element="dc.source" value="Reuters"/>
<dc element="dc.creator.location" value="LOS ANGELES"/>
<dc element="dc.creator.location.country.name" value="USA"/>
<dc element="dc.source" value="Reuters"/>
</metadata>
</newsitem>
