<?xml version="1.0" encoding="iso-8859-1" ?>
<newsitem itemid="429561" id="root" date="1997-03-10" xml:lang="en">
<title>USA: Clinton says he will press Congress to back Mexico.</title>
<headline>Clinton says he will press Congress to back Mexico.</headline>
<dateline>WASHINGTON 1997-03-10</dateline>
<text>
<p>President Clinton said Monday he would do his best to convince Congress to back his decision to certify Mexico as an ally in the war against drugs.  </p>
<p>&quot;We're going to make a full court press to bring the administration's position and perspective to the members of Congress ...,&quot; Clinton said at a joint White House news conference with Egyptian President Hosni Mubarak.</p>
<p>Last week the House International Relations Committee voted 27-5 to overturn Clinton's finding that Mexico was fully cooperating in the anti-drug fight. The full House is expected to take up the measure this week.</p>
<p>A similar measure has been introduced in the Senate and the Foreign Relations Committee has scheduled a hearing on the issue for Wednesday.</p>
<p>Under a 1961 law, congressional disapproval of Clinton's certification that Mexico is an anti-drug ally automatically triggers a ban on U.S. aid and requires votes against multilateral development bank assistance to Mexico.</p>
<p>Clinton defended his decision to certify Mexico as an ally and said he believed the government is cooperating and noted several actions that had been taken.</p>
<p>&quot;I'm going to do my best to persuade the Congress that we're right,&quot; Clinton said.</p>
</text>
<copyright>(c) Reuters Limited 1997</copyright>
<metadata>
<codes class="bip:countries:1.0">
  <code code="MEX">
    <editdetail attribution="Reuters BIP Coding Group" action="confirmed" date="1997-03-10"/>
  </code>
  <code code="USA">
    <editdetail attribution="Reuters BIP Coding Group" action="confirmed" date="1997-03-10"/>
  </code>
</codes>
<codes class="bip:topics:1.0">
  <code code="GCAT">
    <editdetail attribution="Reuters BIP Coding Group" action="confirmed" date="1997-03-10"/>
  </code>
  <code code="GCRIM">
    <editdetail attribution="Reuters BIP Coding Group" action="confirmed" date="1997-03-10"/>
  </code>
  <code code="GDIP">
    <editdetail attribution="Reuters BIP Coding Group" action="confirmed" date="1997-03-10"/>
  </code>
  <code code="GPOL">
    <editdetail attribution="Reuters BIP Coding Group" action="confirmed" date="1997-03-10"/>
  </code>
</codes>
<dc element="dc.date.created" value="1997-03-10"/>
<dc element="dc.publisher" value="Reuters Holdings Plc"/>
<dc element="dc.date.published" value="1997-03-10"/>
<dc element="dc.source" value="Reuters"/>
<dc element="dc.creator.location" value="WASHINGTON"/>
<dc element="dc.creator.location.country.name" value="USA"/>
<dc element="dc.source" value="Reuters"/>
</metadata>
</newsitem>
