<?xml version="1.0" encoding="iso-8859-1" ?>
<newsitem itemid="429567" id="root" date="1997-03-10" xml:lang="en">
<title>USA: Suit vs Discovery Zone is class action.</title>
<headline>Suit vs Discovery Zone is class action.</headline>
<dateline>NEW YORK 1997-03-10</dateline>
<text>
<p>A lawsuit against Discovery Zone Inc and certain of its officers and directors has been certified as a class action, attorneys for the plaintiffs said Friday.</p>
<p>The plaintiffs, Robert Kahn and Robert Friedman, allege that the company, the officers and directors engaged in a series of fraudulent acts designed to inflate the company's stock price, the attorneys said in a statement.</p>
<p>A federal court in Chicago certified the suit as a class action on behalf of people who bought Discovery Zone stock between February 17, 1994, and January 17, 1995.</p>
</text>
<copyright>(c) Reuters Limited 1997</copyright>
<metadata>
<codes class="bip:countries:1.0">
  <code code="USA">
    <editdetail attribution="Reuters BIP Coding Group" action="confirmed" date="1997-03-10"/>
  </code>
</codes>
<codes class="bip:industries:1.0">
  <code code="I97911">
    <editdetail attribution="Reuters BIP Coding Group" action="confirmed" date="1997-03-10"/>
  </code>
</codes>
<codes class="bip:topics:1.0">
  <code code="C12">
    <editdetail attribution="Reuters BIP Coding Group" action="confirmed" date="1997-03-10"/>
  </code>
  <code code="CCAT">
    <editdetail attribution="Reuters BIP Coding Group" action="confirmed" date="1997-03-10"/>
  </code>
  <code code="GCAT">
    <editdetail attribution="Reuters BIP Coding Group" action="confirmed" date="1997-03-10"/>
  </code>
  <code code="GCRIM">
    <editdetail attribution="Reuters BIP Coding Group" action="confirmed" date="1997-03-10"/>
  </code>
</codes>
<dc element="dc.date.created" value="1997-03-10"/>
<dc element="dc.publisher" value="Reuters Holdings Plc"/>
<dc element="dc.date.published" value="1997-03-10"/>
<dc element="dc.source" value="Reuters"/>
<dc element="dc.creator.location" value="NEW YORK"/>
<dc element="dc.creator.location.country.name" value="USA"/>
<dc element="dc.source" value="Reuters"/>
</metadata>
</newsitem>
