<?xml version="1.0" encoding="iso-8859-1" ?>
<newsitem itemid="429569" id="root" date="1997-03-10" xml:lang="en">
<title>USA: PHLX to trade Genzyme Transgenics options.</title>
<headline>PHLX to trade Genzyme Transgenics options.</headline>
<dateline>PHILADELPHIA 1997-03-10</dateline>
<text>
<p>The Philadelphia Stock Exchange (PHLX) said Monday it would begin trading options on shares of Genzyme Transgenics Corp on March 13.</p>
<p>The options would open with strike prices of 7-1/2, 10 and 12-1/2, with position limits of 4,500 contracts, the PHLX said. The stock was unchanged at 8-7/8 Monday afternoon.</p>
<p>Initial expirations have been set for April, May, June and September, the PHLX said. It said Group One Ltd has been named the specialist unit.</p>
<p>((--Derivatives desk, 312 408 8750))</p>
<p>((E-mail: derivatives@reuters.com))</p>
</text>
<copyright>(c) Reuters Limited 1997</copyright>
<metadata>
<codes class="bip:countries:1.0">
  <code code="USA">
    <editdetail attribution="Reuters BIP Coding Group" action="confirmed" date="1997-03-10"/>
  </code>
</codes>
<codes class="bip:industries:1.0">
  <code code="I25700">
    <editdetail attribution="Reuters BIP Coding Group" action="confirmed" date="1997-03-10"/>
  </code>
</codes>
<codes class="bip:topics:1.0">
  <code code="C15">
    <editdetail attribution="Reuters BIP Coding Group" action="confirmed" date="1997-03-10"/>
  </code>
  <code code="C152">
    <editdetail attribution="Reuters BIP Coding Group" action="confirmed" date="1997-03-10"/>
  </code>
  <code code="CCAT">
    <editdetail attribution="Reuters BIP Coding Group" action="confirmed" date="1997-03-10"/>
  </code>
</codes>
<dc element="dc.date.created" value="1997-03-10"/>
<dc element="dc.publisher" value="Reuters Holdings Plc"/>
<dc element="dc.date.published" value="1997-03-10"/>
<dc element="dc.source" value="Reuters"/>
<dc element="dc.creator.location" value="PHILADELPHIA"/>
<dc element="dc.creator.location.country.name" value="USA"/>
<dc element="dc.source" value="Reuters"/>
</metadata>
</newsitem>
