<?xml version="1.0" encoding="iso-8859-1" ?>
<newsitem itemid="429537" id="root" date="1997-03-10" xml:lang="en">
<title>USA: U.S. securities industry posts record Q4 revs.</title>
<headline>U.S. securities industry posts record Q4 revs.</headline>
<dateline>NEW YORK 1997-03-10</dateline>
<text>
<p>The U.S. securities industry posted record fourth quarter revenues of $31.4 billion, surpassing the previous record of $30.5 billion in the second quarter, according to the Securities Industry Association.</p>
<p>The trade group said that total 1996 pre-tax net income for the industry reached $11.27 billion, 31 percent over the previous record of $8.6 billion in 1993.</p>
<p>The SIA said that industry employment reached 265,000 at the end of 1996, which was up 3.5 percent over 1995.  </p>
<p>The SIA said securities firms raised more than $1 trillion in capital, with total corporate underwriting alone hitting $954 million.</p>
<p>Merger and acquisition activity also reached record levels, with more than than $500 billion in completed deals in 1996 and initial public offerings raised $50 billion during the year, the SIA said.</p>
<p>&quot;Companies took advantage of the relatively low cost of capital in 1996 to expand,&quot; said Jeffrey Schaefer, SIA senior vice president and director of research.</p>
<p>Average daily volume on each of the three major exchanges set records, according to the SIA. The New York Stock Exchange posted 412 million shares daily, up 19 percent over 1995; Nasdaq rose to 544 million shares, up 36 percent; and the American Stock Exchange rose 10 percent to 22 million shares.</p>
<p>-- Jeff Benkoe, Wall Street Desk, 212-859-1735.</p>
</text>
<copyright>(c) Reuters Limited 1997</copyright>
<metadata>
<codes class="bip:countries:1.0">
  <code code="USA">
    <editdetail attribution="Reuters BIP Coding Group" action="confirmed" date="1997-03-10"/>
  </code>
</codes>
<codes class="bip:industries:1.0">
  <code code="I83100">
    <editdetail attribution="Reuters BIP Coding Group" action="confirmed" date="1997-03-10"/>
  </code>
</codes>
<codes class="bip:topics:1.0">
  <code code="C15">
    <editdetail attribution="Reuters BIP Coding Group" action="confirmed" date="1997-03-10"/>
  </code>
  <code code="C151">
    <editdetail attribution="Reuters BIP Coding Group" action="confirmed" date="1997-03-10"/>
  </code>
  <code code="C1511">
    <editdetail attribution="Reuters BIP Coding Group" action="confirmed" date="1997-03-10"/>
  </code>
  <code code="CCAT">
    <editdetail attribution="Reuters BIP Coding Group" action="confirmed" date="1997-03-10"/>
  </code>
</codes>
<dc element="dc.date.created" value="1997-03-10"/>
<dc element="dc.publisher" value="Reuters Holdings Plc"/>
<dc element="dc.date.published" value="1997-03-10"/>
<dc element="dc.source" value="Reuters"/>
<dc element="dc.creator.location" value="NEW YORK"/>
<dc element="dc.creator.location.country.name" value="USA"/>
<dc element="dc.source" value="Reuters"/>
</metadata>
</newsitem>
