<?xml version="1.0" encoding="iso-8859-1" ?>
<newsitem itemid="429555" id="root" date="1997-03-10" xml:lang="en">
<title>USA: Citrix Systems faces class action lawsuit.</title>
<headline>Citrix Systems faces class action lawsuit.</headline>
<dateline>MIAMI 1997-03-10</dateline>
<text>
<p>A lawsuit seeking class action status has been filed against Citrix Systems Inc and certain of its officers and directors, lawyers for the plaintiffs said Monday.</p>
<p>The complaint, filed in a federal court in Florida, alleges that the defendants violated federal securities laws by, among other things, misrepresenting or ommiting material  information or both concerning the company's relationship with &quot;a certain strategic partner.&quot; Lawyers representing the plaintiffs, Stull, Stull &amp; Brody, said the suit was filed on behalf of buyers of Citrix securities from Jan 20 - Feb 26.</p>
</text>
<copyright>(c) Reuters Limited 1997</copyright>
<metadata>
<codes class="bip:countries:1.0">
  <code code="USA">
    <editdetail attribution="Reuters BIP Coding Group" action="confirmed" date="1997-03-10"/>
  </code>
</codes>
<codes class="bip:industries:1.0">
  <code code="I33020">
    <editdetail attribution="Reuters BIP Coding Group" action="confirmed" date="1997-03-10"/>
  </code>
</codes>
<codes class="bip:topics:1.0">
  <code code="C12">
    <editdetail attribution="Reuters BIP Coding Group" action="confirmed" date="1997-03-10"/>
  </code>
  <code code="CCAT">
    <editdetail attribution="Reuters BIP Coding Group" action="confirmed" date="1997-03-10"/>
  </code>
  <code code="GCAT">
    <editdetail attribution="Reuters BIP Coding Group" action="confirmed" date="1997-03-10"/>
  </code>
  <code code="GCRIM">
    <editdetail attribution="Reuters BIP Coding Group" action="confirmed" date="1997-03-10"/>
  </code>
</codes>
<dc element="dc.date.created" value="1997-03-10"/>
<dc element="dc.publisher" value="Reuters Holdings Plc"/>
<dc element="dc.date.published" value="1997-03-10"/>
<dc element="dc.source" value="Reuters"/>
<dc element="dc.creator.location" value="MIAMI"/>
<dc element="dc.creator.location.country.name" value="USA"/>
<dc element="dc.source" value="Reuters"/>
</metadata>
</newsitem>
