<?xml version="1.0" encoding="iso-8859-1" ?>
<newsitem itemid="429587" id="root" date="1997-03-10" xml:lang="en">
<title>USA: Constellation names Baltimore Gas exec CFO.</title>
<headline>Constellation names Baltimore Gas exec CFO.</headline>
<dateline>BALTIMORE 1997-03-10</dateline>
<text>
<p>Constellation Energy Corp, the company arising from the merger of Potomac Electric Power Co and Baltimore Gas and Electric Co, said on Monday it named David Brune as senior vice president and chief financial officer.</p>
<p>Brune, employed by Baltimore Gas for 21 years, will replace Charles Shivery, who was named chief executive officer of Constellation Power Source Inc, Baltimore Gas's new power marketing subsidiary.  </p>
<p>Brune served as Baltimore Gas's general counsel since 1984, the company said.</p>
<p>In March, Baltimore Gas and Potomac Electric shareholders approved a proposed merger, but the transaction is still pending regulatory approval.</p>
<p>((New York newsdesk 212-859-1610))</p>
</text>
<copyright>(c) Reuters Limited 1997</copyright>
<metadata>
<codes class="bip:countries:1.0">
  <code code="USA">
    <editdetail attribution="Reuters BIP Coding Group" action="confirmed" date="1997-03-10"/>
  </code>
</codes>
<codes class="bip:industries:1.0">
  <code code="I16000">
    <editdetail attribution="Reuters BIP Coding Group" action="confirmed" date="1997-03-10"/>
  </code>
  <code code="I16100">
    <editdetail attribution="Reuters BIP Coding Group" action="confirmed" date="1997-03-10"/>
  </code>
</codes>
<codes class="bip:topics:1.0">
  <code code="C18">
    <editdetail attribution="Reuters BIP Coding Group" action="confirmed" date="1997-03-10"/>
  </code>
  <code code="C181">
    <editdetail attribution="Reuters BIP Coding Group" action="confirmed" date="1997-03-10"/>
  </code>
  <code code="C41">
    <editdetail attribution="Reuters BIP Coding Group" action="confirmed" date="1997-03-10"/>
  </code>
  <code code="C411">
    <editdetail attribution="Reuters BIP Coding Group" action="confirmed" date="1997-03-10"/>
  </code>
  <code code="CCAT">
    <editdetail attribution="Reuters BIP Coding Group" action="confirmed" date="1997-03-10"/>
  </code>
</codes>
<dc element="dc.date.created" value="1997-03-10"/>
<dc element="dc.publisher" value="Reuters Holdings Plc"/>
<dc element="dc.date.published" value="1997-03-10"/>
<dc element="dc.source" value="Reuters"/>
<dc element="dc.creator.location" value="BALTIMORE"/>
<dc element="dc.creator.location.country.name" value="USA"/>
<dc element="dc.source" value="Reuters"/>
</metadata>
</newsitem>
