<?xml version="1.0" encoding="iso-8859-1" ?>
<newsitem itemid="429552" id="root" date="1997-03-10" xml:lang="en">
<title>USA: Female Health completes debenture sale.</title>
<headline>Female Health completes debenture sale.</headline>
<dateline>CHICAGO 1997-03-10</dateline>
<text>
<p>Female Health Co on Monday said it completed a private placement of $2.020,000 in eight percent convertible debentures due January 31, 2000, and related warrants to buy common stock.</p>
<p>The debentures may be converted into common stock at the market price on the day of the close or at 80 percent of the market price on the date of conversion, whichever is less.</p>
<p>Fifty percent of the debentures may be converted 45 days after closing, and the remainder may be converted 60 days after closing.</p>
<p>The company owns worldwide rights to a female condom.  </p>
<p>Proceeds will go toward commercial development of the female condom on a global basis, the company said.</p>
<p>The Joint United Nations Programme on HIV/AIDS recently told the company that it would require more than eight milion female condoms this year, with funding now in place for half, Female Health said.</p>
<p>The company said its partners in Japan, Taiwan and Canada planned to launch the product this year.</p>
<p>Discussions with prospective partners are taking place for marketing the product in Australia, Bangladesh, China, the European Union, India, Mexico, New Zealand and Russia.</p>
<p>		((Reuters Chicago Newsdesk (312) 408-8787))</p>
</text>
<copyright>(c) Reuters Limited 1997</copyright>
<metadata>
<codes class="bip:countries:1.0">
  <code code="USA">
    <editdetail attribution="Reuters BIP Coding Group" action="confirmed" date="1997-03-10"/>
  </code>
</codes>
<codes class="bip:industries:1.0">
  <code code="I25700">
    <editdetail attribution="Reuters BIP Coding Group" action="confirmed" date="1997-03-10"/>
  </code>
</codes>
<codes class="bip:topics:1.0">
  <code code="C17">
    <editdetail attribution="Reuters BIP Coding Group" action="confirmed" date="1997-03-10"/>
  </code>
  <code code="C172">
    <editdetail attribution="Reuters BIP Coding Group" action="confirmed" date="1997-03-10"/>
  </code>
  <code code="CCAT">
    <editdetail attribution="Reuters BIP Coding Group" action="confirmed" date="1997-03-10"/>
  </code>
</codes>
<dc element="dc.date.created" value="1997-03-10"/>
<dc element="dc.publisher" value="Reuters Holdings Plc"/>
<dc element="dc.date.published" value="1997-03-10"/>
<dc element="dc.source" value="Reuters"/>
<dc element="dc.creator.location" value="CHICAGO"/>
<dc element="dc.creator.location.country.name" value="USA"/>
<dc element="dc.source" value="Reuters"/>
</metadata>
</newsitem>
