<?xml version="1.0" encoding="iso-8859-1" ?>
<newsitem itemid="429562" id="root" date="1997-03-10" xml:lang="en">
<title>USA: U.S. OPTIONS FOCUS/Index options suggest pullback.</title>
<headline>U.S. OPTIONS FOCUS/Index options suggest pullback.</headline>
<dateline>CHICAGO 1997-03-10</dateline>
<text>
<p>U.S. stocks extended Friday's rally on Monday but some signals were emerging that a quick retreat may be forthcoming, options traders said.</p>
<p>Longer term, most expect the market to maintain its strong uptrend and send market barometers to fresh all-time highs.</p>
<p>&quot;You're going to get a pullback, I think,&quot; said Jay Shartsis, head of options trading at R.F. Lafferty &amp; Co in New York. &quot;After that, we'll see.&quot;</p>
<p>He said the dollar-weighted put/call ratio at the Chicago Board Options Exchange at 21 and the price action in S&amp;P 100 index calls indicated some weakness was likely.  </p>
<p>&quot;Anything below 25 is usually a sell signal,&quot; Shartsis said, referring to the dollar-weighted put/call ratio at the CBOE.</p>
<p>He explained the OEX calls were not up despite the rally in the underlying markets.</p>
<p>For example, the March OEX 795 call was up 1/8 at 5-1/8 while March S&amp;P 500 futures were up more than four points.</p>
<p>At around 1400 CST/2000 GMT, March S&amp;P 500 futures were up 4.40 at 811.60, just off their session high. Fair value was seen at about 1.00 points over cash, with buy programs at 2.20 over and sell programs at 0.30 points over.  </p>
<p>The spot S&amp;P 500 index was up 5.46 at 810.43. The OEX rose 5.00 to 785.29.</p>
<p>&quot;The market's kind of going on autopilot,&quot; one options dealer in Chicago said, noting that volume was typically low for a Monday.</p>
<p>He added that a recovery in the technology sector was the main factor for the market's bounce.</p>
<p>&quot;It's got the new high in sight, so we'll probably get a new high,&quot; he said, referring to the Dow industrial average The Dow was up 62 at 7063.  </p>
<p>The Dow's all-time high was about 7074 intraday on February 19. Its record closing high was 7067 struck on February 18.</p>
<p>Among OEX options, where put volume outpaced call volume at 1400 CST/2000 GMT by 57,818 to 32,610, volume was led by the March 745 puts, which traded about 10,550 contracts.</p>
<p>Heavy turnover was also seen in the March 755 puts, which traded about 7,555 contracts, the March 770 put, with volume of 7,345 and the March 780 put, with volume of 7,430.</p>
<p>On the OEX call side, the March 780 was most active, with volume of more than 4,600 contracts.  </p>
<p>SPX volume was heavy on the call side.</p>
<p>The September 810 calls traded 22,000 contracts at the CBOE, the September 750 calls traded 16,251 and the March 675 calls traded 18,450.</p>
<p>The March 675 put traded about 11,125 contracts.</p>
<p>In the June series, the June 735 call traded 20,100 contracts and the June 735 put traded 17,450.</p>
<p>Also, the December 800 call traded 4,200 contracts and the December 800 call about 4,000.</p>
<p>&quot;Somebody's having a good time,&quot; one strategist said.</p>
<p>((--G.Crawford, 312 408 8750/Email: derivatives@reuters.com))</p>
</text>
<copyright>(c) Reuters Limited 1997</copyright>
<metadata>
<codes class="bip:countries:1.0">
  <code code="USA">
    <editdetail attribution="Reuters BIP Coding Group" action="confirmed" date="1997-03-10"/>
  </code>
</codes>
<codes class="bip:topics:1.0">
  <code code="M11">
    <editdetail attribution="Reuters BIP Coding Group" action="confirmed" date="1997-03-10"/>
  </code>
  <code code="MCAT">
    <editdetail attribution="Reuters BIP Coding Group" action="confirmed" date="1997-03-10"/>
  </code>
</codes>
<dc element="dc.date.created" value="1997-03-10"/>
<dc element="dc.publisher" value="Reuters Holdings Plc"/>
<dc element="dc.date.published" value="1997-03-10"/>
<dc element="dc.source" value="Reuters"/>
<dc element="dc.creator.location" value="CHICAGO"/>
<dc element="dc.creator.location.country.name" value="USA"/>
<dc element="dc.source" value="Reuters"/>
</metadata>
</newsitem>
