<?xml version="1.0" encoding="iso-8859-1" ?>
<newsitem itemid="429523" id="root" date="1997-03-10" xml:lang="en">
<title>USA: Hickory Tech gets nod to buy 11 exchanges.</title>
<headline>Hickory Tech gets nod to buy 11 exchanges.</headline>
<dateline>MANKATO, Minn. 1997-03-10</dateline>
<text>
<p>Hickory Tech Corp said Monday it received approval from the Federal Communications Commission to buy 11 telephone exchanges in Iowa.</p>
<p>In 1994, U S West Communications Group agreed to sell the exchanges of Lakota, Bancroft, Sibley, Rock Rapids, Doon, Hull, Boyden, Rock Valley, Hawarden, Ireton and Akron to Hickory Tech. The transfer of ownership will be completed on April 10.  </p>
<p>To fund the purchase, Hickory Tech issued a $40 million privately placed debt offering to institutional investors.</p>
<p>Hickory Tech of Mankato, Minn. will operate the exchanges under the name of Heartland Telecommunications Co of Iowa.</p>
<p>Hickory Tech is a communications holding company.</p>
<p>((Reuters Chicago Newsdesk (312) 408-8787))</p>
</text>
<copyright>(c) Reuters Limited 1997</copyright>
<metadata>
<codes class="bip:countries:1.0">
  <code code="USA">
    <editdetail attribution="Reuters BIP Coding Group" action="confirmed" date="1997-03-10"/>
  </code>
</codes>
<codes class="bip:industries:1.0">
  <code code="I79020">
    <editdetail attribution="Reuters BIP Coding Group" action="confirmed" date="1997-03-10"/>
  </code>
</codes>
<codes class="bip:topics:1.0">
  <code code="C13">
    <editdetail attribution="Reuters BIP Coding Group" action="confirmed" date="1997-03-10"/>
  </code>
  <code code="C18">
    <editdetail attribution="Reuters BIP Coding Group" action="confirmed" date="1997-03-10"/>
  </code>
  <code code="C182">
    <editdetail attribution="Reuters BIP Coding Group" action="confirmed" date="1997-03-10"/>
  </code>
  <code code="CCAT">
    <editdetail attribution="Reuters BIP Coding Group" action="confirmed" date="1997-03-10"/>
  </code>
</codes>
<dc element="dc.date.created" value="1997-03-10"/>
<dc element="dc.publisher" value="Reuters Holdings Plc"/>
<dc element="dc.date.published" value="1997-03-10"/>
<dc element="dc.source" value="Reuters"/>
<dc element="dc.creator.location" value="MANKATO, Minn."/>
<dc element="dc.creator.location.country.name" value="USA"/>
<dc element="dc.source" value="Reuters"/>
</metadata>
</newsitem>
