<?xml version="1.0" encoding="iso-8859-1" ?>
<newsitem itemid="429515" id="root" date="1997-03-10" xml:lang="en">
<title>USA: Besicorp among those in Nimo pact.</title>
<headline>Besicorp among those in Nimo pact.</headline>
<dateline>KINGSTON, N.Y. 1997-03-10</dateline>
<text>
<p>Besicorp Group Inc said Monday it was one of the 19 independent power producers that reached a tentative agreement with Niagara Mohawk Power Corp to restructure or terminate 44 power purchase contracts.</p>
<p>Besicorp owns interests ranging from 36 to 50 percent in five projects that have contracts with the utility in partnership with affiliates of Kamine Development Corp of Bedminster, N.J. These projects provide a total of 323 megawatts of capacity.</p>
<p>Earlier, the utility said about 2,000 megawatts were involved in the agreement.</p>
<p>Besicorp said it remains optimistic regarding the outcome of these negotiations, but cautions the timing, structure and value of its economic interests are subject to a number of contingencies, the occurrence and outcome of which are impossible to forecast.</p>
<p>The company declined to speculate on the agreement's impact at this time.</p>
<p>((-- New York Newsdesk 212-859-1610.))</p>
</text>
<copyright>(c) Reuters Limited 1997</copyright>
<metadata>
<codes class="bip:countries:1.0">
  <code code="USA">
    <editdetail attribution="Reuters BIP Coding Group" action="confirmed" date="1997-03-10"/>
  </code>
</codes>
<codes class="bip:industries:1.0">
  <code code="I16100">
    <editdetail attribution="Reuters BIP Coding Group" action="confirmed" date="1997-03-10"/>
  </code>
</codes>
<codes class="bip:topics:1.0">
  <code code="C33">
    <editdetail attribution="Reuters BIP Coding Group" action="confirmed" date="1997-03-10"/>
  </code>
  <code code="CCAT">
    <editdetail attribution="Reuters BIP Coding Group" action="confirmed" date="1997-03-10"/>
  </code>
</codes>
<dc element="dc.date.created" value="1997-03-10"/>
<dc element="dc.publisher" value="Reuters Holdings Plc"/>
<dc element="dc.date.published" value="1997-03-10"/>
<dc element="dc.source" value="Reuters"/>
<dc element="dc.creator.location" value="KINGSTON, N.Y."/>
<dc element="dc.creator.location.country.name" value="USA"/>
<dc element="dc.source" value="Reuters"/>
</metadata>
</newsitem>
