<?xml version="1.0" encoding="iso-8859-1" ?>
<newsitem itemid="429536" id="root" date="1997-03-10" xml:lang="en">
<title>USA: Video Update Inc Q3 Jan 31 net up.</title>
<headline>Video Update Inc Q3 Jan 31 net up.</headline>
<dateline>ST. PAUL, Minn. 1997-03-10</dateline>
<text>
<p>(In thousands, except per share amounts)</p>
<p>			     Three Months Ended   Nine Months Ended</p>
<p>				1997	    1996    1997	 1996</p>
<p> Revenues:	     26,143	  17,076  64,830     32,882</p>
<p> Net income		2,279	   1,177   3,312	1,960</p>
<p> Share primary	   0.12	    0.10    0.22	 0.19</p>
<p> Share diluted	   0.12	    0.10    0.22	 0.18</p>
<p>Effective number of shrs</p>
<p>used to calculate net</p>
<p>  income/shr diluted  19,649	  12,337  15,290     10,948</p>
<p>	  ((Reuters Chicago Newsdesk (312) 408-8787))</p>
</text>
<copyright>(c) Reuters Limited 1997</copyright>
<metadata>
<codes class="bip:countries:1.0">
  <code code="USA">
    <editdetail attribution="Reuters BIP Coding Group" action="confirmed" date="1997-03-10"/>
  </code>
</codes>
<codes class="bip:industries:1.0">
  <code code="I65400">
    <editdetail attribution="Reuters BIP Coding Group" action="confirmed" date="1997-03-10"/>
  </code>
</codes>
<codes class="bip:topics:1.0">
  <code code="C15">
    <editdetail attribution="Reuters BIP Coding Group" action="confirmed" date="1997-03-10"/>
  </code>
  <code code="C151">
    <editdetail attribution="Reuters BIP Coding Group" action="confirmed" date="1997-03-10"/>
  </code>
  <code code="CCAT">
    <editdetail attribution="Reuters BIP Coding Group" action="confirmed" date="1997-03-10"/>
  </code>
</codes>
<dc element="dc.date.created" value="1997-03-10"/>
<dc element="dc.publisher" value="Reuters Holdings Plc"/>
<dc element="dc.date.published" value="1997-03-10"/>
<dc element="dc.source" value="Reuters"/>
<dc element="dc.creator.location" value="ST. PAUL, Minn."/>
<dc element="dc.creator.location.country.name" value="USA"/>
<dc element="dc.source" value="Reuters"/>
</metadata>
</newsitem>
