<?xml version="1.0" encoding="iso-8859-1" ?>
<newsitem itemid="429544" id="root" date="1997-03-10" xml:lang="en">
<title>USA: AT&amp;T, Lucent sued over Kazakhstan project.</title>
<headline>AT&amp;T, Lucent sued over Kazakhstan project.</headline>
<dateline>DALLAS 1997-03-10</dateline>
<text>
<p>Telecom 21 LLC and Telecom 21 Ventures LLC said Monday they filed suit against AT&amp;T Corp and Lucent Technologies Inc in a state court here, alleging fraud and breach of fiduciary duties over a scuttled project in Kazakhstan.</p>
<p>In the lawsuit, the plaintiffs, who said they are joint venture partners of AT&amp;T, alleged that AT&amp;T committed &quot;wrongful conduct&quot; in dropping a project to convert a former Soviet nuclear missile site in Kazakhstan into a civilian telecommunications teleport.  </p>
<p>Lucent, which was recently spun-off from AT&amp;T, was named in the lawsuit as &quot;successor in interest&quot; to some or all of AT&amp;T's liabilities for the alleged wrongdoing in the case.</p>
<p>The plaintiffs said AT&amp;T and Telecom 21 formed a joint venture for the project and that AT&amp;T promised to finance the venture and act as prime contractor.</p>
<p>They said AT&amp;T made financial projections for a 10-year period placing the value of the project at &quot;well over $6 billion&quot; at the end of the period.  </p>
<p>They alleged that AT&amp;T  refused to finance the project as promised, blocked its partners from obtaining third party financing and shirked its duties as prime contractor.</p>
<p>The lawsuit further alleged that AT&amp;T &quot;concealed its hidden self-interested agenda,&quot; and that &quot;several divisions of AT&amp; T conspired to carve up the telecommunications market in Kazakhstan to maximize AT&amp;T's profits.&quot;</p>
<p>Stephen Susman, of Susman Godfrey LLP, lawyers for the plaintiffs, said Telecom 21 seeks redress for AT&amp;T's alleged wrongdoing.</p>
</text>
<copyright>(c) Reuters Limited 1997</copyright>
<metadata>
<codes class="bip:countries:1.0">
  <code code="KAZK">
    <editdetail attribution="Reuters BIP Coding Group" action="confirmed" date="1997-03-10"/>
  </code>
  <code code="USA">
    <editdetail attribution="Reuters BIP Coding Group" action="confirmed" date="1997-03-10"/>
  </code>
</codes>
<codes class="bip:industries:1.0">
  <code code="I34400">
    <editdetail attribution="Reuters BIP Coding Group" action="confirmed" date="1997-03-10"/>
  </code>
  <code code="I79020">
    <editdetail attribution="Reuters BIP Coding Group" action="confirmed" date="1997-03-10"/>
  </code>
</codes>
<codes class="bip:topics:1.0">
  <code code="C12">
    <editdetail attribution="Reuters BIP Coding Group" action="confirmed" date="1997-03-10"/>
  </code>
  <code code="CCAT">
    <editdetail attribution="Reuters BIP Coding Group" action="confirmed" date="1997-03-10"/>
  </code>
  <code code="GCAT">
    <editdetail attribution="Reuters BIP Coding Group" action="confirmed" date="1997-03-10"/>
  </code>
  <code code="GCRIM">
    <editdetail attribution="Reuters BIP Coding Group" action="confirmed" date="1997-03-10"/>
  </code>
</codes>
<dc element="dc.date.created" value="1997-03-10"/>
<dc element="dc.publisher" value="Reuters Holdings Plc"/>
<dc element="dc.date.published" value="1997-03-10"/>
<dc element="dc.source" value="Reuters"/>
<dc element="dc.creator.location" value="DALLAS"/>
<dc element="dc.creator.location.country.name" value="USA"/>
<dc element="dc.source" value="Reuters"/>
</metadata>
</newsitem>
