<?xml version="1.0" encoding="iso-8859-1" ?>
<newsitem itemid="429513" id="root" date="1997-03-10" xml:lang="en">
<title>USA: CSX Norfolk Southern prepare Conrail talks.</title>
<headline>CSX Norfolk Southern prepare Conrail talks.</headline>
<byline>Randall Mikkelsen</byline>
<dateline>PHILADELPHIA 1997-03-10</dateline>
<text>
<p>CSX Corp. and Norfolk Southern Corp. Monday began preparing negotiations on the final division of Conrail Inc., which analysts said they expected would go smoothly and quickly.</p>
<p>Representatives of CSX and Norfolk Southern said the two railroads made preliminary contacts Monday, and a CSX spokesman said the negotiations could start as early as this week.</p>
<p>&quot;We are hoping to conclude the negotiations quickly, in time for a Surface Transportation Board filing by early April,&quot; said CSX spokesman Vance Richardson.</p>
<p>Richardson's comments followed Friday's announcement that CSX and Conrail had revised their merger agreement. Under the new deal, CSX is to pay Conrail shareholders $115 per share cash, or about $10.3 billion, and will be allowed to negotiate a division of Conrail with Norfolk Southern.</p>
<p>The announcement set the stage for an end to the five-month takeover battle for Conrail, in which the Philadelphia-based railroad sought, and ultimately failed, to remain intact by preserving its merger with CSX against a hostile bid from Norfolk Southern.</p>
<p>CSX and Norfolk Southern said they would negotiate the breakup of Conrail and a joint purchase of its shares, although the outlines of the breakup are contained in a February 24 proposal by Norfolk Southern that, Norfolk Southern said Friday, had been accepted as the basis for the division.</p>
<p>That proposal sets a roughly 55-45 division of the assets, with CSX getting the larger share, Prudential Securities analyst Brian Routledge said. &quot;I don't think you'll see significant changes,&quot; he said.</p>
<p>The proposal also says commonly accepted industry measures should be used in valuing the assets to be divided.</p>
<p>Richardson said CSX aims to close its tender offer for Conrail shares by the initial date set -- April 18 -- although it has the right under the merger agreement to extend that to June 2. &quot;Right now we contemplate completing the tender by April 18,&quot; Richardson said.</p>
<p>The Surface Transportation Board is likely to give necessary federal approval for the revised deal because it will offer two strong competitors in a region formerly dominated by Conrail, said PNC Bank analyst Charles Vincent.</p>
<p>&quot;I'm pretty sure that this is going to make it a lot easier to get it (the deal) through the Surface Transportation Board,&quot; he said.</p>
<p>Richardson said the federal agency already had been notified.</p>
<p>Conrail will not participate in the discussions on its breakup, CSX said.</p>
<p>While the negotiations are under way, &quot;We're going to be operating a railroad,&quot; Conrail spokesman Bob Libkind said.</p>
<p>Philadelphia mayor Ed Rendell on Monday told reporters he hoped to use private meetings with the companies and &quot;leverage&quot; with the transportation board in a campaign to protect jobs of Conrail employees.</p>
<p>&quot;I intend to meet with all of the principals, but I intend to meet with them privately,&quot; Rendell said. &quot;We will push our cause and we have a great deal of leverage with the Surface Transportation Board.&quot;</p>
</text>
<copyright>(c) Reuters Limited 1997</copyright>
<metadata>
<codes class="bip:countries:1.0">
  <code code="USA">
    <editdetail attribution="Reuters BIP Coding Group" action="confirmed" date="1997-03-10"/>
  </code>
</codes>
<codes class="bip:industries:1.0">
  <code code="I71000">
    <editdetail attribution="Reuters BIP Coding Group" action="confirmed" date="1997-03-10"/>
  </code>
</codes>
<codes class="bip:topics:1.0">
  <code code="C18">
    <editdetail attribution="Reuters BIP Coding Group" action="confirmed" date="1997-03-10"/>
  </code>
  <code code="C181">
    <editdetail attribution="Reuters BIP Coding Group" action="confirmed" date="1997-03-10"/>
  </code>
  <code code="CCAT">
    <editdetail attribution="Reuters BIP Coding Group" action="confirmed" date="1997-03-10"/>
  </code>
</codes>
<dc element="dc.date.created" value="1997-03-10"/>
<dc element="dc.publisher" value="Reuters Holdings Plc"/>
<dc element="dc.date.published" value="1997-03-10"/>
<dc element="dc.source" value="Reuters"/>
<dc element="dc.creator.location" value="PHILADELPHIA"/>
<dc element="dc.creator.location.country.name" value="USA"/>
<dc element="dc.source" value="Reuters"/>
</metadata>
</newsitem>
