<?xml version="1.0" encoding="iso-8859-1" ?>
<newsitem itemid="429584" id="root" date="1997-03-10" xml:lang="en">
<title>USA: Hawkins says Donald Shipp named president.</title>
<headline>Hawkins says Donald Shipp named president.</headline>
<dateline>MINNEAPOLIS 1997-03-10</dateline>
<text>
<p>Hawkins Chemical Inc said Donald Shipp replaced Dean Hahn as company president.</p>
<p>Hahn remains chairman and chief executive, the chemicals company said.</p>
<p>Shipp was previously a Hawkins executive vice president.</p>
<p>((--Chicago Newsdesk 312-408-8787))</p>
</text>
<copyright>(c) Reuters Limited 1997</copyright>
<metadata>
<codes class="bip:countries:1.0">
  <code code="USA">
    <editdetail attribution="Reuters BIP Coding Group" action="confirmed" date="1997-03-10"/>
  </code>
</codes>
<codes class="bip:topics:1.0">
  <code code="C41">
    <editdetail attribution="Reuters BIP Coding Group" action="confirmed" date="1997-03-10"/>
  </code>
  <code code="C411">
    <editdetail attribution="Reuters BIP Coding Group" action="confirmed" date="1997-03-10"/>
  </code>
  <code code="CCAT">
    <editdetail attribution="Reuters BIP Coding Group" action="confirmed" date="1997-03-10"/>
  </code>
</codes>
<dc element="dc.date.created" value="1997-03-10"/>
<dc element="dc.publisher" value="Reuters Holdings Plc"/>
<dc element="dc.date.published" value="1997-03-10"/>
<dc element="dc.source" value="Reuters"/>
<dc element="dc.creator.location" value="MINNEAPOLIS"/>
<dc element="dc.creator.location.country.name" value="USA"/>
<dc element="dc.source" value="Reuters"/>
</metadata>
</newsitem>
