<?xml version="1.0" encoding="iso-8859-1" ?>
<newsitem itemid="429588" id="root" date="1997-03-10" xml:lang="en">
<title>USA: Resurgence Properties Inc Q4 full results.</title>
<headline>Resurgence Properties Inc Q4 full results.</headline>
<dateline>GREENWICH, Conn. 1997-03-10</dateline>
<text>
<p>For the Three Months Ended  For the Year Ended</p>
<p>			    Dec. 31,		   Dec. 31,</p>
<p>			   1996	  1995	   1996	 1995</p>
<p> Total revenues   $ 4,612     $ 5,974     $ 25,054   $ 23,857</p>
<p> Operating expenses 2,294	 3,032	 10,565     13,087</p>
<p> Interest expense     383	 1,421	  3,204	6,438</p>
<p>Depreciation and</p>
<p>  amortization	  797	   777	  3,126	3,322</p>
<p> Total expenses     3,474	 5,230	 16,895     22,847</p>
<p>Income (loss) before write-down for</p>
<p>impairment of value and extraordinary</p>
<p>  gain		  1,138	   744	  8,159	1,010</p>
<p>Write-down for impairment of</p>
<p>  value		 4,142	 4,985	  6,591	9,005</p>
<p>Income (loss) before  extraordinary</p>
<p>  gain		(3,004)     (4,241)	  1,568    (7,995)</p>
<p> Extraordinary gain     0	    79	    159	  839</p>
<p> Net income (loss) (3,004)    (4,162)	  1,727    (7,156)</p>
<p>Net income (loss) per common share</p>
<p>(10 million shares outstanding):</p>
<p>Income (loss) before extraordinary</p>
<p>  gain		 (0.30)	(0.42)	   0.16     (0.80)</p>
<p> Extraordinary gain     -	  0.01	   0.01	 0.08</p>
<p>Net income (loss)</p>
<p>			 (0.30)	(0.41)	   0.17     (0.72)</p>
<p>Note: Full company name is Resurgence Properties Inc.</p>
<p>(in thousands, except per share amounts)</p>
<p>((-- New York Newsdesk 212 859-1610))</p>
</text>
<copyright>(c) Reuters Limited 1997</copyright>
<metadata>
<codes class="bip:countries:1.0">
  <code code="USA">
    <editdetail attribution="Reuters BIP Coding Group" action="confirmed" date="1997-03-10"/>
  </code>
</codes>
<codes class="bip:industries:1.0">
  <code code="I85000">
    <editdetail attribution="Reuters BIP Coding Group" action="confirmed" date="1997-03-10"/>
  </code>
</codes>
<codes class="bip:topics:1.0">
  <code code="C15">
    <editdetail attribution="Reuters BIP Coding Group" action="confirmed" date="1997-03-10"/>
  </code>
  <code code="C151">
    <editdetail attribution="Reuters BIP Coding Group" action="confirmed" date="1997-03-10"/>
  </code>
  <code code="C1511">
    <editdetail attribution="Reuters BIP Coding Group" action="confirmed" date="1997-03-10"/>
  </code>
  <code code="CCAT">
    <editdetail attribution="Reuters BIP Coding Group" action="confirmed" date="1997-03-10"/>
  </code>
</codes>
<dc element="dc.date.created" value="1997-03-10"/>
<dc element="dc.publisher" value="Reuters Holdings Plc"/>
<dc element="dc.date.published" value="1997-03-10"/>
<dc element="dc.source" value="Reuters"/>
<dc element="dc.creator.location" value="GREENWICH, Conn."/>
<dc element="dc.creator.location.country.name" value="USA"/>
<dc element="dc.source" value="Reuters"/>
</metadata>
</newsitem>
