<?xml version="1.0" encoding="iso-8859-1" ?>
<newsitem itemid="429580" id="root" date="1997-03-10" xml:lang="en">
<title>USA: CB Financial restates '96 net downard.</title>
<headline>CB Financial restates '96 net downard.</headline>
<dateline>JACKSON, Mich. 1997-03-10</dateline>
<text>
<p>CB Financial Corp said Monday it increased its reserve for loan losses for the fourth quarter of 1996, causing it to restate its 1996 net income down $1.5 million, or $0.52 a share, to $5 million, or $1.79.</p>
<p>As a result of increased charge-offs in the indirect auto loan portfolios during the 1996 fourth quarter and anticipated future charge-offs, the company said an audit of its results determined it should increase the reserve for loan losses to $6.2 million, or one percent of loans outstanding, as of December 31, from $4.5 million.</p>
<p>The change resulted in a pre-tax fourth quarter charge of $1.6 million. In addition, the audit resulted in adjustments of $571,000 to other operating expenses, including depreciation on leasehold improvements and reserves for possible litigation liabilities, the company said.</p>
<p>CB Financial Chairman and Chief Executive Officer Brian Bell said the adjustments do not affect the previously announced proposed merger with Citizens Banking Corp, which is expected to close at the end of the second quarter.</p>
<p>Audited earnings for 1995 were $4.6 million, or $1.65 a share. CB Financial is a bank holding company with assets of $826.2 million.</p>
</text>
<copyright>(c) Reuters Limited 1997</copyright>
<metadata>
<codes class="bip:countries:1.0">
  <code code="USA">
    <editdetail attribution="Reuters BIP Coding Group" action="confirmed" date="1997-03-10"/>
  </code>
</codes>
<codes class="bip:industries:1.0">
  <code code="I81402">
    <editdetail attribution="Reuters BIP Coding Group" action="confirmed" date="1997-03-10"/>
  </code>
</codes>
<codes class="bip:topics:1.0">
  <code code="C15">
    <editdetail attribution="Reuters BIP Coding Group" action="confirmed" date="1997-03-10"/>
  </code>
  <code code="C151">
    <editdetail attribution="Reuters BIP Coding Group" action="confirmed" date="1997-03-10"/>
  </code>
  <code code="C1511">
    <editdetail attribution="Reuters BIP Coding Group" action="confirmed" date="1997-03-10"/>
  </code>
  <code code="CCAT">
    <editdetail attribution="Reuters BIP Coding Group" action="confirmed" date="1997-03-10"/>
  </code>
</codes>
<dc element="dc.date.created" value="1997-03-10"/>
<dc element="dc.publisher" value="Reuters Holdings Plc"/>
<dc element="dc.date.published" value="1997-03-10"/>
<dc element="dc.source" value="Reuters"/>
<dc element="dc.creator.location" value="JACKSON, Mich."/>
<dc element="dc.creator.location.country.name" value="USA"/>
<dc element="dc.source" value="Reuters"/>
</metadata>
</newsitem>
