<?xml version="1.0" encoding="iso-8859-1" ?>
<newsitem itemid="429559" id="root" date="1997-03-10" xml:lang="en">
<title>USA: Folgers says to raise 13 oz can of coffee.</title>
<headline>Folgers says to raise 13 oz can of coffee.</headline>
<dateline>NEW YORK 1997-03-10</dateline>
<text>
<p>Procter &amp; Gamble's Folgers Coffee Co said it will raise the list price on its standard 13-ounce can by an additional 15 cents due to higher prices of green coffee on the world's futures markets.</p>
<p>The increase, which is to take effect immediately, brings the new price for a standard can to $2.86, the company said.</p>
<p>The latest retail price hike comes only one week after a 45-cent increase in the price of Folgers 13-ounce can of ground coffee took effect.  </p>
<p>&quot;The list price of Folgers coffee generally reflects the price of green coffee sold on the commodity market,&quot; Folgers said in a statement. &quot;The market began increasing in January and reflects recent increases in green coffee costs.&quot;</p>
<p>The company said the commodity market's more than 50 percent surge since the start of the year was attributable to a number of factors including continued limited supplies of Central American coffees, a decrease in size estimates for the next Brazil coffee crop, dock strikes and threatened growers strikes in Colombia, and an announcement by the Association of Coffee Producing Countries of their intention to limit exports.</p>
<p>Folgers also announced it will raise its list price on its 13-ounce can of decaffeinated coffee 15 cents to $3.56, while instant coffee will go up 1.25 cents per ounce to $3.86 per eight-ounce can. Folgers Singles packets of coffee will increase by 10 cents per 19 count box, to $2.81.</p>
<p>&quot;Even though Folgers does not set retail prices, for perspective, after this increase the average price of a cup of Folgers ground or instant prepared coffee prepared at home is still less than six cents a cup,&quot; the statement said.</p>
<p>--Patricia Avidan, New York Commodity Desk, 212-859-1643</p>
</text>
<copyright>(c) Reuters Limited 1997</copyright>
<metadata>
<codes class="bip:countries:1.0">
  <code code="USA">
    <editdetail attribution="Reuters BIP Coding Group" action="confirmed" date="1997-03-10"/>
  </code>
</codes>
<codes class="bip:industries:1.0">
  <code code="I25800">
    <editdetail attribution="Reuters BIP Coding Group" action="confirmed" date="1997-03-10"/>
  </code>
</codes>
<codes class="bip:topics:1.0">
  <code code="C31">
    <editdetail attribution="Reuters BIP Coding Group" action="confirmed" date="1997-03-10"/>
  </code>
  <code code="CCAT">
    <editdetail attribution="Reuters BIP Coding Group" action="confirmed" date="1997-03-10"/>
  </code>
</codes>
<dc element="dc.date.created" value="1997-03-10"/>
<dc element="dc.publisher" value="Reuters Holdings Plc"/>
<dc element="dc.date.published" value="1997-03-10"/>
<dc element="dc.source" value="Reuters"/>
<dc element="dc.creator.location" value="NEW YORK"/>
<dc element="dc.creator.location.country.name" value="USA"/>
<dc element="dc.source" value="Reuters"/>
</metadata>
</newsitem>
