<?xml version="1.0" encoding="iso-8859-1" ?>
<newsitem itemid="429572" id="root" date="1997-03-10" xml:lang="en">
<title>USA: Great Western says deal to be closed quickly.</title>
<headline>Great Western says deal to be closed quickly.</headline>
<dateline>LOS ANGELES 1997-03-10</dateline>
<text>
<p>Great Western Financial Corp said H.F. Ahmanson's presentation Monday before investors was a desparate attempt to win over investors and it remains confident its merger with Washington Mutual Savings Bank will be consummated quickly.</p>
<p>&quot;Ahmanson's presentation was a desperate and hollow attempt to justify what continues to be an inferior merger proposal and a losing proposition,&quot; a Great Western spokesman said.</p>
<p>&quot;We remain committed to the agreement with (WAMU) and we're confident it will be consummated quickly,&quot; he said.  </p>
<p>Earlier, Ahmanson chief executive officer Charles Rinehart said that Ahmanson's bid was financially superior and more credible than Washington Mutual's.</p>
<p>Ahmanson said Washington Mutual's deal would be permanently dilutive and would not produce the revenue enchancements the companies have claimed.</p>
</text>
<copyright>(c) Reuters Limited 1997</copyright>
<metadata>
<codes class="bip:countries:1.0">
  <code code="USA">
    <editdetail attribution="Reuters BIP Coding Group" action="confirmed" date="1997-03-10"/>
  </code>
</codes>
<codes class="bip:industries:1.0">
  <code code="I81501">
    <editdetail attribution="Reuters BIP Coding Group" action="confirmed" date="1997-03-10"/>
  </code>
  <code code="I8150103">
    <editdetail attribution="Reuters BIP Coding Group" action="confirmed" date="1997-03-10"/>
  </code>
</codes>
<codes class="bip:topics:1.0">
  <code code="C18">
    <editdetail attribution="Reuters BIP Coding Group" action="confirmed" date="1997-03-10"/>
  </code>
  <code code="C181">
    <editdetail attribution="Reuters BIP Coding Group" action="confirmed" date="1997-03-10"/>
  </code>
  <code code="CCAT">
    <editdetail attribution="Reuters BIP Coding Group" action="confirmed" date="1997-03-10"/>
  </code>
</codes>
<dc element="dc.date.created" value="1997-03-10"/>
<dc element="dc.publisher" value="Reuters Holdings Plc"/>
<dc element="dc.date.published" value="1997-03-10"/>
<dc element="dc.source" value="Reuters"/>
<dc element="dc.creator.location" value="LOS ANGELES"/>
<dc element="dc.creator.location.country.name" value="USA"/>
<dc element="dc.source" value="Reuters"/>
</metadata>
</newsitem>
