<?xml version="1.0" encoding="iso-8859-1" ?>
<newsitem itemid="429518" id="root" date="1997-03-10" xml:lang="en">
<title>USA: Great Atlantic &amp; Pacific Tea Q4 shr $0.60.</title>
<headline>Great Atlantic &amp; Pacific Tea Q4 shr $0.60.</headline>
<dateline>MONTVALE, N.J. 1997-03-10</dateline>
<text>
<p>(In thousands, except share amounts and store data)</p>
<p>	 12 WKS ENDED  12 WKS ENDED  52 WKS ENDED  52 WKS ENDED</p>
<p>FEB. 22, 1997  FEB. 24, 1996  FEB. 22, 1997  FEB. 24, 1996</p>
<p> SALES	  $2,347,711  $2,331,074 $10,089,014  $10,101,356</p>
<p> GROSS MARGIN    693,900     690,201   2,921,699    2,935,237</p>
<p>GROSS MARGIN RATE</p>
<p>			29.56%	29.61%	28.96%	 29.06%</p>
<p>INCOME FROM</p>
<p> OPERATIONS	 47,609	45,754     169,303	151,734</p>
<p>NET INCOME	 23,068	25,555	73,032	 57,224</p>
<p>NET INCOME PER SHARE</p>
<p>			  0.60	  0.67	  1.91	   1.50</p>
<p>WEIGHTED AVERAGE NUMBER OF COMMON</p>
<p>&amp; COMMON EQUIVALENT SHARES</p>
<p> OUTSTANDING  38,307,647  38,220,458  38,287,589   38,221,707</p>
<p>NUMBER OF STORES OPERATED AT END OF</p>
<p> QUARTER		 973	 1,014	   973	  1,014</p>
<p>NUMBER OF FRANCHISED STORES</p>
<p>SERVED AT END OF QUARTER</p>
<p>			    49	     -	    49		-</p>
<p>	    (In thousands, except share amounts and store data)</p>
<p>	 12 WKS ENDED  12 WKS ENDED  52 WKS ENDED  52 WKS ENDED</p>
<p>FEB. 22, 1997  FEB. 24, 1996  FEB. 22, 1997  FEB. 24, 1996</p>
<p> SALES	$2,347,711   $2,331,074  $10,089,014  $10,101,356</p>
<p>-- New York Newsdesk 212 859-1610</p>
</text>
<copyright>(c) Reuters Limited 1997</copyright>
<metadata>
<codes class="bip:countries:1.0">
  <code code="USA">
    <editdetail attribution="Reuters BIP Coding Group" action="confirmed" date="1997-03-10"/>
  </code>
</codes>
<codes class="bip:industries:1.0">
  <code code="I64100">
    <editdetail attribution="Reuters BIP Coding Group" action="confirmed" date="1997-03-10"/>
  </code>
</codes>
<codes class="bip:topics:1.0">
  <code code="C15">
    <editdetail attribution="Reuters BIP Coding Group" action="confirmed" date="1997-03-10"/>
  </code>
  <code code="C151">
    <editdetail attribution="Reuters BIP Coding Group" action="confirmed" date="1997-03-10"/>
  </code>
  <code code="C1511">
    <editdetail attribution="Reuters BIP Coding Group" action="confirmed" date="1997-03-10"/>
  </code>
  <code code="CCAT">
    <editdetail attribution="Reuters BIP Coding Group" action="confirmed" date="1997-03-10"/>
  </code>
</codes>
<dc element="dc.date.created" value="1997-03-10"/>
<dc element="dc.publisher" value="Reuters Holdings Plc"/>
<dc element="dc.date.published" value="1997-03-10"/>
<dc element="dc.source" value="Reuters"/>
<dc element="dc.creator.location" value="MONTVALE, N.J."/>
<dc element="dc.creator.location.country.name" value="USA"/>
<dc element="dc.source" value="Reuters"/>
</metadata>
</newsitem>
