<?xml version="1.0" encoding="iso-8859-1" ?>
<newsitem itemid="429541" id="root" date="1997-03-10" xml:lang="en">
<title>USA: U.S. Treasury balances at Fed rose on March 7.</title>
<headline>U.S. Treasury balances at Fed rose on March 7.</headline>
<dateline>WASHINGTON 1997-03-10</dateline>
<text>
<p>U.S. Treasury balances at Federal Reserve based on Treasury Department's latest budget statement.</p>
<p>			  (BILLIONS OF DLRS)</p>
<p>				 March 7		March 6</p>
<p>Fed acct			 5.290		  5.136</p>
<p>Tax/loan note acct	   8.333		 11.858</p>
<p>Cash balance		  13.623		 16.994</p>
<p>---</p>
<p>Total public debt,  subject to limit	5,265.656</p>
<p>	    5,270.822</p>
<p>---</p>
<p>Treasury said individual income tax refunds valued at $5.329 billion were issued and $54 million of corporate refunds were issued.</p>
</text>
<copyright>(c) Reuters Limited 1997</copyright>
<metadata>
<codes class="bip:countries:1.0">
  <code code="USA">
    <editdetail attribution="Reuters BIP Coding Group" action="confirmed" date="1997-03-10"/>
  </code>
</codes>
<codes class="bip:topics:1.0">
  <code code="E12">
    <editdetail attribution="Reuters BIP Coding Group" action="confirmed" date="1997-03-10"/>
  </code>
  <code code="E121">
    <editdetail attribution="Reuters BIP Coding Group" action="confirmed" date="1997-03-10"/>
  </code>
  <code code="E51">
    <editdetail attribution="Reuters BIP Coding Group" action="confirmed" date="1997-03-10"/>
  </code>
  <code code="E513">
    <editdetail attribution="Reuters BIP Coding Group" action="confirmed" date="1997-03-10"/>
  </code>
  <code code="ECAT">
    <editdetail attribution="Reuters BIP Coding Group" action="confirmed" date="1997-03-10"/>
  </code>
</codes>
<dc element="dc.date.created" value="1997-03-10"/>
<dc element="dc.publisher" value="Reuters Holdings Plc"/>
<dc element="dc.date.published" value="1997-03-10"/>
<dc element="dc.source" value="Reuters"/>
<dc element="dc.creator.location" value="WASHINGTON"/>
<dc element="dc.creator.location.country.name" value="USA"/>
<dc element="dc.source" value="Reuters"/>
</metadata>
</newsitem>
