<?xml version="1.0" encoding="iso-8859-1" ?>
<newsitem itemid="429501" id="root" date="1997-03-10" xml:lang="en">
<title>USA: Ortel Corp stake held by FMR Corp.</title>
<headline>Ortel Corp stake held by FMR Corp.</headline>
<dateline>WASHINGTON 1997-03-10</dateline>
<text>
<p>A group led by FMR Corp said in a Securities and Exchange Commission filing Monday it holds a 10.44 percent stake in Ortel Corp, or 1,196,300 common shares.</p>
<p>The group disclosed its latest position on Ortel in a 13G filing. FMR Corp is the parent to Fidelity Management &amp; Research Co, the investment adviser to Fidelity Funds.</p>
<p>Filings under 13G are usually made by institutions and large investors with &quot;passive&quot; investment objectives in a company. Unlike 13D filings, those reports do not list the latest transactions.</p>
<p>Ortel, based in Alhambra, Calif., makes products to enable transmission of signals by fiber optic cable.</p>
</text>
<copyright>(c) Reuters Limited 1997</copyright>
<metadata>
<codes class="bip:countries:1.0">
  <code code="USA">
    <editdetail attribution="Reuters BIP Coding Group" action="confirmed" date="1997-03-10"/>
  </code>
</codes>
<codes class="bip:industries:1.0">
  <code code="I34100">
    <editdetail attribution="Reuters BIP Coding Group" action="confirmed" date="1997-03-10"/>
  </code>
  <code code="I81502">
    <editdetail attribution="Reuters BIP Coding Group" action="confirmed" date="1997-03-10"/>
  </code>
</codes>
<codes class="bip:topics:1.0">
  <code code="C18">
    <editdetail attribution="Reuters BIP Coding Group" action="confirmed" date="1997-03-10"/>
  </code>
  <code code="C181">
    <editdetail attribution="Reuters BIP Coding Group" action="confirmed" date="1997-03-10"/>
  </code>
  <code code="CCAT">
    <editdetail attribution="Reuters BIP Coding Group" action="confirmed" date="1997-03-10"/>
  </code>
</codes>
<dc element="dc.date.created" value="1997-03-10"/>
<dc element="dc.publisher" value="Reuters Holdings Plc"/>
<dc element="dc.date.published" value="1997-03-10"/>
<dc element="dc.source" value="Reuters"/>
<dc element="dc.creator.location" value="WASHINGTON"/>
<dc element="dc.creator.location.country.name" value="USA"/>
<dc element="dc.source" value="Reuters"/>
</metadata>
</newsitem>
