<?xml version="1.0" encoding="iso-8859-1" ?>
<newsitem itemid="429504" id="root" date="1997-03-10" xml:lang="en">
<title>USA: American Financial Q4 oper shr down.</title>
<headline>American Financial Q4 oper shr down.</headline>
<dateline>CINCINNATI 1997-03-10</dateline>
<text>
<p>Three months Ended	Year ended</p>
<p>				     December 31,	  December 31,</p>
<p>				     1996     1995	1996	1995</p>
<p>    Revenues		  $2,291   $15,013   $89,705   $32,053</p>
<p>Earnings before</p>
<p>federal income taxes</p>
<p>and extraordinary items</p>
<p>				     832    14,228    85,973    29,035</p>
<p>Provision (credit) for</p>
<p>	federal income taxes  (438)    4,856    27,534     8,123</p>
<p>Earnings before</p>
<p>	extraordinary items  1,270     9,372    58,439    20,912</p>
<p>    Extraordinary items (*) (253)	 --    (2,714)	 --</p>
<p>    Net Earnings	     1,017     9,372    55,725    20,912</p>
<p>Earnings per Common Share:</p>
<p>Before extraordinary</p>
<p>	items		     $.10	$.70     $4.40     $1.57</p>
<p>    Extraordinary items     (.03)	 --	(.21)	 --</p>
<p>    Net earnings		 .07	 .70	4.19	1.57</p>
<p>Cash dividends per</p>
<p>	Common Share	    $.10	$.25	$.40	$.55</p>
<p>Average number of</p>
<p>	Common Shares	 13,291    13,291    13,291    13,291</p>
<p>NOTE: Full company name is American Financial Enterprises Inc.</p>
<p>(*) AFEI's proportionate share of affiliates' losses on prepayment of debt, net of tax.</p>
</text>
<copyright>(c) Reuters Limited 1997</copyright>
<metadata>
<codes class="bip:countries:1.0">
  <code code="USA">
    <editdetail attribution="Reuters BIP Coding Group" action="confirmed" date="1997-03-10"/>
  </code>
</codes>
<codes class="bip:industries:1.0">
  <code code="I81502">
    <editdetail attribution="Reuters BIP Coding Group" action="confirmed" date="1997-03-10"/>
  </code>
</codes>
<codes class="bip:topics:1.0">
  <code code="C15">
    <editdetail attribution="Reuters BIP Coding Group" action="confirmed" date="1997-03-10"/>
  </code>
  <code code="C151">
    <editdetail attribution="Reuters BIP Coding Group" action="confirmed" date="1997-03-10"/>
  </code>
  <code code="C1511">
    <editdetail attribution="Reuters BIP Coding Group" action="confirmed" date="1997-03-10"/>
  </code>
  <code code="CCAT">
    <editdetail attribution="Reuters BIP Coding Group" action="confirmed" date="1997-03-10"/>
  </code>
</codes>
<dc element="dc.date.created" value="1997-03-10"/>
<dc element="dc.publisher" value="Reuters Holdings Plc"/>
<dc element="dc.date.published" value="1997-03-10"/>
<dc element="dc.source" value="Reuters"/>
<dc element="dc.creator.location" value="CINCINNATI"/>
<dc element="dc.creator.location.country.name" value="USA"/>
<dc element="dc.source" value="Reuters"/>
</metadata>
</newsitem>
