<?xml version="1.0" encoding="iso-8859-1" ?>
<newsitem itemid="429598" id="root" date="1997-03-10" xml:lang="en">
<title>USA: U.S. bill auction rates average 5.06, 5.18 pct.</title>
<headline>U.S. bill auction rates average 5.06, 5.18 pct.</headline>
<dateline>WASHINGTON 1997-03-10</dateline>
<text>
<p>The U.S. Treasury said its auction of three and six-month bills brought these results:</p>
<p>91-DAY BILLS DUE JUNE 12, 1997 * $12.068 BILLION</p>
<p>	 DISCOUNT INVESTMENT PRICE</p>
<p> Low	  5.04   5.18   98.726   LOW SINCE 5.01%--24.Feb.97</p>
<p> High	 5.06   5.20   98.721   ACCEPTED AT HIGH   38 PCT</p>
<p> Average    5.06   5.20   98.721   AVG RATE LAST WK    5.10</p>
<p>182-DAY BILLS DUE SEPT 11, 1997 * $12.117 BILLION</p>
<p> Low	  5.16   5.37   97.391   LOW SINCE 5.03%--24.Feb.97</p>
<p> High	 5.18   5.39   97.381   ACCEPTED AT HIGH   41 PCT</p>
<p> Average    5.18   5.39   97.381   AVG RATE LAST WK    5.19</p>
<p> U.S. TREASURY (GOVERNMENT DEBT)		 MATURITY 12.Jun.97</p>
<p> MATURITY/TYPE    91-DAY BILLS		   PAY DATE 13.Mar.97</p>
<p> TYPE OF DEBT     STRAIGHT			 LAUNCHED 10.Mar.97</p>
<p> ISSUED/ACCEPTED  12.068 BLN USD		 CUSIP    9127944M3</p>
<p> BIDS SUBMITTED   52.643			   COUNTRY	  USA</p>
<p> NONCOMPETITIVE    1.380			    AUCTION AVERAGES</p>
<p> NY FED DISTRICT    N.A.			   DISCOUNT     5.06</p>
<p> FOREIGN INSTITN  510.00 MLN		     PRICE	98.721</p>
<p> BIDDING RANGE     5.04-5.06 PCT		 YIELD	  5.20</p>
<p>	 COVER (Bids Over Amount Auctioned) = 4.362 TIMES</p>
<p>	 TAIL  (High  Minus Average  Yield) = 0 BASIS PTS</p>
<p> U.S. TREASURY (GOVERNMENT DEBT)		 MATURITY 11.Sep.97</p>
<p> MATURITY/TYPE    182-DAY BILLS		  PAY DATE 13.Mar.97</p>
<p> TYPE OF DEBT     STRAIGHT			 LAUNCHED 10.Mar.97</p>
<p> ISSUED/ACCEPTED  12.117 BLN USD		 CUSIP    9127945M2</p>
<p> BIDS SUBMITTED   40.215			   COUNTRY	  USA</p>
<p> NONCOMPETITIVE    1.147			    AUCTION AVERAGES</p>
<p> NY FED DISTRICT    N.A.			   DISCOUNT     5.18</p>
<p> FOREIGN INSTITN   1.947			   PRICE	97.381</p>
<p> BIDDING RANGE     5.16-5.18 PCT		 YIELD	  5.39</p>
<p>	 COVER (Bids Over Amount Auctioned) = 3.319 TIMES</p>
<p>	 TAIL  (High  Minus Average  Yield) = 0 BASIS PTS</p>
</text>
<copyright>(c) Reuters Limited 1997</copyright>
<metadata>
<codes class="bip:countries:1.0">
  <code code="USA">
    <editdetail attribution="Reuters BIP Coding Group" action="confirmed" date="1997-03-10"/>
  </code>
</codes>
<codes class="bip:topics:1.0">
  <code code="M13">
    <editdetail attribution="Reuters BIP Coding Group" action="confirmed" date="1997-03-10"/>
  </code>
  <code code="M131">
    <editdetail attribution="Reuters BIP Coding Group" action="confirmed" date="1997-03-10"/>
  </code>
  <code code="MCAT">
    <editdetail attribution="Reuters BIP Coding Group" action="confirmed" date="1997-03-10"/>
  </code>
</codes>
<dc element="dc.date.created" value="1997-03-10"/>
<dc element="dc.publisher" value="Reuters Holdings Plc"/>
<dc element="dc.date.published" value="1997-03-10"/>
<dc element="dc.source" value="Reuters"/>
<dc element="dc.creator.location" value="WASHINGTON"/>
<dc element="dc.creator.location.country.name" value="USA"/>
<dc element="dc.source" value="Reuters"/>
</metadata>
</newsitem>
