<?xml version="1.0" encoding="iso-8859-1" ?>
<newsitem itemid="429535" id="root" date="1997-03-10" xml:lang="en">
<title>USA: Allegheny sees Q1 gain from Nitinol sale.</title>
<headline>Allegheny sees Q1 gain from Nitinol sale.</headline>
<dateline>PITTSBURGH 1997-03-10</dateline>
<text>
<p>Allegheny Teledyne Inc on Monday said it would realize a first-quarter gain of $0.05 per share from the sale of its stake in Nitinol Development Corp to Johnson &amp; Johnson's Cordis Corp.</p>
<p>The company said it sold its interest in metal alloy business for $20 million. The first-quarter gain will amount to $9.2 million.</p>
<p>Allegheny Teledyne Inc is a group of technology-based manufacturing businesses concentrating in specialty metals, complemented by aerospace and electronics, industrial, and consumer products.</p>
</text>
<copyright>(c) Reuters Limited 1997</copyright>
<metadata>
<codes class="bip:countries:1.0">
  <code code="USA">
    <editdetail attribution="Reuters BIP Coding Group" action="confirmed" date="1997-03-10"/>
  </code>
</codes>
<codes class="bip:industries:1.0">
  <code code="I25000">
    <editdetail attribution="Reuters BIP Coding Group" action="confirmed" date="1997-03-10"/>
  </code>
</codes>
<codes class="bip:topics:1.0">
  <code code="C15">
    <editdetail attribution="Reuters BIP Coding Group" action="confirmed" date="1997-03-10"/>
  </code>
  <code code="C152">
    <editdetail attribution="Reuters BIP Coding Group" action="confirmed" date="1997-03-10"/>
  </code>
  <code code="C18">
    <editdetail attribution="Reuters BIP Coding Group" action="confirmed" date="1997-03-10"/>
  </code>
  <code code="C181">
    <editdetail attribution="Reuters BIP Coding Group" action="confirmed" date="1997-03-10"/>
  </code>
  <code code="CCAT">
    <editdetail attribution="Reuters BIP Coding Group" action="confirmed" date="1997-03-10"/>
  </code>
</codes>
<dc element="dc.date.created" value="1997-03-10"/>
<dc element="dc.publisher" value="Reuters Holdings Plc"/>
<dc element="dc.date.published" value="1997-03-10"/>
<dc element="dc.source" value="Reuters"/>
<dc element="dc.creator.location" value="PITTSBURGH"/>
<dc element="dc.creator.location.country.name" value="USA"/>
<dc element="dc.source" value="Reuters"/>
</metadata>
</newsitem>
