<?xml version="1.0" encoding="iso-8859-1" ?>
<newsitem itemid="429524" id="root" date="1997-03-10" xml:lang="en">
<title>USA: Graham-Field Health Q4 shr oper loss $0.92.</title>
<headline>Graham-Field Health Q4 shr oper loss $0.92.</headline>
<dateline>HAUPPAUGE, N.Y. 1997-03-10</dateline>
<text>
<p>GRAHAM-FIELD HEALTH PRODUCTS INC AND SUBSIDIARIES</p>
<p>		    Three Months Ended	   Year Ended</p>
<p>			December 31,		 December 31,</p>
<p>		   1996	 1995	    1996	    1995</p>
<p> REVS     $37,885,000 $25,890,000  $127,245,000  $100,403,000</p>
<p>COST AND EXPENSES:</p>
<p>Cost of</p>
<p>   revs    26,074,000  17,687,000    86,315,000    68,883,000</p>
<p>Selling, general</p>
<p> and admin  9,098,000   6,950,000    32,180,000    27,566,000</p>
<p>Interest</p>
<p>   expense   606,000     592,000     2,492,000     2,656,000</p>
<p>		   (b)	    --	12,800,000(b)	  --</p>
<p>Merger related</p>
<p>non-recurring</p>
<p>charges</p>
<p>	   3,000,000(c)	   --	3,000,000(c)	  --</p>
<p>	   51,578,000   25,229,000     136,787,000    99,105,000</p>
<p>(LOSS) INCOME</p>
<p>BEFORE INCOME</p>
<p>TAXES AND  </p>
<p>EXTRAORDINARY</p>
<p>   ITEM  (13,693,000)   661,000	(9,542,000)     1,298,000</p>
<p>  TAXES	812,000    302,000	 2,673,000	  560,000</p>
<p>(LOSS) INCOME</p>
<p>BEFORE</p>
<p>EXTRAORDINARY</p>
<p>   ITEM  (14,505,000)   359,000     (12,215,000)	 738,000</p>
<p>EXTRAORDINARY ITEM - LOSS</p>
<p>RELATED TO EARLY</p>
<p>EXTINGUISHMENT</p>
<p>OF DEBT, NET</p>
<p>OF $383,000</p>
<p>INCOME TAX BENEFIT</p>
<p>	   (736,000)(d)	 --	 (736,000)(d)	    --</p>
<p>NET (LOSS)</p>
<p>INCOME</p>
<p>	  ( 15,241,000)     359,000   ( 12,951,000)	738,000</p>
<p>COMMON PER SHARE DATA:</p>
<p>(LOSS) INCOME</p>
<p>BEFORE</p>
<p>EXTRAORDINARY</p>
<p>    ITEM	  (.92)	   .03	   (.84)	     .06</p>
<p>EXTRAORDINARY ITEM - LOSS</p>
<p>RELATED TO EARLY EXTINGUISHMENT</p>
<p>   OF DEBT	(.05)	    --	   (.05)		--</p>
<p>NET (LOSS)</p>
<p>   INCOME (a)   (.97)	   .03	   (.89)	     .06</p>
<p>AVG NUMBER OF SHRS</p>
<p> OUTSTANDING 15,857,000  14,101,000    14,574,000  13,332,000</p>
<p>(a) net income per common share, without the effect of the</p>
<p>non-recurring charges and extraordinary item, was $0.08</p>
<p>and $0.24 for the three and twelve months ended December</p>
<p>31, 1996, respectively.  Per share data reflects accrued</p>
<p>dividends of $89,000 on the company's preferred stock.</p>
<p>(b) Reflects non-recurring charge of purchased in process</p>
<p>research and development costs, with no tax benefit</p>
<p>recorded.</p>
<p>(c) Reflects non-recurring charges for merger related costs,</p>
<p>with no tax benefit recorded.</p>
<p>(d) Reflects a $736,000 extraordinary item, which is net of</p>
<p>income tax benefit, related to the early extinguishment</p>
<p>of debt.</p>
<p>(( -- New York Newsdesk 212 859-1610))</p>
</text>
<copyright>(c) Reuters Limited 1997</copyright>
<metadata>
<codes class="bip:countries:1.0">
  <code code="USA">
    <editdetail attribution="Reuters BIP Coding Group" action="confirmed" date="1997-03-10"/>
  </code>
</codes>
<codes class="bip:industries:1.0">
  <code code="I25700">
    <editdetail attribution="Reuters BIP Coding Group" action="confirmed" date="1997-03-10"/>
  </code>
</codes>
<codes class="bip:topics:1.0">
  <code code="C15">
    <editdetail attribution="Reuters BIP Coding Group" action="confirmed" date="1997-03-10"/>
  </code>
  <code code="C151">
    <editdetail attribution="Reuters BIP Coding Group" action="confirmed" date="1997-03-10"/>
  </code>
  <code code="C1511">
    <editdetail attribution="Reuters BIP Coding Group" action="confirmed" date="1997-03-10"/>
  </code>
  <code code="CCAT">
    <editdetail attribution="Reuters BIP Coding Group" action="confirmed" date="1997-03-10"/>
  </code>
</codes>
<dc element="dc.date.created" value="1997-03-10"/>
<dc element="dc.publisher" value="Reuters Holdings Plc"/>
<dc element="dc.date.published" value="1997-03-10"/>
<dc element="dc.source" value="Reuters"/>
<dc element="dc.creator.location" value="HAUPPAUGE, N.Y."/>
<dc element="dc.creator.location.country.name" value="USA"/>
<dc element="dc.source" value="Reuters"/>
</metadata>
</newsitem>
