<?xml version="1.0" encoding="iso-8859-1" ?>
<newsitem itemid="429545" id="root" date="1997-03-10" xml:lang="en">
<title>USA: ABM Industries Inc Q1 shr rises to $0.22.</title>
<headline>ABM Industries Inc Q1 shr rises to $0.22.</headline>
<dateline>SAN FRANCISCO 1997-03-10</dateline>
<text>
<p>ABM INDUSTRIES INC.</p>
<p>						  (Unaudited)</p>
<p>					    1996	    1997  Increase</p>
<p>				     ---------------------------------</p>
<p>Three Months Ended Jan. 31</p>
<p>Revenues			    $254,401,000  $291,638,000   15%</p>
<p>Income before income taxes	 7,102,000     8,345,000   18%</p>
<p>Net income			  $  4,048,000  $  4,840,000   20%</p>
<p>Earnings per Common and Common</p>
<p> Equivalent Share			  $0.20	   $0.22   10%</p>
<p>Common and Common</p>
<p> Equivalent Shares		  19,796,000    21,416,000    8%</p>
<p>Note:  All share and per share amounts reflect a 2-for-1 common stock split on July 15, 1996.</p>
<p>Earnings per share in Q1 1997 include the initial dilutive effect of a recent stock-for-assets acquisition.</p>
</text>
<copyright>(c) Reuters Limited 1997</copyright>
<metadata>
<codes class="bip:countries:1.0">
  <code code="USA">
    <editdetail attribution="Reuters BIP Coding Group" action="confirmed" date="1997-03-10"/>
  </code>
</codes>
<codes class="bip:industries:1.0">
  <code code="I83700">
    <editdetail attribution="Reuters BIP Coding Group" action="confirmed" date="1997-03-10"/>
  </code>
</codes>
<codes class="bip:topics:1.0">
  <code code="C15">
    <editdetail attribution="Reuters BIP Coding Group" action="confirmed" date="1997-03-10"/>
  </code>
  <code code="C151">
    <editdetail attribution="Reuters BIP Coding Group" action="confirmed" date="1997-03-10"/>
  </code>
  <code code="CCAT">
    <editdetail attribution="Reuters BIP Coding Group" action="confirmed" date="1997-03-10"/>
  </code>
</codes>
<dc element="dc.date.created" value="1997-03-10"/>
<dc element="dc.publisher" value="Reuters Holdings Plc"/>
<dc element="dc.date.published" value="1997-03-10"/>
<dc element="dc.source" value="Reuters"/>
<dc element="dc.creator.location" value="SAN FRANCISCO"/>
<dc element="dc.creator.location.country.name" value="USA"/>
<dc element="dc.source" value="Reuters"/>
</metadata>
</newsitem>
