<?xml version="1.0" encoding="iso-8859-1" ?>
<newsitem itemid="429554" id="root" date="1997-03-10" xml:lang="en">
<title>USA: La Jolla calls high trading volume &quot;inexplicable&quot;.</title>
<headline>La Jolla calls high trading volume &quot;inexplicable&quot;.</headline>
<dateline>LA JOLLA, Calif 1997-03-10</dateline>
<text>
<p>La Jolla Diagnostics Inc said Monday it has learned of an inexplicable increase in the trading volume in its shares.</p>
<p>At 1530 EST/2030 GMT 2,704,100 shares of the stock had traded, including 85 block trades totaling 1,521,400 shares.</p>
<p>The company added that while it is engaged in the development and marketing of diagnostic tests, ophthalmic and other consumer health care products, it is not in the business of providing outside diagnostic laboratory services and has no plans to enter that market.</p>
<p>Further, La Jolla said it has not entered into any negotiations, letters of intent, or agreements to provide diagnostic or other laboratory services.</p>
<p>The company said it has developed and is marketing Living Water Eye Lotion, and plans to introduce a number of new products based upon the same formulating technology. It also said it is developing diagnostic products, including a DNA fingerprinting test for breast cancer.</p>
</text>
<copyright>(c) Reuters Limited 1997</copyright>
<metadata>
<codes class="bip:countries:1.0">
  <code code="USA">
    <editdetail attribution="Reuters BIP Coding Group" action="confirmed" date="1997-03-10"/>
  </code>
</codes>
<codes class="bip:industries:1.0">
  <code code="I25700">
    <editdetail attribution="Reuters BIP Coding Group" action="confirmed" date="1997-03-10"/>
  </code>
</codes>
<codes class="bip:topics:1.0">
  <code code="C15">
    <editdetail attribution="Reuters BIP Coding Group" action="confirmed" date="1997-03-10"/>
  </code>
  <code code="C152">
    <editdetail attribution="Reuters BIP Coding Group" action="confirmed" date="1997-03-10"/>
  </code>
  <code code="CCAT">
    <editdetail attribution="Reuters BIP Coding Group" action="confirmed" date="1997-03-10"/>
  </code>
</codes>
<dc element="dc.date.created" value="1997-03-10"/>
<dc element="dc.publisher" value="Reuters Holdings Plc"/>
<dc element="dc.date.published" value="1997-03-10"/>
<dc element="dc.source" value="Reuters"/>
<dc element="dc.creator.location" value="LA JOLLA, Calif"/>
<dc element="dc.creator.location.country.name" value="USA"/>
<dc element="dc.source" value="Reuters"/>
</metadata>
</newsitem>
