<?xml version="1.0" encoding="iso-8859-1" ?>
<newsitem itemid="429538" id="root" date="1997-03-10" xml:lang="en">
<title>USA: Adeza Biomedical sues Matria.</title>
<headline>Adeza Biomedical sues Matria.</headline>
<dateline>SUNNYVALE, Calif. 1997-03-10</dateline>
<text>
<p>Adeza Biomedical Corp said Monday it sued its marketing partner, Matria Healthcare Inc, alleging that Matria breached an exclusive marketing agreement and engaged in unfair competition.</p>
<p>Adeza alleges Matria failed to use its best efforts to promote and market Adeza's test for predicting premature birth. Adeza seeks to end its agreement with Matria.</p>
<p>Adeza developed and manufactures a proprietary enzyme- linked immunosorbent assay (ELISA) diagnostic known as the fFN ELISA Test. The test detects the presence of the protein fetal fibronectin (fFN), which has been demonstrated to predict preterm delivery when found in the cervicovaginal secretions of women with between 24 and 34 completed weeks of pregnancy, Adeza said.</p>
<p>Matria did not return calls seeking comment. Matria lost one to 4-1/2.</p>
</text>
<copyright>(c) Reuters Limited 1997</copyright>
<metadata>
<codes class="bip:countries:1.0">
  <code code="USA">
    <editdetail attribution="Reuters BIP Coding Group" action="confirmed" date="1997-03-10"/>
  </code>
</codes>
<codes class="bip:industries:1.0">
  <code code="I25700">
    <editdetail attribution="Reuters BIP Coding Group" action="confirmed" date="1997-03-10"/>
  </code>
</codes>
<codes class="bip:topics:1.0">
  <code code="C12">
    <editdetail attribution="Reuters BIP Coding Group" action="confirmed" date="1997-03-10"/>
  </code>
  <code code="CCAT">
    <editdetail attribution="Reuters BIP Coding Group" action="confirmed" date="1997-03-10"/>
  </code>
  <code code="GCAT">
    <editdetail attribution="Reuters BIP Coding Group" action="confirmed" date="1997-03-10"/>
  </code>
  <code code="GCRIM">
    <editdetail attribution="Reuters BIP Coding Group" action="confirmed" date="1997-03-10"/>
  </code>
</codes>
<dc element="dc.date.created" value="1997-03-10"/>
<dc element="dc.publisher" value="Reuters Holdings Plc"/>
<dc element="dc.date.published" value="1997-03-10"/>
<dc element="dc.source" value="Reuters"/>
<dc element="dc.creator.location" value="SUNNYVALE, Calif."/>
<dc element="dc.creator.location.country.name" value="USA"/>
<dc element="dc.source" value="Reuters"/>
</metadata>
</newsitem>
