<?xml version="1.0" encoding="iso-8859-1" ?>
<newsitem itemid="429539" id="root" date="1997-03-10" xml:lang="en">
<title>USA: ITT Educational Services enters Nevada.</title>
<headline>ITT Educational Services enters Nevada.</headline>
<dateline>INDIANAPOLIS, Ind. 1997-03-10</dateline>
<text>
<p>ITT Educational Services Inc, a private college system focused on technology oriented programs of study, said Monday it received a license to open a new ITT Technical Institute in Henderson, Nev.</p>
<p>The new campus, near Las Vegas, will be the company's first in the state of Nevada and will increase the number of ITT Technical Institutes to 60 in 27 states.</p>
<p>First classes in Nevada will start in June, the company said.</p>
<p>((Reuters Chicago Newsdesk (312) 408-8787))</p>
</text>
<copyright>(c) Reuters Limited 1997</copyright>
<metadata>
<codes class="bip:countries:1.0">
  <code code="USA">
    <editdetail attribution="Reuters BIP Coding Group" action="confirmed" date="1997-03-10"/>
  </code>
</codes>
<codes class="bip:industries:1.0">
  <code code="I66500">
    <editdetail attribution="Reuters BIP Coding Group" action="confirmed" date="1997-03-10"/>
  </code>
</codes>
<codes class="bip:topics:1.0">
  <code code="C13">
    <editdetail attribution="Reuters BIP Coding Group" action="confirmed" date="1997-03-10"/>
  </code>
  <code code="C22">
    <editdetail attribution="Reuters BIP Coding Group" action="confirmed" date="1997-03-10"/>
  </code>
  <code code="CCAT">
    <editdetail attribution="Reuters BIP Coding Group" action="confirmed" date="1997-03-10"/>
  </code>
  <code code="GCAT">
    <editdetail attribution="Reuters BIP Coding Group" action="confirmed" date="1997-03-10"/>
  </code>
</codes>
<dc element="dc.date.created" value="1997-03-10"/>
<dc element="dc.publisher" value="Reuters Holdings Plc"/>
<dc element="dc.date.published" value="1997-03-10"/>
<dc element="dc.source" value="Reuters"/>
<dc element="dc.creator.location" value="INDIANAPOLIS, Ind."/>
<dc element="dc.creator.location.country.name" value="USA"/>
<dc element="dc.source" value="Reuters"/>
</metadata>
</newsitem>
