<?xml version="1.0" encoding="iso-8859-1" ?>
<newsitem itemid="429553" id="root" date="1997-03-10" xml:lang="en">
<title>USA: IMM currency futures end quiet day mostly higher.</title>
<headline>IMM currency futures end quiet day mostly higher.</headline>
<dateline>CHICAGO 1997-03-10</dateline>
<text>
<p>IMM currency futures at the Chicago Mercantile Exchange ended mostly higher, with June marks and Swiss francs near session highs.</p>
<p>Traders said concerns over possible EMU delays buoyed the mark, with long dollar profit-taking aiding currency gains.</p>
<p>But traders said action was extremely quiet to start out the week, with rangebound trade likely through midweek.</p>
<p>Currencies &quot;look like they could be turning,&quot; one IMM trading floor manager said. &quot;This week will be a very good indicator by Wednesday or Thursday and we'll see if the bullish dollar move will last much longer,&quot; he said.  </p>
<p>But overall, he said world interest rate differentials still make the dollar &quot;the best bet.&quot;</p>
<p>Others said marks and Swiss were due for an uptick after so many weeks of plumbing the lows.</p>
<p>&quot;It was good to see the mark finally higher,&quot; a currency futures trader said. &quot;I haven't seen the marks on the plus side in a long time.&quot;</p>
<p>He said yen futures trade was very quiet and choppy, with June remaining within its recent range. June has traded within a $0.008290 to $0.008397 band for five sessions. It settled near the middle of that zone on Monday.  </p>
<p>One futures analyst said Tuesday's trade could be pivotal for the rest of the week.</p>
<p>&quot;If I'm right, this dollar should start rallying now because we've had our two days of dips,&quot; he said.</p>
<p>&quot;The dollar on the chart looks overbought but fundamentally I think we're going to go higher in the dollar and lower in the currencies,&quot; he said.</p>
<p>Some currency action on Monday was tied to rolling of positions from March into June, because June took lead contract status on Monday.  </p>
<p>At the close, June yen was up $0.000015 at $0.008334, marks gained $0.0050 to $0.5914, Swiss francs rose $0.0044 to $0.6865, sterling rose $0.0020 to $1.6012, Can dollar lost $0.0010 to $0.7344, Aussie dollar rose $0.0010 at $0.7875, Mexican peso rose $0.000275 to $0.120125. ((DerivativesDesk(312)408-8750/E-mail:derivatives@reuters.com))</p>
</text>
<copyright>(c) Reuters Limited 1997</copyright>
<metadata>
<codes class="bip:countries:1.0">
  <code code="USA">
    <editdetail attribution="Reuters BIP Coding Group" action="confirmed" date="1997-03-10"/>
  </code>
</codes>
<codes class="bip:topics:1.0">
  <code code="M13">
    <editdetail attribution="Reuters BIP Coding Group" action="confirmed" date="1997-03-10"/>
  </code>
  <code code="M132">
    <editdetail attribution="Reuters BIP Coding Group" action="confirmed" date="1997-03-10"/>
  </code>
  <code code="MCAT">
    <editdetail attribution="Reuters BIP Coding Group" action="confirmed" date="1997-03-10"/>
  </code>
</codes>
<dc element="dc.date.created" value="1997-03-10"/>
<dc element="dc.publisher" value="Reuters Holdings Plc"/>
<dc element="dc.date.published" value="1997-03-10"/>
<dc element="dc.source" value="Reuters"/>
<dc element="dc.creator.location" value="CHICAGO"/>
<dc element="dc.creator.location.country.name" value="USA"/>
<dc element="dc.source" value="Reuters"/>
</metadata>
</newsitem>
