<?xml version="1.0" encoding="iso-8859-1" ?>
<newsitem itemid="429622" id="root" date="1997-03-10" xml:lang="en">
<title>USA: HP offers new remote PC network software.</title>
<headline>HP offers new remote PC network software.</headline>
<dateline>PALO ALTO, Calif. 1997-03-10</dateline>
<text>
<p>Hewlett-Packard Co said Monday it was offering its new remote PC network administration software.</p>
<p>The company said its second-generation HP NetServer E Series systems deliver solutions for the self-supported workgroup with little or no IT support, based on Web-based monitoring solutions.</p>
<p>The remote console allows off-site technical experts to dial into the server remotely to diagnose, reboot or reconfigure the system, Hewlett-Packard said.  </p>
<p>Computer Associates International Inc offers a similar network administrator system known as CA-Unicenter.</p>
<p>CA shares were off 1-3/4, or almost five percent, to 39-1/2 in midday trading on the New York Stock Exchange.</p>
<p>Hewlett-Packard shares were up 1/4 at 56-1/2.</p>
</text>
<copyright>(c) Reuters Limited 1997</copyright>
<metadata>
<codes class="bip:countries:1.0">
  <code code="USA">
    <editdetail attribution="Reuters BIP Coding Group" action="confirmed" date="1997-03-10"/>
  </code>
</codes>
<codes class="bip:industries:1.0">
  <code code="I33020">
    <editdetail attribution="Reuters BIP Coding Group" action="confirmed" date="1997-03-10"/>
  </code>
  <code code="I3302003">
    <editdetail attribution="Reuters BIP Coding Group" action="confirmed" date="1997-03-10"/>
  </code>
</codes>
<codes class="bip:topics:1.0">
  <code code="C22">
    <editdetail attribution="Reuters BIP Coding Group" action="confirmed" date="1997-03-10"/>
  </code>
  <code code="CCAT">
    <editdetail attribution="Reuters BIP Coding Group" action="confirmed" date="1997-03-10"/>
  </code>
</codes>
<dc element="dc.date.created" value="1997-03-10"/>
<dc element="dc.publisher" value="Reuters Holdings Plc"/>
<dc element="dc.date.published" value="1997-03-10"/>
<dc element="dc.source" value="Reuters"/>
<dc element="dc.creator.location" value="PALO ALTO, Calif."/>
<dc element="dc.creator.location.country.name" value="USA"/>
<dc element="dc.source" value="Reuters"/>
</metadata>
</newsitem>
