<?xml version="1.0" encoding="iso-8859-1" ?>
<newsitem itemid="429681" id="root" date="1997-03-10" xml:lang="en">
<title>UK: MOTOR RACING-FORMULA ONE CONSIDERING STOCK MARKET FLOAT.</title>
<headline>MOTOR RACING-FORMULA ONE CONSIDERING STOCK MARKET FLOAT.</headline>
<dateline>LONDON</dateline>
<text>
<p>Formula One, the global Grand Prix motor racing business, is considering a stock market flotation that would make its British founder, Bernie Ecclestone, a billionaire, financial sources said on Sunday.</p>
<p>They confirmed the accuracy of British newspaper reports that the listing, planned for London and New York, could go ahead before the summer and raise as much as 4 billion.</p>
<p>But a spokesman for Salomon Brothers, the U.S. investment bank which is preparing the deal, said nothing had been finalised.</p>
<p>&quot;Salomon Brothers are talking with Mr Ecclestone about a number of options for Formula One, including an initial public offering (of shares).</p>
<p>&quot;No decision has been taken about structure, timing or valuation and it is premature to speculate on any of these aspects,&quot; the spokesman said.</p>
<p>The flotation would capitalise on investors' thirst for high-profile sports businesses in Britain, where Newcastle United is one of several top soccer clubs planning to join Manchester United and Tottenham Hotspur on the stock market.</p>
<p>&quot;In terms of global popularity, brand recognition and television potential, I can't think of a more attractive sporting contract business to take to the public market,&quot; Christian Purslow, head of Salomon's media and communications business, told the Sunday Telegraph.</p>
<p>It said advisers had been working on the flotation for months, trying to sort out the complex web of contacts between Ecclestone, the racing teams and the track owners.</p>
<p>Ecclestone, a former second-hand car dealer, has built Formula One Promotions and Administration over the past 25 years into a global business.</p>
<p>Ecclestone, 65, still owns most of the company and the flotation would turn him overnight into one of Britain's wealthiest men, the papers said.</p>
<p>The 17 Grand Prix races each year, contested by 12 teams, are big television moneymakers, attracting an average 330 million viewers in more than 130 countries.</p>
<p>The British television rights to Formula One for the next five years were recently sold for 70 million pounds (112 million).</p>
<p>The first of this year's series, the Australian Grand Prix in Melbourne, was won earlier on Sunday by British driver David Coulthard.</p>
<p>The advent of digital broadcasting, which will increase the number of channels, is expected to boost the worldwide audience for Formula One even further.</p>
<p>&quot;While Mr Ecclestone's age has to be a factor in his decision to go public, the money raised is needed to fund the move to digital broadcasting, which will require the buying of satellite transmission time,&quot; the Sunday Telegraph said.</p>
<p>London Newsroom +44 171 542 7717</p>
</text>
<copyright>(c) Reuters Limited 1997</copyright>
<metadata>
<codes class="bip:countries:1.0">
  <code code="UK">
    <editdetail attribution="Reuters BIP Coding Group" action="confirmed" date="1997-03-10"/>
  </code>
</codes>
<codes class="bip:topics:1.0">
  <code code="GCAT">
    <editdetail attribution="Reuters BIP Coding Group" action="confirmed" date="1997-03-10"/>
  </code>
  <code code="GSPO">
    <editdetail attribution="Reuters BIP Coding Group" action="confirmed" date="1997-03-10"/>
  </code>
</codes>
<dc element="dc.publisher" value="Reuters Holdings Plc"/>
<dc element="dc.date.published" value="1997-03-10"/>
<dc element="dc.source" value="Reuters"/>
<dc element="dc.creator.location" value="LONDON"/>
<dc element="dc.creator.location.country.name" value="UK"/>
<dc element="dc.source" value="Reuters"/>
</metadata>
</newsitem>
