<?xml version="1.0" encoding="iso-8859-1" ?>
<newsitem itemid="429625" id="root" date="1997-03-10" xml:lang="en">
<title>USA: D&amp;P downgrades Turkey foreign currency obligations.</title>
<headline>D&amp;P downgrades Turkey foreign currency obligations.</headline>
<dateline>NEW YORK 1997-03-10</dateline>
<text>
<p>Duff &amp; Phelps Credit Rating Co said Monday it downgraded the rating of the foreign currency obligations of the Republic of Turkey to Double B Minus from Double B.</p>
<p>It also revised Turkey's rating outlook to stable from negative.</p>
<p>The downgrade is the result of the accumulation of negative macroeconomic trends, continuing fiscal imbalances and a lack of concerted policy action to address underlying structural weaknesses over the past year, Duff &amp; Phelps said.  </p>
<p>Turkey's rating downgrade reflects the widening of the consolidated fiscal deficit and public sector borrowing requirement to 8.8 percent and 9.6 percent of GNP in 1996, the rating agency said.</p>
<p>	  ((Reuters Chicago Newsdesk (312) 408-8787))</p>
</text>
<copyright>(c) Reuters Limited 1997</copyright>
<metadata>
<codes class="bip:countries:1.0">
  <code code="TURK">
    <editdetail attribution="Reuters BIP Coding Group" action="confirmed" date="1997-03-10"/>
  </code>
  <code code="USA">
    <editdetail attribution="Reuters BIP Coding Group" action="confirmed" date="1997-03-10"/>
  </code>
</codes>
<codes class="bip:topics:1.0">
  <code code="C17">
    <editdetail attribution="Reuters BIP Coding Group" action="confirmed" date="1997-03-10"/>
  </code>
  <code code="C174">
    <editdetail attribution="Reuters BIP Coding Group" action="confirmed" date="1997-03-10"/>
  </code>
  <code code="CCAT">
    <editdetail attribution="Reuters BIP Coding Group" action="confirmed" date="1997-03-10"/>
  </code>
  <code code="E21">
    <editdetail attribution="Reuters BIP Coding Group" action="confirmed" date="1997-03-10"/>
  </code>
  <code code="E212">
    <editdetail attribution="Reuters BIP Coding Group" action="confirmed" date="1997-03-10"/>
  </code>
  <code code="ECAT">
    <editdetail attribution="Reuters BIP Coding Group" action="confirmed" date="1997-03-10"/>
  </code>
</codes>
<dc element="dc.date.created" value="1997-03-10"/>
<dc element="dc.publisher" value="Reuters Holdings Plc"/>
<dc element="dc.date.published" value="1997-03-10"/>
<dc element="dc.source" value="Reuters"/>
<dc element="dc.creator.location" value="NEW YORK"/>
<dc element="dc.creator.location.country.name" value="USA"/>
<dc element="dc.source" value="Reuters"/>
</metadata>
</newsitem>
