<?xml version="1.0" encoding="iso-8859-1" ?>
<newsitem itemid="429669" id="root" date="1997-03-10" xml:lang="en">
<title>JAPAN: OLYMPICS-NAGANO AGREES TO GAMES EMERGENCY COUNCIL.</title>
<headline>OLYMPICS-NAGANO AGREES TO GAMES EMERGENCY COUNCIL.</headline>
<dateline>NAGANO, Japan 1997-03-10</dateline>
<text>
<p>An emergency council of Olympic officials and organisers will meet early each morning during next year's Nagano Winter Olympics to assess weather conditions and recommend scheduling changes, a Nagano Olympic official said on Monday.</p>
<p>The council was set up in response to a request last week from the executive board of the International Olympic Committee (IOC) to ensure flexibility, said Naokichi Nishimura, deputy director general of the Nagano organising committee.</p>
<p>IOC vice-president Marc Hodler said the council would consist of IOC president Juan Antonio Samaranch, chief Nagano organiser Makoto Kobayashi and representatives from the Games three biggest television rights holders, the American network CBS, the European Broadcasting Union and Japan's NHK.</p>
<p>Hodler, who doubles as president of the International Ski Federation (FIS), said the concept was borrowed from skiing, which must constantly deal with changeable weather conditions.</p>
<p>&quot;The ski federation always had this type of council because we always have risks with the weather, so we wanted the same with the Olympics,&quot; said Hodler.</p>
</text>
<copyright>(c) Reuters Limited 1997</copyright>
<metadata>
<codes class="bip:countries:1.0">
  <code code="JAP">
    <editdetail attribution="Reuters BIP Coding Group" action="confirmed" date="1997-03-10"/>
  </code>
</codes>
<codes class="bip:topics:1.0">
  <code code="GCAT">
    <editdetail attribution="Reuters BIP Coding Group" action="confirmed" date="1997-03-10"/>
  </code>
  <code code="GSPO">
    <editdetail attribution="Reuters BIP Coding Group" action="confirmed" date="1997-03-10"/>
  </code>
</codes>
<dc element="dc.date.created" value="1997-03-10"/>
<dc element="dc.publisher" value="Reuters Holdings Plc"/>
<dc element="dc.date.published" value="1997-03-10"/>
<dc element="dc.source" value="Reuters"/>
<dc element="dc.creator.location" value="NAGANO, Japan"/>
<dc element="dc.creator.location.country.name" value="JAPAN"/>
<dc element="dc.source" value="Reuters"/>
</metadata>
</newsitem>
