<?xml version="1.0" encoding="iso-8859-1" ?>
<newsitem itemid="429697" id="root" date="1997-03-10" xml:lang="en">
<title>SOUTH AFRICA: SOCCER-EL KASS RESCUES ZAMALEK'S BLUSHES.</title>
<headline>SOCCER-EL KASS RESCUES ZAMALEK'S BLUSHES.</headline>
<byline>Mark Gleeson</byline>
<dateline>JOHANNESBURG 1997-03-10</dateline>
<text>
<p>Veteran Ahmed El Kass saved African champions Zamalek from an embarrasing start to the defence of their African Champions' Cup title in the weekend's first round, first leg ties.</p>
<p>The 30-year-old Egypt international scored in the last five minutes to give the Cairo club a face-saving 2-0 win against minnows St George of Ethiopia at home on Friday night.</p>
<p>Zamalek's strikers were kept at bay for 75 minutes before Mohammed Sabry scored but it was El Kass's goal that gave the defending champions some respectability in a match they were expected to dominate.</p>
<p>But a stuttering start to this year's three African club competitions was not restricted to Zamalek. Several other of the fancied contenders also failed to make a big impression on the opening weekend.</p>
<p>South Africa's Orlando Pirates, who were African champions two years ago, squandered myriad opportunities against Roma Rovers of Lesotho on Saturday.</p>
<p>Pirates, playing at Johannesburg's Soccer City for the first time after a year-long ban by the Confederation of African Football (CAF), won only 1-0 despite almost total domination and continual attack.</p>
<p>CAF Cup holders Kawkab Marrakesh will take a slender 1-0 lead to Senegal for the second leg of their tie against ASC la Linguere.</p>
<p>A second-half penalty by Youssef el Amrani on Saturday might not prove enough in the Moroccan club's bid to hold on to their title.</p>
<p>Tunisia's Etoile Sahel, winners of the CAF Cup in 1995 and beaten finalists last year, were at the receiving end of a surprise 3-0 thumping in the African Cup Winners' Cup.</p>
<p>They went down to Etoile Filante of Burkina Faso in Ouagadougou on Sunday and face elimination.</p>
<p>Cup Winners' Cup holders Arab Contractors failed to score in their opening match away in Nairobi against Kenyan newcomers Mumias Sugar.</p>
<p>But the Egyptian team will be pleased with the goalless draw as they have home advantage in the return match against the Sugarmen, playing in African club competition for the first time.</p>
<p>There were more positive results from some of the other potential favourites for this year's trophies.</p>
<p>Ivorians Africa Sports won 3-0 at home against Ascot of Chad on Sunday while Jonas Ogandaga scored twice to help Moroccans Raja Casablanca to beat Sonacos de Diourbel of Senegal 3-1 in the Champions' Cup.</p>
<p>Both Nigeria's Julius Berger and Jomo Cosmos of South Africa won 3-0 away in their Cup Winners' Cup matches while Tunisia's Esperance had the weekend's biggest triumph, beating ASKO Kara 7-0 in the CAF Cup.</p>
<p>The CAF Cup game between AS Bantous of Zaire and Chad's Aslad Moundou in Kinshasa did not go ahead after the referees from the Central African Republic failed to turn up.</p>
</text>
<copyright>(c) Reuters Limited 1997</copyright>
<metadata>
<codes class="bip:countries:1.0">
  <code code="EGYPT">
    <editdetail attribution="Reuters BIP Coding Group" action="confirmed" date="1997-03-10"/>
  </code>
  <code code="ETHPA">
    <editdetail attribution="Reuters BIP Coding Group" action="confirmed" date="1997-03-10"/>
  </code>
  <code code="ICST">
    <editdetail attribution="Reuters BIP Coding Group" action="confirmed" date="1997-03-10"/>
  </code>
  <code code="SAFR">
    <editdetail attribution="Reuters BIP Coding Group" action="confirmed" date="1997-03-10"/>
  </code>
  <code code="SENEG">
    <editdetail attribution="Reuters BIP Coding Group" action="confirmed" date="1997-03-10"/>
  </code>
  <code code="TUNIS">
    <editdetail attribution="Reuters BIP Coding Group" action="confirmed" date="1997-03-10"/>
  </code>
</codes>
<codes class="bip:topics:1.0">
  <code code="GCAT">
    <editdetail attribution="Reuters BIP Coding Group" action="confirmed" date="1997-03-10"/>
  </code>
  <code code="GSPO">
    <editdetail attribution="Reuters BIP Coding Group" action="confirmed" date="1997-03-10"/>
  </code>
</codes>
<dc element="dc.date.created" value="1997-03-10"/>
<dc element="dc.publisher" value="Reuters Holdings Plc"/>
<dc element="dc.date.published" value="1997-03-10"/>
<dc element="dc.source" value="Reuters"/>
<dc element="dc.creator.location" value="JOHANNESBURG"/>
<dc element="dc.creator.location.country.name" value="SOUTH AFRICA"/>
<dc element="dc.source" value="Reuters"/>
</metadata>
</newsitem>
