<?xml version="1.0" encoding="iso-8859-1" ?>
<newsitem itemid="429608" id="root" date="1997-03-10" xml:lang="en">
<title>USA: A.M. Best upgrades NAC Re to &quot;superior&quot;.</title>
<headline>A.M. Best upgrades NAC Re to &quot;superior&quot;.</headline>
<dateline>OLDWICK, N.J. 1997-03-10</dateline>
<text>
<p>A.M. Best said on Monday it raised its rating on the NAC Re Corp to &quot;superior&quot; from &quot;excellent.&quot;</p>
<p>The rating agency said the upgrade reflects NAC Re's strong operating earnings, conservative loss reserves, superior capitalization and its leadership position within the domestic reinsurance segment.</p>
<p>Best also praised NAC Re for strengthening its senior management team. Best said the company's strengths include diverse product offerings, specialty market expertise and longstanding core-client relationships.</p>
<p>Best also upgraded NAC Re's subsidiary NAC Re International Ltd to superior from excellent.</p>
</text>
<copyright>(c) Reuters Limited 1997</copyright>
<metadata>
<codes class="bip:countries:1.0">
  <code code="USA">
    <editdetail attribution="Reuters BIP Coding Group" action="confirmed" date="1997-03-10"/>
  </code>
</codes>
<codes class="bip:industries:1.0">
  <code code="I82003">
    <editdetail attribution="Reuters BIP Coding Group" action="confirmed" date="1997-03-10"/>
  </code>
  <code code="I8200318">
    <editdetail attribution="Reuters BIP Coding Group" action="confirmed" date="1997-03-10"/>
  </code>
</codes>
<codes class="bip:topics:1.0">
  <code code="C15">
    <editdetail attribution="Reuters BIP Coding Group" action="confirmed" date="1997-03-10"/>
  </code>
  <code code="C152">
    <editdetail attribution="Reuters BIP Coding Group" action="confirmed" date="1997-03-10"/>
  </code>
  <code code="CCAT">
    <editdetail attribution="Reuters BIP Coding Group" action="confirmed" date="1997-03-10"/>
  </code>
</codes>
<dc element="dc.date.created" value="1997-03-10"/>
<dc element="dc.publisher" value="Reuters Holdings Plc"/>
<dc element="dc.date.published" value="1997-03-10"/>
<dc element="dc.source" value="Reuters"/>
<dc element="dc.creator.location" value="OLDWICK, N.J."/>
<dc element="dc.creator.location.country.name" value="USA"/>
<dc element="dc.source" value="Reuters"/>
</metadata>
</newsitem>
