<?xml version="1.0" encoding="iso-8859-1" ?>
<newsitem itemid="429649" id="root" date="1997-03-10" xml:lang="en">
<title>USA: VIMRx in Columbia University collaboration.</title>
<headline>VIMRx in Columbia University collaboration.</headline>
<dateline>WILMINGTON, Del. 1997-03-10</dateline>
<text>
<p>VIMRx Pharmaceuticals Inc and Columbia University Monday said they entered a collaboration whereby VIMRx, through a new subsidiary VIMRx Genomics Inc, will have an option for exclusive licensing of technology developed by the Columbia Genome Center and funded by VIMRx.</p>
<p>The company said collaboration will involve technology for the localization and identification of novel human genes associated with genetically based diseases.  The investigators at the Columbia Genone Center has been working on identifying specific genes associated with genetically based diseases including cancer, late-onset Alzheimer's Disease, epilepsy, manic-depressive disorder and glaucoma.</p>
</text>
<copyright>(c) Reuters Limited 1997</copyright>
<metadata>
<codes class="bip:countries:1.0">
  <code code="USA">
    <editdetail attribution="Reuters BIP Coding Group" action="confirmed" date="1997-03-10"/>
  </code>
</codes>
<codes class="bip:industries:1.0">
  <code code="I25700">
    <editdetail attribution="Reuters BIP Coding Group" action="confirmed" date="1997-03-10"/>
  </code>
</codes>
<codes class="bip:topics:1.0">
  <code code="C33">
    <editdetail attribution="Reuters BIP Coding Group" action="confirmed" date="1997-03-10"/>
  </code>
  <code code="CCAT">
    <editdetail attribution="Reuters BIP Coding Group" action="confirmed" date="1997-03-10"/>
  </code>
</codes>
<dc element="dc.date.created" value="1997-03-10"/>
<dc element="dc.publisher" value="Reuters Holdings Plc"/>
<dc element="dc.date.published" value="1997-03-10"/>
<dc element="dc.source" value="Reuters"/>
<dc element="dc.creator.location" value="WILMINGTON, Del."/>
<dc element="dc.creator.location.country.name" value="USA"/>
<dc element="dc.source" value="Reuters"/>
</metadata>
</newsitem>
