<?xml version="1.0" encoding="iso-8859-1" ?>
<newsitem itemid="429609" id="root" date="1997-03-10" xml:lang="en">
<title>USA: Medtronic Inc sets $0.095/shr payout.</title>
<headline>Medtronic Inc sets $0.095/shr payout.</headline>
<dateline>MINNEAPOLIS 1997-03-10</dateline>
<text>
<p>Quarterly</p>
<p>		   Latest		    Prior</p>
<p> Amount		 $0.095		   $ 0.095</p>
<p> Pay		  April 30</p>
<p> Record		april 4</p>
<p>	  ((Reuters Chicago Newsdesk (312) 408-8787))</p>
</text>
<copyright>(c) Reuters Limited 1997</copyright>
<metadata>
<codes class="bip:countries:1.0">
  <code code="USA">
    <editdetail attribution="Reuters BIP Coding Group" action="confirmed" date="1997-03-10"/>
  </code>
</codes>
<codes class="bip:industries:1.0">
  <code code="I37200">
    <editdetail attribution="Reuters BIP Coding Group" action="confirmed" date="1997-03-10"/>
  </code>
</codes>
<codes class="bip:topics:1.0">
  <code code="C15">
    <editdetail attribution="Reuters BIP Coding Group" action="confirmed" date="1997-03-10"/>
  </code>
  <code code="C151">
    <editdetail attribution="Reuters BIP Coding Group" action="confirmed" date="1997-03-10"/>
  </code>
  <code code="CCAT">
    <editdetail attribution="Reuters BIP Coding Group" action="confirmed" date="1997-03-10"/>
  </code>
</codes>
<dc element="dc.date.created" value="1997-03-10"/>
<dc element="dc.publisher" value="Reuters Holdings Plc"/>
<dc element="dc.date.published" value="1997-03-10"/>
<dc element="dc.source" value="Reuters"/>
<dc element="dc.creator.location" value="MINNEAPOLIS"/>
<dc element="dc.creator.location.country.name" value="USA"/>
<dc element="dc.source" value="Reuters"/>
</metadata>
</newsitem>
