<?xml version="1.0" encoding="iso-8859-1" ?>
<newsitem itemid="429650" id="root" date="1997-03-10" xml:lang="en">
<title>USA: Staples plans to contest FTC ruling.</title>
<headline>Staples plans to contest FTC ruling.</headline>
<dateline>NEW YORK 1997-03-10</dateline>
<text>
<p>Staples Inc plans to challenge the U.S. Federal Trade Commission's rejection of its proposed merger with Office Depot Inc, a senior company executive said.</p>
<p>Earlier today, the commission said it had decided to seek an injunction against the deal.</p>
<p>Despite the decision, Staples remains committed to the deal, said Todd Krasnow, Staples' executive vice president of sales and marketing.</p>
<p>&quot;We're going to vigorously contest this decision,&quot; Krasnow said.  </p>
<p>Krasnow said he could not yet comment on what the company's next step would be, noting the company had not reviewed the commission's full ruling.</p>
<p>A spokesman for Office Depot was not immediately available for comment.</p>
<p>Shares in both companies were halted pending dissemination of news.</p>
<p>However, prices in both shares had already begun to move dramatically ahead of the halts, with Office Depot sliding 4-5/8 to 18 and Staples jumping 1-1/16 to 25-5/8.</p>
<p>((-- R. Melville, Wall Street desk, 212-859-1731))</p>
</text>
<copyright>(c) Reuters Limited 1997</copyright>
<metadata>
<codes class="bip:countries:1.0">
  <code code="USA">
    <editdetail attribution="Reuters BIP Coding Group" action="confirmed" date="1997-03-10"/>
  </code>
</codes>
<codes class="bip:industries:1.0">
  <code code="I61000">
    <editdetail attribution="Reuters BIP Coding Group" action="confirmed" date="1997-03-10"/>
  </code>
  <code code="I65400">
    <editdetail attribution="Reuters BIP Coding Group" action="confirmed" date="1997-03-10"/>
  </code>
</codes>
<codes class="bip:topics:1.0">
  <code code="C12">
    <editdetail attribution="Reuters BIP Coding Group" action="confirmed" date="1997-03-10"/>
  </code>
  <code code="C13">
    <editdetail attribution="Reuters BIP Coding Group" action="confirmed" date="1997-03-10"/>
  </code>
  <code code="C18">
    <editdetail attribution="Reuters BIP Coding Group" action="confirmed" date="1997-03-10"/>
  </code>
  <code code="C181">
    <editdetail attribution="Reuters BIP Coding Group" action="confirmed" date="1997-03-10"/>
  </code>
  <code code="C34">
    <editdetail attribution="Reuters BIP Coding Group" action="confirmed" date="1997-03-10"/>
  </code>
  <code code="CCAT">
    <editdetail attribution="Reuters BIP Coding Group" action="confirmed" date="1997-03-10"/>
  </code>
  <code code="GCAT">
    <editdetail attribution="Reuters BIP Coding Group" action="confirmed" date="1997-03-10"/>
  </code>
  <code code="GCRIM">
    <editdetail attribution="Reuters BIP Coding Group" action="confirmed" date="1997-03-10"/>
  </code>
</codes>
<dc element="dc.date.created" value="1997-03-10"/>
<dc element="dc.publisher" value="Reuters Holdings Plc"/>
<dc element="dc.date.published" value="1997-03-10"/>
<dc element="dc.source" value="Reuters"/>
<dc element="dc.creator.location" value="NEW YORK"/>
<dc element="dc.creator.location.country.name" value="USA"/>
<dc element="dc.source" value="Reuters"/>
</metadata>
</newsitem>
