<?xml version="1.0" encoding="iso-8859-1" ?>
<newsitem itemid="429620" id="root" date="1997-03-10" xml:lang="en">
<title>USA: MidAmerican Energy sets $2.2 mln ad effort.</title>
<headline>MidAmerican Energy sets $2.2 mln ad effort.</headline>
<dateline>DES MOINES, Iowa 1997-03-10</dateline>
<text>
<p>MidAmerican Energy Co said Monday it initiated a $2.2 million advertising campaign to establish its brand identity.</p>
<p>The campaign, initially geared to television, will be expanded to include print advertisements. It was developed by Clarity Coverdale Fury, a Minneapolis advertising agency.</p>
<p>MidAmerican Energy provides electric and gas service in Iowa, Illinois, Nebraska and South Dakota.</p>
<p>		((Reuters Chicago Newsdesk (312) 408-8787))</p>
</text>
<copyright>(c) Reuters Limited 1997</copyright>
<metadata>
<codes class="bip:countries:1.0">
  <code code="USA">
    <editdetail attribution="Reuters BIP Coding Group" action="confirmed" date="1997-03-10"/>
  </code>
</codes>
<codes class="bip:industries:1.0">
  <code code="I13000">
    <editdetail attribution="Reuters BIP Coding Group" action="confirmed" date="1997-03-10"/>
  </code>
</codes>
<codes class="bip:topics:1.0">
  <code code="C32">
    <editdetail attribution="Reuters BIP Coding Group" action="confirmed" date="1997-03-10"/>
  </code>
  <code code="CCAT">
    <editdetail attribution="Reuters BIP Coding Group" action="confirmed" date="1997-03-10"/>
  </code>
</codes>
<dc element="dc.date.created" value="1997-03-10"/>
<dc element="dc.publisher" value="Reuters Holdings Plc"/>
<dc element="dc.date.published" value="1997-03-10"/>
<dc element="dc.source" value="Reuters"/>
<dc element="dc.creator.location" value="DES MOINES, Iowa"/>
<dc element="dc.creator.location.country.name" value="USA"/>
<dc element="dc.source" value="Reuters"/>
</metadata>
</newsitem>
