<?xml version="1.0" encoding="iso-8859-1" ?>
<newsitem itemid="429621" id="root" date="1997-03-10" xml:lang="en">
<title>USA: Struthers withholds conversions.</title>
<headline>Struthers withholds conversions.</headline>
<dateline>LOS ANGELES 1997-03-10</dateline>
<text>
<p>Struthers Industries Inc said on Monday it is withholding the conversion of certain debentures to its common stock issued as part of a recent private placement, due to its suspicions of short sales by debenture holders.</p>
<p>&quot;In recent months the trading of Struthers common stock ahs been under considerable pressure which management believes to have resulted in part from short-selling activities possibly perpetrated by debenture holders prior to the conversion dates,&quot; said Raoul Carroll, the Struthers chairman, in a statement released by the company.</p>
<p>&quot;A true short position by these debenture holders during the restricted period and prior to a request for conversion would be a violation of the terms of the offerings and their respective subscription agreements,&quot; he added.</p>
<p>Struthers shares were trading at 1-23/32, up 3/32 from their Friday close.</p>
<p>Struthers said it has made inquiries and intends to pursue a solution, including the possibility of redeeming the debentures.</p>
</text>
<copyright>(c) Reuters Limited 1997</copyright>
<metadata>
<codes class="bip:countries:1.0">
  <code code="USA">
    <editdetail attribution="Reuters BIP Coding Group" action="confirmed" date="1997-03-10"/>
  </code>
</codes>
<codes class="bip:industries:1.0">
  <code code="I83960">
    <editdetail attribution="Reuters BIP Coding Group" action="confirmed" date="1997-03-10"/>
  </code>
</codes>
<codes class="bip:topics:1.0">
  <code code="C17">
    <editdetail attribution="Reuters BIP Coding Group" action="confirmed" date="1997-03-10"/>
  </code>
  <code code="C171">
    <editdetail attribution="Reuters BIP Coding Group" action="confirmed" date="1997-03-10"/>
  </code>
  <code code="C172">
    <editdetail attribution="Reuters BIP Coding Group" action="confirmed" date="1997-03-10"/>
  </code>
  <code code="CCAT">
    <editdetail attribution="Reuters BIP Coding Group" action="confirmed" date="1997-03-10"/>
  </code>
</codes>
<dc element="dc.date.created" value="1997-03-10"/>
<dc element="dc.publisher" value="Reuters Holdings Plc"/>
<dc element="dc.date.published" value="1997-03-10"/>
<dc element="dc.source" value="Reuters"/>
<dc element="dc.creator.location" value="LOS ANGELES"/>
<dc element="dc.creator.location.country.name" value="USA"/>
<dc element="dc.source" value="Reuters"/>
</metadata>
</newsitem>
