<?xml version="1.0" encoding="iso-8859-1" ?>
<newsitem itemid="429605" id="root" date="1997-03-10" xml:lang="en">
<title>USA: U.S. judge approves Prudential class settlement.</title>
<headline>U.S. judge approves Prudential class settlement.</headline>
<dateline>NEW YORK 1997-03-10</dateline>
<text>
<p>A federal judge Monday approved an offer by Prudential Insurance Co of America to pay at least $410 million to policyholders to settle a class-action dispute over the insurer's sales practices.</p>
<p>In his decision, U.S. district judge Alfred Wolin directed Prudential to begin mailing notices to class members that the settlement has been approved by no later than March 15.  </p>
<p>Under the settlement, people who purchased as many as 10.7 million permanent life insurance policies between 1982 and 1995 will be eligible for restitution.</p>
<p>The settlement could cost Prudential as much as $1.2 billion and have a total value to policyholders of nearly $2 billion.</p>
<p>&quot;We're gratified at the judge's decision and it enables us to move forward quickly in resolving our policyowners' problems,&quot; a Prudential spokesman said.  </p>
<p>Although company officials see the settlement approval as an important milestone, they said they still have a way to go before its sales practice problems are completely behind it.</p>
<p>The company still must resolve the cases of several hundred policyholders who chose not to participate in the class action settlement.</p>
<p>In addition, the company may face appeals and various other state suits.  </p>
<p>However policyholders who chose to participate in the class-action settlement and who have clear-cut cases may receive remedies within the next several months, Prudential said.</p>
<p>Policyholders began receiving notices in February about the opportunity to receive remediation if they were misled by the company's sales agents.</p>
<p>They have until June 1 to decide between basic claim relief or an alternative dispute resolution (ADR) process.  </p>
<p>The ADR process offers policyholders, at no cost, the potential for at least a partial refund of their premiums plus interest.</p>
<p>The basic claim relief offers policyholders enhanced life insurance, annuities and low-cost premium loans.</p>
<p>In their complaints, policyholders claimed that Prudential sales agents misled them into replacing old policies, with newer, more expensive ones or into buying new policies that did not perform as promised.</p>
<p>Prudential is not the only U.S. insurer to face complaints about its life insurance sales practices in recent years.  </p>
<p>Metropolitan Life Insurance Co, New York Life Insurance Co and Allianz Life Insurance Co of North America, a unit of Allianz AG Holding, all have been involved in similar actions in the last two years.</p>
<p>Metropolitan Life agreed in 1994 to pay $20 million in fines and up to $76 million in policyholder refunds to settle allegations it improperly marketed life insurance policies as retirement or savings plans.</p>
<p>New York Life last year agreed to a national class action settlement in a dispute over dividens on life insurance policies.</p>
<p>And Allianz Life in June agreed to pay $5.1 million, including $2.3 million in restitution to settle allegations it engaged in deceptive sales practices in California.</p>
<p>((Patricia Vowinkel 212-859-1716))</p>
</text>
<copyright>(c) Reuters Limited 1997</copyright>
<metadata>
<codes class="bip:countries:1.0">
  <code code="USA">
    <editdetail attribution="Reuters BIP Coding Group" action="confirmed" date="1997-03-10"/>
  </code>
</codes>
<codes class="bip:industries:1.0">
  <code code="I82000">
    <editdetail attribution="Reuters BIP Coding Group" action="confirmed" date="1997-03-10"/>
  </code>
</codes>
<codes class="bip:topics:1.0">
  <code code="C12">
    <editdetail attribution="Reuters BIP Coding Group" action="confirmed" date="1997-03-10"/>
  </code>
  <code code="CCAT">
    <editdetail attribution="Reuters BIP Coding Group" action="confirmed" date="1997-03-10"/>
  </code>
  <code code="GCAT">
    <editdetail attribution="Reuters BIP Coding Group" action="confirmed" date="1997-03-10"/>
  </code>
  <code code="GCRIM">
    <editdetail attribution="Reuters BIP Coding Group" action="confirmed" date="1997-03-10"/>
  </code>
</codes>
<dc element="dc.date.created" value="1997-03-10"/>
<dc element="dc.publisher" value="Reuters Holdings Plc"/>
<dc element="dc.date.published" value="1997-03-10"/>
<dc element="dc.source" value="Reuters"/>
<dc element="dc.creator.location" value="NEW YORK"/>
<dc element="dc.creator.location.country.name" value="USA"/>
<dc element="dc.source" value="Reuters"/>
</metadata>
</newsitem>
