<?xml version="1.0" encoding="iso-8859-1" ?>
<newsitem itemid="429663" id="root" date="1997-03-10" xml:lang="en">
<title>SOUTH AFRICA: CRICKET-RAIN-AFFECTED MATCH ENDS IN DRAW.</title>
<headline>CRICKET-RAIN-AFFECTED MATCH ENDS IN DRAW.</headline>
<dateline>CENTURION 1997-03-10</dateline>
<text>
<p>The curtain closed on the</p>
<p>inaugural Supersport Series cricket season when the rain-ravaged</p>
<p>match between Northern Transvaal and Transvaal ended in a watery</p>
<p>draw at Centurion Park on Monday.</p>
<p>With more than half the fixture washed out by rain,</p>
<p>Transvaal reached 71 for one in their second innings when the</p>
<p>game was finally abandoned.</p>
<p>Opening batsman Adam Bacher celebrated his recall to the</p>
<p>South African side for the second test against Australia with</p>
<p>the man of the match award for his painstaking first innings</p>
<p>knock of 102. He then followed that with a solid, unbeaten 23.</p>
<p>In partnership with Neil McKenzie, who struck a breezy 43</p>
<p>not out from just 52 balls with five fours and a six, Bacher put</p>
<p>on 71 for the unbroken second wicket.</p>
<p>Earlier, Northerns capitulated from their overnight 103 for</p>
<p>three in their first ininngs reply to be bowled out for a meagre</p>
<p>164.</p>
<p>Only the elegant Roy Pienaar (55) offered extended</p>
<p>resistance with the bat in a side which disappointingly finished</p>
<p>the Supersport Series season as the bottom-placed province.</p>
<p>With the overcast conditions continuing to favour the</p>
<p>bowlers, Wayne Kidwell took 4-58 and his new-ball partner Ross</p>
<p>Veenstra 3-45.</p>
<p>Scoreboard:</p>
<p>Transvaal first innings 201 for six declared (Adam Bacher</p>
<p>102)</p>
<p>Northern Transvaal first innings (overnight 103 for three)</p>
<p>    A.Seymore lbw b Veenstra				6</p>
<p>    R.Pienaar c Pothas b Kidwell			 55</p>
<p>    M.van Jaarsveld c Pothas b Hall		    38</p>
<p>    R.Richardson b Hall				     4</p>
<p>    D.de Vos c Pothas b Veenstra			  8</p>
<p>    S.Elworthy c Jacobs b Veenstra			1</p>
<p>    M.Davis b Kidwell					 0</p>
<p>    I.Pistorius c Pothas b Kidwell			1</p>
<p>    F.de Villiers lbw b Eksteen			  19</p>
<p>    G.Smith b Kidwell					 8</p>
<p>    R.Bryson not out					 18</p>
<p>    Extras							6   </p>
<p>    Total (all out in 65.4 overs)		     164</p>
<p>Fall of wickets: 1-10 2-92 3-96 4-117 5-117 6-118 7-119</p>
<p>8-124 9-132.</p>
<p>Bowling: Kidwell 23-6-58-4, Veenstra 18-5-45-3, Jacobs</p>
<p>5-0-23-0, Eksteen 10.4-5-20-1, Hall 9-4-16-2.</p>
<p>Transvaal second innings</p>
<p>    H.Mannack c Pistorius b Elworthy		    0</p>
<p>    A.Bacher not out					 23</p>
<p>    N.McKenzie not out				     43</p>
<p>    Extras							5</p>
<p>    Total (for one wicket in 19.4 overs)	     71</p>
<p>Fall of wicket: 1-0.</p>
<p>Did not bat: D.Cullinan, K.Rutherford, N.Pothas, A.Hall,</p>
<p>R.Veenstra, S.Jacobs, C.Eksteen, W.Kidwell.</p>
<p>Bowling: de Villiers 8-2-24-0, Smith 5.4-1-11-0, Elworthy</p>
<p>6-0-33-1.</p>
<p>Final points: Northern Transvaal - three; Transvaal - six.</p>
<p>Result: Match drawn.</p>
<p>Man of the match: Adam Bacher.</p>
</text>
<copyright>(c) Reuters Limited 1997</copyright>
<metadata>
<codes class="bip:countries:1.0">
  <code code="SAFR">
    <editdetail attribution="Reuters BIP Coding Group" action="confirmed" date="1997-03-10"/>
  </code>
</codes>
<codes class="bip:topics:1.0">
  <code code="GCAT">
    <editdetail attribution="Reuters BIP Coding Group" action="confirmed" date="1997-03-10"/>
  </code>
  <code code="GSPO">
    <editdetail attribution="Reuters BIP Coding Group" action="confirmed" date="1997-03-10"/>
  </code>
</codes>
<dc element="dc.date.created" value="1997-03-10"/>
<dc element="dc.publisher" value="Reuters Holdings Plc"/>
<dc element="dc.date.published" value="1997-03-10"/>
<dc element="dc.source" value="Reuters"/>
<dc element="dc.creator.location" value="CENTURION"/>
<dc element="dc.creator.location.country.name" value="SOUTH AFRICA"/>
<dc element="dc.source" value="Reuters"/>
</metadata>
</newsitem>
