<?xml version="1.0" encoding="iso-8859-1" ?>
<newsitem itemid="429639" id="root" date="1997-03-10" xml:lang="en">
<title>USA: Ingersoll-Rand names O'Brien as CFO.</title>
<headline>Ingersoll-Rand names O'Brien as CFO.</headline>
<dateline>WOODCLIFF LAKE, N.J. 1997-03-10</dateline>
<text>
<p>Ingersoll-Rand Co said Monday it has named Frank O'Brien senior vice president and chief financial officer.</p>
<p>O'Brien, said the company, previously served as chief financial officer and senior vice-president/corporate development at NACCO Industries Inc.</p>
<p>The company said its previous CFO left in October.  </p>
<p>The company said that its previous CFO retired.</p>
</text>
<copyright>(c) Reuters Limited 1997</copyright>
<metadata>
<codes class="bip:countries:1.0">
  <code code="USA">
    <editdetail attribution="Reuters BIP Coding Group" action="confirmed" date="1997-03-10"/>
  </code>
</codes>
<codes class="bip:industries:1.0">
  <code code="I32540">
    <editdetail attribution="Reuters BIP Coding Group" action="confirmed" date="1997-03-10"/>
  </code>
</codes>
<codes class="bip:topics:1.0">
  <code code="C41">
    <editdetail attribution="Reuters BIP Coding Group" action="confirmed" date="1997-03-10"/>
  </code>
  <code code="C411">
    <editdetail attribution="Reuters BIP Coding Group" action="confirmed" date="1997-03-10"/>
  </code>
  <code code="CCAT">
    <editdetail attribution="Reuters BIP Coding Group" action="confirmed" date="1997-03-10"/>
  </code>
</codes>
<dc element="dc.date.created" value="1997-03-10"/>
<dc element="dc.publisher" value="Reuters Holdings Plc"/>
<dc element="dc.date.published" value="1997-03-10"/>
<dc element="dc.source" value="Reuters"/>
<dc element="dc.creator.location" value="WOODCLIFF LAKE, N.J."/>
<dc element="dc.creator.location.country.name" value="USA"/>
<dc element="dc.source" value="Reuters"/>
</metadata>
</newsitem>
