<?xml version="1.0" encoding="iso-8859-1" ?>
<newsitem itemid="429607" id="root" date="1997-03-10" xml:lang="en">
<title>USA: Fed confirms buying coupons for Tuesday delivery.</title>
<headline>Fed confirms buying coupons for Tuesday delivery.</headline>
<dateline>NEW YORK 1997-03-10</dateline>
<text>
<p>The Federal Reserve Bank of New York confirmed it added permanent reserves to the banking system on Monday through a coupon pass operation, a Fed spokeswoman said.</p>
<p>The Fed bought coupons from November 15, 2007 to February 15, 2027, for delivery on Tuesday, the spokeswoman added.</p>
<p>The move was line with the market's expectations. Analysts had said earlier on Monday the Fed was seen adding permanent reserves to the system. The move was perceived to have no monetary policy implications, analysts said.</p>
<p>(( -- N.A. Treasury Desk, 212-859-1676))</p>
</text>
<copyright>(c) Reuters Limited 1997</copyright>
<metadata>
<codes class="bip:countries:1.0">
  <code code="USA">
    <editdetail attribution="Reuters BIP Coding Group" action="confirmed" date="1997-03-10"/>
  </code>
</codes>
<codes class="bip:topics:1.0">
  <code code="M13">
    <editdetail attribution="Reuters BIP Coding Group" action="confirmed" date="1997-03-10"/>
  </code>
  <code code="M131">
    <editdetail attribution="Reuters BIP Coding Group" action="confirmed" date="1997-03-10"/>
  </code>
  <code code="MCAT">
    <editdetail attribution="Reuters BIP Coding Group" action="confirmed" date="1997-03-10"/>
  </code>
</codes>
<dc element="dc.date.created" value="1997-03-10"/>
<dc element="dc.publisher" value="Reuters Holdings Plc"/>
<dc element="dc.date.published" value="1997-03-10"/>
<dc element="dc.source" value="Reuters"/>
<dc element="dc.creator.location" value="NEW YORK"/>
<dc element="dc.creator.location.country.name" value="USA"/>
<dc element="dc.source" value="Reuters"/>
</metadata>
</newsitem>
