<?xml version="1.0" encoding="iso-8859-1" ?>
<newsitem itemid="429623" id="root" date="1997-03-10" xml:lang="en">
<title>USA: National Beverage Corp Q3 Jan 25 net rises.</title>
<headline>National Beverage Corp Q3 Jan 25 net rises.</headline>
<dateline>FORT LAUDERDALE, Fla. 1997-03-10</dateline>
<text>
<p>1997			1996</p>
<p> Shr			  $0.03		    $0.01</p>
<p> Net			    628			440</p>
<p> Revs			75,113		   67,245</p>
<p> Avg shrs		  19,254		   18,600</p>
<p>	  9  MONTHS</p>
<p> Shr			  $0.44		    $0.33</p>
<p> Net			  8,305		    6,996</p>
<p> Revs		     280,285		  253,469</p>
<p> Avg shrs		  19,041		   18,600</p>
<p>(All data above 000s except per share numbers)</p>
</text>
<copyright>(c) Reuters Limited 1997</copyright>
<metadata>
<codes class="bip:countries:1.0">
  <code code="USA">
    <editdetail attribution="Reuters BIP Coding Group" action="confirmed" date="1997-03-10"/>
  </code>
</codes>
<codes class="bip:industries:1.0">
  <code code="I42800">
    <editdetail attribution="Reuters BIP Coding Group" action="confirmed" date="1997-03-10"/>
  </code>
</codes>
<codes class="bip:topics:1.0">
  <code code="C15">
    <editdetail attribution="Reuters BIP Coding Group" action="confirmed" date="1997-03-10"/>
  </code>
  <code code="C151">
    <editdetail attribution="Reuters BIP Coding Group" action="confirmed" date="1997-03-10"/>
  </code>
  <code code="CCAT">
    <editdetail attribution="Reuters BIP Coding Group" action="confirmed" date="1997-03-10"/>
  </code>
</codes>
<dc element="dc.date.created" value="1997-03-10"/>
<dc element="dc.publisher" value="Reuters Holdings Plc"/>
<dc element="dc.date.published" value="1997-03-10"/>
<dc element="dc.source" value="Reuters"/>
<dc element="dc.creator.location" value="FORT LAUDERDALE, Fla."/>
<dc element="dc.creator.location.country.name" value="USA"/>
<dc element="dc.source" value="Reuters"/>
</metadata>
</newsitem>
