<?xml version="1.0" encoding="iso-8859-1" ?>
<newsitem itemid="429656" id="root" date="1997-03-10" xml:lang="en">
<title>USA: EMERGENCY WEATHER CONDITIONS -  WSC - 10-MAR.</title>
<headline>EMERGENCY WEATHER CONDITIONS -  WSC - 10-MAR.</headline>
<text>
<p>Tropical cyclone Gavin will continue to be a threat to shipping north of New Zealand for the next 48 hours. Top winds, currently near 105 mph, should decrease to 65 mph during this period. The storm poses no threat to land at this time, but may threaten the North Island of New Zealand in 48-72 hours.  </p>
<p>Tropical cyclone Justin will remain a significant risk to shipping in Coral Sea to the east of Cairns, Australia over the next few days. Top winds are currently 65 mph but they may increase to 70-75 mph during the next 48-72 hours. The system is currently about 400 miles east of Cairns and is nearly stationary. It should drift westward for the next 24-48 hours. This track will keep it well east of the Australia coast for the next few days but it does bear watching.  </p>
<p>There are no further emergency statements at this time.</p>
</text>
<copyright>(c) Reuters Limited 1997</copyright>
<metadata>
<codes class="bip:countries:1.0">
  <code code="AUSTR">
    <editdetail attribution="Reuters BIP Coding Group" action="confirmed" date="1997-03-10"/>
  </code>
  <code code="NZ">
    <editdetail attribution="Reuters BIP Coding Group" action="confirmed" date="1997-03-10"/>
  </code>
  <code code="USA">
    <editdetail attribution="Reuters BIP Coding Group" action="confirmed" date="1997-03-10"/>
  </code>
</codes>
<codes class="bip:topics:1.0">
  <code code="GCAT">
    <editdetail attribution="Reuters BIP Coding Group" action="confirmed" date="1997-03-10"/>
  </code>
  <code code="GWEA">
    <editdetail attribution="Reuters BIP Coding Group" action="confirmed" date="1997-03-10"/>
  </code>
</codes>
<dc element="dc.publisher" value="Reuters Holdings Plc"/>
<dc element="dc.date.published" value="1997-03-10"/>
<dc element="dc.source" value="Reuters"/>
<dc element="dc.creator.location.country.name" value="USA"/>
<dc element="dc.source" value="Reuters"/>
</metadata>
</newsitem>
