<?xml version="1.0" encoding="iso-8859-1" ?>
<newsitem itemid="429664" id="root" date="1997-03-10" xml:lang="en">
<title>FRANCE: SOCCER-LENS SACK COACH MUSLIN.</title>
<headline>SOCCER-LENS SACK COACH MUSLIN.</headline>
<dateline>LENS, France 1997-03-10</dateline>
<text>
<p>French first division side Lens, who are one place above the relegation zone, have sacked coach Slavo Muslin because of poor results, club president Gervais Martel said on Monday.</p>
<p>Martel appointed Roger Lemerre, a former Lens player and coach who guided them to promotion in 1981, in Muslin's place.</p>
<p>Yugoslav-born Muslin took charge of Lens in the off-season after being sacked by Bordeaux in the middle of last season.</p>
<p>Lens, who were top after winning the first four matches of the league season, have won only four more out of the 24 since then and have won only once this year.</p>
</text>
<copyright>(c) Reuters Limited 1997</copyright>
<metadata>
<codes class="bip:countries:1.0">
  <code code="FRA">
    <editdetail attribution="Reuters BIP Coding Group" action="confirmed" date="1997-03-10"/>
  </code>
</codes>
<codes class="bip:topics:1.0">
  <code code="GCAT">
    <editdetail attribution="Reuters BIP Coding Group" action="confirmed" date="1997-03-10"/>
  </code>
  <code code="GSPO">
    <editdetail attribution="Reuters BIP Coding Group" action="confirmed" date="1997-03-10"/>
  </code>
</codes>
<dc element="dc.date.created" value="1997-03-10"/>
<dc element="dc.publisher" value="Reuters Holdings Plc"/>
<dc element="dc.date.published" value="1997-03-10"/>
<dc element="dc.source" value="Reuters"/>
<dc element="dc.creator.location" value="LENS, France"/>
<dc element="dc.creator.location.country.name" value="FRANCE"/>
<dc element="dc.source" value="Reuters"/>
</metadata>
</newsitem>
