<?xml version="1.0" encoding="iso-8859-1" ?>
<newsitem itemid="429629" id="root" date="1997-03-10" xml:lang="en">
<title>USA: Castle Energy to buy back 500,000 more shrs.</title>
<headline>Castle Energy to buy back 500,000 more shrs.</headline>
<dateline>RADNOR, Pa. 1997-03-10</dateline>
<text>
<p>Castle Energy Corp said Monday it has increased its share repurchase authorization to as many as 1.5 million shares, up from one million shares.</p>
<p>The company also said it has extended the period of the repurchase program until the end of October, from April.</p>
<p>Castle said it has repurchased 865,700 shares, or 12.9 percent of the shares outstanding since it began the stock repurchase program in October, 1996.</p>
<p>It added that so far, only $2 million has been provided from borrowed funds for the stock buy backs. Radnor said it excpects that cash flow will provide most of the funds for future open market repurchases.</p>
</text>
<copyright>(c) Reuters Limited 1997</copyright>
<metadata>
<codes class="bip:countries:1.0">
  <code code="USA">
    <editdetail attribution="Reuters BIP Coding Group" action="confirmed" date="1997-03-10"/>
  </code>
</codes>
<codes class="bip:industries:1.0">
  <code code="I13000">
    <editdetail attribution="Reuters BIP Coding Group" action="confirmed" date="1997-03-10"/>
  </code>
</codes>
<codes class="bip:topics:1.0">
  <code code="C17">
    <editdetail attribution="Reuters BIP Coding Group" action="confirmed" date="1997-03-10"/>
  </code>
  <code code="C171">
    <editdetail attribution="Reuters BIP Coding Group" action="confirmed" date="1997-03-10"/>
  </code>
  <code code="C18">
    <editdetail attribution="Reuters BIP Coding Group" action="confirmed" date="1997-03-10"/>
  </code>
  <code code="C181">
    <editdetail attribution="Reuters BIP Coding Group" action="confirmed" date="1997-03-10"/>
  </code>
  <code code="CCAT">
    <editdetail attribution="Reuters BIP Coding Group" action="confirmed" date="1997-03-10"/>
  </code>
</codes>
<dc element="dc.date.created" value="1997-03-10"/>
<dc element="dc.publisher" value="Reuters Holdings Plc"/>
<dc element="dc.date.published" value="1997-03-10"/>
<dc element="dc.source" value="Reuters"/>
<dc element="dc.creator.location" value="RADNOR, Pa."/>
<dc element="dc.creator.location.country.name" value="USA"/>
<dc element="dc.source" value="Reuters"/>
</metadata>
</newsitem>
