<?xml version="1.0" encoding="iso-8859-1" ?>
<newsitem itemid="429678" id="root" date="1997-03-10" xml:lang="en">
<title>UK: MOTOR RACING-DIGITAL TV DRIVES FORMULA ONE FLOTATION.</title>
<headline>MOTOR RACING-DIGITAL TV DRIVES FORMULA ONE FLOTATION.</headline>
<byline>Keith Weir</byline>
<dateline>LONDON 1997-03-10</dateline>
<text>
<p>Formula One, revving up on Monday for a flotation that could value the glamour end of motor racing at $4 billion, is the latest sport aiming to cash in on the potential riches from pay-per-view television.</p>
<p>U.S. investment bank Salomon Brothers has confirmed it is talking to Briton Bernie Ecclestone, the business brain behind the sport, about a possible flotation.</p>
<p>Newspaper reports said the flotation, which could turn former second-hand car salesman Ecclestone into a billionaire, would involve listings in London and New York.</p>
<p>The $4 billion valuation is based largely on the potential income from media rights, in particular pay-per-view services which can be developed thanks to the extra channel capacity offered by digital television.</p>
<p>The 16 Grand Prix races a year command a worldwide television audience of 330 million viewers in some 130 countries. That could bring in annual revenue from global pay-per-view television coverage of one billion dollars within five years, London's Financial Times reported.</p>
<p>&quot;Ecclestone has invested a large amount of money on digital television technology and is looking at making the viewer much more pro-active,&quot; said David Wilkinson, share analyst with London stockbroker Greig Middleton.</p>
<p>A vision of this future is offered by Germany's DF1 digital television service, launched last July to coincide with the German Grand Prix at Hockenheim.</p>
<p>DF1, owned by media magnate Leo Kirch, allows viewers to flick between images from the cockpit of top racers and shots and various cameras around the track.</p>
<p>Optimism about potential pay-per-view income fuelled a huge rise in the value of stock-market listed British soccer clubs last year. However, the sector has lost some 30 percent in value this year as investors have taken a more sober look at prospects.</p>
<p>Public appetite for pay-per-view sport is yet to be proven. DF1 in Germany has only an estimated 20,000 subscribers, while take-up for pay-per-view soccer in Italy has been disappointing.</p>
<p>&quot;What is not clear is what the buy-rate for pay-per-view Formula One will be...It could be that viewers will think it is really good a few times but then not do it again,&quot; said Chris Renaud, an analyst at CSFB.</p>
<p>He said that investors could be interested in the flotation as means of buying into a content provider at a time when the number of television channels is multiplying.</p>
<p>But he said it was difficult to tell at this stage whether the widely reported $4 billion value was realistic.</p>
<p>&quot;It is hard to put a valuation on the business. The devil really is in the detail.&quot;</p>
<p>Lawyers are believed to be at work on redrafting the complex network of contracts between Ecclestone's Formula One companies, the leading teams such as Williams, and the track owners in preparation for a possible flotation in July or August.</p>
<p>Ecclestone is reported to see a New York listing as a way to improve the sport's profile in the United States, one of the few countries where it has failed to take off.</p>
<p>The race calendar takes in South America and Canada but the Formula One circus does not go to any U.S. towns.</p>
</text>
<copyright>(c) Reuters Limited 1997</copyright>
<metadata>
<codes class="bip:countries:1.0">
  <code code="UK">
    <editdetail attribution="Reuters BIP Coding Group" action="confirmed" date="1997-03-10"/>
  </code>
</codes>
<codes class="bip:topics:1.0">
  <code code="GCAT">
    <editdetail attribution="Reuters BIP Coding Group" action="confirmed" date="1997-03-10"/>
  </code>
  <code code="GSPO">
    <editdetail attribution="Reuters BIP Coding Group" action="confirmed" date="1997-03-10"/>
  </code>
</codes>
<dc element="dc.date.created" value="1997-03-10"/>
<dc element="dc.publisher" value="Reuters Holdings Plc"/>
<dc element="dc.date.published" value="1997-03-10"/>
<dc element="dc.source" value="Reuters"/>
<dc element="dc.creator.location" value="LONDON"/>
<dc element="dc.creator.location.country.name" value="UK"/>
<dc element="dc.source" value="Reuters"/>
</metadata>
</newsitem>
