<?xml version="1.0" encoding="iso-8859-1" ?>
<newsitem itemid="429647" id="root" date="1997-03-10" xml:lang="en">
<title>USA: Palomar gets FDA OK to sell EpiLaser.</title>
<headline>Palomar gets FDA OK to sell EpiLaser.</headline>
<dateline>BEVERLY, Mass. 1997-03-10</dateline>
<text>
<p>Palomar Medical Technologies Inc said Monday it received clearance from the U.S. Food and Drug Administration to sell and market its EpiLaser system for laser-based hair removal.</p>
<p>Palomar said it is one of two U.S. companies to receive this clearance for laser-based hair removal, and EpiLaser is the first system cleared in the U.S. that does not require application of any process enhancers or topical lotions to be effective. The company called the FDA clearance one of the most significant milestones in its history.</p>
</text>
<copyright>(c) Reuters Limited 1997</copyright>
<metadata>
<codes class="bip:countries:1.0">
  <code code="USA">
    <editdetail attribution="Reuters BIP Coding Group" action="confirmed" date="1997-03-10"/>
  </code>
</codes>
<codes class="bip:industries:1.0">
  <code code="I37200">
    <editdetail attribution="Reuters BIP Coding Group" action="confirmed" date="1997-03-10"/>
  </code>
</codes>
<codes class="bip:topics:1.0">
  <code code="C13">
    <editdetail attribution="Reuters BIP Coding Group" action="confirmed" date="1997-03-10"/>
  </code>
  <code code="C22">
    <editdetail attribution="Reuters BIP Coding Group" action="confirmed" date="1997-03-10"/>
  </code>
  <code code="CCAT">
    <editdetail attribution="Reuters BIP Coding Group" action="confirmed" date="1997-03-10"/>
  </code>
</codes>
<dc element="dc.date.created" value="1997-03-10"/>
<dc element="dc.publisher" value="Reuters Holdings Plc"/>
<dc element="dc.date.published" value="1997-03-10"/>
<dc element="dc.source" value="Reuters"/>
<dc element="dc.creator.location" value="BEVERLY, Mass."/>
<dc element="dc.creator.location.country.name" value="USA"/>
<dc element="dc.source" value="Reuters"/>
</metadata>
</newsitem>
