<?xml version="1.0" encoding="iso-8859-1" ?>
<newsitem itemid="429634" id="root" date="1997-03-10" xml:lang="en">
<title>USA: Southwest Securities opens Dallas branch.</title>
<headline>Southwest Securities opens Dallas branch.</headline>
<dateline>DALLAS 1997-03-10</dateline>
<text>
<p>Southwest Securities Group Inc said Monday it opened a new retail branch office in Dallas and named Melvin Horton Jr. as senior vice president and branch manager.</p>
<p>Located in Southwest's downtown headquarters location, the new branch will serve a client group of high net worth individual investors, the company said.</p>
<p>&quot;Our focus will be on developing long-term relationships and maintaining the highest level of service with our private client group,&quot; Horton said. &quot;We are seeking customers who still wish to have an active decision making role in the management of their assets.&quot;</p>
<p>With the opening of the downtown branch, Southwest Securities will have four retail locations in Dallas to serve its customers, including the NorthPark, Lakewood and Las Colinas offices.</p>
<p>--U.S. Municipal Desk, 212-859-1650</p>
</text>
<copyright>(c) Reuters Limited 1997</copyright>
<metadata>
<codes class="bip:countries:1.0">
  <code code="USA">
    <editdetail attribution="Reuters BIP Coding Group" action="confirmed" date="1997-03-10"/>
  </code>
</codes>
<codes class="bip:industries:1.0">
  <code code="I83100">
    <editdetail attribution="Reuters BIP Coding Group" action="confirmed" date="1997-03-10"/>
  </code>
</codes>
<codes class="bip:topics:1.0">
  <code code="C24">
    <editdetail attribution="Reuters BIP Coding Group" action="confirmed" date="1997-03-10"/>
  </code>
  <code code="C41">
    <editdetail attribution="Reuters BIP Coding Group" action="confirmed" date="1997-03-10"/>
  </code>
  <code code="C411">
    <editdetail attribution="Reuters BIP Coding Group" action="confirmed" date="1997-03-10"/>
  </code>
  <code code="CCAT">
    <editdetail attribution="Reuters BIP Coding Group" action="confirmed" date="1997-03-10"/>
  </code>
</codes>
<dc element="dc.date.created" value="1997-03-10"/>
<dc element="dc.publisher" value="Reuters Holdings Plc"/>
<dc element="dc.date.published" value="1997-03-10"/>
<dc element="dc.source" value="Reuters"/>
<dc element="dc.creator.location" value="DALLAS"/>
<dc element="dc.creator.location.country.name" value="USA"/>
<dc element="dc.source" value="Reuters"/>
</metadata>
</newsitem>
