<?xml version="1.0" encoding="iso-8859-1" ?>
<newsitem itemid="429679" id="root" date="1997-03-10" xml:lang="en">
<title>UK: GOLF-WORLD RANKINGS.</title>
<headline>GOLF-WORLD RANKINGS.</headline>
<dateline>LONDON 1997-03-10</dateline>
<text>
<p>Leading world golf rankings</p>
<p>issued on Monday (U.S. unless stated)</p>
<p>  1. Greg Norman (Australia)	    10.98 points average</p>
<p>  2. Tom Lehman				9.78</p>
<p>  3. Colin Montgomerie (Britain)	 9.12</p>
<p>  4. Ernie Els (South Africa)	    8.52</p>
<p>  5. Mark O'Meara			    8.42</p>
<p>  6. Nick Faldo (Britain)		  8.16</p>
<p>  7. Nick Price (Zimbabwe)		 7.72</p>
<p>  8. Masashi Ozaki (Japan)		 7.70</p>
<p>  9. Fred Couples			    7.66</p>
<p> 10. Steve Elkington (Australia)	 6.98</p>
<p> 11. Davis Love				6.84</p>
<p> 12. Phil Mickelson			  6.59</p>
<p> 13. Corey Pavin			     6.27</p>
<p> 14. Scott Hoch				6.16</p>
<p> 15. Tiger Woods			     5.93</p>
<p> 16. Steve Stricker			  5.87</p>
<p> 17. Steve Jones			     5.81</p>
<p> 18. Bernhard Langer (Germany)	   5.81</p>
<p> 19. David Duval			     5.58</p>
<p> 20. Tom Watson				5.40</p>
</text>
<copyright>(c) Reuters Limited 1997</copyright>
<metadata>
<codes class="bip:countries:1.0">
  <code code="AUSTR">
    <editdetail attribution="Reuters BIP Coding Group" action="confirmed" date="1997-03-10"/>
  </code>
  <code code="UK">
    <editdetail attribution="Reuters BIP Coding Group" action="confirmed" date="1997-03-10"/>
  </code>
  <code code="USA">
    <editdetail attribution="Reuters BIP Coding Group" action="confirmed" date="1997-03-10"/>
  </code>
</codes>
<codes class="bip:topics:1.0">
  <code code="GCAT">
    <editdetail attribution="Reuters BIP Coding Group" action="confirmed" date="1997-03-10"/>
  </code>
  <code code="GSPO">
    <editdetail attribution="Reuters BIP Coding Group" action="confirmed" date="1997-03-10"/>
  </code>
</codes>
<dc element="dc.date.created" value="1997-03-10"/>
<dc element="dc.publisher" value="Reuters Holdings Plc"/>
<dc element="dc.date.published" value="1997-03-10"/>
<dc element="dc.source" value="Reuters"/>
<dc element="dc.creator.location" value="LONDON"/>
<dc element="dc.creator.location.country.name" value="UK"/>
<dc element="dc.source" value="Reuters"/>
</metadata>
</newsitem>
