<?xml version="1.0" encoding="iso-8859-1" ?>
<newsitem itemid="429665" id="root" date="1997-03-10" xml:lang="en">
<title>SPAIN: SOCCER-GOALKEEPER KONRAD IS UNDER FIRE AGAIN.</title>
<headline>SOCCER-GOALKEEPER KONRAD IS UNDER FIRE AGAIN.</headline>
<dateline>ZARAGOZA, Spain 1997-03-10</dateline>
<text>
<p>Austrian Otto Konrad is finding goalkeeping a hazardous occupation.</p>
<p>Hit by a bottle thrown from the crowd in Italy two seasons ago, he has now been struck by a firework at a Spanish match.</p>
<p>Playing for Zaragoza, Konrad was felled by the firework thrown from the stands in Sunday's Spanish league game at Athletic Bilbao.</p>
<p>Konrad was taken to hospital with first degree burns near the eye but had fully recovered by Monday and was expected to resume training later in the week.</p>
<p>&quot;I'm well, very well,&quot; he said.</p>
<p>Spanish soccer authorities are to investigate the incident which could cost Athletic a stadium closure similar to that handed out to AC Milan when Konrad was previously attacked.</p>
<p>UEFA docked the Italian team two European Cup  Champions' League points and closed their San Siro stadium for two games because of the injury to Konrad during Casino Salzburg's game there in September 1994.</p>
</text>
<copyright>(c) Reuters Limited 1997</copyright>
<metadata>
<codes class="bip:countries:1.0">
  <code code="AUST">
    <editdetail attribution="Reuters BIP Coding Group" action="confirmed" date="1997-03-10"/>
  </code>
  <code code="SPAIN">
    <editdetail attribution="Reuters BIP Coding Group" action="confirmed" date="1997-03-10"/>
  </code>
</codes>
<codes class="bip:topics:1.0">
  <code code="GCAT">
    <editdetail attribution="Reuters BIP Coding Group" action="confirmed" date="1997-03-10"/>
  </code>
  <code code="GSPO">
    <editdetail attribution="Reuters BIP Coding Group" action="confirmed" date="1997-03-10"/>
  </code>
</codes>
<dc element="dc.date.created" value="1997-03-10"/>
<dc element="dc.publisher" value="Reuters Holdings Plc"/>
<dc element="dc.date.published" value="1997-03-10"/>
<dc element="dc.source" value="Reuters"/>
<dc element="dc.creator.location" value="ZARAGOZA, Spain"/>
<dc element="dc.creator.location.country.name" value="SPAIN"/>
<dc element="dc.source" value="Reuters"/>
</metadata>
</newsitem>
