<?xml version="1.0" encoding="iso-8859-1" ?>
<newsitem itemid="429643" id="root" date="1997-03-10" xml:lang="en">
<title>USA: Pacific Telesis proposes rate reduction.</title>
<headline>Pacific Telesis proposes rate reduction.</headline>
<dateline>SAN FRANCISCO 1997-03-10</dateline>
<text>
<p>Pacific Telesis Group's Pacific Bell Monday said it filed a proposal with the California Public Utilities Commission (CPUC) to lower its local toll prices for business and residential customers, as well as its switched access prices for long-distance customers by about $305 million.</p>
<p>In a statement, the company said the proposed price reductions result from the CPUC's recent creation of a $352 million fund to support Universal Service statewide. Because Pacific Bell will receive some $305 million from the Fund, the company said it has proposed reducing its rates accordingly.  </p>
<p>Universal service is a series of subsidies by which basic emergency and incoming calls are provided at low cost to those on welfare. Regulatory rules also apply a general series of cross subsidies from urban to rural users, from business to residential, from optional services to basic services and from long-distance to local calling.</p>
<p>The company's plan must now be approved by the Commission before it becomes effective.</p>
<p>Under the proposed new rates, a direct dial five minute call from a residence between San Francisco and San Jose will would cost $0.46, down from $0.59 at current rates.</p>
</text>
<copyright>(c) Reuters Limited 1997</copyright>
<metadata>
<codes class="bip:countries:1.0">
  <code code="USA">
    <editdetail attribution="Reuters BIP Coding Group" action="confirmed" date="1997-03-10"/>
  </code>
</codes>
<codes class="bip:industries:1.0">
  <code code="I79020">
    <editdetail attribution="Reuters BIP Coding Group" action="confirmed" date="1997-03-10"/>
  </code>
</codes>
<codes class="bip:topics:1.0">
  <code code="C13">
    <editdetail attribution="Reuters BIP Coding Group" action="confirmed" date="1997-03-10"/>
  </code>
  <code code="C31">
    <editdetail attribution="Reuters BIP Coding Group" action="confirmed" date="1997-03-10"/>
  </code>
  <code code="CCAT">
    <editdetail attribution="Reuters BIP Coding Group" action="confirmed" date="1997-03-10"/>
  </code>
</codes>
<dc element="dc.date.created" value="1997-03-10"/>
<dc element="dc.publisher" value="Reuters Holdings Plc"/>
<dc element="dc.date.published" value="1997-03-10"/>
<dc element="dc.source" value="Reuters"/>
<dc element="dc.creator.location" value="SAN FRANCISCO"/>
<dc element="dc.creator.location.country.name" value="USA"/>
<dc element="dc.source" value="Reuters"/>
</metadata>
</newsitem>
