<?xml version="1.0" encoding="iso-8859-1" ?>
<newsitem itemid="429637" id="root" date="1997-03-10" xml:lang="en">
<title>USA: Norwich Financial completes branch buys.</title>
<headline>Norwich Financial completes branch buys.</headline>
<dateline>NORWICH, Conn. 1997-03-07</dateline>
<text>
<p>Norwich Financial Corp said its Norwich Savings Society subsidiary completed its acquisition of two branches of First Union Bank of Connecticut.</p>
<p>Under terms of the agreement, announced last October, the First Union branches were merged with the bank's existing offices in New London and Groton.</p>
<p>The acquisition included the transfer of about $25 million in deposits and $1 million in loans, the company said.</p>
<p>((New York newsdesk 212e-859-1610))</p>
</text>
<copyright>(c) Reuters Limited 1997</copyright>
<metadata>
<codes class="bip:countries:1.0">
  <code code="USA">
    <editdetail attribution="Reuters BIP Coding Group" action="confirmed" date="1997-03-10"/>
  </code>
</codes>
<codes class="bip:industries:1.0">
  <code code="I83100">
    <editdetail attribution="Reuters BIP Coding Group" action="confirmed" date="1997-03-10"/>
  </code>
</codes>
<codes class="bip:topics:1.0">
  <code code="C18">
    <editdetail attribution="Reuters BIP Coding Group" action="confirmed" date="1997-03-10"/>
  </code>
  <code code="C182">
    <editdetail attribution="Reuters BIP Coding Group" action="confirmed" date="1997-03-10"/>
  </code>
  <code code="CCAT">
    <editdetail attribution="Reuters BIP Coding Group" action="confirmed" date="1997-03-10"/>
  </code>
</codes>
<dc element="dc.date.created" value="1997-03-07"/>
<dc element="dc.publisher" value="Reuters Holdings Plc"/>
<dc element="dc.date.published" value="1997-03-10"/>
<dc element="dc.source" value="Reuters"/>
<dc element="dc.creator.location" value="NORWICH, Conn."/>
<dc element="dc.creator.location.country.name" value="USA"/>
<dc element="dc.source" value="Reuters"/>
</metadata>
</newsitem>
