<?xml version="1.0" encoding="iso-8859-1" ?>
<newsitem itemid="429636" id="root" date="1997-03-10" xml:lang="en">
<title>USA: Cross-Continent Auto vice chairman resigns.</title>
<headline>Cross-Continent Auto vice chairman resigns.</headline>
<dateline>AMARILLO, Texas 1997-03-10</dateline>
<text>
<p>Cross-Continent Auto Retailers Inc said on Monday its vice chairman, Ezra Mager, resigned to pursue other opportunities.</p>
<p>James Purser, the company's chief financial officer, will be appointed to the board in Mager's place, the company said.</p>
<p>Cross-Continent owns and operates 10 franchised auto dealerships in Colorado, Nevada, Oklahoma and Texas.</p>
</text>
<copyright>(c) Reuters Limited 1997</copyright>
<metadata>
<codes class="bip:countries:1.0">
  <code code="USA">
    <editdetail attribution="Reuters BIP Coding Group" action="confirmed" date="1997-03-10"/>
  </code>
</codes>
<codes class="bip:industries:1.0">
  <code code="I65100">
    <editdetail attribution="Reuters BIP Coding Group" action="confirmed" date="1997-03-10"/>
  </code>
</codes>
<codes class="bip:topics:1.0">
  <code code="C41">
    <editdetail attribution="Reuters BIP Coding Group" action="confirmed" date="1997-03-10"/>
  </code>
  <code code="C411">
    <editdetail attribution="Reuters BIP Coding Group" action="confirmed" date="1997-03-10"/>
  </code>
  <code code="CCAT">
    <editdetail attribution="Reuters BIP Coding Group" action="confirmed" date="1997-03-10"/>
  </code>
</codes>
<dc element="dc.date.created" value="1997-03-10"/>
<dc element="dc.publisher" value="Reuters Holdings Plc"/>
<dc element="dc.date.published" value="1997-03-10"/>
<dc element="dc.source" value="Reuters"/>
<dc element="dc.creator.location" value="AMARILLO, Texas"/>
<dc element="dc.creator.location.country.name" value="USA"/>
<dc element="dc.source" value="Reuters"/>
</metadata>
</newsitem>
