<?xml version="1.0" encoding="iso-8859-1" ?>
<newsitem itemid="429631" id="root" date="1997-03-10" xml:lang="en">
<title>USA: Biosense Corp IPO withdrawn - underwriter.</title>
<headline>Biosense Corp IPO withdrawn - underwriter.</headline>
<dateline>NEW YORK 1997-03-10</dateline>
<text>
<p>The initial public offering of Biosense Inc has been withdrawn, underwriters for the deal said Monday.</p>
<p>UBS Securities said the offering was pulled but did not provide a reason for the withdrawal.</p>
<p>Terms of the deal were not provided in a U.S. Securities and Exchange Commission filing, although the registration did say shares were to trade on the Nasdaq National Market under the symbol BSEN.O.</p>
<p>Biosense Corp is a developer of technology enabling physicians to navigate medical instruments in patients' bodies during minor surgery.</p>
<p>((-- New York Newsdesk 212-859-1700))</p>
</text>
<copyright>(c) Reuters Limited 1997</copyright>
<metadata>
<codes class="bip:countries:1.0">
  <code code="USA">
    <editdetail attribution="Reuters BIP Coding Group" action="confirmed" date="1997-03-10"/>
  </code>
</codes>
<codes class="bip:industries:1.0">
  <code code="I37200">
    <editdetail attribution="Reuters BIP Coding Group" action="confirmed" date="1997-03-10"/>
  </code>
</codes>
<codes class="bip:topics:1.0">
  <code code="C14">
    <editdetail attribution="Reuters BIP Coding Group" action="confirmed" date="1997-03-10"/>
  </code>
  <code code="C17">
    <editdetail attribution="Reuters BIP Coding Group" action="confirmed" date="1997-03-10"/>
  </code>
  <code code="C171">
    <editdetail attribution="Reuters BIP Coding Group" action="confirmed" date="1997-03-10"/>
  </code>
  <code code="CCAT">
    <editdetail attribution="Reuters BIP Coding Group" action="confirmed" date="1997-03-10"/>
  </code>
</codes>
<dc element="dc.date.created" value="1997-03-10"/>
<dc element="dc.publisher" value="Reuters Holdings Plc"/>
<dc element="dc.date.published" value="1997-03-10"/>
<dc element="dc.source" value="Reuters"/>
<dc element="dc.creator.location" value="NEW YORK"/>
<dc element="dc.creator.location.country.name" value="USA"/>
<dc element="dc.source" value="Reuters"/>
</metadata>
</newsitem>
