<?xml version="1.0" encoding="iso-8859-1" ?>
<newsitem itemid="429642" id="root" date="1997-03-10" xml:lang="en">
<title>USA: Exxon, BP have &quot;significant&quot; offshore find.</title>
<headline>Exxon, BP have &quot;significant&quot; offshore find.</headline>
<dateline>IRVING, Texas 1997-03-10</dateline>
<text>
<p>Exxon Corp said Monday it has a significant Gulf of Mexico deepwater discovery called Hoover.</p>
<p>The well, located about 165 miles south of Galveston, Texas encountered over 100 feet of net hydrocarbon pay. The discovery may contain developable reserves in excess of 100 million barrels of oil equivalent, the company said.</p>
<p>The Hoover field is only 15 miles from Exxon's previously announced Diana discovery, also estimated to be in excess of 100 million barrels, Exxon said.  </p>
<p>Exxon is the operator of both, with a 66.7 percent working interest. British Petroleum Co Plc owns the rest.  </p>
<p>A project team is evaluating options for the development of Diana and Hoover, Exxon said. Options under review include process facilities installed on a floating structure, which would establish a world water depth record for a floating offshore production structure.</p>
<p>Production start-up would be targeted for the year 2000.</p>
<p>Exxon said Hoover, which encompasses Alaminos Canyon Blocks 25 and 26, was drilled in a water depth of 4,795 feet, using a moored semi-submersible drilling rig. It is located within the same basin as the 1990 Diana discovery on East Breaks Blocks 945 and 946.</p>
<p>The most recent Diana appraisal well established a water depth record for testing from a moored vessel -- 4,657 feet, Exxon said. That appraisal well recorded maximum flows of 4,800 barrels of oil and 2.6 million cubic feet of natural gas per day.</p>
<p>In addition to interests in Alaminos Canyon Blocks 25 and 26, Exxon and BP, either alone or together, have 33 additional blocks under lease in the vicinity of the Hoover and Diana discoveries, Exxon said.</p>
<p>((-- New York Newsdesk 212-859-1610.))</p>
</text>
<copyright>(c) Reuters Limited 1997</copyright>
<metadata>
<codes class="bip:countries:1.0">
  <code code="USA">
    <editdetail attribution="Reuters BIP Coding Group" action="confirmed" date="1997-03-10"/>
  </code>
</codes>
<codes class="bip:industries:1.0">
  <code code="I13000">
    <editdetail attribution="Reuters BIP Coding Group" action="confirmed" date="1997-03-10"/>
  </code>
  <code code="I1300003">
    <editdetail attribution="Reuters BIP Coding Group" action="confirmed" date="1997-03-10"/>
  </code>
</codes>
<codes class="bip:topics:1.0">
  <code code="C24">
    <editdetail attribution="Reuters BIP Coding Group" action="confirmed" date="1997-03-10"/>
  </code>
  <code code="CCAT">
    <editdetail attribution="Reuters BIP Coding Group" action="confirmed" date="1997-03-10"/>
  </code>
</codes>
<dc element="dc.date.created" value="1997-03-10"/>
<dc element="dc.publisher" value="Reuters Holdings Plc"/>
<dc element="dc.date.published" value="1997-03-10"/>
<dc element="dc.source" value="Reuters"/>
<dc element="dc.creator.location" value="IRVING, Texas"/>
<dc element="dc.creator.location.country.name" value="USA"/>
<dc element="dc.source" value="Reuters"/>
</metadata>
</newsitem>
