<?xml version="1.0" encoding="iso-8859-1" ?>
<newsitem itemid="429635" id="root" date="1997-03-10" xml:lang="en">
<title>USA: Greyhound to buy Carolina Trailways for $20.3mln.</title>
<headline>Greyhound to buy Carolina Trailways for $20.3mln.</headline>
<dateline>DALLAS 1997-03-10</dateline>
<text>
<p>Greyhound Lines Inc said Monday it has signed a definitive agreement to buy Carolina Trailways Inc of Raleigh, N.C., for $20.3 million of cash and Greyhound common stock.</p>
<p>The transaction is subject to approval of the U.S. Surface Transportation Board.</p>
<p>Carolina will become a wholly owned subsidiary of Greyhound Lines, and will be operated separately by its existing management.</p>
<p>Carolina Trailways, said the company, had gross revenues of about $16 million last year and Greyhound expects this transaction will improve its earnings per share.  In addition, the company has identified significant operating efficiencies which will make the transaction even more accretive to earnings. The deal also includes some excess real estate and other assets that will be sold, said the company.</p>
<p>The company said the purchase of Carolina is the first step to complement internal growth with growth through acquisitions.</p>
<p>Carolina Trailways operates intercity bus service to 21 cities in North Carolina and Virginia, and from Norfolk north to Washington, Baltimore and Philadelphia.</p>
</text>
<copyright>(c) Reuters Limited 1997</copyright>
<metadata>
<codes class="bip:countries:1.0">
  <code code="USA">
    <editdetail attribution="Reuters BIP Coding Group" action="confirmed" date="1997-03-10"/>
  </code>
</codes>
<codes class="bip:industries:1.0">
  <code code="I72102">
    <editdetail attribution="Reuters BIP Coding Group" action="confirmed" date="1997-03-10"/>
  </code>
</codes>
<codes class="bip:topics:1.0">
  <code code="C18">
    <editdetail attribution="Reuters BIP Coding Group" action="confirmed" date="1997-03-10"/>
  </code>
  <code code="C181">
    <editdetail attribution="Reuters BIP Coding Group" action="confirmed" date="1997-03-10"/>
  </code>
  <code code="CCAT">
    <editdetail attribution="Reuters BIP Coding Group" action="confirmed" date="1997-03-10"/>
  </code>
</codes>
<dc element="dc.date.created" value="1997-03-10"/>
<dc element="dc.publisher" value="Reuters Holdings Plc"/>
<dc element="dc.date.published" value="1997-03-10"/>
<dc element="dc.source" value="Reuters"/>
<dc element="dc.creator.location" value="DALLAS"/>
<dc element="dc.creator.location.country.name" value="USA"/>
<dc element="dc.source" value="Reuters"/>
</metadata>
</newsitem>
