<?xml version="1.0" encoding="iso-8859-1" ?>
<newsitem itemid="429613" id="root" date="1997-03-10" xml:lang="en">
<title>USA: Standard Micro, Acer resolve dispute.</title>
<headline>Standard Micro, Acer resolve dispute.</headline>
<dateline>HAUPPAUGE, N.Y. 1997-03-10</dateline>
<text>
<p>Standard Microsystems Corp said on Monday that it and Acer Laboratories Inc of Taiwan have resolved a contract dispute over Standard's patented Digital Data Separator technology used in certain Acer products.</p>
<p>Standard said it will receive higher royalty payments from Acer for products under dispute. The new agreement will also encourage customers to standardize on Standard's I/O architectures and make it easier for them to transition to Standard's next generation I/O devices, Standard said.</p>
<p>The settlement also allows Acer's customers to be assured they will continue to receive products from Acer uninterrupted, Standard said. For any product Acer agrees to phase out due to marketing or other considerations, reasonable transition time will be given to customers who have designed-in products.</p>
<p>Standard makes products for the computer peripherals market. Acer makes integrated circuits.</p>
</text>
<copyright>(c) Reuters Limited 1997</copyright>
<metadata>
<codes class="bip:countries:1.0">
  <code code="TAIWAN">
    <editdetail attribution="Reuters BIP Coding Group" action="confirmed" date="1997-03-10"/>
  </code>
  <code code="USA">
    <editdetail attribution="Reuters BIP Coding Group" action="confirmed" date="1997-03-10"/>
  </code>
</codes>
<codes class="bip:industries:1.0">
  <code code="I33020">
    <editdetail attribution="Reuters BIP Coding Group" action="confirmed" date="1997-03-10"/>
  </code>
  <code code="I3302003">
    <editdetail attribution="Reuters BIP Coding Group" action="confirmed" date="1997-03-10"/>
  </code>
</codes>
<codes class="bip:topics:1.0">
  <code code="C33">
    <editdetail attribution="Reuters BIP Coding Group" action="confirmed" date="1997-03-10"/>
  </code>
  <code code="CCAT">
    <editdetail attribution="Reuters BIP Coding Group" action="confirmed" date="1997-03-10"/>
  </code>
</codes>
<dc element="dc.date.created" value="1997-03-10"/>
<dc element="dc.publisher" value="Reuters Holdings Plc"/>
<dc element="dc.date.published" value="1997-03-10"/>
<dc element="dc.source" value="Reuters"/>
<dc element="dc.creator.location" value="HAUPPAUGE, N.Y."/>
<dc element="dc.creator.location.country.name" value="USA"/>
<dc element="dc.source" value="Reuters"/>
</metadata>
</newsitem>
