<?xml version="1.0" encoding="iso-8859-1" ?>
<newsitem itemid="429676" id="root" date="1997-03-10" xml:lang="en">
<title>UK: HORSE RACING-ENGLISH CHAMPION HURDLE DECLARED RUNNERS/RIDERS.</title>
<headline>HORSE RACING-ENGLISH CHAMPION HURDLE DECLARED RUNNERS/RIDERS.</headline>
<dateline>LONDON 1997-03-10</dateline>
<text>
<p>Seventeen runners were declared</p>
<p>on Monday for Tuesday's Champion Hurdle, to be run over two</p>
<p>miles and 110 yards (3.2 kms) at Cheltenham (1515 GMT).</p>
<p>Runners (tabulate under - form, horse, trainer, jockey):</p>
<p>3-23 Bimsey Reg Akehurst Mick Fitzgerald</p>
<p> 231  Cockney Lad	 Noel Meade	 Paul Carberry</p>
<p> 11-1 Collier Bay	 Jim Old	    Graham Bradley</p>
<p> 234  Dardjini	    Noel Meade	 Conor O'Dwyer</p>
<p> 061  Dreams End	  Peter Bowden     Rod Farrant</p>
<p> 012  Guest Performance Dessie Hughes    Richard Hughes</p>
<p> 220  Hill Society	Noel Meade	 Jason Titley</p>
<p> 11   I'm Supposin	Kevin Prendergast Charlie Swan</p>
<p> 111  Large Action	Oliver Sherwood  Jamie Osborne</p>
<p> 111  Make A Stand	Martin Pipe	Tony McCoy</p>
<p> 024  Moorish     Nigel Twiston-Davies   David Bridgwater</p>
<p> 542  Pridwell	    Martin Pipe	Chris Maude</p>
<p> 111  San Martino	 David Nicholson  Richard Dunwoody</p>
<p> 111  Space Trucker     Jessica Harrington  John Shortt</p>
<p> 121  Theatreworld	Aidan O'Brien    Norman Williamson</p>
<p> 005  Zabadi		David Nicholson  Richard Johnson</p>
<p> 142  Mistinguett Nigel Twiston-Davies   Carl Llewellyn</p>
<p>Latest London ante-post betting: 7-2 Collier Bay and Space</p>
<p>Trucker, 4-1 Large Action, 5-1 I'm Supposin, 6-1 Make A Stand,</p>
<p>9-1 San Martino 33-1 and upwards others.</p>
</text>
<copyright>(c) Reuters Limited 1997</copyright>
<metadata>
<codes class="bip:countries:1.0">
  <code code="UK">
    <editdetail attribution="Reuters BIP Coding Group" action="confirmed" date="1997-03-10"/>
  </code>
</codes>
<codes class="bip:topics:1.0">
  <code code="GCAT">
    <editdetail attribution="Reuters BIP Coding Group" action="confirmed" date="1997-03-10"/>
  </code>
  <code code="GSPO">
    <editdetail attribution="Reuters BIP Coding Group" action="confirmed" date="1997-03-10"/>
  </code>
</codes>
<dc element="dc.date.created" value="1997-03-10"/>
<dc element="dc.publisher" value="Reuters Holdings Plc"/>
<dc element="dc.date.published" value="1997-03-10"/>
<dc element="dc.source" value="Reuters"/>
<dc element="dc.creator.location" value="LONDON"/>
<dc element="dc.creator.location.country.name" value="UK"/>
<dc element="dc.source" value="Reuters"/>
</metadata>
</newsitem>
