<?xml version="1.0" encoding="iso-8859-1" ?>
<newsitem itemid="429651" id="root" date="1997-03-10" xml:lang="en">
<title>USA: US Democratic Senators urge Fed leave rates alone.</title>
<headline>US Democratic Senators urge Fed leave rates alone.</headline>
<dateline>WASHINGTON 1997-03-10</dateline>
<text>
<p>Sen. Tom Harkin and a group of Democratic senators urged in a letter to Federal Reserve Chairman Alan Greenspan Monday that interest rates be left unchanged unless there are clear signs of inflation.</p>
<p>&quot;Unless specific and definite signs of inflation can be sighted, we strongly urge you (Greenspan) and the Federal Open Market Committee to resist any action that could lead to higher interest rates,&quot; the letter said.</p>
<p>Harkin, an Iowa Democrat, criticized Greenspan's recent characterization of stock market sentiment as &quot;irrational exuberance,&quot; saying his comments had made interest rates rise.</p>
<p>The letter also said the senators were opposed to a &quot;pre-emptive strike&quot; against inflation.</p>
<p>Harkin was among a small group of Democratic senators last year that delayed Greenspan's confirmation to another term as chairman of the Federal Reserve because the senators believed the Fed was not doing enough to promote stronger economic growth.</p>
</text>
<copyright>(c) Reuters Limited 1997</copyright>
<metadata>
<codes class="bip:countries:1.0">
  <code code="USA">
    <editdetail attribution="Reuters BIP Coding Group" action="confirmed" date="1997-03-10"/>
  </code>
</codes>
<codes class="bip:topics:1.0">
  <code code="E12">
    <editdetail attribution="Reuters BIP Coding Group" action="confirmed" date="1997-03-10"/>
  </code>
  <code code="ECAT">
    <editdetail attribution="Reuters BIP Coding Group" action="confirmed" date="1997-03-10"/>
  </code>
  <code code="GCAT">
    <editdetail attribution="Reuters BIP Coding Group" action="confirmed" date="1997-03-10"/>
  </code>
  <code code="GPOL">
    <editdetail attribution="Reuters BIP Coding Group" action="confirmed" date="1997-03-10"/>
  </code>
</codes>
<dc element="dc.date.created" value="1997-03-10"/>
<dc element="dc.publisher" value="Reuters Holdings Plc"/>
<dc element="dc.date.published" value="1997-03-10"/>
<dc element="dc.source" value="Reuters"/>
<dc element="dc.creator.location" value="WASHINGTON"/>
<dc element="dc.creator.location.country.name" value="USA"/>
<dc element="dc.source" value="Reuters"/>
</metadata>
</newsitem>
