<?xml version="1.0" encoding="iso-8859-1" ?>
<newsitem itemid="429630" id="root" date="1997-03-10" xml:lang="en">
<title>USA: HFS names Robert Moles as Century 21 president.</title>
<headline>HFS names Robert Moles as Century 21 president.</headline>
<dateline>PARSIPPANY, N.J. 1997-03-10</dateline>
<text>
<p>HFS Inc said Monday it had named Robert Moles as president of Century 21 Real Estate Corp.</p>
<p>Moles, who was president and chief executive officer of Contempo Realty, will take on his new job on March 10, it said.</p>
<p>HFS also said the 18 offices of Contempo Realty with 850 agents will join the Century 21 broker network.</p>
<p>National Realty Trust, one of HFS's largest real estate franchises, has agreed to buy the Contempo Realty offices, which handled more than $2.4 billion in transaction volume in 1996, it said, adding that National Realty with operate them for Century 21.</p>
<p>HFS Inc franchises hotels and residential real estate brokerage offices, among other things.</p>
</text>
<copyright>(c) Reuters Limited 1997</copyright>
<metadata>
<codes class="bip:countries:1.0">
  <code code="USA">
    <editdetail attribution="Reuters BIP Coding Group" action="confirmed" date="1997-03-10"/>
  </code>
</codes>
<codes class="bip:industries:1.0">
  <code code="I66500">
    <editdetail attribution="Reuters BIP Coding Group" action="confirmed" date="1997-03-10"/>
  </code>
</codes>
<codes class="bip:topics:1.0">
  <code code="C41">
    <editdetail attribution="Reuters BIP Coding Group" action="confirmed" date="1997-03-10"/>
  </code>
  <code code="C411">
    <editdetail attribution="Reuters BIP Coding Group" action="confirmed" date="1997-03-10"/>
  </code>
  <code code="CCAT">
    <editdetail attribution="Reuters BIP Coding Group" action="confirmed" date="1997-03-10"/>
  </code>
</codes>
<dc element="dc.date.created" value="1997-03-10"/>
<dc element="dc.publisher" value="Reuters Holdings Plc"/>
<dc element="dc.date.published" value="1997-03-10"/>
<dc element="dc.source" value="Reuters"/>
<dc element="dc.creator.location" value="PARSIPPANY, N.J."/>
<dc element="dc.creator.location.country.name" value="USA"/>
<dc element="dc.source" value="Reuters"/>
</metadata>
</newsitem>
