<?xml version="1.0" encoding="iso-8859-1" ?>
<newsitem itemid="429680" id="root" date="1997-03-10" xml:lang="en">
<title>UK: SOCCER-ENGLISH AND SCOTTISH LEAGUE FIXTURES.</title>
<headline>SOCCER-ENGLISH AND SCOTTISH LEAGUE FIXTURES.</headline>
<dateline>LONDON 1997-03-10</dateline>
<text>
<p>English and Scottish league</p>
<p>fixtures for the weekend of March 15-16:</p>
<p>English Premier league</p>
<p>Aston Villa v West Ham</p>
<p>Blackburn v Wimbledon</p>
<p>Everton v Derby</p>
<p>Leicester v Middlesbrough</p>
<p>Manchester United v Sheffield Wednesday</p>
<p>Newcastle v Coventry</p>
<p>Nottingham Forest v Liverpool</p>
<p>Southampton v Arsenal</p>
<p>Tottenham v Leeds</p>
<p>Division one</p>
<p>Crystal Palace v Norwich</p>
<p>Grimsby v Manchester City</p>
<p>Huddersfield v Portsmouth</p>
<p>Ipswich v Bolton</p>
<p>Oldham v Wolverhampton</p>
<p>Port Vale v Charlton</p>
<p>Reading v Bradford</p>
<p>Sheffield United v Oxford United</p>
<p>Southend v Queens Park Rangers</p>
<p>Swindon v Stoke</p>
<p>Tranmere v Barnsley</p>
<p>Division two</p>
<p>Blackpool v Preston</p>
<p>Brentford v Burnley</p>
<p>Bury v Gillingham</p>
<p>Chesterfield v Wycombe</p>
<p>Crewe v Luton</p>
<p>Millwall v Bournemouth</p>
<p>Peterborough v Stockport</p>
<p>Rotherham v Notts County</p>
<p>Shrewsbury v Plymouth</p>
<p>Watford v Walsall</p>
<p>Wrexham v York</p>
<p>Division three</p>
<p>Barnet v Swansea</p>
<p>Carlisle v Hereford</p>
<p>Darlington v Chester</p>
<p>Exeter v Scunthorpe</p>
<p>Hartlepool v Rochdale</p>
<p>Hull v Brighton</p>
<p>Northampton v Lincoln</p>
<p>Scarborough v Torquay</p>
<p>Wigan v Cambridge United</p>
<p>Scottish premier division</p>
<p>Aberdeen v Dundee United</p>
<p>Hearts v Hibernian</p>
<p>Kilmarnock v Motherwell</p>
<p>Raith v Dunfermline</p>
<p>Scottish division one</p>
<p>Airdrieonians v Fakirk</p>
<p>Clydebank v Falkirk</p>
<p>Dundee v St Johnstone</p>
<p>St Mirren v Greenock Morton</p>
<p>Stirling v East Fife</p>
<p>Scottish division two</p>
<p>Berwick v Livingston</p>
<p>Brechin v Clyde</p>
<p>Queen of South v Hamilton</p>
<p>Stenhousemuir v Dumbarton</p>
<p>Stranraer v Ayr</p>
<p>Scottish division three</p>
<p>Albion v Queen's Park</p>
<p>Cowdenbeath v Arbroath</p>
<p>East Stirling v Alloa</p>
<p>Forfar v Montrose</p>
<p>Inverness Thistle v Ross County</p>
<p>Sunday, March 16:</p>
<p>English premier league</p>
<p>Chelsea v Sunderland</p>
<p>English division one</p>
<p>West Bromwich v Birmingham</p>
<p>English division two</p>
<p>Bristol Rovers v Bristol City</p>
<p>English division three</p>
<p>Orient v Fulham</p>
<p>Scottish premier division</p>
<p>Celtic v Rangers</p>
</text>
<copyright>(c) Reuters Limited 1997</copyright>
<metadata>
<codes class="bip:countries:1.0">
  <code code="UK">
    <editdetail attribution="Reuters BIP Coding Group" action="confirmed" date="1997-03-10"/>
  </code>
</codes>
<codes class="bip:topics:1.0">
  <code code="GCAT">
    <editdetail attribution="Reuters BIP Coding Group" action="confirmed" date="1997-03-10"/>
  </code>
  <code code="GSPO">
    <editdetail attribution="Reuters BIP Coding Group" action="confirmed" date="1997-03-10"/>
  </code>
</codes>
<dc element="dc.date.created" value="1997-03-10"/>
<dc element="dc.publisher" value="Reuters Holdings Plc"/>
<dc element="dc.date.published" value="1997-03-10"/>
<dc element="dc.source" value="Reuters"/>
<dc element="dc.creator.location" value="LONDON"/>
<dc element="dc.creator.location.country.name" value="UK"/>
<dc element="dc.source" value="Reuters"/>
</metadata>
</newsitem>
