<?xml version="1.0" encoding="iso-8859-1" ?>
<newsitem itemid="429667" id="root" date="1997-03-10" xml:lang="en">
<title>UK: SOCCER-CELTIC CONFIRM SALE OF VAN HOOYDONK TO FOREST.</title>
<headline>SOCCER-CELTIC CONFIRM SALE OF VAN HOOYDONK TO FOREST.</headline>
<dateline>LONDON 1997-03-10</dateline>
<text>
<p>Glasgow Celtic confirmed on Monday they had sold Dutch striker Pierre van Hooydonk to struggling English premier league side Nottingham Forest.</p>
<p>The Scottish giants said the deal was worth 3.0 million pounds to them, possibly rising to 4.5 million pounds depending on whether Forest avoid relegation this season and on Van Hooydonk's strike rate in the coming seasons.</p>
<p>Forest have been on the look out for a goalscorer to help them pull clear of the relegation zone. They have scored just one goal in their last seven matches and are 17th in the 20-team lead.</p>
<p>The club was the subject of a successful takeover bid two weeks ago which freed up around 16 million pounds ($26 million) for new players.</p>
<p>Van Hooydonk, Celtic's top scorer last season with 26 goals, had been unsettled at Parkhead this season despite scoring 16 times. He had lost his regular first team place to Portugal's Jorge Cadete, Celtic's current top scorer with 28.</p>
<p>He could make his debut for Forest against Blackburn Rovers in a league match on Tuesday night.</p>
</text>
<copyright>(c) Reuters Limited 1997</copyright>
<metadata>
<codes class="bip:countries:1.0">
  <code code="UK">
    <editdetail attribution="Reuters BIP Coding Group" action="confirmed" date="1997-03-10"/>
  </code>
</codes>
<codes class="bip:topics:1.0">
  <code code="GCAT">
    <editdetail attribution="Reuters BIP Coding Group" action="confirmed" date="1997-03-10"/>
  </code>
  <code code="GSPO">
    <editdetail attribution="Reuters BIP Coding Group" action="confirmed" date="1997-03-10"/>
  </code>
</codes>
<dc element="dc.date.created" value="1997-03-10"/>
<dc element="dc.publisher" value="Reuters Holdings Plc"/>
<dc element="dc.date.published" value="1997-03-10"/>
<dc element="dc.source" value="Reuters"/>
<dc element="dc.creator.location" value="LONDON"/>
<dc element="dc.creator.location.country.name" value="UK"/>
<dc element="dc.source" value="Reuters"/>
</metadata>
</newsitem>
