<?xml version="1.0" encoding="iso-8859-1" ?>
<newsitem itemid="429687" id="root" date="1997-03-10" xml:lang="en">
<title>SOUTH AFRICA: RUGBY UNION-BOK COACH OPENS DOOR FOR PIENAAR, STRANSKY.</title>
<headline>RUGBY UNION-BOK COACH OPENS DOOR FOR PIENAAR, STRANSKY.</headline>
<byline>Andy Capostagno</byline>
<dateline>JOHANNESBURG 1997-03-10</dateline>
<text>
<p>New Springbok coach Carel du Plessis has taken the first step towards rehabilitating Francois Pienaar and Joel Stransky in international rugby.</p>
<p>Speaking at a news conference to announce his assistants in the top job, du Plessis said, &quot;I am aware that Francois and Joel are playing good rugby at the moment. I have asked SARFU's (South African Rugby Football Union) director of coaching Rudi Joubet to provide me with videos of them in action in England.</p>
<p>&quot;It is important that we achieve consistency in selection and we will try to be fair and not confine ourselves to players who are competing in South Africa.''</p>
<p>Du Plessis's predecessor as Springbok coach, Andre Markgraaff, discarded Pienaar at the end of last season, prompting the World Cup winning captain to accept a playing post at English club Saracens.</p>
<p>Stransky moved to Leicester for similar reasons and both appeared to have no chance of playing for South Africa again until now.</p>
<p>SARFU has completed the reshaping of the Springbok administrative set- up with the appointment of a new manager and assistant coach to du Plessis who was chosen as coach two weeks ago.</p>
<p>Former Springbok flank forward Gert Smal will be du Plessis's coaching assistant, while Arthob Petersen steps in as manager.</p>
<p>Petersen, 45, is one of two black members of SARFU's executive committee, while Smal steps up from assisting the coaching of the South African A team on their recent tour to Britain. Petersen was the manager of that tour and also went to Britain and Ireland with the Springboks in 1994.</p>
<p>Du Plessis confirmed that the Springboks would play their first ever test against Tonga at Newlands in Cape Town on June 10 as a warm-up for the three-test series against the British Lions.</p>
</text>
<copyright>(c) Reuters Limited 1997</copyright>
<metadata>
<codes class="bip:countries:1.0">
  <code code="SAFR">
    <editdetail attribution="Reuters BIP Coding Group" action="confirmed" date="1997-03-10"/>
  </code>
</codes>
<codes class="bip:topics:1.0">
  <code code="GCAT">
    <editdetail attribution="Reuters BIP Coding Group" action="confirmed" date="1997-03-10"/>
  </code>
  <code code="GSPO">
    <editdetail attribution="Reuters BIP Coding Group" action="confirmed" date="1997-03-10"/>
  </code>
</codes>
<dc element="dc.date.created" value="1997-03-10"/>
<dc element="dc.publisher" value="Reuters Holdings Plc"/>
<dc element="dc.date.published" value="1997-03-10"/>
<dc element="dc.source" value="Reuters"/>
<dc element="dc.creator.location" value="JOHANNESBURG"/>
<dc element="dc.creator.location.country.name" value="SOUTH AFRICA"/>
<dc element="dc.source" value="Reuters"/>
</metadata>
</newsitem>
