<?xml version="1.0" encoding="iso-8859-1" ?>
<newsitem itemid="429645" id="root" date="1997-03-10" xml:lang="en">
<title>USA: Asia Pulp &amp; Paper, Itochu plan alliance.</title>
<headline>Asia Pulp &amp; Paper, Itochu plan alliance.</headline>
<dateline>NEW YORK 1997-03-10</dateline>
<text>
<p>Asia Pulp &amp; Paper Co Ltd said Monday it has signed a nonbinding memorandum of understanding with Itochu Corp to establish a strategic alliance.</p>
<p>The partnership, said the company, would be conditioned on the purchase by Itochu of $100 million of mandatory exchangeable preferrence shares to be issued by a finance subsidiary of APP.</p>
<p>Those shares would be exchanged for APP ordinary shares within five years of the purchase date.</p>
<p>APP also said that the partnership would give Itochu the right to nominate one director to its board.</p>
<p>APP said the alliance will help it in areas where Itochu would have complementary strengths, such as raw material procurement, and marketing and distribution in markets not &quot;fully exploited&quot; by APP.</p>
</text>
<copyright>(c) Reuters Limited 1997</copyright>
<metadata>
<codes class="bip:countries:1.0">
  <code code="INDON">
    <editdetail attribution="Reuters BIP Coding Group" action="confirmed" date="1997-03-10"/>
  </code>
  <code code="JAP">
    <editdetail attribution="Reuters BIP Coding Group" action="confirmed" date="1997-03-10"/>
  </code>
  <code code="USA">
    <editdetail attribution="Reuters BIP Coding Group" action="confirmed" date="1997-03-10"/>
  </code>
</codes>
<codes class="bip:industries:1.0">
  <code code="I47100">
    <editdetail attribution="Reuters BIP Coding Group" action="confirmed" date="1997-03-10"/>
  </code>
  <code code="I63000">
    <editdetail attribution="Reuters BIP Coding Group" action="confirmed" date="1997-03-10"/>
  </code>
</codes>
<codes class="bip:topics:1.0">
  <code code="C11">
    <editdetail attribution="Reuters BIP Coding Group" action="confirmed" date="1997-03-10"/>
  </code>
  <code code="C18">
    <editdetail attribution="Reuters BIP Coding Group" action="confirmed" date="1997-03-10"/>
  </code>
  <code code="C181">
    <editdetail attribution="Reuters BIP Coding Group" action="confirmed" date="1997-03-10"/>
  </code>
  <code code="CCAT">
    <editdetail attribution="Reuters BIP Coding Group" action="confirmed" date="1997-03-10"/>
  </code>
</codes>
<dc element="dc.date.created" value="1997-03-10"/>
<dc element="dc.publisher" value="Reuters Holdings Plc"/>
<dc element="dc.date.published" value="1997-03-10"/>
<dc element="dc.source" value="Reuters"/>
<dc element="dc.creator.location" value="NEW YORK"/>
<dc element="dc.creator.location.country.name" value="USA"/>
<dc element="dc.source" value="Reuters"/>
</metadata>
</newsitem>
