<?xml version="1.0" encoding="iso-8859-1" ?>
<newsitem itemid="429617" id="root" date="1997-03-10" xml:lang="en">
<title>USA: Hertz Technology names Robert Cohen CFO.</title>
<headline>Hertz Technology names Robert Cohen CFO.</headline>
<dateline>NEW YORK 1997-03-10</dateline>
<text>
<p>Hertz Technology Group Inc said Monday it has appointed Robert Cohen as chief financial officer.</p>
<p>Before his appointment, Cohen was for five years corporate controller of Merlite Industries Inc, a New York-based direct marketing company, Hertz Technology said.</p>
<p>A company spokeswoman said Cohen is replacing John Rudy.</p>
<p>Hertz Technology sells microcomputers and related technology support and services and makes ergonomically engineered mounting and support structures for personal computers and related equipment.</p>
<p>The company went public in November.</p>
</text>
<copyright>(c) Reuters Limited 1997</copyright>
<metadata>
<codes class="bip:countries:1.0">
  <code code="USA">
    <editdetail attribution="Reuters BIP Coding Group" action="confirmed" date="1997-03-10"/>
  </code>
</codes>
<codes class="bip:topics:1.0">
  <code code="C41">
    <editdetail attribution="Reuters BIP Coding Group" action="confirmed" date="1997-03-10"/>
  </code>
  <code code="C411">
    <editdetail attribution="Reuters BIP Coding Group" action="confirmed" date="1997-03-10"/>
  </code>
  <code code="CCAT">
    <editdetail attribution="Reuters BIP Coding Group" action="confirmed" date="1997-03-10"/>
  </code>
</codes>
<dc element="dc.date.created" value="1997-03-10"/>
<dc element="dc.publisher" value="Reuters Holdings Plc"/>
<dc element="dc.date.published" value="1997-03-10"/>
<dc element="dc.source" value="Reuters"/>
<dc element="dc.creator.location" value="NEW YORK"/>
<dc element="dc.creator.location.country.name" value="USA"/>
<dc element="dc.source" value="Reuters"/>
</metadata>
</newsitem>
