<?xml version="1.0" encoding="iso-8859-1" ?>
<newsitem itemid="429615" id="root" date="1997-03-10" xml:lang="en">
<title>USA: ADR REPORT - Telebras up on tariff outlook.</title>
<headline>ADR REPORT - Telebras up on tariff outlook.</headline>
<dateline>NEW YORK 1997-03-10</dateline>
<text>
<p>Telebras American depositary receipts extended their 1997 rally Monday with a 3-1/4 leap to an all-time high 106-3/8 on market murmurs that the Brazilian telephone company's new tariffs to be unveiled next month could represent increases of up to 30 percent, traders said.</p>
<p>&quot;It is momentum that contines to go unabated, helped by a couple of things today regarding earnings and the tariff hikes,&quot; said a New York-based ADR trader.</p>
<p>&quot;The tariff outlook has been swarming around the market for weeks, but over the weekend there were reports that the hikes could be about 25 to 30 percent,&quot; he said.  </p>
<p>&quot;The tariff and earnings expectations were already in the market, but now they are higher than previously expected. It is driving Brazilian stocks and Latin American telecommunication issues,&quot; he said.</p>
<p>Since the beginning of the year, Telebras ADRs have risen from around 75.</p>
<p>Telefonos de Mexico ADRs also rose, adding 3/8 to 39-3/4.  </p>
<p>The ADR market was generally firmer, with a group of 806 issues showing 297 gainers, 211 decliners and 298 unchanged.</p>
<p>Of that group, News Corp preferred shares was most active, rising 1/8 to 18.</p>
<p>Elsewhere, Corel ADRs added 3/8 to 6-5/8, Creative Technologies fell 1-7/16 to 10-1/4.</p>
<p>((--Brendan Intindola, Wall Street Desk, 212-859-1734)).</p>
</text>
<copyright>(c) Reuters Limited 1997</copyright>
<metadata>
<codes class="bip:countries:1.0">
  <code code="USA">
    <editdetail attribution="Reuters BIP Coding Group" action="confirmed" date="1997-03-10"/>
  </code>
</codes>
<codes class="bip:topics:1.0">
  <code code="M11">
    <editdetail attribution="Reuters BIP Coding Group" action="confirmed" date="1997-03-10"/>
  </code>
  <code code="MCAT">
    <editdetail attribution="Reuters BIP Coding Group" action="confirmed" date="1997-03-10"/>
  </code>
</codes>
<dc element="dc.date.created" value="1997-03-10"/>
<dc element="dc.publisher" value="Reuters Holdings Plc"/>
<dc element="dc.date.published" value="1997-03-10"/>
<dc element="dc.source" value="Reuters"/>
<dc element="dc.creator.location" value="NEW YORK"/>
<dc element="dc.creator.location.country.name" value="USA"/>
<dc element="dc.source" value="Reuters"/>
</metadata>
</newsitem>
