<?xml version="1.0" encoding="iso-8859-1" ?>
<newsitem itemid="429612" id="root" date="1997-03-10" xml:lang="en">
<title>USA: Bain Capital buys $100 mln stake in Walco.</title>
<headline>Bain Capital buys $100 mln stake in Walco.</headline>
<dateline>BOSTON 1997-03-10</dateline>
<text>
<p>Bain Capital Inc said Monday it has agreed to acquire a majority interest in Walco International Inc, a distributor of health products for cattle, in a transaction valued at about $100 million.</p>
<p>Certain members of Walco's management and of the Wall family -- the firm was founded by F. Willard Wall --  will retain an equity interest in the company and continue to manage the business, said the company.</p>
<p>Walco distributes and markets approximately 12,000 animal health-care products to over 40,000 customers in the U.S. and Canada.  The firm currently has revenues of $320 million.</p>
<p>Walco said that Bain would be a strategic partner for making the transition from a family-owned and run business to a leading-edge distributor of food-animal health products.</p>
<p>Bain Capital is a private equity investment firm which focuses on value-oriented investments in the distribution, manufacturing, consumer products, retail and business services arenas.</p>
</text>
<copyright>(c) Reuters Limited 1997</copyright>
<metadata>
<codes class="bip:countries:1.0">
  <code code="USA">
    <editdetail attribution="Reuters BIP Coding Group" action="confirmed" date="1997-03-10"/>
  </code>
</codes>
<codes class="bip:industries:1.0">
  <code code="I61000">
    <editdetail attribution="Reuters BIP Coding Group" action="confirmed" date="1997-03-10"/>
  </code>
  <code code="I81502">
    <editdetail attribution="Reuters BIP Coding Group" action="confirmed" date="1997-03-10"/>
  </code>
</codes>
<codes class="bip:topics:1.0">
  <code code="C18">
    <editdetail attribution="Reuters BIP Coding Group" action="confirmed" date="1997-03-10"/>
  </code>
  <code code="C181">
    <editdetail attribution="Reuters BIP Coding Group" action="confirmed" date="1997-03-10"/>
  </code>
  <code code="CCAT">
    <editdetail attribution="Reuters BIP Coding Group" action="confirmed" date="1997-03-10"/>
  </code>
</codes>
<dc element="dc.date.created" value="1997-03-10"/>
<dc element="dc.publisher" value="Reuters Holdings Plc"/>
<dc element="dc.date.published" value="1997-03-10"/>
<dc element="dc.source" value="Reuters"/>
<dc element="dc.creator.location" value="BOSTON"/>
<dc element="dc.creator.location.country.name" value="USA"/>
<dc element="dc.source" value="Reuters"/>
</metadata>
</newsitem>
