<?xml version="1.0" encoding="iso-8859-1" ?>
<newsitem itemid="429659" id="root" date="1997-03-10" xml:lang="en">
<title>USA: ALPINE SKIING-LEADING TRAINING TIMES FOR WOMEN'S DOWNHILL.</title>
<headline>ALPINE SKIING-LEADING TRAINING TIMES FOR WOMEN'S DOWNHILL.</headline>
<dateline>VAIL, Colorado 1997-03-10</dateline>
<text>
<p>Leading training times</p>
<p>on Monday for Wednesday's women's downhill at the World Cup</p>
<p>Finals:</p>
<p>First run</p>
<p>  1. Katharina Gutenshohn (Germany) one minute 46.31 seconds</p>
<p>  2. Isolde Kostner (Italy)			1:46.36</p>
<p>  3. Stefanie Schuster (Austria)		 1:46.53</p>
<p>  4. Alexandra Meissnitzer (Austria)	   1:46.85</p>
<p>  5. Regine Cavagnoud (France)		   1:46.91</p>
<p>  6. Katja Seizinger (Germany)		   1:47.07</p>
<p>  7. Melanie Turgeon (Canada)		    1:47.23</p>
<p>  8. Renate Goetschl (Austria)		   1:47.37</p>
<p>  9. Heidi Zurbriggen (Switzerland)	    1:47.43</p>
<p> 10. Ingeborg Helen Marken (Norway)	    1:47.50</p>
<p>Second run</p>
<p>  1. Goetschl					  1:44.07</p>
<p>  2. Schuster					  1:44.65</p>
<p>  3. Meissnitzer				     1:44.72</p>
<p>  4. Kostner					   1:44.76</p>
<p>  5.=Miriam Vogt (Germany)			 1:44.87</p>
<p>  5.=Svetlana Gladishiva (Russia)		1:44.87</p>
<p>  7. Pernilla Wiberg (Sweden)		    1:45.24</p>
<p>  8. Warwara Zelenskaja (Russia)		 1:45.26</p>
<p>  9. Carole Montillet (France)		   1:45.37</p>
<p> 10. Zurbriggen					1:45.40</p>
</text>
<copyright>(c) Reuters Limited 1997</copyright>
<metadata>
<codes class="bip:countries:1.0">
  <code code="USA">
    <editdetail attribution="Reuters BIP Coding Group" action="confirmed" date="1997-03-10"/>
  </code>
</codes>
<codes class="bip:topics:1.0">
  <code code="GCAT">
    <editdetail attribution="Reuters BIP Coding Group" action="confirmed" date="1997-03-10"/>
  </code>
  <code code="GSPO">
    <editdetail attribution="Reuters BIP Coding Group" action="confirmed" date="1997-03-10"/>
  </code>
</codes>
<dc element="dc.date.created" value="1997-03-10"/>
<dc element="dc.publisher" value="Reuters Holdings Plc"/>
<dc element="dc.date.published" value="1997-03-10"/>
<dc element="dc.source" value="Reuters"/>
<dc element="dc.creator.location" value="VAIL, Colorado"/>
<dc element="dc.creator.location.country.name" value="USA"/>
<dc element="dc.source" value="Reuters"/>
</metadata>
</newsitem>
