<?xml version="1.0" encoding="iso-8859-1" ?>
<newsitem itemid="429786" id="root" date="1997-03-10" xml:lang="en">
<title>CZECH REPUBLIC: DIRECT BOND TRADES ON THE CZECH PSE - MARCH 10.</title>
<headline>DIRECT BOND TRADES ON THE CZECH PSE - MARCH 10.</headline>
<dateline>PRAGUE 1997-03-10</dateline>
<text>
<p>The following is a list of</p>
<p>direct bond trades made on the Prague Stock Exchange:</p>
<p> ISSUE		    Min. Price  Max. Price   Volume Turnover</p>
<p>BRNO 11,1/03		 99.65     99.80	 400   39707.333</p>
<p>CEZ 10,90/01		 99.00     99.25	9000   96210.993</p>
<p>CEZ 11,0625/08	    100.00    100.20     13000  140403.543</p>
<p>CEZ 11,3/05		 100.49    101.92	7000   76693.730</p>
<p>CEZ 14 3/8 /01	    103.31    103.31	 692    7273.917</p>
<p>CSOB 11,00/00		99.70    100.48     11210  121197.758</p>
<p>IPB VAR/01		   98.00     98.00	3040   30841.317</p>
<p>JME 10,8/01		  98.70     98.80	 200   21448.000</p>
<p>KB 11,4/01		  100.45    100.55	9500  100351.695</p>
<p>OKD 14,5/99		 104.40    105.80	3600   39747.284</p>
<p>ST.DLUHOP. 8,7/00	  96.20     96.25	3000   29007.760</p>
<p>ST.DLUHOP.10,95/01	102.10    102.10	1000   10839.630</p>
<p>ST.DLUHOP.11,4/98	 101.26    101.26	4000   41976.667</p>
<p>ST.DLUHOP.9,15/00	  97.00     97.35	1050   10733.842</p>
<p>ST.DLUHOP.9,25/99	  98.35     98.35	1000   10372.010</p>
<p>ST.DLUHOP.9,45/01	  97.20     98.10     12000  118325.555</p>
<p>SKOFIN 11,625/98	   99.90    100.05	8000   80868.320</p>
<p>ZETOR 10 7/8 /00	   99.05     99.05	1000   10182.920</p>
<p>-- Prague Newsroom, 42-2-2423-0003</p>
</text>
<copyright>(c) Reuters Limited 1997</copyright>
<metadata>
<codes class="bip:countries:1.0">
  <code code="CZREP">
    <editdetail attribution="Reuters BIP Coding Group" action="confirmed" date="1997-03-10"/>
  </code>
</codes>
<codes class="bip:topics:1.0">
  <code code="M12">
    <editdetail attribution="Reuters BIP Coding Group" action="confirmed" date="1997-03-10"/>
  </code>
  <code code="MCAT">
    <editdetail attribution="Reuters BIP Coding Group" action="confirmed" date="1997-03-10"/>
  </code>
</codes>
<dc element="dc.date.created" value="1997-03-10"/>
<dc element="dc.publisher" value="Reuters Holdings Plc"/>
<dc element="dc.date.published" value="1997-03-10"/>
<dc element="dc.source" value="Reuters"/>
<dc element="dc.creator.location" value="PRAGUE"/>
<dc element="dc.creator.location.country.name" value="CZECH REPUBLIC"/>
<dc element="dc.source" value="Reuters"/>
</metadata>
</newsitem>
