<?xml version="1.0" encoding="iso-8859-1" ?>
<newsitem itemid="429768" id="root" date="1997-03-10" xml:lang="en">
<title>ROMANIA: RADIO ROMANIA AFTERNOON HEADLINES AT 1 PM.</title>
<headline>RADIO ROMANIA AFTERNOON HEADLINES AT 1 PM.</headline>
<dateline>BUCHAREST 1997-03-10</dateline>
<text>
<p>Radio Romania news headlines:</p>
<p>* Romania's President Emil Constantinescu started a two-day visit to the Czech Republic. Constantinescu said before departure for Prague he hoped to come back with concrete results in the field of economic cooperation.</p>
<p>* Romania and the Czech Republic regard their integration into NATO structures as cooperation and not competition, Czech President Vaclav Havel said after his meeting with Constantinescu.</p>
<p>* Romania's Prime Minister Victor Ciorbea will pay a two-day visit to Hungary starting March 12.</p>
<p>The partenership between Romania and Hungary forms the basis of stability in the region and will be one of the main arguments in favour of the two countries' joining NATO structures, Ciorbea said in a interview with MTI</p>
<p>-- Bucharest Newsroom 40-1 3120264</p>
</text>
<copyright>(c) Reuters Limited 1997</copyright>
<metadata>
<codes class="bip:countries:1.0">
  <code code="ROM">
    <editdetail attribution="Reuters BIP Coding Group" action="confirmed" date="1997-03-10"/>
  </code>
</codes>
<codes class="bip:topics:1.0">
  <code code="GCAT">
    <editdetail attribution="Reuters BIP Coding Group" action="confirmed" date="1997-03-10"/>
  </code>
</codes>
<dc element="dc.date.created" value="1997-03-10"/>
<dc element="dc.publisher" value="Reuters Holdings Plc"/>
<dc element="dc.date.published" value="1997-03-10"/>
<dc element="dc.source" value="Reuters"/>
<dc element="dc.creator.location" value="BUCHAREST"/>
<dc element="dc.creator.location.country.name" value="ROMANIA"/>
<dc element="dc.source" value="Reuters"/>
</metadata>
</newsitem>
