<?xml version="1.0" encoding="iso-8859-1" ?>
<newsitem itemid="429773" id="root" date="1997-03-10" xml:lang="en">
<title>HUNGARY: HORN BACKS HUNGARY FINMIN, CENBANK INFLATION PLANS.</title>
<headline>HORN BACKS HUNGARY FINMIN, CENBANK INFLATION PLANS.</headline>
<byline>Duncan Shiels</byline>
<dateline>BUDAPEST 1997-03-10</dateline>
<text>
<p>Hungarian Prime Minister Gyula Horn said on Monday finance ministry and central bank (NBH) proposals for slashing inflation would form the basis of talks on wages with unions and employees, probably in May.</p>
<p>&quot;I have asked for an anti-inflation plan from the finance ministry and the NBH by April 30,&quot; Horn told reporters.</p>
<p>&quot;After this has been done we should reach agreement with the Interest Coordination Council (ICC), because achieving single-digit inflation rate will require a comprehensive price-wage agreement.&quot;</p>
<p>The ICC is a permanent trilateral forum made up of representatives of the government, employers and employees.</p>
<p>Horn last month played down the importance of wage rises in generating inflation but has since been apparently contradicted by Finance Minister Peter Medgyessy joined NBH head Gyorgy Suranyi, who said the country would need a wide framework of price and wage agreements to cut inflation drastically.</p>
<p>Medgyessy said that with such agreements it was realistic to expect year-on-year inflation to go down to single figures by the end of 1998 from the January year-on-year figure of 18.9 percent in January.</p>
<p>Horn said such hopes are now justified, particularly in the light of Sunday's government decision to reduce the monthly crawling peg devaluation rate of the forint to 1.1 percent from 1.2 percent on April 1 and to cut the surcharge on imported goods to three percent from four percent on May 15.</p>
<p>&quot;There is hope that inflation will slow down at a pace exceeding the five percentage points originally promised by the government,&quot; Horn said.</p>
<p>Hungary has been urged by the International Monetary Fund to adopt more ambitious plans for the reduction of average inflation than the originally targeted five percentage point cut both for 1997 and 1998, from 23.6 percent in 1996.</p>
</text>
<copyright>(c) Reuters Limited 1997</copyright>
<metadata>
<codes class="bip:countries:1.0">
  <code code="HUNG">
    <editdetail attribution="Reuters BIP Coding Group" action="confirmed" date="1997-03-10"/>
  </code>
</codes>
<codes class="bip:topics:1.0">
  <code code="E12">
    <editdetail attribution="Reuters BIP Coding Group" action="confirmed" date="1997-03-10"/>
  </code>
  <code code="E13">
    <editdetail attribution="Reuters BIP Coding Group" action="confirmed" date="1997-03-10"/>
  </code>
  <code code="E131">
    <editdetail attribution="Reuters BIP Coding Group" action="confirmed" date="1997-03-10"/>
  </code>
  <code code="ECAT">
    <editdetail attribution="Reuters BIP Coding Group" action="confirmed" date="1997-03-10"/>
  </code>
</codes>
<dc element="dc.date.created" value="1997-03-10"/>
<dc element="dc.publisher" value="Reuters Holdings Plc"/>
<dc element="dc.date.published" value="1997-03-10"/>
<dc element="dc.source" value="Reuters"/>
<dc element="dc.creator.location" value="BUDAPEST"/>
<dc element="dc.creator.location.country.name" value="HUNGARY"/>
<dc element="dc.source" value="Reuters"/>
</metadata>
</newsitem>
