<?xml version="1.0" encoding="iso-8859-1" ?>
<newsitem itemid="429790" id="root" date="1997-03-10" xml:lang="en">
<title>CZECH REPUBLIC: CZECH FINMIN SAYS REJECTS HC&amp;C FUND REQUEST.</title>
<headline>CZECH FINMIN SAYS REJECTS HC&amp;C FUND REQUEST.</headline>
<dateline>PRAGUE 1997-03-10</dateline>
<text>
<p>The Czech Finance Ministry on Monday it had rejected a request by Harvard Capital and Consulting (HC&amp;C) to open its closed-ended mutual funds.</p>
<p>&quot;The reason (for rejecting the proposal) is securing the protection of unit holders (of Harvard funds),&quot; a ministry statement said.  </p>
<p>In mid-January, HC&amp;C said it had applied to the Finance Ministry to transform its closed-end unit trusts into open-end funds in order to &quot;extend investment opportunities.&quot;</p>
<p>HC&amp;C said that if the measure was approved, it would offer to buy out shareholders from the funds, which were created in the second wave of the government voucher privatisation programme, at a price equal to the net asset value per share.</p>
<p>Harvard funds are trading at less than 50 percent of net asset value per share.</p>
<p>Harvard officials were not immediately available for comment.</p>
<p>-- Prague Newsroom, 420-2-2423-0003</p>
</text>
<copyright>(c) Reuters Limited 1997</copyright>
<metadata>
<codes class="bip:countries:1.0">
  <code code="CZREP">
    <editdetail attribution="Reuters BIP Coding Group" action="confirmed" date="1997-03-10"/>
  </code>
</codes>
<codes class="bip:industries:1.0">
  <code code="I81502">
    <editdetail attribution="Reuters BIP Coding Group" action="confirmed" date="1997-03-10"/>
  </code>
  <code code="I8150211">
    <editdetail attribution="Reuters BIP Coding Group" action="confirmed" date="1997-03-10"/>
  </code>
</codes>
<codes class="bip:topics:1.0">
  <code code="C13">
    <editdetail attribution="Reuters BIP Coding Group" action="confirmed" date="1997-03-10"/>
  </code>
  <code code="CCAT">
    <editdetail attribution="Reuters BIP Coding Group" action="confirmed" date="1997-03-10"/>
  </code>
</codes>
<dc element="dc.date.created" value="1997-03-10"/>
<dc element="dc.publisher" value="Reuters Holdings Plc"/>
<dc element="dc.date.published" value="1997-03-10"/>
<dc element="dc.source" value="Reuters"/>
<dc element="dc.creator.location" value="PRAGUE"/>
<dc element="dc.creator.location.country.name" value="CZECH REPUBLIC"/>
<dc element="dc.source" value="Reuters"/>
</metadata>
</newsitem>
