<?xml version="1.0" encoding="iso-8859-1" ?>
<newsitem itemid="429765" id="root" date="1997-03-10" xml:lang="en">
<title>BULGARIA: INDICATORS - BULGARIA - UPDATED MARCH 10.</title>
<headline>INDICATORS - BULGARIA - UPDATED MARCH 10.</headline>
<text>
<p>GROSS DOMESTIC PRODUCT   1996    1995   1994   1993</p>
<p> Yr/yr change, pct real   -10     +2.5   +1.4   -2.4</p>
<p> Bln levs (preliminary)  1,700   852.0  543.5  298.9</p>
<p>CENTRAL EXCHANGE RATE-Bulgarian National Bank daily fixing,</p>
<p>levs/dlr 1,825.00 (Mar10) 495.74 (Dec30'96) 70.657(Dec30'95)</p>
<p>CENTRAL INTEREST RATE-16.50 pct monthly (15 pct Nov 4-Jan 27)</p>
<p>						MONTH    MTH AGO   YR AGO</p>
<p> FOREX RESERVES, mln USD	   445.5(Feb)    415	860</p>
<p>CONSUMER PRICE INFLATION, pct</p>
<p> monthly change			+43.8(Jan)   +26.9     +2.4</p>
<p> yr/yr change			   N.A.(Jan)  +310.8     N.A.</p>
<p>PRODUCER PRICE INFLATION, pct</p>
<p> monthly change			+42.0(Jan)   +32.7     +0.8</p>
<p> yr/yr change			 +572.4(Jan)  +356.7    +36.4</p>
<p> UNEMPLOYMENT RATE, pct	     13.4(Jan)    12.5     11.6</p>
<p>STATE INDUSTRIAL OUTPUT, pct real</p>
<p> yr/yr change		    -3.3('96)  +4.6('95)  +8.5('94)</p>
<p>RECEIPTS FROM INDUSTRIAL SALES, pct real</p>
<p> yr/yr change			   -4.0(Jan)    -5.7     +2.7</p>
<p> RETAIL SALES	     Jan	(Jan-Dec'96)    Jan'96</p>
<p> yr/yr, pct real	-38.8	   -9.3	     +2.2</p>
<p> volume BGL		 N.A.	   819		N.A.</p>
<p>CONSOLIDATED STATE BUDGET, bln levs:</p>
<p> revenue		    183.814 (June 30); pct of plan - N.A</p>
<p> spending		   223.496 (June 30); pct of plan - N.A</p>
<p> deficit		     39.682 (June 30); pct of plan - N.A</p>
<p> CENTRAL GOVT BUDGET (bln levs)    nominal	pct of plan</p>
<p> revenue				255.264 (1995)	93.3</p>
<p> spending			     197.339 (1995)	91.6</p>
<p> deficit				 57.925 (1995)	99.95</p>
<p> revenue				 94.9 (Feb 17)	N.A.</p>
<p> spending			     292.7 (Feb 17)	N.A.</p>
<p> deficit			     -197.8 (Feb 17)	N.A.</p>
<p>GOVT DEBT (bln levs = lev debt + domestic dollar bonds):</p>
<p>1,679(Jan 31)  1,053(Dec 30)  345.4(Dec30'95) 273.7(Dec30'94)</p>
<p> FOREIGN DEBT,  SEPT'96   1995    1994    1993    1992    1991</p>
<p> total mln USD   9,861   10,513  11,411  13,889  13,858  12,301</p>
<p> FOREIGN DEBT/GDP	   80.9   118.9   131.0   161.1   161.9</p>
<p> DEBT SERVICE/GDP	    7.3    15.1     4.0     5.1     3.2</p>
<p> DEBT/EXPORTS		155.1   219.8   283.6   275.7   297.4</p>
<p> DEBT SERVICE/EXPORTS     13.9    27.9     8.7     8.8     5.8</p>
<p> CURRENT ACCOUNT		 Jan-Sept	Jan-Sept'95</p>
<p> mln USD			     -33.7	   +103.2</p>
<p> TRADE BALANCE, mln USD	 +131.8	   +243.0</p>
<p> exports FOB		     3,337.2	  3,956.0</p>
<p> imports FOB		     3,205.4	  3,713.0</p>
<p> SERVICES NET		     +122.0	   +173.5</p>
<p> RECEIPTS			    116.8	    114.9</p>
<p> PAYMENTS			    498.9	    529.3</p>
<p> CAPITAL ACCOUNT, mln USD	+58.6	   -325.2</p>
<p>--------------------------------------------------------------</p>
<p>* NOTE: Consolidated state budget comprises the central</p>
<p>government budget and the budgets of the judicial system, the</p>
<p>ministries and municipalities.</p>
<p>-- Sofia Newsroom, (++359-2) 981 8569</p>
</text>
<copyright>(c) Reuters Limited 1997</copyright>
<metadata>
<codes class="bip:countries:1.0">
  <code code="BUL">
    <editdetail attribution="Reuters BIP Coding Group" action="confirmed" date="1997-03-10"/>
  </code>
</codes>
<codes class="bip:topics:1.0">
  <code code="E71">
    <editdetail attribution="Reuters BIP Coding Group" action="confirmed" date="1997-03-10"/>
  </code>
  <code code="ECAT">
    <editdetail attribution="Reuters BIP Coding Group" action="confirmed" date="1997-03-10"/>
  </code>
</codes>
<dc element="dc.publisher" value="Reuters Holdings Plc"/>
<dc element="dc.date.published" value="1997-03-10"/>
<dc element="dc.source" value="Reuters"/>
<dc element="dc.creator.location.country.name" value="BULGARIA"/>
<dc element="dc.source" value="Reuters"/>
</metadata>
</newsitem>
