<?xml version="1.0" encoding="iso-8859-1" ?>
<newsitem itemid="429774" id="root" date="1997-03-10" xml:lang="en">
<title>POLAND: ESPEBEPE DEBT AMONG 564 CREDITORS.</title>
<headline>ESPEBEPE DEBT AMONG 564 CREDITORS.</headline>
<dateline>WARSAW 1997-03-10</dateline>
<text>
<p>Polish construction firm Espebepe's 74.67 million zloty debt is divided among 564 creditors, the firm said in a statement on Monday.</p>
<p>In recent weeks Espebepe's stock has been volatile on speculation that a March 14 meeting of the firm's creditors might result in a debt restructuring deal.</p>
<p>-- Warsaw Newsroom +48 22 653 9700</p>
</text>
<copyright>(c) Reuters Limited 1997</copyright>
<metadata>
<codes class="bip:countries:1.0">
  <code code="POL">
    <editdetail attribution="Reuters BIP Coding Group" action="confirmed" date="1997-03-10"/>
  </code>
</codes>
<codes class="bip:industries:1.0">
  <code code="I50100">
    <editdetail attribution="Reuters BIP Coding Group" action="confirmed" date="1997-03-10"/>
  </code>
</codes>
<codes class="bip:topics:1.0">
  <code code="C17">
    <editdetail attribution="Reuters BIP Coding Group" action="confirmed" date="1997-03-10"/>
  </code>
  <code code="C173">
    <editdetail attribution="Reuters BIP Coding Group" action="confirmed" date="1997-03-10"/>
  </code>
  <code code="CCAT">
    <editdetail attribution="Reuters BIP Coding Group" action="confirmed" date="1997-03-10"/>
  </code>
</codes>
<dc element="dc.date.created" value="1997-03-10"/>
<dc element="dc.publisher" value="Reuters Holdings Plc"/>
<dc element="dc.date.published" value="1997-03-10"/>
<dc element="dc.source" value="Reuters"/>
<dc element="dc.creator.location" value="WARSAW"/>
<dc element="dc.creator.location.country.name" value="POLAND"/>
<dc element="dc.source" value="Reuters"/>
</metadata>
</newsitem>
