<?xml version="1.0" encoding="iso-8859-1" ?>
<newsitem itemid="429771" id="root" date="1997-03-10" xml:lang="en">
<title>POLAND: FOUR YOUNG POLES JAILED FOR KILLING STUDENT.</title>
<headline>FOUR YOUNG POLES JAILED FOR KILLING STUDENT.</headline>
<dateline>WARSAW 1997-03-10</dateline>
<text>
<p>Four young Poles in their early 20s, including a woman, were sentenced to jail terms of nine to 11 years on Monday for killing a medical student, PAP news agency said.</p>
<p>Ireneusz Reglinski, 21, was attacked in February 1996 by five drunken hooligans who pushed him out of a speeding commuter train in the Baltic port of Gdansk.</p>
<p>The student, who  was killed instantly, also pulled one of the attackers with him who died as a result of inujuries.</p>
<p>Thousands of young people took to the streets of Gdansk in protest against the killing and the general wave of violence sweeping the country.</p>
<p>Seven friends of the hooligans, who testified as witnesses, are now on trial for perjury and could face up to five years in jail, PAP said.</p>
<p>They blamed the deceased attacker for Reglinski's death and frequently changed their testimony, greatly complicating the court's proceedings.</p>
<p>-- Warsaw Newsroom +48 22 653 9700</p>
</text>
<copyright>(c) Reuters Limited 1997</copyright>
<metadata>
<codes class="bip:countries:1.0">
  <code code="POL">
    <editdetail attribution="Reuters BIP Coding Group" action="confirmed" date="1997-03-10"/>
  </code>
</codes>
<codes class="bip:topics:1.0">
  <code code="GCAT">
    <editdetail attribution="Reuters BIP Coding Group" action="confirmed" date="1997-03-10"/>
  </code>
  <code code="GCRIM">
    <editdetail attribution="Reuters BIP Coding Group" action="confirmed" date="1997-03-10"/>
  </code>
</codes>
<dc element="dc.date.created" value="1997-03-10"/>
<dc element="dc.publisher" value="Reuters Holdings Plc"/>
<dc element="dc.date.published" value="1997-03-10"/>
<dc element="dc.source" value="Reuters"/>
<dc element="dc.creator.location" value="WARSAW"/>
<dc element="dc.creator.location.country.name" value="POLAND"/>
<dc element="dc.source" value="Reuters"/>
</metadata>
</newsitem>
