<?xml version="1.0" encoding="iso-8859-1" ?>
<newsitem itemid="429731" id="root" date="1997-03-10" xml:lang="en">
<title>USA: NHL-SUNDAY'S RESULTS.</title>
<headline>NHL-SUNDAY'S RESULTS.</headline>
<dateline>NEW YORK 1997-03-09</dateline>
<text>
<p>Results of National Hockey</p>
<p>League games on Sunday (home team in CAPS):</p>
<p> PHILADELPHIA    5   Washington	0</p>
<p> TAMPA BAY	 2   Calgary	   1 (OT)</p>
<p> NY Rangers	2   SAN JOSE	  1</p>
<p> New Jersey	4   BUFFALO	   1</p>
<p> Edmonton	  4   ST LOUIS	  1</p>
<p> Anaheim	   2   COLORADO	  2 (OT)</p>
<p> Boston	    3   FLORIDA	   1</p>
</text>
<copyright>(c) Reuters Limited 1997</copyright>
<metadata>
<codes class="bip:countries:1.0">
  <code code="CANA">
    <editdetail attribution="Reuters BIP Coding Group" action="confirmed" date="1997-03-10"/>
  </code>
  <code code="USA">
    <editdetail attribution="Reuters BIP Coding Group" action="confirmed" date="1997-03-10"/>
  </code>
</codes>
<codes class="bip:topics:1.0">
  <code code="GCAT">
    <editdetail attribution="Reuters BIP Coding Group" action="confirmed" date="1997-03-10"/>
  </code>
  <code code="GSPO">
    <editdetail attribution="Reuters BIP Coding Group" action="confirmed" date="1997-03-10"/>
  </code>
</codes>
<dc element="dc.date.created" value="1997-03-09"/>
<dc element="dc.publisher" value="Reuters Holdings Plc"/>
<dc element="dc.date.published" value="1997-03-10"/>
<dc element="dc.source" value="Reuters"/>
<dc element="dc.creator.location" value="NEW YORK"/>
<dc element="dc.creator.location.country.name" value="USA"/>
<dc element="dc.source" value="Reuters"/>
</metadata>
</newsitem>
