<?xml version="1.0" encoding="iso-8859-1" ?>
<newsitem itemid="429736" id="root" date="1997-03-10" xml:lang="en">
<title>SPAIN: SOCCER-SPANISH CHAMPIONSHIP SUMMARIES.</title>
<headline>SOCCER-SPANISH CHAMPIONSHIP SUMMARIES.</headline>
<dateline>MADRID 1997-03-10</dateline>
<text>
<p>Spanish championship summary on</p>
<p>Monday:</p>
<p> Real Madrid	 2 - Raul Gonzalez 65, Clarence Seedorf 68</p>
<p>Racing Santander  1 - Fernando Correa 45</p>
<p>HT: 0-1 Att: 65,000</p>
<p>Red card: Diego Lopez (S) 71.</p>
<p>- - - -</p>
<p>Played Sunday:</p>
<p>Sporting Gijon  2 - Tcherisev 40, Marcos Vales 57</p>
<p> Logrones	  0</p>
<p>HT: 1-0  Att: 18,000.</p>
<p>- - - -</p>
<p> Barcelona   3 - Laurent Blanc 5, Hristo Stoichkov 24</p>
<p>		     Ronaldo 62</p>
<p>Compostela  0</p>
<p>HT: 2-0  Att: 85,000.</p>
<p>- - - -</p>
<p> Valladolid   0</p>
<p> Tenerife     2 - Juanele Castanos 30, Antonio Pinilla 45</p>
<p>HT: 0-2 Att: 20,000.</p>
<p>- - - -</p>
<p> Extremadura     1 - Carlos Dure 7</p>
<p> Real Sociedad   0</p>
<p>HT: 1-0  Att: 10,000.</p>
<p>- - - -</p>
<p> Celta Vigo   2 - Alexander Mostovoi 39, Alejo Indias 62</p>
<p> Espanyol     2 - Chema Del Solar own goal 25, Jordi</p>
<p>			Lardin 60</p>
<p>HT: 1-1 Att: 22,000.</p>
<p>- - - -</p>
<p>Deportivo Coruna  3 - Renaldo 35, 79, Corentin Martins 43</p>
<p> Oviedo		0</p>
<p>HT: 2-0 Att: 27,000.</p>
<p>- - - -</p>
<p> Hercules	  1 - Manuel Alfaro pen 19</p>
<p>Rayo Vallecano  0</p>
<p>HT: 1-0 Att: 15,000.</p>
<p>- - - -</p>
<p> Real Betis	 3 - Alfonso Perez 36, 53, 90</p>
<p>Atletico Madrid  2 - Juan Eduardo Esnaider, 30, Hristo</p>
<p>			    Vidakovic own goal 69.</p>
<p>    HT: 1-1   Att: 47,000</p>
<p>Red card: Esnaider (A) 34.</p>
<p>- - - -</p>
<p>Athletic Bilbao  2 - Joseba Etxeberria 22, Aitor</p>
<p>			    Karanka 33</p>
<p> Zaragoza	   2 - Gustavo Poyet 17, 90</p>
<p>    HT: 2-1     Att: 39,000.</p>
<p>Red cards: Kili Gonzalez (Z) 38, Bixetne Lizarazu (B) 38.</p>
<p>- - - -</p>
<p>Played Saturday:</p>
<p> Valencia   4 - Jose Galvez 4, Ariel Ortega 45, pen</p>
<p>		    90, Leandro 90</p>
<p> Sevilla    2 - Varsilis Tsartas 29, Jesus Galvan 68</p>
<p>HT: 2-1 Att: 41,000.</p>
<p>Red Card: Vicente Engonga (V) 59.</p>
</text>
<copyright>(c) Reuters Limited 1997</copyright>
<metadata>
<codes class="bip:countries:1.0">
  <code code="SPAIN">
    <editdetail attribution="Reuters BIP Coding Group" action="confirmed" date="1997-03-10"/>
  </code>
</codes>
<codes class="bip:topics:1.0">
  <code code="GCAT">
    <editdetail attribution="Reuters BIP Coding Group" action="confirmed" date="1997-03-10"/>
  </code>
  <code code="GSPO">
    <editdetail attribution="Reuters BIP Coding Group" action="confirmed" date="1997-03-10"/>
  </code>
</codes>
<dc element="dc.date.created" value="1997-03-10"/>
<dc element="dc.publisher" value="Reuters Holdings Plc"/>
<dc element="dc.date.published" value="1997-03-10"/>
<dc element="dc.source" value="Reuters"/>
<dc element="dc.creator.location" value="MADRID"/>
<dc element="dc.creator.location.country.name" value="SPAIN"/>
<dc element="dc.source" value="Reuters"/>
</metadata>
</newsitem>
