<?xml version="1.0" encoding="iso-8859-1" ?>
<newsitem itemid="429724" id="root" date="1997-03-10" xml:lang="en">
<title>CYPRUS: SOCCER-CYPRUS LEAGUE RESULTS.</title>
<headline>SOCCER-CYPRUS LEAGUE RESULTS.</headline>
<dateline>NICOSIA 1997-03-10</dateline>
<text>
<p>Results of Cyprus league</p>
<p>matches played at the weekend:</p>
<p> Anorthosis     2	Omonia	 1</p>
<p> Olympiakos     0	Apollon	0</p>
<p> Ethnikos	 2	APOEL	  2</p>
<p> AEK		1	Salamina     0</p>
<p> Aris	     3	Paralimni    4</p>
<p> APEP	     1	Alki	   4</p>
<p> Anagennisis    1	APOP	   0</p>
<p>    Standings		     P    W    D   L  F   A   Pts:</p>
<p>  1. Anorthosis Famagusta     19   15   3   1  45  11  48</p>
<p>  2. Apollon Limassol	   19   12   3   4  30  15  39</p>
<p>  3. APOEL Nicosia		19   11   3   5  47  28  36</p>
<p>  4. AEK Larnaca		  19    8   7   4  36  28  31</p>
<p>  5. Omonia Nicosia	     19    9   3   7  28  24  30</p>
<p>  6. Enosis Paralimni	   19    7   6   6  39  34  27</p>
<p>  7. Ethnikos Achna	     19    7   4   8  24  28  25</p>
<p>  8. Salamina Famagusta	 19    5   8   6  31  27  23</p>
<p>  9. Alki Larnaca		 19    6   5   8  28  31  23</p>
<p> 10. Aris Limassol		19    5   7   7  25  27  22</p>
<p> 11. Anagennisis Dherinia     19    6   4   9  18  26  22</p>
<p> 12. APOP Paphos		  19    5   3  11  18  35  18</p>
<p> 13. Olympiakos Nicosia	 19    5   3  11  17  36  18</p>
<p> 14. APEP Kyperounda	    19    2   1  16  15  51   7</p>
</text>
<copyright>(c) Reuters Limited 1997</copyright>
<metadata>
<codes class="bip:countries:1.0">
  <code code="CYPR">
    <editdetail attribution="Reuters BIP Coding Group" action="confirmed" date="1997-03-10"/>
  </code>
</codes>
<codes class="bip:topics:1.0">
  <code code="GCAT">
    <editdetail attribution="Reuters BIP Coding Group" action="confirmed" date="1997-03-10"/>
  </code>
  <code code="GSPO">
    <editdetail attribution="Reuters BIP Coding Group" action="confirmed" date="1997-03-10"/>
  </code>
</codes>
<dc element="dc.date.created" value="1997-03-10"/>
<dc element="dc.publisher" value="Reuters Holdings Plc"/>
<dc element="dc.date.published" value="1997-03-10"/>
<dc element="dc.source" value="Reuters"/>
<dc element="dc.creator.location" value="NICOSIA"/>
<dc element="dc.creator.location.country.name" value="CYPRUS"/>
<dc element="dc.source" value="Reuters"/>
</metadata>
</newsitem>
