<?xml version="1.0" encoding="iso-8859-1" ?>
<newsitem itemid="429744" id="root" date="1997-03-10" xml:lang="en">
<title>GERMANY: SOCCER-BAYERN MUST BOUNCE BACK TO KEEP TITLE HOPES.</title>
<headline>SOCCER-BAYERN MUST BOUNCE BACK TO KEEP TITLE HOPES.</headline>
<byline>Kevin Liffey</byline>
<dateline>BONN 1997-03-10</dateline>
<text>
<p>Bayern Munich face a test of character as they try to show in two awkward games this week that they have put Sunday's 5-2 drubbing at Bayer Leverkusen behind them and can keep their German title bid on track.</p>
<p>Striker Juergen Klinsmann said several weeks ago that this week would show what Bayern were made of -- but the collapse of their defence against Leverkusen was not the start they had hoped for.</p>
<p>Bayern's first defeat in 13 matches allowed reigning champions Borussia Dortmund to take over at the top of the Bundesliga on goal difference. Ominously for both sides, VfB Stuttgart returned to their free-scoring early-season form with an imperious 4-1 win over troubled Hamburg.</p>
<p>On Wednesday Bayern travel to promoted Arminia Bielefeld, who have won four of their last five home games but are unlikely to punish the erratic Munich defence as Leverkusen did.</p>
<p>And on Saturday they entertain in-form Schalke, who have not lost nor conceded a goal in eight league matches and beat Bayern's UEFA Cup conquerors Valencia 2-0 in midweek.</p>
<p>Coach Giovanni Trapattoni accused his expensive professionals of going into Saturday's top-of-the-table clash as though it were a friendly but said the defeat could be &quot;a valuable lesson for us if we still want to be champions&quot;.</p>
<p>In Tuesday's main match, Stuttgart travel to Cologne with their title hopes revived but still not sure whether trainer Joachim Loew, given a one-year contract after taking over as caretaker at the start of the season, will be kept on.</p>
<p>&quot;If we win in Cologne then anything may be possible,&quot; said Stuttgart striker Fredi Bobic, scorer of 13 league goals this season.</p>
<p>At the other end of the table, Hamburg slithered further into crisis on Monday.</p>
<p>As club chairman Uwe Seeler struggled with a conflict over the board's business practices, the club said midfielder Markus Schupp had received a formal written caution after criticising coach Felix Magath's tough training methods in interviews.</p>
<p>Magath dropped Schupp from Tuesday's important bottom-half clash against a resurgent Borussia Moenchengladbach -- unbeaten in four games under new trainer Hannes Bongartz -- and made clear he was unlikely to play him again.</p>
<p>&quot;Schupp has done a lot of damage to the team,&quot; Magath said.</p>
<p>Dortmund have perhaps the easiest task in a full midweek programme with a home match on Wednesday against Hansa Rostock, lying one from bottom.</p>
<p>Leverkusen will try to build on their towering performance against Bayern when they travel to 1860 Munich on Wednesday.</p>
</text>
<copyright>(c) Reuters Limited 1997</copyright>
<metadata>
<codes class="bip:countries:1.0">
  <code code="GFR">
    <editdetail attribution="Reuters BIP Coding Group" action="confirmed" date="1997-03-10"/>
  </code>
</codes>
<codes class="bip:topics:1.0">
  <code code="GCAT">
    <editdetail attribution="Reuters BIP Coding Group" action="confirmed" date="1997-03-10"/>
  </code>
  <code code="GSPO">
    <editdetail attribution="Reuters BIP Coding Group" action="confirmed" date="1997-03-10"/>
  </code>
</codes>
<dc element="dc.date.created" value="1997-03-10"/>
<dc element="dc.publisher" value="Reuters Holdings Plc"/>
<dc element="dc.date.published" value="1997-03-10"/>
<dc element="dc.source" value="Reuters"/>
<dc element="dc.creator.location" value="BONN"/>
<dc element="dc.creator.location.country.name" value="GERMANY"/>
<dc element="dc.source" value="Reuters"/>
</metadata>
</newsitem>
