<?xml version="1.0" encoding="iso-8859-1" ?>
<newsitem itemid="429762" id="root" date="1997-03-10" xml:lang="en">
<title>SLOVAKIA: OECD SAYS SEES SLOVAKIA AS NEXT MEMBER.</title>
<headline>OECD SAYS SEES SLOVAKIA AS NEXT MEMBER.</headline>
<byline>Alan Crosby</byline>
<dateline>BRATISLAVA 1997-03-10</dateline>
<text>
<p>Slovakia should become the next member of the Organisation For Economic Cooperation and Development (OECD), but needs to make further steps such as privatising its financial sector, officials said on Monday.</p>
<p>&quot;Slovakia should be the next member of the OECD,&quot; OECD secretary general Donald Johnston told a news conference after meetings with representatives of Finnish industry in Helsinki.</p>
<p>&quot;There are several applicants (but) there are no imminent members except for Slovakia,&quot; he said, adding the examination process for Slovak membership was &quot;quite far advanced.&quot;</p>
<p>Earlier, OECD Legal Department head Christian Shricke told Reuters in a telephone interview from OECD headquarters in Paris that Slovakia had taken many steps toward membership, though some outstanding issues were still to be addressed.</p>
<p>&quot;...in the trade area, while there still are some issues of concern, there does not seem to be any significant stumbling block,&quot; Shricke said.</p>
<p>But, he added, in areas such as the liberalisation of capital movements and international investment instruments, &quot;there still remain a number of issues on which we have not seen positive action from the Slovak authorities&quot;.</p>
<p>&quot;Improvement is necessary for transparency, consistency and predictability in the implementation of investment related laws, and in the process of privatisation, particularly in the financial sectors,&quot; Shricke said.</p>
<p>&quot;We encouraged authorities to proceed expeditiously with the privatisation of remaining state-owned assets in particular in the financial sectors,&quot; he added.</p>
<p>Privatisation in Slovakia, which hopes to gain entrance to the club of the world's wealthiest nations by the end of 1997, has been the most hotly-debated topic in recent months.</p>
<p>Last month it nearly tore apart the governing coalition when the ultra-left coalition party ZRS crossed the floor in parliament to vote with the opposition to approve a measure halting any bank sell-off until the end of the year 2003.</p>
<p>President Michal Kovac, at the government's request, has since returned the law to parliament for re-assessment, though the opposition and ZRS have said they will again approve it.</p>
<p>The state holds major stakes in the country's four largest financial institutions -- savings bank Slovenska Sporitelna, commercial banks VUB and IRB , and insurer Slovenska Poistovna .</p>
<p>Shricke said that while no one issue determines whether a country is accepted in the OECD, Slovakia must show it is committed to free market principles, and the extent to which effective market access is possible for foreign direct investors -- including the privatisation of state-owned assets.</p>
<p>&quot;It is important for an authentic market economy that the major part of (it) is in private hands. Therefore as part of Slovakia's commitments to the basic tenets of market economy the extent to which the private sector is controlling the essential share in the economy is very relevant,&quot; he said.</p>
<p>Shricke added that no OECD member is expected to have 100 percent of its companies in private hands, &quot;but the so-called strategic enterprises should be reduced to a minimum&quot;.</p>
<p>Slovakia has posted some of the strongest economic results of the nations to emerge from communist East Europe with 1996 GDP growth expected to reach nearly seven percent, and year-on-year inflation at a region-wide low of 5.8 percent.</p>
<p>But the country's image has suffered from Western rebukes that it is lagging behind in democratic reforms.</p>
<p>Shricke said that in the end, the country's image is less a factor than its adherence to OECD norms.</p>
<p>&quot;If the overall picture is one that members believe demonstrates Slovkaia's commitment to the basic principles of the OECD's instruments, they will say yes,&quot; he said.</p>
<p>&quot;If they believe these commitments fall short of it, they will say you still need to improve the position in one or more respects,&quot; he added.</p>
<p>-- Prague Newsroom, 420-2-2423-0003</p>
</text>
<copyright>(c) Reuters Limited 1997</copyright>
<metadata>
<codes class="bip:countries:1.0">
  <code code="OECD">
    <editdetail attribution="Reuters BIP Coding Group" action="confirmed" date="1997-03-10"/>
  </code>
  <code code="SLVAK">
    <editdetail attribution="Reuters BIP Coding Group" action="confirmed" date="1997-03-10"/>
  </code>
</codes>
<codes class="bip:topics:1.0">
  <code code="E51">
    <editdetail attribution="Reuters BIP Coding Group" action="confirmed" date="1997-03-10"/>
  </code>
  <code code="E512">
    <editdetail attribution="Reuters BIP Coding Group" action="confirmed" date="1997-03-10"/>
  </code>
  <code code="ECAT">
    <editdetail attribution="Reuters BIP Coding Group" action="confirmed" date="1997-03-10"/>
  </code>
</codes>
<dc element="dc.date.created" value="1997-03-10"/>
<dc element="dc.publisher" value="Reuters Holdings Plc"/>
<dc element="dc.date.published" value="1997-03-10"/>
<dc element="dc.source" value="Reuters"/>
<dc element="dc.creator.location" value="BRATISLAVA"/>
<dc element="dc.creator.location.country.name" value="SLOVAKIA"/>
<dc element="dc.source" value="Reuters"/>
</metadata>
</newsitem>
