<?xml version="1.0" encoding="iso-8859-1" ?>
<newsitem itemid="429740" id="root" date="1997-03-10" xml:lang="en">
<title>FRANCE: RUGBY UNION-CALIFANO'S OUTBURST ADDS TO FRENCH WORRIES.</title>
<headline>RUGBY UNION-CALIFANO'S OUTBURST ADDS TO FRENCH WORRIES.</headline>
<byline>Patrick Vignal</byline>
<dateline>PARIS 1997-03-10</dateline>
<text>
<p>By punching an opponent in a league match at the weekend, Toulouse prop Christian Califano added to the worries of an injury-prone French rugby union side aiming for a possible first grand slam in 10 years.</p>
<p>The French selectors, who have said that any player sent off in a league match would automatically miss the next international game, will have to do without arguably the most dynamic prop in the world against Scotland in a decisive Five Nations clash on Saturday at Parc des Princes.</p>
<p>Califano received his marching orders for knocking out counterpart Louis Esposito in a tense match at Grenoble on Sunday which the French champions eventually won 19-17.</p>
<p>&quot;We can't pretend that he didn't do anything wrong,&quot; said French trainer Jean-Claude Skrela on Monday, just before the French squad left for their training camp in a forest outside Paris to prepare for the Scotland match. &quot;It's a pity but we just can't pick him.&quot;</p>
<p>Califano will be replaced in the group of 21 players by Brive's Didier Casadei but Skrela was afraid he might also lose flyhalf Alain Penaud and scrumhalf Philippe Carbonneau, both injured.</p>
<p>Penaud, who has groin trouble, and Carbonneau, who twisted his ankle, were due to undergo medical checks on Monday and it was unclear whether they would be fit to play on Saturday, Skrela said.</p>
<p>Skrela has been unlucky since the tournament started as 17 players have been sidelined for one match or more by injury or suspension.</p>
<p>&quot;We're getting used to it but still it's a nuisance,&quot; he said. &quot;I shouldn't do it but I'm always trying to guess who will be the next one on the list. It just never stops.&quot;</p>
<p>Skrela blamed the increasing number of league and European Cup matches, saying the players were no longer able to recuperate before international fixtures.</p>
<p>If Carbonneau could not play, he would be replaced in the group by Toulouse scrumhalf Jerome Cazalbou while Castres player Eric Artiguste would be called up if Penaud was not fit, Skrela said.</p>
<p>One good thing about all the bad luck was that it had brought the players closer, said Skrela, who is hoping for France's first victory in the tournament since 1993 and their first grand slam since 1987.</p>
<p>&quot;The spirit in the team is just like it should be,&quot; he said. &quot;The guys stay humble and when somebody gets injured it makes them want to win even more.&quot;</p>
<p>Skrela, who was delighted to see his team beat England 23-20 at Twickenham on March 20, won a grand slam with France in 1977, playing alongside Jean-Pierre Rives in a formidable back row. He said his players knew what was at stake.</p>
<p>&quot;To win a grand slam is really special,&quot; he said. &quot;No player in this team has ever done it and they will give their all. They're expecting a tough match but they're ready for it.&quot;</p>
</text>
<copyright>(c) Reuters Limited 1997</copyright>
<metadata>
<codes class="bip:countries:1.0">
  <code code="FRA">
    <editdetail attribution="Reuters BIP Coding Group" action="confirmed" date="1997-03-10"/>
  </code>
  <code code="UK">
    <editdetail attribution="Reuters BIP Coding Group" action="confirmed" date="1997-03-10"/>
  </code>
</codes>
<codes class="bip:topics:1.0">
  <code code="GCAT">
    <editdetail attribution="Reuters BIP Coding Group" action="confirmed" date="1997-03-10"/>
  </code>
  <code code="GSPO">
    <editdetail attribution="Reuters BIP Coding Group" action="confirmed" date="1997-03-10"/>
  </code>
</codes>
<dc element="dc.date.created" value="1997-03-10"/>
<dc element="dc.publisher" value="Reuters Holdings Plc"/>
<dc element="dc.date.published" value="1997-03-10"/>
<dc element="dc.source" value="Reuters"/>
<dc element="dc.creator.location" value="PARIS"/>
<dc element="dc.creator.location.country.name" value="FRANCE"/>
<dc element="dc.source" value="Reuters"/>
</metadata>
</newsitem>
