<?xml version="1.0" encoding="iso-8859-1" ?>
<newsitem itemid="429757" id="root" date="1997-03-10" xml:lang="en">
<title>ZIMBABWE: ZIMBABWE DOLLAR MIXED ON UNITF AT MONDAY'S CLOSE.</title>
<headline>ZIMBABWE DOLLAR MIXED ON UNITF AT MONDAY'S CLOSE.</headline>
<dateline>HARARE 1997-03-10</dateline>
<text>
<p>The Zimbabwe dollar was quoted firmer on the U.S. dollar and pound sterling but registered losses against the mark and the rand at the close of Monday's interbank session, foreign exchange dealers said.</p>
<p>&quot;The market seems to have closed a touch long. Everyone was rushing to sell towards the close of business, suggesting that the market was long,&quot; a dealer commented.</p>
<p>He said the local unit finished the day at 11.1350/1450 against the U.S. dollar, up from Friday's 11.1475/1575 and was at 17.8000/8300 from 17.8800/9100 against sterling.</p>
<p>It however slipped against the mark to close at 6.5200/5400 from 6.5000/5200 and was also indicated easier on the rand at 2.5000/5200 compared to 2.4900/5200.</p>
<p>--Stella Mapenzauswa, Harare Newsroom: +263-4 72 52 28/9</p>
</text>
<copyright>(c) Reuters Limited 1997</copyright>
<metadata>
<codes class="bip:countries:1.0">
  <code code="ZIMBAB">
    <editdetail attribution="Reuters BIP Coding Group" action="confirmed" date="1997-03-10"/>
  </code>
</codes>
<codes class="bip:topics:1.0">
  <code code="M13">
    <editdetail attribution="Reuters BIP Coding Group" action="confirmed" date="1997-03-10"/>
  </code>
  <code code="M132">
    <editdetail attribution="Reuters BIP Coding Group" action="confirmed" date="1997-03-10"/>
  </code>
  <code code="MCAT">
    <editdetail attribution="Reuters BIP Coding Group" action="confirmed" date="1997-03-10"/>
  </code>
</codes>
<dc element="dc.date.created" value="1997-03-10"/>
<dc element="dc.publisher" value="Reuters Holdings Plc"/>
<dc element="dc.date.published" value="1997-03-10"/>
<dc element="dc.source" value="Reuters"/>
<dc element="dc.creator.location" value="HARARE"/>
<dc element="dc.creator.location.country.name" value="ZIMBABWE"/>
<dc element="dc.source" value="Reuters"/>
</metadata>
</newsitem>
