<?xml version="1.0" encoding="iso-8859-1" ?>
<newsitem itemid="429798" id="root" date="1997-03-10" xml:lang="en">
<title>CZECH REPUBLIC: CZECH 1996 CAMPAIGN BEET SUGAR OUTPUT RISES.</title>
<headline>CZECH 1996 CAMPAIGN BEET SUGAR OUTPUT RISES.</headline>
<dateline>PRAGUE 1997-03-10</dateline>
<text>
<p>Czech beet sugar production from 1996 beet rose to 610,000 tonnes from 460,035 tonnes produced in the 1995 campaign, creating a surplus, the Agriculture Ministry said on Monday.</p>
<p>The ministry's plant production department head, Ivan Branzovsky, told Reuters that the surplus left for export is about 150,000 tonnes, up from the earlier forecasted 50,000 to 100,000 tonnes.  </p>
<p>&quot;Domestic consumption, including purchases for state reserves, will be about 460,000 tonnes...leaving 150,000 tonnes for exports,&quot; Branzovsky said.</p>
<p>The ministry said earlier that the state would buy some 20,000 tonnes for reserves.</p>
<p>The total area sown was 103,668 hectares, up from 94,334 hectares in 1995, while hectare yield of beet rose to 41.63 tonnes from 38.86 tonnes.</p>
<p>A total of 4.316 million tonnes of beet was harvested, after 3.666 million tonnes in 1995, and the yield of sugar from beet rose to 14.23 percent from 12.55 percent.</p>
<p>Czech sugar prices exceed those on the world market due to relatively liberal market conditions, and industry experts have said during the campaign that it would be difficult to export the surplus.</p>
<p>The Czech sugar market is protected by a 65 percent tariff.  </p>
<p>The Czechs used to export some surplus sugar to Slovakia</p>
<p>under a no-tariff customs union agreement between the two</p>
<p>countries, but Slovakia's production last year of 226,000</p>
<p>tonnes will exceed domestic demand by some 20,000 tonnes.</p>
<p>Jiri Krousky, chairman of Czech sugar growers' association,</p>
<p>on Monday estimated that the Czech surplus would lead to a</p>
<p>decrease in the beet growing area this year to 95,000 to</p>
<p>100,000 hectares.</p>
<p>						   1996		 1995</p>
<p> SUGAR PRODUCTION (tonnes)	    610,000	    460,035</p>
<p> AREA SOWN (hectares)		   103,668	     94,334</p>
<p> BEET HARVESTED (tonnes)	    4,315,566	  3,665,618</p>
<p> BEET YIELD  (tonnes/ha)		  41.63		38.86</p>
<p> SUGAR YIELD (tonnes/ha)		   5.92		 4.88</p>
<p> SUGAR FROM BEET (pct)		    14.23		12.55</p>
<p> SUGAR CONTENT (pct)			  N/A		15.77</p>
<p> YIELD FROM BEET (pct)			N/A		79.56</p>
<p>-- Jan Lopatka, Prague Newsroom, 420-2-2423-0003</p>
</text>
<copyright>(c) Reuters Limited 1997</copyright>
<metadata>
<codes class="bip:countries:1.0">
  <code code="CZREP">
    <editdetail attribution="Reuters BIP Coding Group" action="confirmed" date="1997-03-10"/>
  </code>
</codes>
<codes class="bip:industries:1.0">
  <code code="I01001">
    <editdetail attribution="Reuters BIP Coding Group" action="confirmed" date="1997-03-10"/>
  </code>
  <code code="I0100128">
    <editdetail attribution="Reuters BIP Coding Group" action="confirmed" date="1997-03-10"/>
  </code>
  <code code="I42000">
    <editdetail attribution="Reuters BIP Coding Group" action="confirmed" date="1997-03-10"/>
  </code>
</codes>
<codes class="bip:topics:1.0">
  <code code="C21">
    <editdetail attribution="Reuters BIP Coding Group" action="confirmed" date="1997-03-10"/>
  </code>
  <code code="CCAT">
    <editdetail attribution="Reuters BIP Coding Group" action="confirmed" date="1997-03-10"/>
  </code>
  <code code="M14">
    <editdetail attribution="Reuters BIP Coding Group" action="confirmed" date="1997-03-10"/>
  </code>
  <code code="M141">
    <editdetail attribution="Reuters BIP Coding Group" action="confirmed" date="1997-03-10"/>
  </code>
  <code code="MCAT">
    <editdetail attribution="Reuters BIP Coding Group" action="confirmed" date="1997-03-10"/>
  </code>
</codes>
<dc element="dc.date.created" value="1997-03-10"/>
<dc element="dc.publisher" value="Reuters Holdings Plc"/>
<dc element="dc.date.published" value="1997-03-10"/>
<dc element="dc.source" value="Reuters"/>
<dc element="dc.creator.location" value="PRAGUE"/>
<dc element="dc.creator.location.country.name" value="CZECH REPUBLIC"/>
<dc element="dc.source" value="Reuters"/>
</metadata>
</newsitem>
