<?xml version="1.0" encoding="iso-8859-1" ?>
<newsitem itemid="429712" id="root" date="1997-03-10" xml:lang="en">
<title>AUSTRALIA: CRICKET-TASMANIA STILL IN DRIVING SEAT.</title>
<headline>CRICKET-TASMANIA STILL IN DRIVING SEAT.</headline>
<dateline>SYDNEY 1997-03-10</dateline>
<text>
<p>Tasmania strengthened their bid for a place in the Sheffield Shield final despite their match against Queensland ending in a draw on Monday.</p>
<p>Tasmania, the favourites to face Western Australia in Perth later this month, consolidated second place in the Shield table by claiming two competition points for taking a first innings lead earlier in the four-day match at Bellerive Oval in Hobart.</p>
<p>Queensland captain Stuart Law, a regular member of Australia's limited overs side, remained unbeaten on 74 at close of play on Monday as Queensland reached 198 for four in pursuit of a victory target of 389 on the final day.</p>
<p>New South Wales and Queensland remain in the hunt with Tasmania to finish second behind Shield leaders Western Australia, who will host the five-day final at the WACA Ground.</p>
<p>The struggle will be settled next weekend when the final round of matches in the regular season will be played but a victory for Tasmania would guarantee them a final berth regardless of the results elsewhere.</p>
<p>Western Australia have 36 points from nine matches, an unassailable 10 points clear of Tasmania. Queensland and New South Wales are locked together on 22 points in third place. An outright victory is worth six points.</p>
<p>In the other match completed on Monday, South Australia beat Victoria by 161 runs fourth-placed Victoria at Adelaide Oval.</p>
</text>
<copyright>(c) Reuters Limited 1997</copyright>
<metadata>
<codes class="bip:countries:1.0">
  <code code="AUSTR">
    <editdetail attribution="Reuters BIP Coding Group" action="confirmed" date="1997-03-10"/>
  </code>
</codes>
<codes class="bip:topics:1.0">
  <code code="GCAT">
    <editdetail attribution="Reuters BIP Coding Group" action="confirmed" date="1997-03-10"/>
  </code>
  <code code="GSPO">
    <editdetail attribution="Reuters BIP Coding Group" action="confirmed" date="1997-03-10"/>
  </code>
</codes>
<dc element="dc.date.created" value="1997-03-10"/>
<dc element="dc.publisher" value="Reuters Holdings Plc"/>
<dc element="dc.date.published" value="1997-03-10"/>
<dc element="dc.source" value="Reuters"/>
<dc element="dc.creator.location" value="SYDNEY"/>
<dc element="dc.creator.location.country.name" value="AUSTRALIA"/>
<dc element="dc.source" value="Reuters"/>
</metadata>
</newsitem>
