<?xml version="1.0" encoding="iso-8859-1" ?>
<newsitem itemid="429738" id="root" date="1997-03-10" xml:lang="en">
<title>SPAIN: SOCCER-SPANISH CHAMPIONSHIP RESULT.</title>
<headline>SOCCER-SPANISH CHAMPIONSHIP RESULT.</headline>
<dateline>MADRID 1997-03-10</dateline>
<text>
<p>Spanish championship result on</p>
<p>Monday:</p>
<p> Real Madrid   2   Racing Santander  1</p>
<p>Played Sunday:</p>
<p> Athletic Bilbao  2   Zaragoza   2</p>
<p> Sporting Gijon  2   Logrones  0</p>
<p> Barcelona   3   Compostela  0</p>
<p> Valladolid   0   Tenerife  2</p>
<p> Extremadura   1   Real Sociedad 0</p>
<p> Celta Vigo   2   Espanyol  2</p>
<p> Deportivo Coruna  3   Oviedo  0</p>
<p> Hercules   1   Rayo Vallecano 0</p>
<p> Real Betis   3   Atletico Madrid     2</p>
<p>Played Saturday:</p>
<p> Valencia   4    Sevilla   2</p>
<p>Standings:</p>
<p>				P     W    D    L  F   A   Pts</p>
<p> 1.Real Madrid	   28    19    8    1  61  23   65</p>
<p> 2.Barcelona	     28    17    5    6  70  37   56</p>
<p> 3.Real Betis	    28    16    8    4  60  32   56</p>
<p> 4.Deportivo Coruna    28    14   11    3  43  20   53</p>
<p> 5.Atletico Madrid     27    14    7    6  53  34   49</p>
<p> 6.Real Sociedad	 28    13    6    9  35  30   45</p>
<p> 7.Valladolid	    28    11    7   10  35  32   43</p>
<p> 8.Tenerife		27    12    6    9  47  28   42</p>
<p> 9.Athletic Bilbao     28    10   12    6  48  38   42</p>
<p> 10.Valencia	     28    11    6   11  40  37   39</p>
<p> 11.Racing Santander   28     9   11    8  32  30   38</p>
<p> 12.Celta Vigo	   28     8   10   10  33  36   34</p>
<p> 13.Sporting Gijon     28     8    8   12  30  43   32</p>
<p> 14.Oviedo		 28     8    8   12  34  43   32</p>
<p> 15.Compostela	   28     8    7   13  28  49   31</p>
<p> 16.Rayo Vallecano     28     8    6   14  28  39   30</p>
<p> 17.Zaragoza	     28     6   11   11  35  46   29</p>
<p> 18.Extremadura	  28     7    8   13  22  40   29</p>
<p> 19.Logrones	     28     8    4   16  24  55   28</p>
<p> 20.Espanyol	     28     7    6   15  31  44   27</p>
<p> 21.Hercules	     28     6    4   18  24  53   22</p>
<p> 22.Sevilla		28     6    3   19  25  49   21</p>
<p>Note:Two teams qualify for the Champions League, four</p>
<p>qualify for the UEFA Cup, four are automatically relegated, and</p>
<p>one more must face a relegation play-off with the third-placed</p>
<p>team from the second division.</p>
</text>
<copyright>(c) Reuters Limited 1997</copyright>
<metadata>
<codes class="bip:countries:1.0">
  <code code="SPAIN">
    <editdetail attribution="Reuters BIP Coding Group" action="confirmed" date="1997-03-10"/>
  </code>
</codes>
<codes class="bip:topics:1.0">
  <code code="GCAT">
    <editdetail attribution="Reuters BIP Coding Group" action="confirmed" date="1997-03-10"/>
  </code>
  <code code="GSPO">
    <editdetail attribution="Reuters BIP Coding Group" action="confirmed" date="1997-03-10"/>
  </code>
</codes>
<dc element="dc.date.created" value="1997-03-10"/>
<dc element="dc.publisher" value="Reuters Holdings Plc"/>
<dc element="dc.date.published" value="1997-03-10"/>
<dc element="dc.source" value="Reuters"/>
<dc element="dc.creator.location" value="MADRID"/>
<dc element="dc.creator.location.country.name" value="SPAIN"/>
<dc element="dc.source" value="Reuters"/>
</metadata>
</newsitem>
