<?xml version="1.0" encoding="iso-8859-1" ?>
<newsitem itemid="429742" id="root" date="1997-03-10" xml:lang="en">
<title>GERMANY: SOCCER-GERMAN LEAGUE CHAMPIONSHIP PROGRAMME.</title>
<headline>SOCCER-GERMAN LEAGUE CHAMPIONSHIP PROGRAMME.</headline>
<dateline>BONN 1997-03-10</dateline>
<text>
<p>Programme of soccer matches in the German league championship on Tuesday and Wednesday (league positions in brackets):</p>
<p>Tuesday (kick-offs 1830 GMT)</p>
<p>Karlsruhe (5) v Bochum (9).</p>
<p>Karlsruhe are getting used to life without midfield mainstay Thomas Haessler after he broke his leg shortly after recovering from a complex ankle fracture. But the absence of midfielder Michael Tarnat and league top scorer Sean Dundee will be severe handicaps for Winfried Schaefer's team, even against a Bochum side which has not won in five matches.</p>
<p>Werder Bremen (8) v St Pauli (16).</p>
<p>Bremen need to shake off the memory of Saturday's 4-1 defeat at relegation-threatened Borussia Moenchengladbach but field a full-strength side to entertain St Pauli. The Hamburg side look increasingly like relegation candidates after losing four and drawing one of their last five games but club president Heinz Wiesener says coach Uli Maslo &quot;has proved that he can keep this team in the first division&quot;.</p>
<p>Hamburg (12) v Borussia Moenchengladbach (14).</p>
<p>Moenchengladbach have won two and drawn two since the winter break under new trainer Hannes Bongartz, with Polish striker Andrzej Juskowiak finally finding the net. While captain Stefan Effenberg is under a cloud amid accusations that he beat a drunk outside his home, Hamburg's troubles are greater. Coach Felix Magath has made clear midfielder Markus Schupp will not play for him again after criticising Magath's tough training regime in public. Karsten Baeron, Jakob Friis-Hansen and Bernd Hollerbach will all be missing for Hamburg but defender Stephane Henchoz and midfielder Sven Kmetsch return from suspension.</p>
<p>Schalke (7) v Duisburg (13).</p>
<p>Schalke have not lost nor conceded a goal in eight games and are challenging strongly for a UEFA Cup place. Only goal difference is keeping them out of fifth place and they should improve matters against low-scoring Duisburg who have not won in four matches since the winter break.</p>
<p>(Kickoff 1900 GMT)</p>
<p>Cologne (6) v VfB Stuttgart (4).</p>
<p>Stuttgart returned to winning ways by firing four past Hamburg at the weekend, and need to prove that the &quot;magic triangle&quot; up front of Fredi Bobic, Giovane Elber and Krasimir Balakov really have got the club's title challenge back on the rails. Cologne have faded from a bright start to the season and should be no match for an in-form Stuttgart.</p>
<p>Wednesday (Kickoffs 1830 GMT)</p>
<p>Borussia Dortmund (1) v Hansa Rostock (17).</p>
<p>Victory is a must for the reigning champions who returned to the top of the table as Bayern Munich came unstuck last weekend. After beating Freiburg thanks to a controversial penalty, Dortmund will want to show they need no luck this time.</p>
<p>Fortuna Duesseldorf (15) v Freiburg (18).</p>
<p>Duesseldorf have a surprisingly good home record including, recently, a 4-1 defeat of Bremen and a shock 2-0 victory over Dortmund. Freiburg look doomed to relegation. They will be without Dutch striker Harry Decheiver, whose goals helped to save them from relegation last year but who has now alienated coach and fellow players alike and is set to be sold.</p>
<p>1860 Munich (10) v Bayer Leverkusen (3).</p>
<p>Leverkusen will be buoyant after thumping Bayern Munich 5-2 and re-establishing themselves as title candidates, even without the services of first-choice strikers Ulf Kirsten and Eric Meijer. Hat-trick hero Markus Feldhoff hopes to keep his place in the side against an erratic 1860 side who brushed aside Fortuna Duesseldorf 3-0 last week.</p>
<p>(Kickoff 1900 GMT)</p>
<p>Arminia Bielefeld (11) v Bayern Munich (2).</p>
<p>Bielefeld have won four of their last five games but are up against a side who are likely to be working off their frustration after Sunday's drubbing by Leverkusen. Bayern need to eliminate their occasional large-scale defensive lapses and improve their motivation. But they have lost only twice in the league this season and should come away with at least a point.</p>
</text>
<copyright>(c) Reuters Limited 1997</copyright>
<metadata>
<codes class="bip:countries:1.0">
  <code code="GFR">
    <editdetail attribution="Reuters BIP Coding Group" action="confirmed" date="1997-03-10"/>
  </code>
</codes>
<codes class="bip:topics:1.0">
  <code code="GCAT">
    <editdetail attribution="Reuters BIP Coding Group" action="confirmed" date="1997-03-10"/>
  </code>
  <code code="GSPO">
    <editdetail attribution="Reuters BIP Coding Group" action="confirmed" date="1997-03-10"/>
  </code>
</codes>
<dc element="dc.date.created" value="1997-03-10"/>
<dc element="dc.publisher" value="Reuters Holdings Plc"/>
<dc element="dc.date.published" value="1997-03-10"/>
<dc element="dc.source" value="Reuters"/>
<dc element="dc.creator.location" value="BONN"/>
<dc element="dc.creator.location.country.name" value="GERMANY"/>
<dc element="dc.source" value="Reuters"/>
</metadata>
</newsitem>
