<?xml version="1.0" encoding="iso-8859-1" ?>
<newsitem itemid="429743" id="root" date="1997-03-10" xml:lang="en">
<title>ITALY: SOCCER-JUVENTUS COACH LIPPU SAYS TITLE RACE IS NOT OVER.</title>
<headline>SOCCER-JUVENTUS COACH LIPPU SAYS TITLE RACE IS NOT OVER.</headline>
<byline>Paddy Agnew</byline>
<dateline>ROME 1997-03-10</dateline>
<text>
<p>Juventus coach Marcello Lippi rejects suggestions that his side have just about wrapped up the Italian title following their 0-0 top-of-the-table draw with Internazionale at the San Siro on Sunday.</p>
<p>&quot;We've still got to battle to win the title and it won't be easy. Inter and Parma could both still catch us and they'll do everything possible to do so, I've no doubt&quot;, said Lippi.</p>
<p>With 10 games to play, Juventus lead by five points from second-placed Parma with Inter a further two points away in third.</p>
<p>But Inter's English coach Roy Hodgson disagreed with Lippi.</p>
<p>&quot;This 0-0 draw means that Juventus have won the championship and that we are left to fight for second place,&quot; he said.</p>
<p>Hodgson's view was echoed by the Milan-based sports daily Gazzetta Dello Sport which praised Juventus for their attacking attitude in a difficult away game.</p>
<p>&quot;Juventus could have decided to play safe...instead they came out to play, to finish off the business with a display of force and they came close to striking the knockout punch,&quot; it said.</p>
<p>The game was marked by a controversial decision by referee Pier Luigi Collina to overrule a ninth-minute goal by Inter striker Maurizio Ganz but many commentators pointed out that Juventus came close to scoring at least three times.</p>
<p>Inter's experienced captain Giuseppe Bergomi said the furore over the disallowed goal had affected his side.</p>
<p>&quot;Unfortunately Collina's decision made us lose our cool and we spent the next half-hour being dominated by Juventus,&quot; he said.</p>
<p>&quot;In the second half, you saw Inter at their best but obviously if we were going to open up the title contest again then we had to win.&quot;</p>
<p>On Saturday Juventus are at home to AS Roma and Inter travel to Parma for a direct clash for second place and participation in next season's European Champions' League.</p>
<p>Parma, 2-1 winners away to Perugia on Sunday, have overcome a dreadful start to the season, which saw them sink to 15th position at one stage, to emerge as the closest challenger to Juventus.</p>
<p>Parma coach Carlo Ancelotti, however, is keen to play down suggestions that Juventus have wrapped up the title.</p>
<p>&quot;For the time being, Juventus seem different class from us...but, mind you, soccer sometimes defies all forecasts and previews,&quot; he said.</p>
</text>
<copyright>(c) Reuters Limited 1997</copyright>
<metadata>
<codes class="bip:countries:1.0">
  <code code="ITALY">
    <editdetail attribution="Reuters BIP Coding Group" action="confirmed" date="1997-03-10"/>
  </code>
</codes>
<codes class="bip:topics:1.0">
  <code code="GCAT">
    <editdetail attribution="Reuters BIP Coding Group" action="confirmed" date="1997-03-10"/>
  </code>
  <code code="GSPO">
    <editdetail attribution="Reuters BIP Coding Group" action="confirmed" date="1997-03-10"/>
  </code>
</codes>
<dc element="dc.date.created" value="1997-03-10"/>
<dc element="dc.publisher" value="Reuters Holdings Plc"/>
<dc element="dc.date.published" value="1997-03-10"/>
<dc element="dc.source" value="Reuters"/>
<dc element="dc.creator.location" value="ROME"/>
<dc element="dc.creator.location.country.name" value="ITALY"/>
<dc element="dc.source" value="Reuters"/>
</metadata>
</newsitem>
