<?xml version="1.0" encoding="iso-8859-1" ?>
<newsitem itemid="429792" id="root" date="1997-03-10" xml:lang="en">
<title>POLAND: DERIVATIVES SEEN DRAWING MORE CAPITAL TO POLAND.</title>
<headline>DERIVATIVES SEEN DRAWING MORE CAPITAL TO POLAND.</headline>
<dateline>WARSAW 1997-03-10</dateline>
<text>
<p>Polish analysts and officials said the planned launch of derivatives on East European indices in Austria could lure fresh capital to Warsaw as it would give investors a chance to hedge their Polish investments.</p>
<p>Austrian futures and options exchange Oetob said on Monday it would start offering derivatives on its Polish, Czech and Hungarian stock indices from March 20.</p>
<p>Artur Czerwonski, an analyst at Pekao SA brokerage said the derivatives trade on Polish index, would make investing in Polish stocks less risky and therefore more attractive.</p>
<p>&quot;Foreign institutions might now lack instruments to hedge their risks and derivatives might let them safely expand their positions in shares with purchases of...futures or options,&quot; he said.</p>
<p>The deputy president of the Warsaw Stock Exchange saw the start of the derivatives trade as a boon for the Warsaw bourse and saw no danger of shifting investors' interest from shares into derivatives.</p>
<p>&quot;I don't think investors would withdraw from their shares in Warsaw to invest in derivatives, as holding shares gives them dividends and impact on managing companies, which derivatives don't,&quot; Piotr Szeliga said.</p>
<p>Szeliga said the Warsaw bourse should itself be able to start with its blue-chips index WIG 20 futures in the second half of the year, possibly in the third quarter.</p>
<p>He said the next stage would likely be introducing options but said it would be possible only in the second half of next year.</p>
<p>&quot;We would think about options, but rather on shares than on the index, I think it would be possible only next year, possibly in the second half of 1998 as the market has to learn derivatives and it will take time,&quot; he said.</p>
<p>-- Malgorzata Rzepka +48 22 653 9700</p>
</text>
<copyright>(c) Reuters Limited 1997</copyright>
<metadata>
<codes class="bip:countries:1.0">
  <code code="AUST">
    <editdetail attribution="Reuters BIP Coding Group" action="confirmed" date="1997-03-10"/>
  </code>
  <code code="CZREP">
    <editdetail attribution="Reuters BIP Coding Group" action="confirmed" date="1997-03-10"/>
  </code>
  <code code="HUNG">
    <editdetail attribution="Reuters BIP Coding Group" action="confirmed" date="1997-03-10"/>
  </code>
  <code code="POL">
    <editdetail attribution="Reuters BIP Coding Group" action="confirmed" date="1997-03-10"/>
  </code>
</codes>
<codes class="bip:topics:1.0">
  <code code="E51">
    <editdetail attribution="Reuters BIP Coding Group" action="confirmed" date="1997-03-10"/>
  </code>
  <code code="ECAT">
    <editdetail attribution="Reuters BIP Coding Group" action="confirmed" date="1997-03-10"/>
  </code>
  <code code="M11">
    <editdetail attribution="Reuters BIP Coding Group" action="confirmed" date="1997-03-10"/>
  </code>
  <code code="MCAT">
    <editdetail attribution="Reuters BIP Coding Group" action="confirmed" date="1997-03-10"/>
  </code>
</codes>
<dc element="dc.date.created" value="1997-03-10"/>
<dc element="dc.publisher" value="Reuters Holdings Plc"/>
<dc element="dc.date.published" value="1997-03-10"/>
<dc element="dc.source" value="Reuters"/>
<dc element="dc.creator.location" value="WARSAW"/>
<dc element="dc.creator.location.country.name" value="POLAND"/>
<dc element="dc.source" value="Reuters"/>
</metadata>
</newsitem>
