<?xml version="1.0" encoding="iso-8859-1" ?>
<newsitem itemid="429734" id="root" date="1997-03-10" xml:lang="en">
<title>USA: NCAA-COLLEGE BASKETBALL TOURNAMENT FIELD OF 64 SET.</title>
<headline>NCAA-COLLEGE BASKETBALL TOURNAMENT FIELD OF 64 SET.</headline>
<dateline>NEW YORK 1997-03-09</dateline>
<text>
<p>Top-ranked Kansas, defending champions Kentucky, North Carolina and Minnesota were installed as regional top seeds as the field of 64 for the 59th NCAA college basketball tournament was announced Sunday.</p>
<p>Kansas (32-1), which won the Big 12 Conference tournament Sunday, was named top seed in the Southeast Region.</p>
<p>North Carolina (24-6), winner of Sunday's Atlantic Coast Conference tournament final over upset-minded N.C. State, was placed atop the East Region.</p>
<p>Minnesota (27-3), despite Saturday's loss at Wisconsin, was given the top seed in the Midwest Region, while the NCAA champion Wildcats (30-4), who wrapped up the Southeastern Conference title Sunday, were awarded number one in the West.</p>
<p>Kentucky bumped Utah out of the top seed in the West despite the fact the Utes have been ranked in the Top 10 all season and won the Western Athletic Conference regular-season title and conference tournament.</p>
<p>The Kansas Jayhawks, who have been number one since early December, will face Jackson State (14-15) Thursday in Memphis, Tennessee as &quot;March Madness&quot; gets underway.</p>
<p>Kansas will attempt to become the second team in three seasons to win the NCAA Tournament as the nation's top-ranked team. UCLA accomplished the feat in 1995.</p>
<p>Kansas enters the tournament riding a 10-game winning streak since its lone loss to Missouri. They have avenged that defeat twice since, including Sunday's 87-60 thrashing in the Big 12 Conference Tournament final.</p>
<p>North Carolina enters the tournament as one of the hottest teams in the nation.</p>
<p>The Tar Heels, who won their final 12 games after an 80-73 setback at Duke on January 29, will play Fairfield (11-18) in the first round Thursday at Winston-Salem.</p>
<p>The game will hold special significance for North Carolina coach Dean Smith, who needs one win to tie the legendary Adolph Rupp of Kentucky for most wins by a Division I coach. Smith picked up his 875th victory in the ACC Tournament final.</p>
<p>Fairfield, which has the worst record in the field of 64, captured the automatic bid from the Metro Atlantic Athletic Conference by winning its tournament as an eighth seed.</p>
<p>Minnesota rolled to the Big Ten Conference title, posting a 16-2 record in one of the tougher conferences in the nation. Saturday's one-point loss at Wisconsin clearly failed to lessen the Gophers' standing in the eyes of the tournament committee that decided the seedings.</p>
<p>Minnesota, heading a group of six Big Ten teams in the field of 64, opens against Southwest Texas State (16-12) on Friday in Kansas City.</p>
<p>Southwest Texas State got to the big dance by capturing the Southland Conference Tournament title.</p>
<p>Despite awarding Kentucky a top seed, the selection committee did not give the Wildcats a free ride to the Final Four, putting up two potentially huge road blocks in the West region in second seed Utah and third seed Wake Forest.</p>
<p>Kentucky will face Montana (21-10) in the first round Thursday in Salt Lake City. The Grizzlies captured the Big Sky Conference to reach the NCAA Tournament for the first time in five years.</p>
</text>
<copyright>(c) Reuters Limited 1997</copyright>
<metadata>
<codes class="bip:countries:1.0">
  <code code="USA">
    <editdetail attribution="Reuters BIP Coding Group" action="confirmed" date="1997-03-10"/>
  </code>
</codes>
<codes class="bip:topics:1.0">
  <code code="GCAT">
    <editdetail attribution="Reuters BIP Coding Group" action="confirmed" date="1997-03-10"/>
  </code>
  <code code="GSPO">
    <editdetail attribution="Reuters BIP Coding Group" action="confirmed" date="1997-03-10"/>
  </code>
</codes>
<dc element="dc.date.created" value="1997-03-09"/>
<dc element="dc.publisher" value="Reuters Holdings Plc"/>
<dc element="dc.date.published" value="1997-03-10"/>
<dc element="dc.source" value="Reuters"/>
<dc element="dc.creator.location" value="NEW YORK"/>
<dc element="dc.creator.location.country.name" value="USA"/>
<dc element="dc.source" value="Reuters"/>
</metadata>
</newsitem>
