<?xml version="1.0" encoding="iso-8859-1" ?>
<newsitem itemid="429732" id="root" date="1997-03-10" xml:lang="en">
<title>USA: NBA-MALONE REACHES 25,000-POINT MILESTONE IN JAZZ WIN.</title>
<headline>NBA-MALONE REACHES 25,000-POINT MILESTONE IN JAZZ WIN.</headline>
<dateline>MINNEAPOLIS 1997-03-09</dateline>
<text>
<p>Karl Malone, his place in the Hall of Fame already secure, reached another major milestone in his illustrious career Sunday by scoring his 25,000th point in the NBA.</p>
<p>Malone poured in 36 points and added 11 rebounds and eight assists in leading the Utah Jazz to a 115-106 victory over the Minnesota Timberwolves.</p>
<p>Malone became the 11th player in NBA history to reach the 25,000-point plateau following a layup with 5:53 left in the third quarter.</p>
<p>&quot;In the second half, I knew I had 24 points,&quot; Malone said. &quot;Then I was on the (fast) break and I knew that was it. I just wanted to make it,&quot; he said of the milestone bucket.</p>
<p>&quot;I would have preferred to get 25,000 at home. I am glad to get it over with,&quot; he said.</p>
<p>John Stockton, who will be reunited with Malone in the Hall of Fame some day, added 26 points and nine assists for Utah, which has won five in a row and 14 of its last 16.</p>
<p>&quot;Malone and Stockton, that's the amazing thing about them,&quot; said Minnesota coach Flip Saunders. &quot;They've missed six games in five years.&quot;</p>
<p>In New York, Patrick Ewing scored 32 points, including a jumper with 7.7 seconds left that sealed the Knicks' seventh straight victory, a 97-93 triumph over the Chicago Bulls.</p>
<p>Ewing also grabbed 14 rebounds in a dominating perforance meant to send a pre-playoff message to the defending NBA champions, who suffered only their eighth loss of the season.</p>
<p>Michael Jordan, who scored 36 points, made a pair of jumpers to pull Chicago within 95-93 with 29 seconds left. Ewing then took a pass on the left side and banked home the 15-foot clinching basket over veteran centre Robert Parish.</p>
<p>In Phoenix, Wesley Person came off the bench to score 18 of his 31 points in the second quarter as the Suns trounced the Orlando Magic 121-85.</p>
<p>Person hit 12-of-17 shots overall, including seven three pointers. Cedric Ceballos had 23 points and nine rebounds and Kevin Johnson added 19 points and 13 assists as six players scored in double figures for the Suns.</p>
<p>The 36-point defeat was the worst of the season for the Magic, who were led by Penny Hardaway's 19 points.</p>
<p>In Boston, the Atlanta Hawks scored the first 19 points of the game and rolled to a 114-90 rout of the Celtics.</p>
<p>The loss was the 17th in 18 games for the Celtics (12-50), who are virtually assured their worst ever record in an 82-game season.</p>
<p>Steve Smith led a balanced Hawks attack with 17 points. Todd Day scored a game-high 33 points for Boston.</p>
<p>In Charlotte, Glen Rice scored 21 points and Vlade Divac added 20 points and 10 rebounds to lead the Hornets to their fifth straight win, a 82-76 victory over the Miami Heat.</p>
<p>Anthony Mason chipped in 17 points, 14 rebounds and seven assists for Charlotte, which led by 25 at the half.</p>
<p>Tim Hardaway scored 31 points to lead the Heat, who dropped 1-1/2 games back of the first-place Knicks in the Atlantic Division.</p>
<p>In Toronto, Walt Williams scored 16 points and Damon Stoudamire had 14 points, 10 assists and eight rebounds to lead the Raptors to an 81-77 win over the Vancouver Grizzlies.</p>
<p>Doug Christie sealed the win for Toronto with a free throw with 4.2 second left that put the Raptors up by four.</p>
<p>Anthony Peeler scored 25 and Bryant Reeves added 24 points and 14 rebounds for Vancouver.</p>
<p>In Dallas, Kevin Willis had 19 points and 10 rebounds and Eddie Johnson added 17 off the bench as the Houston Rockets beat the Mavericks 88-83.</p>
<p>Matt Maloney chipped in 15 points and seven assists, while Hakeem Olajuwon had 12 points and 12 rebounds for Houston, winners of five in a row and seven of its last eight games.</p>
<p>Michael Finley had 24 points for Dallas, losers of seven straight.</p>
<p>In Portland, Isaiah Rider scored 25 points and Gary Trent added 23 to lead the Trail Blazers to a 103-93 win over the Seattle SuperSonics, extending their winning streak to six.</p>
<p>Hersey Hawkins led Seattle with 29 points. The loss was only the third in the last 13 games for Seattle.</p>
<p>At Washington, Jerry Stackhouse scored 11 of his 24 points in the fourth quarter as the Philadelphia 76ers held on for a 99-93 victory over the Bullets.</p>
<p>Clarence Weatherspoon scored 16 of his 22 points in the second half and Derrick Coleman contributed 20 points and 18 rebounds for the Sixers, who halted a three-game slide.</p>
</text>
<copyright>(c) Reuters Limited 1997</copyright>
<metadata>
<codes class="bip:countries:1.0">
  <code code="USA">
    <editdetail attribution="Reuters BIP Coding Group" action="confirmed" date="1997-03-10"/>
  </code>
</codes>
<codes class="bip:topics:1.0">
  <code code="GCAT">
    <editdetail attribution="Reuters BIP Coding Group" action="confirmed" date="1997-03-10"/>
  </code>
  <code code="GSPO">
    <editdetail attribution="Reuters BIP Coding Group" action="confirmed" date="1997-03-10"/>
  </code>
</codes>
<dc element="dc.date.created" value="1997-03-09"/>
<dc element="dc.publisher" value="Reuters Holdings Plc"/>
<dc element="dc.date.published" value="1997-03-10"/>
<dc element="dc.source" value="Reuters"/>
<dc element="dc.creator.location" value="MINNEAPOLIS"/>
<dc element="dc.creator.location.country.name" value="USA"/>
<dc element="dc.source" value="Reuters"/>
</metadata>
</newsitem>
