<?xml version="1.0" encoding="iso-8859-1" ?>
<newsitem itemid="429735" id="root" date="1997-03-10" xml:lang="en">
<title>USA: GOLF-ELKINGTON WINS DORAL-RYDER OPEN BY TWO STROKES.</title>
<headline>GOLF-ELKINGTON WINS DORAL-RYDER OPEN BY TWO STROKES.</headline>
<dateline>MIAMI 1997-03-09</dateline>
<text>
<p>An eagle from the fairway on the par four third hole -- the second most difficult on the Blue Monster course -- set up Australian Steve Elkington for a two-stroke victory at the Doral-Ryder Open on Sunday.</p>
<p>The eagle brought Elkington to 13-under-par and set the tone for his final round 69 and 13-under 275 winning total.</p>
<p>&quot;After the six-iron went in on number three, I felt that this was going to be my day, I'm going to make it my day,&quot; Elkington recalled.</p>
<p>&quot;There was no reason to back off at that point,&quot; added Elkington after his seventh career win but first since the 1995 PGA Championship.</p>
<p>Nick Price of Zimbabwe shot an even-par 72 to finish tied for second place at 11-under 277, along with 49-year-old Larry Nelson, who shot 70. Overnight leader David Duval stumbled to a final-round 74 and finished fourth.</p>
<p>In addition to his eagle, Elkington also had two bogeys -- both caused by bunkers on the 13th and 14th holes -- and birdies on the first, ninth and 10th holes.</p>
<p>&quot;I was protecting from the 10th hole onwards. The holes are so hard coming in, it's not realistic to try to set up birdies,&quot; Elkington said of the notorious Blue Monster layout.</p>
<p>&quot;I was hitting my irons as well as anyone out there, and so if it was tough for me to get it close, I knew no one else was going to either,&quot; he said.</p>
<p>&quot;Greg Norman always says that the reason he plays so well here is that he knows where to hit the ball, and it's the same for me, I know how to play Doral,&quot; Elkington said.</p>
<p>Three-time Doral winner Norman, however, closed with consecutive 74s to finish seven strokes off the pace.</p>
<p>&quot;After shooting 66 on Friday, I told my caddy that I thought I could win this -- even though I haven't really played much at all this year, and don't feel that comfy -- because my putting was so solid,&quot; said Elkington, who earned $324,000 when his prediction came true.</p>
<p>Price birdied the first hole, bogeyed the sixth, and parred the rest of the course to just miss a third consecutive win after taking back-to-back titles in South Africa.</p>
<p>&quot;It was hard to get the ball close today. I kept hitting the ball 30 feet from the hole and I didn't make any,&quot; said Price, who has not won in North America since the 1994 Canadian Open.</p>
<p>&quot;I made only two long putts all day, and they were both to save par,&quot; Price said.</p>
<p>&quot;All in all it was a really good week for me, because I've never played that well on this golf course, so to shoot 11 under par is refreshing,&quot; he added.</p>
<p>The most consistent performance of the week came from Nelson, who is due to join the Senior Tour in September.</p>
<p>On a difficult course where 92 double bogeys were recorded, and 10 scores even higher, Nelson suffered a tournament-low six bogeys over 72 holes.</p>
<p>&quot;I proved a lot to myself, whether I proved anything to anyone else doesn't matter,&quot; he said.</p>
</text>
<copyright>(c) Reuters Limited 1997</copyright>
<metadata>
<codes class="bip:countries:1.0">
  <code code="AUSTR">
    <editdetail attribution="Reuters BIP Coding Group" action="confirmed" date="1997-03-10"/>
  </code>
  <code code="USA">
    <editdetail attribution="Reuters BIP Coding Group" action="confirmed" date="1997-03-10"/>
  </code>
</codes>
<codes class="bip:topics:1.0">
  <code code="GCAT">
    <editdetail attribution="Reuters BIP Coding Group" action="confirmed" date="1997-03-10"/>
  </code>
  <code code="GSPO">
    <editdetail attribution="Reuters BIP Coding Group" action="confirmed" date="1997-03-10"/>
  </code>
</codes>
<dc element="dc.date.created" value="1997-03-09"/>
<dc element="dc.publisher" value="Reuters Holdings Plc"/>
<dc element="dc.date.published" value="1997-03-10"/>
<dc element="dc.source" value="Reuters"/>
<dc element="dc.creator.location" value="MIAMI"/>
<dc element="dc.creator.location.country.name" value="USA"/>
<dc element="dc.source" value="Reuters"/>
</metadata>
</newsitem>
