<?xml version="1.0" encoding="iso-8859-1" ?>
<newsitem itemid="429725" id="root" date="1997-03-10" xml:lang="en">
<title>TURKEY: SOCCER-TURKEY CHAMPIONSHIP RESULTS/STANDINGS.</title>
<headline>SOCCER-TURKEY CHAMPIONSHIP RESULTS/STANDINGS.</headline>
<dateline>ANKARA 1997-03-10</dateline>
<text>
<p>Results in the Turkish first</p>
<p>division soccer championship at the weekend:</p>
<p> Sariyer	    1		 Antalyaspor    1</p>
<p> Denizlispor	2		 Galatasaray    3</p>
<p> Fenerbahce	 1		 Ankaragucu     1</p>
<p> Genclerbirligi   0		 Besiktas	 3</p>
<p> Samsunspor	 0		 Altay	    0</p>
<p> Istanbulspor     3		 Gaziantepspor  0</p>
<p> Trabzonspor	4		 Vanspor	  0</p>
<p> Kocaelispor	0		 Bursaspor	0</p>
<p> Dardanelspor     4		 Zeytinburnu    0</p>
<p> Standings:	  P     W	 D     L     F     A     Pts</p>
<p> 1.Galatasaray     25    17	6     2    64    22     57</p>
<p> 2.Besiktas	  25    16	7     2    62    14     55</p>
<p> 3.Fenerbahce	25    16	6     3    51    16     54</p>
<p> 4.Trabzonspor     25    16	4     5    50    25     52</p>
<p> 5.Bursaspor	 25    12	6     7    35    25     42</p>
<p> 6.Gaziantepspor   25    11	7     7    27    26     40</p>
<p> 7.Kocaelispor     25    10	8     7    28    22     38</p>
<p> 8.Istanbulspor    25    10	6     9    34    29     36</p>
<p> 9.Sariyer	   25     9	5     11   35    39     32</p>
<p> 10.Genclerbirligi 25     9	5     11   28    33     32</p>
<p> 11.Samsunspor     25     8	8     9    30    36     32</p>
<p> 12.Antalyaspor    25     8	5     12   27    38     29</p>
<p> 13.Altay	    25     7	8     10   23    41     29</p>
<p> 14.Ankaragucu     25     6	7     12   26    38     25</p>
<p> 15.Dardanelspor   25     6	6     13   24    45     24</p>
<p> 16.Vanspor	  25     4	6     15   18    41     18</p>
<p> 17.Denizlispor    25     4	3     18   27    55     15</p>
<p> 18.Zeytinburnu    25     2	5     18   20    64     11</p>
</text>
<copyright>(c) Reuters Limited 1997</copyright>
<metadata>
<codes class="bip:countries:1.0">
  <code code="TURK">
    <editdetail attribution="Reuters BIP Coding Group" action="confirmed" date="1997-03-10"/>
  </code>
</codes>
<codes class="bip:topics:1.0">
  <code code="GCAT">
    <editdetail attribution="Reuters BIP Coding Group" action="confirmed" date="1997-03-10"/>
  </code>
  <code code="GSPO">
    <editdetail attribution="Reuters BIP Coding Group" action="confirmed" date="1997-03-10"/>
  </code>
</codes>
<dc element="dc.date.created" value="1997-03-10"/>
<dc element="dc.publisher" value="Reuters Holdings Plc"/>
<dc element="dc.date.published" value="1997-03-10"/>
<dc element="dc.source" value="Reuters"/>
<dc element="dc.creator.location" value="ANKARA"/>
<dc element="dc.creator.location.country.name" value="TURKEY"/>
<dc element="dc.source" value="Reuters"/>
</metadata>
</newsitem>
