<?xml version="1.0" encoding="iso-8859-1" ?>
<newsitem itemid="429797" id="root" date="1997-03-10" xml:lang="en">
<title>POLAND: FORECAST-POLISH 52-WK,13-WK T-BILL YIELD SEEN DOWN.</title>
<headline>FORECAST-POLISH 52-WK,13-WK T-BILL YIELD SEEN DOWN.</headline>
<dateline>WARSAW 1997-03-10</dateline>
<text>
<p>Banks expect the average yield on Poland's benchmark 52-week T-bill to fall to 18.08 percent at the end of 1997 against 21.11 percent at the last primary sale, a Reuters poll of the country's 26 largest banks showed.</p>
<p>Last month, banks saw the benchmark yield falling to 17.76 percent by year-end.</p>
<p>The end-1997 forecasts ranged from 17.00 to 20.20 percent.</p>
<p>Banks expected the 52-week average yield to ease to 17.73 percent in March 1998 with a range of forecasts of 15.75 to 19.70 percent.</p>
<p>They expected the yield to rise to 21.19 percent on average at the end of the month with a forecast range from 20.60 to 21.70 percent.</p>
<p>The average yield on the 13-week T-bill was also seen falling to 17.74 percent by year-end from 20.82 percent at the last primary auction, the poll showed.</p>
<p>Last month banks expected a yield fall to 17.34 percent.</p>
<p>The 13-week T-bill yield forecast is a mean average of banks' predictions ranging from 16.50 percent to 19.25 percent.</p>
<p>The yield was seen falling to 17.34 percent in March 1998 with a forecast range between 15.50 and 18.80 percent.</p>
<p>Banks expected it to rise to 20.88 percent this month with a range from 20.20 to 21.60 percent.</p>
<p>-- Warsaw Newsroom +48 22 653 9700</p>
</text>
<copyright>(c) Reuters Limited 1997</copyright>
<metadata>
<codes class="bip:countries:1.0">
  <code code="POL">
    <editdetail attribution="Reuters BIP Coding Group" action="confirmed" date="1997-03-10"/>
  </code>
</codes>
<codes class="bip:topics:1.0">
  <code code="M13">
    <editdetail attribution="Reuters BIP Coding Group" action="confirmed" date="1997-03-10"/>
  </code>
  <code code="M131">
    <editdetail attribution="Reuters BIP Coding Group" action="confirmed" date="1997-03-10"/>
  </code>
  <code code="MCAT">
    <editdetail attribution="Reuters BIP Coding Group" action="confirmed" date="1997-03-10"/>
  </code>
</codes>
<dc element="dc.date.created" value="1997-03-10"/>
<dc element="dc.publisher" value="Reuters Holdings Plc"/>
<dc element="dc.date.published" value="1997-03-10"/>
<dc element="dc.source" value="Reuters"/>
<dc element="dc.creator.location" value="WARSAW"/>
<dc element="dc.creator.location.country.name" value="POLAND"/>
<dc element="dc.source" value="Reuters"/>
</metadata>
</newsitem>
