<?xml version="1.0" encoding="iso-8859-1" ?>
<newsitem itemid="429702" id="root" date="1997-03-10" xml:lang="en">
<title>JAMAICA: CRICKET-FIRST TEST HEADS FOR DRAW AFTER RAIN.</title>
<headline>CRICKET-FIRST TEST HEADS FOR DRAW AFTER RAIN.</headline>
<dateline>KINGSTON, Jamaica 1997-03-10</dateline>
<text>
<p>The first test between West Indies and India was heading for a draw after a rain-delayed start on the fifth and final day on Monday.</p>
<p>There was no play before tea and when the game did get under way, West Indies declared 322 ahead and left India to survive a minimum of 38 overs.</p>
<p>India reached 29 for one with 23 overs left, losing opener Navjot Sidhu when he was caught by Roland Holder at short leg off Courtney Walsh for nought.</p>
<p>Walsh had declared West Indies second innings at the overnight 241 for four.</p>
</text>
<copyright>(c) Reuters Limited 1997</copyright>
<metadata>
<codes class="bip:countries:1.0">
  <code code="INDIA">
    <editdetail attribution="Reuters BIP Coding Group" action="confirmed" date="1997-03-10"/>
  </code>
  <code code="JAMA">
    <editdetail attribution="Reuters BIP Coding Group" action="confirmed" date="1997-03-10"/>
  </code>
  <code code="WEIND">
    <editdetail attribution="Reuters BIP Coding Group" action="confirmed" date="1997-03-10"/>
  </code>
</codes>
<codes class="bip:topics:1.0">
  <code code="GCAT">
    <editdetail attribution="Reuters BIP Coding Group" action="confirmed" date="1997-03-10"/>
  </code>
  <code code="GSPO">
    <editdetail attribution="Reuters BIP Coding Group" action="confirmed" date="1997-03-10"/>
  </code>
</codes>
<dc element="dc.date.created" value="1997-03-10"/>
<dc element="dc.publisher" value="Reuters Holdings Plc"/>
<dc element="dc.date.published" value="1997-03-10"/>
<dc element="dc.source" value="Reuters"/>
<dc element="dc.creator.location" value="KINGSTON, Jamaica"/>
<dc element="dc.creator.location.country.name" value="JAMAICA"/>
<dc element="dc.source" value="Reuters"/>
</metadata>
</newsitem>
