<?xml version="1.0" encoding="iso-8859-1" ?>
<newsitem itemid="429788" id="root" date="1997-03-10" xml:lang="en">
<title>ROMANIA: ROMANIA LEU EASING DOWN VS DLR, MARKET IDLE.</title>
<headline>ROMANIA LEU EASING DOWN VS DLR, MARKET IDLE.</headline>
<dateline>BUCHAREST 1997-03-10</dateline>
<text>
<p>Romania's leu closed marginally weaker at about 7,000/200 to the dollar on Monday against some 6,800/7,300 at opening with interbank trading subdued, dealers said.</p>
<p>&quot;There were few deals with leu heading gently for new lows,&quot; said one trader with a foreign bank.</p>
<p>&quot;Trading with clients is also thin as most exporters are sitting on their dollars,&quot; said another trader.</p>
<p>Banks' quotes weakened slightly but continued to show a wide range of leu-dollar prices between 6,200/00 to 7,400/8,400 against 6,000/100 to 7,400/8,400 in early trading.</p>
<p>Dealers said the money market remained liquid with short- term prices hovering near 215/230 percent.</p>
<p>The BNR has yet to announce a new method of computing the leu's reference exchange rate, which has been frozen at 7,744 lei to the dollar, since February 21.</p>
<p>Last month, the BNR gave up computing the reference rate after allowing 24 banks to act as market makers along with four previously existing dealers.</p>
<p>Leu-dollar retail prices slipped towards 7,000/7,500 compared with around 6,500/7,200 in the morning.</p>
<p>-- Mirela Eremia, Bucharest Newsroom 40-1 3120264</p>
</text>
<copyright>(c) Reuters Limited 1997</copyright>
<metadata>
<codes class="bip:countries:1.0">
  <code code="ROM">
    <editdetail attribution="Reuters BIP Coding Group" action="confirmed" date="1997-03-10"/>
  </code>
</codes>
<codes class="bip:topics:1.0">
  <code code="M13">
    <editdetail attribution="Reuters BIP Coding Group" action="confirmed" date="1997-03-10"/>
  </code>
  <code code="M132">
    <editdetail attribution="Reuters BIP Coding Group" action="confirmed" date="1997-03-10"/>
  </code>
  <code code="MCAT">
    <editdetail attribution="Reuters BIP Coding Group" action="confirmed" date="1997-03-10"/>
  </code>
</codes>
<dc element="dc.date.created" value="1997-03-10"/>
<dc element="dc.publisher" value="Reuters Holdings Plc"/>
<dc element="dc.date.published" value="1997-03-10"/>
<dc element="dc.source" value="Reuters"/>
<dc element="dc.creator.location" value="BUCHAREST"/>
<dc element="dc.creator.location.country.name" value="ROMANIA"/>
<dc element="dc.source" value="Reuters"/>
</metadata>
</newsitem>
