<?xml version="1.0" encoding="iso-8859-1" ?>
<newsitem itemid="429747" id="root" date="1997-03-10" xml:lang="en">
<title>FRANCE: CYCLING-THREE RIDERS FAIL BLOOD TESTS FOR DOPING. [CORRECTED 16:00 GMT]</title>
<headline>CYCLING-THREE RIDERS FAIL BLOOD TESTS FOR DOPING. [CORRECTED 16:00 GMT]</headline>
<dateline>PARIS 1997-03-10</dateline>
<text>
<p>Three riders were thrown out of the Paris-Nice race on Monday after failing blood tests, the cycling's security and ethics commission said.</p>
<p>It said Frenchman Erwan Mentheour and Italians Mauro Santaromita (corrects spelling from &quot;Santaronita&quot;) and Luca Colombo were not allowed to start Monday's second stage and had their licences suspended for 15 days.  </p>
<p>The three riders will not get back their licences  until they have undergone another blood test at a laboratory in Lausanne accredited by the International Cycling Union (UCI).</p>
<p>Marc Madiot, sporting director of Mentheour's team La Francaise des Jeux, said: &quot;All my team were tested before the race, they were all negative and therefore authorised to start the race (on Sunday).&quot;</p>
<p>The UCI said in January it was introducing blood tests before races to try to protect the health of riders and curb doping in the sport.</p>
</text>
<copyright>(c) Reuters Limited 1997</copyright>
<metadata>
<codes class="bip:countries:1.0">
  <code code="FRA">
    <editdetail attribution="Reuters BIP Coding Group" action="confirmed" date="1997-03-10"/>
  </code>
  <code code="ITALY">
    <editdetail attribution="Reuters BIP Coding Group" action="confirmed" date="1997-03-10"/>
  </code>
</codes>
<codes class="bip:topics:1.0">
  <code code="GCAT">
    <editdetail attribution="Reuters BIP Coding Group" action="confirmed" date="1997-03-10"/>
  </code>
  <code code="GSPO">
    <editdetail attribution="Reuters BIP Coding Group" action="confirmed" date="1997-03-10"/>
  </code>
</codes>
<dc element="dc.date.created" value="1997-03-10"/>
<dc element="dc.publisher" value="Reuters Holdings Plc"/>
<dc element="dc.date.published" value="1997-03-10"/>
<dc element="dc.source" value="Reuters"/>
<dc element="dc.creator.location" value="PARIS"/>
<dc element="dc.creator.location.country.name" value="FRANCE"/>
<dc element="dc.source" value="Reuters"/>
</metadata>
</newsitem>
