<?xml version="1.0" encoding="iso-8859-1" ?>
<newsitem itemid="429789" id="root" date="1997-03-10" xml:lang="en">
<title>CZECH REPUBLIC: PRAGUE BOURSE SAYS TO BEGIN DERIVATIVES TRADE.</title>
<headline>PRAGUE BOURSE SAYS TO BEGIN DERIVATIVES TRADE.</headline>
<dateline>PRAGUE 1997-03-10</dateline>
<text>
<p>The Prague Stock Exchange said on Monday that the Finance Ministry had awarded it a licence to trade derivatives and that the trading would begin in the second half of 1997.</p>
<p>The bourse said in a statement the first instruments to be traded would be options on selected shares and index futures. It would later begin to trade interest rate futures, it said.</p>
<p>The bourse said the trade, the first of its kind in the Czech Republic, would complement the other services available through the exchange.</p>
<p>The Prague Stock Exchange's main PX50 index closed 0.8 points, or 0.14 percent, higher at 584.5 on Monday.</p>
<p>Earlier on Monday, the Austrian futures and options exchange said it would start offering derivatives on East European stock indices from March 20.</p>
<p>It said it would begin with futures and options on the Czech Traded Index, Hungarian Traded Index and the Polish Traded Index and its Central Euroepan Clearing House and Exchange (CECE) index, which includes Slovak shares.</p>
<p>Polish analysts said the move could lure fresh capital to Warsaw as it give would investors a chance to hedge their Polish investments.</p>
<p>-- Prague newsroom, +420 2 2423 0003</p>
</text>
<copyright>(c) Reuters Limited 1997</copyright>
<metadata>
<codes class="bip:countries:1.0">
  <code code="CZREP">
    <editdetail attribution="Reuters BIP Coding Group" action="confirmed" date="1997-03-10"/>
  </code>
</codes>
<codes class="bip:topics:1.0">
  <code code="M11">
    <editdetail attribution="Reuters BIP Coding Group" action="confirmed" date="1997-03-10"/>
  </code>
  <code code="MCAT">
    <editdetail attribution="Reuters BIP Coding Group" action="confirmed" date="1997-03-10"/>
  </code>
</codes>
<dc element="dc.date.created" value="1997-03-10"/>
<dc element="dc.publisher" value="Reuters Holdings Plc"/>
<dc element="dc.date.published" value="1997-03-10"/>
<dc element="dc.source" value="Reuters"/>
<dc element="dc.creator.location" value="PRAGUE"/>
<dc element="dc.creator.location.country.name" value="CZECH REPUBLIC"/>
<dc element="dc.source" value="Reuters"/>
</metadata>
</newsitem>
