<?xml version="1.0" encoding="iso-8859-1" ?>
<newsitem itemid="429718" id="root" date="1997-03-10" xml:lang="en">
<title>NEW ZEALAND: CRICKET-KALUWITHARANA FIGHTS REARGUARD ACTION.</title>
<headline>CRICKET-KALUWITHARANA FIGHTS REARGUARD ACTION.</headline>
<dateline>DUNEDIN, New Zealand 1997-03-10</dateline>
<text>
<p>Sri Lankan wicketkeeper Romesh Kaluwitharana defied the New Zealand attack with a fighting unbeaten half century on Monday as the tourists tried to stave off an innings defeat in the first cricket test.</p>
<p>Kaluwitharana belted his way to an unbeaten 70 off as many deliveries as the tourists went to the tea interval on 220 for six in their second innings, still needing another 144 runs to make New Zealand bat again.</p>
<p>He and Chaminda Vaas had put on an entertaining unbroken stand of 87 for the seventh wicket after Sri Lanka looked likely to collapse when slumping to 133 for six after lunch.</p>
<p>Dropped on two when he offered a return catch to fast-medium bowler Simon Doull, Kaluwitharana treated the bowlers with disdain, raising his fourth test half-century off just 46 balls as he scored six fours and one six.</p>
<p>He deposited offspinner Dipak Patel over the long-on fence to bring up both his own 50 and also the 50-run partnership with Vaas, who was on 28 at the break.</p>
<p>Sri Lanka, who were dismissed for 222 in their first innings when responding to the home side's massive 586 for seven declared, resumed on 37 without loss.</p>
<p>But they lost four wickets in the morning session before skipper Arjuna Ranatunga and Hashan Tillekaratne joined their colleagues back in the pavilion during the second session.</p>
<p>Ranatunga, who was on four when the tourists went to lunch on 102 for four, progressed to 13 before he departed after a stupendous catch by Matt Horne at mid wicket.</p>
<p>Ranatunga tried to smack left-arm spinner Daniel Vettori over Horne but the Otago player showed great athleticism to leap high and snare the ball in his right hand.</p>
<p>Tillekaratne was out 18 runs later as Sri Lanka slumped to 133 for six when he fell victim to a brilliant piece of fielding by 12th man Chris Harris.</p>
<p>Tillekaratne, on eight, dabbed the ball into the on side, and set off for a sharp single. Realising too late that a run was not on, he tried to return to his crease but slipped and was out of the frame when Harris threw down the stumps.</p>
</text>
<copyright>(c) Reuters Limited 1997</copyright>
<metadata>
<codes class="bip:countries:1.0">
  <code code="NZ">
    <editdetail attribution="Reuters BIP Coding Group" action="confirmed" date="1997-03-10"/>
  </code>
  <code code="SRILAN">
    <editdetail attribution="Reuters BIP Coding Group" action="confirmed" date="1997-03-10"/>
  </code>
</codes>
<codes class="bip:topics:1.0">
  <code code="GCAT">
    <editdetail attribution="Reuters BIP Coding Group" action="confirmed" date="1997-03-10"/>
  </code>
  <code code="GSPO">
    <editdetail attribution="Reuters BIP Coding Group" action="confirmed" date="1997-03-10"/>
  </code>
</codes>
<dc element="dc.date.created" value="1997-03-10"/>
<dc element="dc.publisher" value="Reuters Holdings Plc"/>
<dc element="dc.date.published" value="1997-03-10"/>
<dc element="dc.source" value="Reuters"/>
<dc element="dc.creator.location" value="DUNEDIN, New Zealand"/>
<dc element="dc.creator.location.country.name" value="NEW ZEALAND"/>
<dc element="dc.source" value="Reuters"/>
</metadata>
</newsitem>
