<?xml version="1.0" encoding="iso-8859-1" ?>
<newsitem itemid="429708" id="root" date="1997-03-10" xml:lang="en">
<title>JAMAICA: CRICKET-WEST INDIES V INDIA SCOREBOARD.</title>
<headline>CRICKET-WEST INDIES V INDIA SCOREBOARD.</headline>
<dateline>KINGSTON, Jamaica 1997-03-09</dateline>
<text>
<p>Scoreboard at the</p>
<p>close on the fourth day of the first test between West Indies</p>
<p>and India at Sabina Park on Sunday.</p>
<p>West Indies - First Innings 427 all out</p>
<p>India - First Innings</p>
<p>(Overnight: 308 for 7)</p>
<p> V.V.Laxman b Rose			    64</p>
<p> N.Sidhu lbw Bishop			   10</p>
<p> R.Dravid c Murray b Rose		   43</p>
<p> S.Tendulkar b Rose			    7</p>
<p> S.Ganguly c Lara b Rose		    42</p>
<p> M.Azharuddin c Lara b Rose		  5</p>
<p> N.Mongia c Holder b Walsh		  78</p>
<p> A.Kumble b Bishop			     7</p>
<p> S.Joshi b Bishop			     43</p>
<p> A.Kuruvilla b Rose			    0</p>
<p> V.Prasad not out			     10</p>
<p> Extras (b5, lb9, nb23)		     37</p>
<p> Total					   346</p>
<p>Fall of wickets: 1-32, 2-127, 3-140, 4-145, 5-153, 6-234,</p>
<p>7- 248, 8-315, 9-320.</p>
<p>Bowling: Ambrose 24-9-35-0, Bishop 24.5-4-62-3, Rose</p>
<p>33-7-100-6, Walsh 32-6-73-1, Hooper 21-9-40-0, Chanderpaul</p>
<p>11-4-22-0.</p>
<p>West Indies - Second Innings</p>
<p> S.Campbell b Kumble			  43</p>
<p> S.Williams b Kumble			  26</p>
<p> S.Chanderpaul c Tendulkar b Kuruvilla  48</p>
<p> B.Lara c Mongia b Kumble		   78</p>
<p> C.Hooper not out			     12</p>
<p> R.Holder not out			     21</p>
<p> Extras (b4, lb9)			     13</p>
<p> Total (for 4 wickets)		     241</p>
<p>Fall of wickets: 1-68, 2-81, 3-203, 4-203.</p>
<p>Bowling: Prasad 15-2-46-0, Kuruvilla 17-2-61-1, Kumble</p>
<p>23-6- 76-3, Joshi 6-1-27-0, Laxman 3-0-9-0, Tendulkar 2-0-9-0.</p>
</text>
<copyright>(c) Reuters Limited 1997</copyright>
<metadata>
<codes class="bip:countries:1.0">
  <code code="INDIA">
    <editdetail attribution="Reuters BIP Coding Group" action="confirmed" date="1997-03-10"/>
  </code>
  <code code="JAMA">
    <editdetail attribution="Reuters BIP Coding Group" action="confirmed" date="1997-03-10"/>
  </code>
  <code code="WEIND">
    <editdetail attribution="Reuters BIP Coding Group" action="confirmed" date="1997-03-10"/>
  </code>
</codes>
<codes class="bip:topics:1.0">
  <code code="GCAT">
    <editdetail attribution="Reuters BIP Coding Group" action="confirmed" date="1997-03-10"/>
  </code>
  <code code="GSPO">
    <editdetail attribution="Reuters BIP Coding Group" action="confirmed" date="1997-03-10"/>
  </code>
</codes>
<dc element="dc.date.created" value="1997-03-09"/>
<dc element="dc.publisher" value="Reuters Holdings Plc"/>
<dc element="dc.date.published" value="1997-03-10"/>
<dc element="dc.source" value="Reuters"/>
<dc element="dc.creator.location" value="KINGSTON, Jamaica"/>
<dc element="dc.creator.location.country.name" value="JAMAICA"/>
<dc element="dc.source" value="Reuters"/>
</metadata>
</newsitem>
