<?xml version="1.0" encoding="iso-8859-1" ?>
<newsitem itemid="429733" id="root" date="1997-03-10" xml:lang="en">
<title>USA: NBA-SUNDAY'S RESULTS.</title>
<headline>NBA-SUNDAY'S RESULTS.</headline>
<dateline>NEW YORK 1997-03-09</dateline>
<text>
<p>Results of National Basketball</p>
<p>Association games on Sunday (home team in CAPS):</p>
<p> NEW YORK	    97   Chicago	    93</p>
<p> Atlanta	   114    BOSTON	     90</p>
<p> CHARLOTTE	  82    Miami		76</p>
<p> TORONTO	    81    Vancouver	  77</p>
<p> Houston	    88    DALLAS	     83</p>
<p> PHOENIX	   121    Orlando	    85</p>
<p> PORTLAND	  103    Seattle	    93</p>
<p> Philadelphia     99    WASHINGTON	 93</p>
<p> Utah		115    MINNESOTA	 106</p>
<p>Late games: New Jersey at LA Lakers; Sacramento at Golden</p>
<p>State</p>
</text>
<copyright>(c) Reuters Limited 1997</copyright>
<metadata>
<codes class="bip:countries:1.0">
  <code code="CANA">
    <editdetail attribution="Reuters BIP Coding Group" action="confirmed" date="1997-03-10"/>
  </code>
  <code code="USA">
    <editdetail attribution="Reuters BIP Coding Group" action="confirmed" date="1997-03-10"/>
  </code>
</codes>
<codes class="bip:topics:1.0">
  <code code="GCAT">
    <editdetail attribution="Reuters BIP Coding Group" action="confirmed" date="1997-03-10"/>
  </code>
  <code code="GSPO">
    <editdetail attribution="Reuters BIP Coding Group" action="confirmed" date="1997-03-10"/>
  </code>
</codes>
<dc element="dc.date.created" value="1997-03-09"/>
<dc element="dc.publisher" value="Reuters Holdings Plc"/>
<dc element="dc.date.published" value="1997-03-10"/>
<dc element="dc.source" value="Reuters"/>
<dc element="dc.creator.location" value="NEW YORK"/>
<dc element="dc.creator.location.country.name" value="USA"/>
<dc element="dc.source" value="Reuters"/>
</metadata>
</newsitem>
