<?xml version="1.0" encoding="iso-8859-1" ?>
<newsitem itemid="429745" id="root" date="1997-03-10" xml:lang="en">
<title>FRANCE: SOCCER-CLERMONT AND CRETEIL DREAM ON AFTER CUP DRAW.</title>
<headline>SOCCER-CLERMONT AND CRETEIL DREAM ON AFTER CUP DRAW.</headline>
<dateline>PARIS 1997-03-10</dateline>
<text>
<p>Fourth division Clermont and third division Creteil will be looking to beat top flight sides for the second time in a row as they seek to emulate 1996 French Cup finalists Nimes.</p>
<p>The draw made on Sunday night pitted Clermont, who upset Paris St Germain on penalties after coming from 4-1 down to draw 4-4 in their third round tie, against relegation-threatened Nice in the quarter-finals.</p>
<p>Creteil, who humbled League Cup finalists Strasbourg 1-0, meet Guingamp.</p>
<p>Third division Nimes reached the final last season, going down to Auxerre but earning themselves a place in the European Cup Winners' Cup.</p>
<p>Laval and Troyes, the second division sides who eliminated first division leaders Monaco in the first round and league champions Auxerre in the third round respectively, meet each other in the quarter-finals, scheduled for March 29.</p>
<p>The only all first division clash pits Bordeaux against Montpellier in a repeat of their League Cup semifinal which Bordeaux won.</p>
<p>Quarter-final draw (league division in parenthesis):</p>
<p>Clermont (IV) v Nice (I)</p>
<p>Laval (II) v Troyes (II)</p>
<p>Creteil (III) v Guingamp (I)</p>
<p>Bordeaux (I) v Montpellier (I)</p>
</text>
<copyright>(c) Reuters Limited 1997</copyright>
<metadata>
<codes class="bip:countries:1.0">
  <code code="FRA">
    <editdetail attribution="Reuters BIP Coding Group" action="confirmed" date="1997-03-10"/>
  </code>
</codes>
<codes class="bip:topics:1.0">
  <code code="GCAT">
    <editdetail attribution="Reuters BIP Coding Group" action="confirmed" date="1997-03-10"/>
  </code>
  <code code="GSPO">
    <editdetail attribution="Reuters BIP Coding Group" action="confirmed" date="1997-03-10"/>
  </code>
</codes>
<dc element="dc.date.created" value="1997-03-10"/>
<dc element="dc.publisher" value="Reuters Holdings Plc"/>
<dc element="dc.date.published" value="1997-03-10"/>
<dc element="dc.source" value="Reuters"/>
<dc element="dc.creator.location" value="PARIS"/>
<dc element="dc.creator.location.country.name" value="FRANCE"/>
<dc element="dc.source" value="Reuters"/>
</metadata>
</newsitem>
