<?xml version="1.0" encoding="iso-8859-1" ?>
<newsitem itemid="429783" id="root" date="1997-03-10" xml:lang="en">
<title>CZECH REPUBLIC: CZECH CNB-120 INDEX RISES 2.9 POINTS TO 855.3 PTS.</title>
<headline>CZECH CNB-120 INDEX RISES 2.9 POINTS TO 855.3 PTS.</headline>
<dateline>PRAGUE 1997-03-10</dateline>
<text>
<p>The CNB-120 index, a broad daily measure of Czech equities, rose 2.9 points on Monday to 855.3, the Czech National Bank (CNB) said.</p>
<p>Five of the ten sectoral indices rose, with the food index rising the most, up 5.2 points, or 0.43 percent, to 1,209.6 points.</p>
<p>Five indices lost, with the construction index losing the most, down 15 points, or 1.59 percent, to 928.6.</p>
<p>-- Prague Newsroom, 420-2-2423-0003</p>
</text>
<copyright>(c) Reuters Limited 1997</copyright>
<metadata>
<codes class="bip:countries:1.0">
  <code code="CZREP">
    <editdetail attribution="Reuters BIP Coding Group" action="confirmed" date="1997-03-10"/>
  </code>
</codes>
<codes class="bip:topics:1.0">
  <code code="M11">
    <editdetail attribution="Reuters BIP Coding Group" action="confirmed" date="1997-03-10"/>
  </code>
  <code code="MCAT">
    <editdetail attribution="Reuters BIP Coding Group" action="confirmed" date="1997-03-10"/>
  </code>
</codes>
<dc element="dc.date.created" value="1997-03-10"/>
<dc element="dc.publisher" value="Reuters Holdings Plc"/>
<dc element="dc.date.published" value="1997-03-10"/>
<dc element="dc.source" value="Reuters"/>
<dc element="dc.creator.location" value="PRAGUE"/>
<dc element="dc.creator.location.country.name" value="CZECH REPUBLIC"/>
<dc element="dc.source" value="Reuters"/>
</metadata>
</newsitem>
