<?xml version="1.0" encoding="iso-8859-1" ?>
<newsitem itemid="429776" id="root" date="1997-03-10" xml:lang="en">
<title>POLAND: RATS INVADE SOUTH-EASTERN POLISH CITY.</title>
<headline>RATS INVADE SOUTH-EASTERN POLISH CITY.</headline>
<dateline>WARSAW 1997-03-10</dateline>
<text>
<p>A rat invasion has created a potentially serious health hazard in the south-eastern Polish city of Przemysl, a health official said on Monday.</p>
<p>The problem has affected both the city itself as well as surrounding communities, PAP news agency reported local health inspector Andrzej Borowski as saying.</p>
<p>Borowski said he had called for a major rat-extermination campaign to prevent the spread of such contagious diseases as rabies, trichinosis and salmonella.</p>
<p>An inefficent sewer system as well as neglected courtyard cellars and rubbish-heaps particularly in the city's old town quarter provide ideal breeding conditions for the rodents, the report said.</p>
<p>--Warsaw Newsroom +48 22 653 9700</p>
</text>
<copyright>(c) Reuters Limited 1997</copyright>
<metadata>
<codes class="bip:countries:1.0">
  <code code="POL">
    <editdetail attribution="Reuters BIP Coding Group" action="confirmed" date="1997-03-10"/>
  </code>
</codes>
<codes class="bip:topics:1.0">
  <code code="GCAT">
    <editdetail attribution="Reuters BIP Coding Group" action="confirmed" date="1997-03-10"/>
  </code>
  <code code="GDIS">
    <editdetail attribution="Reuters BIP Coding Group" action="confirmed" date="1997-03-10"/>
  </code>
  <code code="GHEA">
    <editdetail attribution="Reuters BIP Coding Group" action="confirmed" date="1997-03-10"/>
  </code>
</codes>
<dc element="dc.date.created" value="1997-03-10"/>
<dc element="dc.publisher" value="Reuters Holdings Plc"/>
<dc element="dc.date.published" value="1997-03-10"/>
<dc element="dc.source" value="Reuters"/>
<dc element="dc.creator.location" value="WARSAW"/>
<dc element="dc.creator.location.country.name" value="POLAND"/>
<dc element="dc.source" value="Reuters"/>
</metadata>
</newsitem>
