<?xml version="1.0" encoding="iso-8859-1" ?>
<newsitem itemid="429706" id="root" date="1997-03-10" xml:lang="en">
<title>ARGENTINA: SOCCER-ARGENTINE CHAMPIONSHIP RESULTS/STANDINGS.</title>
<headline>SOCCER-ARGENTINE CHAMPIONSHIP RESULTS/STANDINGS.</headline>
<dateline>BUENOS AIRES 1997-03-09</dateline>
<text>
<p>Results of weekend</p>
<p>matches in the Argentine Clausura championship.</p>
<p> San Lorenzo	  4     Boca Juniors	   0</p>
<p> River Plate	  3     Huracan		  0</p>
<p> Ferro Carril Oeste 0     Banfield		 1</p>
<p> Estudiantes	  3     Gimnasia-Jujuy	 2</p>
<p> Huracan-Corrientes 2     Deportivo Espanol    2</p>
<p> Newell's Old Boys  2     Union		    1</p>
<p> Racing Club	  1     Independiente	  2</p>
<p> Velez Sarsfield    1     Gimnasia-La Plata    0</p>
<p>Standings (tabulate under played, won, drawn, lost, goals</p>
<p>for, goals against, points)</p>
<p> River Plate		   4  4  0  0 11  0 12</p>
<p> San Lorenzo		   4  3  1  0 13  4 10</p>
<p> Colon			   4  2  2  0  6  3  8</p>
<p> Rosario Central	     4  2  1  1  7  3  7</p>
<p> Velez Sarsfield	     4  2  1  1  5  3  7</p>
<p> Newell's Old Boys	   4  2  1  1  5  4  7</p>
<p> Racing Club		   4  2  0  2  5  8  6</p>
<p> Platense			3  1  2  0  5  4  5</p>
<p> Deportivo Espanol	   4  1  2  1  7  7  5</p>
<p> Banfield			4  1  2  1  3  4  5</p>
<p> Huracan Corrientes	  4  0  4  0  4  4  4</p>
<p> Gimnasia-La Plata	   4  1  1  2  1  3  4</p>
<p> Gimnasia-La Plata	   4  1  1  2  1  3  4</p>
<p> Independiente		 4  1  1  2  5  8  4</p>
<p> Boca Juniors		  4  1  1  2  3  7  4</p>
<p> Union			   4  1  1  2  3  7  4</p>
<p> Estudiantes		   4  1  0  3  5  7  3</p>
<p> Lanus			   3  0  2  1  2  3  2</p>
<p> Gimnasia-Jujuy		4  0  2  2  5  7  2</p>
<p> Ferro Carril Oeste	  4  0  2  2  3  5  2</p>
<p> Huracan			 4  0  2  2  2  9  2</p>
<p>Note: the Clausura is the second of two championships</p>
<p>played in the Argentine season. The teams meet each other once</p>
<p>in each and there is no overall champion.</p>
</text>
<copyright>(c) Reuters Limited 1997</copyright>
<metadata>
<codes class="bip:countries:1.0">
  <code code="ARG">
    <editdetail attribution="Reuters BIP Coding Group" action="confirmed" date="1997-03-10"/>
  </code>
</codes>
<codes class="bip:topics:1.0">
  <code code="GCAT">
    <editdetail attribution="Reuters BIP Coding Group" action="confirmed" date="1997-03-10"/>
  </code>
  <code code="GSPO">
    <editdetail attribution="Reuters BIP Coding Group" action="confirmed" date="1997-03-10"/>
  </code>
</codes>
<dc element="dc.date.created" value="1997-03-09"/>
<dc element="dc.publisher" value="Reuters Holdings Plc"/>
<dc element="dc.date.published" value="1997-03-10"/>
<dc element="dc.source" value="Reuters"/>
<dc element="dc.creator.location" value="BUENOS AIRES"/>
<dc element="dc.creator.location.country.name" value="ARGENTINA"/>
<dc element="dc.source" value="Reuters"/>
</metadata>
</newsitem>
