<?xml version="1.0" encoding="iso-8859-1" ?>
<newsitem itemid="429759" id="root" date="1997-03-10" xml:lang="en">
<title>SOUTH AFRICA: S.AFRICANS DIVIDED ACROSS RACE ON STRIKES - SURVEY.</title>
<headline>S.AFRICANS DIVIDED ACROSS RACE ON STRIKES - SURVEY.</headline>
<dateline>JOHANNESBURG 1997-03-10</dateline>
<text>
<p>Most South African whites believe strikes take place too often and are managed too leniently, a survey by Market Research Africa showed on Monday.</p>
<p>They also think that the way the government handles labour issues is harming the economy. In contrast, a significant number of blacks surveyed said the opposite, the survey said.</p>
<p>&quot;The huge gap between black and white thinking is clearly an area of concern,&quot; Market Research Africa director Brian Culross said in a statement. </p>
<p>&quot;Whilst dramatic enough in itself, it emphasises the difficult task of the private sector and government to create labour policies which will satisfy workers and management without compromising productivity,&quot; Culross added.</p>
<p>The survey of 2,505 people excluding miners and live-in domestic workers on commission by Business Day from MRA in November last year.</p>
<p>On the frequency of strikes, 41 percent of those polled overall said workers behaved reasonably. But nine in 10 whites thought workers strike too often. </p>
<p>To a lesser extent, 55 percent of Indians and 48 percent of coloureds also thought the frequency of strikes unreasonable.</p>
<p>But nearly six in 10 blacks believed workers made judicious use of their right to strike, a view shared by only four percent of whites.</p>
<p>MRA said support for more strike activity was highest in Gauteng province at 10 percent, and the lowest at five percent in the job-starved Eastern Cape.</p>
<p>There was also divided opinion over the government's labour policies and actions. Overall 52 percent said its stance harmed the economy. Overwhelmingly this was the view among whites (85 percent) and an equal 52 percent among coloureds and Indians.</p>
<p>Blacks were divided with 37 percent saying the government's approach had a good effect on the economy, 37 percent believed it harmful, and 24 percent thought the economy unaffected.</p>
<p>-- Johannesburg newsroom +27 11 482-1003</p>
</text>
<copyright>(c) Reuters Limited 1997</copyright>
<metadata>
<codes class="bip:countries:1.0">
  <code code="SAFR">
    <editdetail attribution="Reuters BIP Coding Group" action="confirmed" date="1997-03-10"/>
  </code>
</codes>
<codes class="bip:topics:1.0">
  <code code="E41">
    <editdetail attribution="Reuters BIP Coding Group" action="confirmed" date="1997-03-10"/>
  </code>
  <code code="ECAT">
    <editdetail attribution="Reuters BIP Coding Group" action="confirmed" date="1997-03-10"/>
  </code>
  <code code="GCAT">
    <editdetail attribution="Reuters BIP Coding Group" action="confirmed" date="1997-03-10"/>
  </code>
  <code code="GJOB">
    <editdetail attribution="Reuters BIP Coding Group" action="confirmed" date="1997-03-10"/>
  </code>
</codes>
<dc element="dc.date.created" value="1997-03-10"/>
<dc element="dc.publisher" value="Reuters Holdings Plc"/>
<dc element="dc.date.published" value="1997-03-10"/>
<dc element="dc.source" value="Reuters"/>
<dc element="dc.creator.location" value="JOHANNESBURG"/>
<dc element="dc.creator.location.country.name" value="SOUTH AFRICA"/>
<dc element="dc.source" value="Reuters"/>
</metadata>
</newsitem>
