<?xml version="1.0" encoding="iso-8859-1" ?>
<newsitem itemid="429780" id="root" date="1997-03-10" xml:lang="en">
<title>CZECH REPUBLIC: CZECH HN-WOOD INDEX FALLS ONE POINT TO 1,771 PTS.</title>
<headline>CZECH HN-WOOD INDEX FALLS ONE POINT TO 1,771 PTS.</headline>
<dateline>PRAGUE 1997-03-10</dateline>
<text>
<p>The HN-Wood index, measuring the 60 most capitalised issues on the Prague Stock Exchange, on Monday fell one point, or 0.06 percent, to 1,771 points, the brokerage house Wood &amp; Company said.</p>
<p>-- Prague Newsroom, 420-2-2423-0003</p>
</text>
<copyright>(c) Reuters Limited 1997</copyright>
<metadata>
<codes class="bip:countries:1.0">
  <code code="CZREP">
    <editdetail attribution="Reuters BIP Coding Group" action="confirmed" date="1997-03-10"/>
  </code>
</codes>
<codes class="bip:topics:1.0">
  <code code="M11">
    <editdetail attribution="Reuters BIP Coding Group" action="confirmed" date="1997-03-10"/>
  </code>
  <code code="MCAT">
    <editdetail attribution="Reuters BIP Coding Group" action="confirmed" date="1997-03-10"/>
  </code>
</codes>
<dc element="dc.date.created" value="1997-03-10"/>
<dc element="dc.publisher" value="Reuters Holdings Plc"/>
<dc element="dc.date.published" value="1997-03-10"/>
<dc element="dc.source" value="Reuters"/>
<dc element="dc.creator.location" value="PRAGUE"/>
<dc element="dc.creator.location.country.name" value="CZECH REPUBLIC"/>
<dc element="dc.source" value="Reuters"/>
</metadata>
</newsitem>
