<?xml version="1.0" encoding="iso-8859-1" ?>
<newsitem itemid="429769" id="root" date="1997-03-10" xml:lang="en">
<title>HUNGARY: HUNGARY NOON RADIO HEADLINES - MARCH 10.</title>
<headline>HUNGARY NOON RADIO HEADLINES - MARCH 10.</headline>
<dateline>BUDAPEST 1997-03-10</dateline>
<text>
<p>These are the main headlines on Hungary's Kossuth Radio midday news. Reuters cannot vouch for their accuracy:</p>
<p>- The police expects 18,000 people and 11,000 vehicles to take part in road blockings at 182 places in the country, in a demonstration against the government's agricultural policies.</p>
<p>- Both Prime Minister Gyula Horn and Agricultural Minister Frigyes Nagy said that they are ready to negotiate with the representatives of agricultural producers about increasing tension in that sector of the economy.</p>
<p>- National Bank of Hungary President Gyorgy Suranyi expects the government's Sunday decision on cutting the monthly forint devaluation rate to 1.1 percent to help loan interest rates decrease.</p>
<p>- The largest trade union block, MSZOSZ said the discussion of the government's pension reform plans in the Interest Coordination Council should be cancelled as the plans, approved by the government on Sunday, are unclear at many points.</p>
<p>-- Budapest newsroom +36 1 327 4040</p>
</text>
<copyright>(c) Reuters Limited 1997</copyright>
<metadata>
<codes class="bip:countries:1.0">
  <code code="HUNG">
    <editdetail attribution="Reuters BIP Coding Group" action="confirmed" date="1997-03-10"/>
  </code>
</codes>
<codes class="bip:topics:1.0">
  <code code="GCAT">
    <editdetail attribution="Reuters BIP Coding Group" action="confirmed" date="1997-03-10"/>
  </code>
</codes>
<dc element="dc.date.created" value="1997-03-10"/>
<dc element="dc.publisher" value="Reuters Holdings Plc"/>
<dc element="dc.date.published" value="1997-03-10"/>
<dc element="dc.source" value="Reuters"/>
<dc element="dc.creator.location" value="BUDAPEST"/>
<dc element="dc.creator.location.country.name" value="HUNGARY"/>
<dc element="dc.source" value="Reuters"/>
</metadata>
</newsitem>
