<?xml version="1.0" encoding="iso-8859-1" ?>
<newsitem itemid="429719" id="root" date="1997-03-10" xml:lang="en">
<title>NEW ZEALAND: CRICKET-SRI LANKA 220-6 VS NEW ZEALAND AT TEA.</title>
<headline>CRICKET-SRI LANKA 220-6 VS NEW ZEALAND AT TEA.</headline>
<dateline>DUNEDIN, New Zealand 1997-03-10</dateline>
<text>
<p>Sri Lanka were 220 for six in their second innings, still needing 144 to make New Zealand bat again, at tea on the fourth day of the first cricket test on Monday.</p>
<p>New Zealand scored 586 in their first innings and enforced the follow-on after Sri Lanka were all out for 222 in reply.</p>
<p>Scores:</p>
<p>New Zealand first innings 586 for seven declared (B. Young 267 not out).</p>
<p>Sri Lanka first innings 222 (S. Doull 5-58). Second innings 220 for six (S. Jayasuriya 50).</p>
</text>
<copyright>(c) Reuters Limited 1997</copyright>
<metadata>
<codes class="bip:countries:1.0">
  <code code="NZ">
    <editdetail attribution="Reuters BIP Coding Group" action="confirmed" date="1997-03-10"/>
  </code>
  <code code="SRILAN">
    <editdetail attribution="Reuters BIP Coding Group" action="confirmed" date="1997-03-10"/>
  </code>
</codes>
<codes class="bip:topics:1.0">
  <code code="GCAT">
    <editdetail attribution="Reuters BIP Coding Group" action="confirmed" date="1997-03-10"/>
  </code>
  <code code="GSPO">
    <editdetail attribution="Reuters BIP Coding Group" action="confirmed" date="1997-03-10"/>
  </code>
</codes>
<dc element="dc.date.created" value="1997-03-10"/>
<dc element="dc.publisher" value="Reuters Holdings Plc"/>
<dc element="dc.date.published" value="1997-03-10"/>
<dc element="dc.source" value="Reuters"/>
<dc element="dc.creator.location" value="DUNEDIN, New Zealand"/>
<dc element="dc.creator.location.country.name" value="NEW ZEALAND"/>
<dc element="dc.source" value="Reuters"/>
</metadata>
</newsitem>
