<?xml version="1.0" encoding="iso-8859-1" ?>
<newsitem itemid="429709" id="root" date="1997-03-10" xml:lang="en">
<title>JAMAICA: CRICKET-WINDIES 241 FOR FOUR AT CLOSE V INDIA.</title>
<headline>CRICKET-WINDIES 241 FOR FOUR AT CLOSE V INDIA.</headline>
<dateline>KINGSTON, Jamaica 1997-03-09</dateline>
<text>
<p>West Indies were 241-4 in their second innings, an overall lead of 322, at the close on the fourth day of the first test against India at Sabina Park on Sunday.</p>
<p>Scores: West Indies 427 and 241-4; India 346.</p>
</text>
<copyright>(c) Reuters Limited 1997</copyright>
<metadata>
<codes class="bip:countries:1.0">
  <code code="INDIA">
    <editdetail attribution="Reuters BIP Coding Group" action="confirmed" date="1997-03-10"/>
  </code>
  <code code="JAMA">
    <editdetail attribution="Reuters BIP Coding Group" action="confirmed" date="1997-03-10"/>
  </code>
  <code code="WEIND">
    <editdetail attribution="Reuters BIP Coding Group" action="confirmed" date="1997-03-10"/>
  </code>
</codes>
<codes class="bip:topics:1.0">
  <code code="GCAT">
    <editdetail attribution="Reuters BIP Coding Group" action="confirmed" date="1997-03-10"/>
  </code>
  <code code="GSPO">
    <editdetail attribution="Reuters BIP Coding Group" action="confirmed" date="1997-03-10"/>
  </code>
</codes>
<dc element="dc.date.created" value="1997-03-09"/>
<dc element="dc.publisher" value="Reuters Holdings Plc"/>
<dc element="dc.date.published" value="1997-03-10"/>
<dc element="dc.source" value="Reuters"/>
<dc element="dc.creator.location" value="KINGSTON, Jamaica"/>
<dc element="dc.creator.location.country.name" value="JAMAICA"/>
<dc element="dc.source" value="Reuters"/>
</metadata>
</newsitem>
