<?xml version="1.0" encoding="iso-8859-1" ?>
<newsitem itemid="429730" id="root" date="1997-03-10" xml:lang="en">
<title>USA: NHL-STANDINGS AFTER SUNDAY'S GAMES.</title>
<headline>NHL-STANDINGS AFTER SUNDAY'S GAMES.</headline>
<dateline>NEW YORK 1997-03-09</dateline>
<text>
<p>Standings of National Hockey</p>
<p>League teams after games on Sunday (tabulate under won, lost,</p>
<p>tied, goals for, goals against, points):</p>
<p>		 EASTERN CONFERENCE</p>
<p>		 NORTHEAST DIVISION</p>
<p>		    W   L   T   GF   GA   PTS</p>
<p> BUFFALO	 34  21  11  192  165   79</p>
<p> PITTSBURGH    32  28   5  226  214   69</p>
<p> HARTFORD	26  30  10  183  201   62</p>
<p> MONTREAL	24  32  12  208  241   60</p>
<p> BOSTON	  23  35   9  197  238   55</p>
<p> OTTAWA	  21  32  13  180  196   55</p>
<p>		 ATLANTIC DIVISION</p>
<p>		    W   L   T   GF   GA   PTS</p>
<p> PHILADELPHIA  38  19  10  224  170   86</p>
<p> NEW JERSEY    35  19  12  182  154   82</p>
<p> FLORIDA	 29  23  15  177  158   73</p>
<p> NY RANGERS    31  28   9  219  191   71</p>
<p> TAMPA BAY     27  32   7  184  206   61</p>
<p> WASHINGTON    26  33   7  166  187   59</p>
<p> NY ISLANDERS  23  33  10  181  195   56</p>
<p>		 WESTERN CONFERENCE</p>
<p>		 CENTRAL DIVISION</p>
<p>		    W   L   T   GF   GA   PTS</p>
<p> DALLAS	  40  23   4  202  162   84</p>
<p> DETROIT	 32  19  14  208  152   78</p>
<p> PHOENIX	 31  32   4  191  201   66</p>
<p> ST LOUIS	28  31   8  195  206   64</p>
<p> CHICAGO	 26  31  10  172  168   62</p>
<p> TORONTO	 25  37   4  193  228   54</p>
<p>		 PACIFIC DIVISION</p>
<p>		    W   L   T   GF   GA   PTS</p>
<p> COLORADO	41  17   9  228  163   91</p>
<p> EDMONTON	31  30   7  212  202   69</p>
<p> ANAHEIM	 28  30   9  195  194   65</p>
<p> CALGARY	 28  34   7  181  196   63</p>
<p> VANCOUVER     28  35   3  206  227   59</p>
<p> LOS ANGELES   25  35   8  181  221   58</p>
<p> SAN JOSE	23  36   7  169  216   53</p>
<p>MONDAY, MARCH 10 SCHEDULE</p>
<p>MONTREAL AT PITTSBURGH</p>
<p> DALLAS AT TORONTO     </p>
<p>VANCOUVER AT CHICAGO  </p>
<p> OTTAWA AT PHOENIX     </p>
<p>DETROIT AT LOS ANGELES</p>
</text>
<copyright>(c) Reuters Limited 1997</copyright>
<metadata>
<codes class="bip:countries:1.0">
  <code code="CANA">
    <editdetail attribution="Reuters BIP Coding Group" action="confirmed" date="1997-03-10"/>
  </code>
  <code code="USA">
    <editdetail attribution="Reuters BIP Coding Group" action="confirmed" date="1997-03-10"/>
  </code>
</codes>
<codes class="bip:topics:1.0">
  <code code="GCAT">
    <editdetail attribution="Reuters BIP Coding Group" action="confirmed" date="1997-03-10"/>
  </code>
  <code code="GSPO">
    <editdetail attribution="Reuters BIP Coding Group" action="confirmed" date="1997-03-10"/>
  </code>
</codes>
<dc element="dc.date.created" value="1997-03-09"/>
<dc element="dc.publisher" value="Reuters Holdings Plc"/>
<dc element="dc.date.published" value="1997-03-10"/>
<dc element="dc.source" value="Reuters"/>
<dc element="dc.creator.location" value="NEW YORK"/>
<dc element="dc.creator.location.country.name" value="USA"/>
<dc element="dc.source" value="Reuters"/>
</metadata>
</newsitem>
