<?xml version="1.0" encoding="iso-8859-1" ?>
<newsitem itemid="429755" id="root" date="1997-03-10" xml:lang="en">
<title>ZIMBABWE: ZIMBABWE SHARES START WEEK SOFT IN QUIET TRADE.</title>
<headline>ZIMBABWE SHARES START WEEK SOFT IN QUIET TRADE.</headline>
<dateline>HARARE 1997-03-10</dateline>
<text>
<p>Zimbabwe's industrial shares traded generally soft on Monday in line with market forecasts that they would run soft and quiet ahead of new listings.</p>
<p>&quot;Trade is cautious and soft...and I don't think we can expect much change until the new comers are on stage,&quot; one broker said of a couple of new listings expected in the next two months.</p>
<p>These include manufacturing and marketing group Randalls Holdings Ltd which is planning to raise Z$60 million through an offer of 50 million shares, about 24 percent of its total share capital, to investors.</p>
<p>Merspin Ltd, an associate company of Zimbabwe's largest towel manufacturer, Merlin Ltd , is also seeking a listing on the Zimbabwe Stock Exchange (ZSE) in April.</p>
<p>On Monday the ZSE's main industrial index fell 34.57 points to 10,443.94 following losses in several key counters, including sugar grower Hippo Valley , which dropped 50 cents to 1,500, and pork company Colcom , which lost 15 cents to 485. </p>
<p>The secondary seven-share mining index slipped 2.20 points to 959.72 in very quiet trade in which nickel miners Bindura traded unchanged at 750.</p>
<p>---Cris Chinaka, Harare Newsroom: +263-4 72 52 27/8/9---</p>
</text>
<copyright>(c) Reuters Limited 1997</copyright>
<metadata>
<codes class="bip:countries:1.0">
  <code code="ZIMBAB">
    <editdetail attribution="Reuters BIP Coding Group" action="confirmed" date="1997-03-10"/>
  </code>
</codes>
<codes class="bip:topics:1.0">
  <code code="M11">
    <editdetail attribution="Reuters BIP Coding Group" action="confirmed" date="1997-03-10"/>
  </code>
  <code code="MCAT">
    <editdetail attribution="Reuters BIP Coding Group" action="confirmed" date="1997-03-10"/>
  </code>
</codes>
<dc element="dc.date.created" value="1997-03-10"/>
<dc element="dc.publisher" value="Reuters Holdings Plc"/>
<dc element="dc.date.published" value="1997-03-10"/>
<dc element="dc.source" value="Reuters"/>
<dc element="dc.creator.location" value="HARARE"/>
<dc element="dc.creator.location.country.name" value="ZIMBABWE"/>
<dc element="dc.source" value="Reuters"/>
</metadata>
</newsitem>
