<?xml version="1.0" encoding="iso-8859-1" ?>
<newsitem itemid="429818" id="root" date="1997-03-10" xml:lang="en">
<title>FINLAND: ENSO CEO SEES MORE FORESTRY RESTRUCTURING.</title>
<headline>ENSO CEO SEES MORE FORESTRY RESTRUCTURING.</headline>
<dateline>HELSINKI 1997-03-10</dateline>
<text>
<p>The world's forest industry is poised for more restructuring this decade, a leading Finnish industry leader said on Monday.</p>
<p>&quot;The only certain thing is that before the end of the decade there will still be significant structural rearrangement within our sector, in Europe and certainly elsewhere too,&quot; said Jukka Harmala, CEO of Finland's largest forest industry group Enso Oy.</p>
<p>He did not specify what arrangements he expected or what role Enso could play but said there were many small units in Europe, particularly fine paper producers.</p>
<p>Commenting on a search for a partner by Austrian fine paper producer KNP Leykam -- majority-owned by Dutch KNP BT -- he said:</p>
<p>&quot;As a large fine paper producer we have naturally been mentioned,&quot; he said, but did not say whether Enso had been engaged in negotiations.</p>
<p>&quot;There is nothing concrete about these things at the moment,&quot; he said.</p>
<p>--Helsinki newsroom +358-9-680 50 245, news@reuters.fi</p>
</text>
<copyright>(c) Reuters Limited 1997</copyright>
<metadata>
<codes class="bip:countries:1.0">
  <code code="FIN">
    <editdetail attribution="Reuters BIP Coding Group" action="confirmed" date="1997-03-10"/>
  </code>
</codes>
<codes class="bip:industries:1.0">
  <code code="I47100">
    <editdetail attribution="Reuters BIP Coding Group" action="confirmed" date="1997-03-10"/>
  </code>
</codes>
<codes class="bip:topics:1.0">
  <code code="C11">
    <editdetail attribution="Reuters BIP Coding Group" action="confirmed" date="1997-03-10"/>
  </code>
  <code code="CCAT">
    <editdetail attribution="Reuters BIP Coding Group" action="confirmed" date="1997-03-10"/>
  </code>
</codes>
<dc element="dc.date.created" value="1997-03-10"/>
<dc element="dc.publisher" value="Reuters Holdings Plc"/>
<dc element="dc.date.published" value="1997-03-10"/>
<dc element="dc.source" value="Reuters"/>
<dc element="dc.creator.location" value="HELSINKI"/>
<dc element="dc.creator.location.country.name" value="FINLAND"/>
<dc element="dc.source" value="Reuters"/>
</metadata>
</newsitem>
