<?xml version="1.0" encoding="iso-8859-1" ?>
<newsitem itemid="429800" id="root" date="1997-03-10" xml:lang="en">
<title>HUNGARY: HUNGARIAN FORINT ENDS UP ON DLR, PEG CHANGE CITED.</title>
<headline>HUNGARIAN FORINT ENDS UP ON DLR, PEG CHANGE CITED.</headline>
<dateline>BUDAPEST 1997-03-10</dateline>
<text>
<p>The Hungarian forint closed stronger against the dollar on Monday and dealers said the government's weekend decision to reduce the crawling peg devaluator to 1.1 pct on April 1 helped the currency.</p>
<p>The forint stood at 176.93/98 compared to its 177.20/25 opening. The gap from the National Bank of Hungary's resistance level narrowed to just five pips from about 15 when the afternoon session opened.</p>
<p>&quot;It's because of the government's decision to decrease the devaluation rate -- that's the only explanation,&quot; said Elke Szanto of Commerzbank. -- Budapest newsroom ++36 1 327 4040</p>
</text>
<copyright>(c) Reuters Limited 1997</copyright>
<metadata>
<codes class="bip:countries:1.0">
  <code code="HUNG">
    <editdetail attribution="Reuters BIP Coding Group" action="confirmed" date="1997-03-10"/>
  </code>
</codes>
<codes class="bip:topics:1.0">
  <code code="M13">
    <editdetail attribution="Reuters BIP Coding Group" action="confirmed" date="1997-03-10"/>
  </code>
  <code code="M132">
    <editdetail attribution="Reuters BIP Coding Group" action="confirmed" date="1997-03-10"/>
  </code>
  <code code="MCAT">
    <editdetail attribution="Reuters BIP Coding Group" action="confirmed" date="1997-03-10"/>
  </code>
</codes>
<dc element="dc.date.created" value="1997-03-10"/>
<dc element="dc.publisher" value="Reuters Holdings Plc"/>
<dc element="dc.date.published" value="1997-03-10"/>
<dc element="dc.source" value="Reuters"/>
<dc element="dc.creator.location" value="BUDAPEST"/>
<dc element="dc.creator.location.country.name" value="HUNGARY"/>
<dc element="dc.source" value="Reuters"/>
</metadata>
</newsitem>
