<?xml version="1.0" encoding="iso-8859-1" ?>
<newsitem itemid="429848" id="root" date="1997-03-10" xml:lang="en">
<title>UK: LIFFE cocoa jumps after Ivorian minister's remarks.</title>
<headline>LIFFE cocoa jumps after Ivorian minister's remarks.</headline>
<dateline>LONDON 1997-03-10</dateline>
<text>
<p>LIFFE cocoa jumped as producers got the upper hand after bullish remarks by an Ivorian minister, traders said.</p>
<p>&quot;The producers have got the buyers on the run,&quot; one said.</p>
<p>Reports of Ivorian commodities minister Alain Gauze's ideas on production, along with plans to do away with illegal output from national forests helped the market up, he said.</p>
<p>Short covering took the May contract through resistance at 972 stg, while origin sellers were confining themselves to selling &quot;bits and pieces.&quot;</p>
<p>May last traded 35 stg up at 981 stg. May volume was 7,200 lots of a total 12,541.</p>
<p>The Ivory Coast's 1996/97 cocoa crop will be below one million tonnes and it has already sold around 800,000 tonnes, Gauze said.</p>
<p>It has no more to sell, he said to journalists at an International Cocoa Organization (ICCO) meeting in London.</p>
<p>Gauze said that the government had decided to destroy all coffee and cocoa planted illegally in national forests.</p>
<p>Speaking to reporters at the International Cocoa Organization talks Gauze said that these illegal plantings had amounted to around 100,000 tonnes of cocoa and coffee last year.</p>
<p>--Christopher Lyddon, London newsroom +44 171 542 7928</p>
</text>
<copyright>(c) Reuters Limited 1997</copyright>
<metadata>
<codes class="bip:countries:1.0">
  <code code="UK">
    <editdetail attribution="Reuters BIP Coding Group" action="confirmed" date="1997-03-10"/>
  </code>
</codes>
<codes class="bip:topics:1.0">
  <code code="M14">
    <editdetail attribution="Reuters BIP Coding Group" action="confirmed" date="1997-03-10"/>
  </code>
  <code code="M141">
    <editdetail attribution="Reuters BIP Coding Group" action="confirmed" date="1997-03-10"/>
  </code>
  <code code="MCAT">
    <editdetail attribution="Reuters BIP Coding Group" action="confirmed" date="1997-03-10"/>
  </code>
</codes>
<dc element="dc.date.created" value="1997-03-10"/>
<dc element="dc.publisher" value="Reuters Holdings Plc"/>
<dc element="dc.date.published" value="1997-03-10"/>
<dc element="dc.source" value="Reuters"/>
<dc element="dc.creator.location" value="LONDON"/>
<dc element="dc.creator.location.country.name" value="UK"/>
<dc element="dc.source" value="Reuters"/>
</metadata>
</newsitem>
