<?xml version="1.0" encoding="iso-8859-1" ?>
<newsitem itemid="429804" id="root" date="1997-03-10" xml:lang="en">
<title>BULGARIA: BULGARIA LEV ENDS FIRMER AT 1,590-1,610 PER DOLLAR.</title>
<headline>BULGARIA LEV ENDS FIRMER AT 1,590-1,610 PER DOLLAR.</headline>
<dateline>SOFIA 1997-03-10</dateline>
<text>
<p>The lev closed at 1,590-1,610 per dollar, firmer from the midday's 1,600-1,630 and the morning's 1,660-1,680 as dollar supply topped demand in thin interbank trade, dealers said.</p>
<p>&quot;Trade was very thin and at increasingly weaker dollar rates because of light foreign currency demand,&quot; one dealer said.</p>
<p>Supply was higher as exporters were offering dollars to boost lev liquidity amid anticipation of a stable lev.</p>
<p>The market trend in the next few days would depend on final clients' interest in foreign currency purchases, dealers said.  </p>
<p>&quot;But a lev rise above 1,580-1,600 is deemed unlikely due to general reluctance for dollar sales below those levels,&quot; another dealer said. -- Anastas Petrov, Sofia Newsroom, (++359-2) 981 8569</p>
</text>
<copyright>(c) Reuters Limited 1997</copyright>
<metadata>
<codes class="bip:countries:1.0">
  <code code="BUL">
    <editdetail attribution="Reuters BIP Coding Group" action="confirmed" date="1997-03-10"/>
  </code>
</codes>
<codes class="bip:topics:1.0">
  <code code="M13">
    <editdetail attribution="Reuters BIP Coding Group" action="confirmed" date="1997-03-10"/>
  </code>
  <code code="M132">
    <editdetail attribution="Reuters BIP Coding Group" action="confirmed" date="1997-03-10"/>
  </code>
  <code code="MCAT">
    <editdetail attribution="Reuters BIP Coding Group" action="confirmed" date="1997-03-10"/>
  </code>
</codes>
<dc element="dc.date.created" value="1997-03-10"/>
<dc element="dc.publisher" value="Reuters Holdings Plc"/>
<dc element="dc.date.published" value="1997-03-10"/>
<dc element="dc.source" value="Reuters"/>
<dc element="dc.creator.location" value="SOFIA"/>
<dc element="dc.creator.location.country.name" value="BULGARIA"/>
<dc element="dc.source" value="Reuters"/>
</metadata>
</newsitem>
