<?xml version="1.0" encoding="iso-8859-1" ?>
<newsitem itemid="429845" id="root" date="1997-03-10" xml:lang="en">
<title>UK: Financial watchdog to give Barings boss ruling soon.</title>
<headline>Financial watchdog to give Barings boss ruling soon.</headline>
<dateline>LONDON 1997-03-10</dateline>
<text>
<p>British financial watchdog the Securities and Futures Authority (SFA) said on Monday it hoped to release a ruling in the next few days on former Barings treasury and risk chief Ian Hopkins who has not appealed.</p>
<p>&quot;I can confirm that in the Hopkins case the appeal time window has now expired and SFA will publish the result of the case in the next few days...(Mr) Hopkins did not enter an appeal,&quot; SFA spokesman David Jones told Reuters.</p>
<p>Industry sources said the tribunal, which concluded in January after a three-day hearing, had banned Hopkins from being a director in the City and ordered him to pay around 10,000 pounds ($15,900) in costs.</p>
<p>British newspapers also reported that Hopkins had also been deemed &quot;not fit and proper&quot; to be a director of an SFA regulated firm.</p>
<p>Hopkins was among a group of former Barings executives against whom the SFA brought disciplinary charges for their part in the downfall of the blue blood British bank.</p>
<p>It collapsed two years ago after Singapore-based trader Nick Leeson ran up debts of almost $1.4 billion in unauthorised derivatives trades. The bank was rescued by Dutch financial services giant Internationale Nederlanden Groep NV.</p>
<p>Hopkins, who worked for Barings in London, has been labelled the whistleblower of the affair. He always maintained that he tried to warn other Barings executives of the bank's dangerous position but that he was effectively ignored.</p>
<p>He told a parliamentary committee investigation into Barings last year that his attempts to alert more senior Barings staff to potential problems had failed, portraying a clash of cultures between its traditional banking and its new securities business. ($ = 0.625 British Pounds)</p>
</text>
<copyright>(c) Reuters Limited 1997</copyright>
<metadata>
<codes class="bip:countries:1.0">
  <code code="UK">
    <editdetail attribution="Reuters BIP Coding Group" action="confirmed" date="1997-03-10"/>
  </code>
</codes>
<codes class="bip:industries:1.0">
  <code code="I81402">
    <editdetail attribution="Reuters BIP Coding Group" action="confirmed" date="1997-03-10"/>
  </code>
</codes>
<codes class="bip:topics:1.0">
  <code code="C13">
    <editdetail attribution="Reuters BIP Coding Group" action="confirmed" date="1997-03-10"/>
  </code>
  <code code="CCAT">
    <editdetail attribution="Reuters BIP Coding Group" action="confirmed" date="1997-03-10"/>
  </code>
</codes>
<dc element="dc.date.created" value="1997-03-10"/>
<dc element="dc.publisher" value="Reuters Holdings Plc"/>
<dc element="dc.date.published" value="1997-03-10"/>
<dc element="dc.source" value="Reuters"/>
<dc element="dc.creator.location" value="LONDON"/>
<dc element="dc.creator.location.country.name" value="UK"/>
<dc element="dc.source" value="Reuters"/>
</metadata>
</newsitem>
