<?xml version="1.0" encoding="iso-8859-1" ?>
<newsitem itemid="429858" id="root" date="1997-03-10" xml:lang="en">
<title>UK: European jet fuel slips with gas oil in slow trade.</title>
<headline>European jet fuel slips with gas oil in slow trade.</headline>
<dateline>LONDON 1997-03-10</dateline>
<text>
<p>European jet fuel prices lost some of Friday's gains on the back of weaker IPE gas oil futures which lost more than $3 a tonne at one point.</p>
<p>Jet fuel premiums were largely unchanged, although the market was so quiet as to be almost notional, said some dealers.</p>
<p>March IPE gas oil closed down $2.00 at $167.00 a tonne.</p>
<p>Traders said jet barge premiums were unchanged at around March IPE +$20-21 fob, but the market was very quiet.</p>
<p>&quot;It's absolutely dead. No one wants to buy, a lot of business was done at the beginning of the year,&quot; said one dealer.</p>
<p>&quot;People are talking jet, but not trading,&quot; said another.</p>
<p>Cargoes on a cif basis were heard around $2 higher than barges.</p>
<p>-- London Newsroom +44 171 542 8980</p>
</text>
<copyright>(c) Reuters Limited 1997</copyright>
<metadata>
<codes class="bip:countries:1.0">
  <code code="UK">
    <editdetail attribution="Reuters BIP Coding Group" action="confirmed" date="1997-03-10"/>
  </code>
</codes>
<codes class="bip:topics:1.0">
  <code code="M14">
    <editdetail attribution="Reuters BIP Coding Group" action="confirmed" date="1997-03-10"/>
  </code>
  <code code="M143">
    <editdetail attribution="Reuters BIP Coding Group" action="confirmed" date="1997-03-10"/>
  </code>
  <code code="MCAT">
    <editdetail attribution="Reuters BIP Coding Group" action="confirmed" date="1997-03-10"/>
  </code>
</codes>
<dc element="dc.date.created" value="1997-03-10"/>
<dc element="dc.publisher" value="Reuters Holdings Plc"/>
<dc element="dc.date.published" value="1997-03-10"/>
<dc element="dc.source" value="Reuters"/>
<dc element="dc.creator.location" value="LONDON"/>
<dc element="dc.creator.location.country.name" value="UK"/>
<dc element="dc.source" value="Reuters"/>
</metadata>
</newsitem>
