<?xml version="1.0" encoding="iso-8859-1" ?>
<newsitem itemid="429871" id="root" date="1997-03-10" xml:lang="en">
<title>UK: Oil slides again after last week's fragile recovery.</title>
<headline>Oil slides again after last week's fragile recovery.</headline>
<dateline>LONDON 1997-03-10</dateline>
<text>
<p>Oil prices resumed their downward move on Monday as traders shrugged off last week's tentative recovery in a market that has been in a headlong slide since the turn of the year.</p>
<p>April futures for world benchmark crude North Sea Brent Blend were down 36 cents at $19.50 a barrel at 1710 GMT. Brent slumped from a high of $24.91 in January to a low of $18.68 last week before beginning a fragile climb back up. Brent briefly edged above the $20 mark on Friday.</p>
<p>&quot;Fundamentally it's still relatively weak, there's no real demand,&quot; said one London broker.</p>
<p>With no shortage of supplies seen the market remains vulnerable to further falls, especially being in that awkward period when the heating oil season has ended but the gasoline season has yet to take off.</p>
<p>&quot;For crude oil, fundamentals remain soggy, with ample availability on both sides of the Atlantic (and elsewhere) continuing to weigh on the global market,&quot; London brokers GNI Ltd said in a daily report.</p>
<p>A report on Friday from the West's energy watchdog showed that rich consumer nations emerged from the peak demand season with well stocked oil inventories. The Paris-based International Energy Agency said stocks were higher than the previous year for the first time in 18 months.</p>
<p>The only supportive factor in the market was a spell of cold weather forecast for the U.S. Northeast -- the world's biggest heating oil market -- and also in Europe by the end of the week.</p>
<p>&quot;However, note that between now and then, weather conditions across much of the continent (Europe) will be mild,&quot; warned GNI.</p>
<p>Crude oil prices in dollars per barrel:</p>
<p>						March 10  March 7</p>
<p>					     (1710 GMT) (close)</p>
<p>    Dated Brent			    $19.17   $19.61</p>
<p>    IPE London Brent futures (Apr)   $19.50   $19.86</p>
<p>    NYMEX light crude futures (Apr)  $20.80   $21.28</p>
<p>-- Mike Elliott, London Newsroom +44 171 542 7630</p>
</text>
<copyright>(c) Reuters Limited 1997</copyright>
<metadata>
<codes class="bip:countries:1.0">
  <code code="UK">
    <editdetail attribution="Reuters BIP Coding Group" action="confirmed" date="1997-03-10"/>
  </code>
</codes>
<codes class="bip:topics:1.0">
  <code code="M14">
    <editdetail attribution="Reuters BIP Coding Group" action="confirmed" date="1997-03-10"/>
  </code>
  <code code="M143">
    <editdetail attribution="Reuters BIP Coding Group" action="confirmed" date="1997-03-10"/>
  </code>
  <code code="MCAT">
    <editdetail attribution="Reuters BIP Coding Group" action="confirmed" date="1997-03-10"/>
  </code>
</codes>
<dc element="dc.date.created" value="1997-03-10"/>
<dc element="dc.publisher" value="Reuters Holdings Plc"/>
<dc element="dc.date.published" value="1997-03-10"/>
<dc element="dc.source" value="Reuters"/>
<dc element="dc.creator.location" value="LONDON"/>
<dc element="dc.creator.location.country.name" value="UK"/>
<dc element="dc.source" value="Reuters"/>
</metadata>
</newsitem>
