<?xml version="1.0" encoding="iso-8859-1" ?>
<newsitem itemid="429833" id="root" date="1997-03-10" xml:lang="en">
<title>UK: NWE oil products all slip with crude.</title>
<headline>NWE oil products all slip with crude.</headline>
<dateline>LONDON 1997-03-10</dateline>
<text>
<p>NWE oil products were weaker on Monday.</p>
<p>Gasoline edged off earlier levels in line with weaker NYMEX unleaded futures.</p>
<p>High sulphur fuel oil cargo prices slipped after the sale of 25,000 tonnes at $79.50 cif a tonne late on Friday. They nestled around $79/80 with traders anticipating further falls.</p>
<p>Barges rose $2 to $85 in very thin trade. Low sulphur prices firmed to $105 a tonne on slimmer supply</p>
<p>Gas oil stumbled $2 a tonne on weaker futures. Barge premiums were a touch easier, but cargoes steady in thin trade.</p>
<p>-- London Newsroom +44 171 542 8980</p>
</text>
<copyright>(c) Reuters Limited 1997</copyright>
<metadata>
<codes class="bip:countries:1.0">
  <code code="UK">
    <editdetail attribution="Reuters BIP Coding Group" action="confirmed" date="1997-03-10"/>
  </code>
</codes>
<codes class="bip:topics:1.0">
  <code code="M14">
    <editdetail attribution="Reuters BIP Coding Group" action="confirmed" date="1997-03-10"/>
  </code>
  <code code="M143">
    <editdetail attribution="Reuters BIP Coding Group" action="confirmed" date="1997-03-10"/>
  </code>
  <code code="MCAT">
    <editdetail attribution="Reuters BIP Coding Group" action="confirmed" date="1997-03-10"/>
  </code>
</codes>
<dc element="dc.date.created" value="1997-03-10"/>
<dc element="dc.publisher" value="Reuters Holdings Plc"/>
<dc element="dc.date.published" value="1997-03-10"/>
<dc element="dc.source" value="Reuters"/>
<dc element="dc.creator.location" value="LONDON"/>
<dc element="dc.creator.location.country.name" value="UK"/>
<dc element="dc.source" value="Reuters"/>
</metadata>
</newsitem>
