<?xml version="1.0" encoding="iso-8859-1" ?>
<newsitem itemid="429859" id="root" date="1997-03-10" xml:lang="en">
<title>UK: Care needed in interpreting Maastricht-Lamfalussy.</title>
<headline>Care needed in interpreting Maastricht-Lamfalussy.</headline>
<dateline>LONDON 1997-03-10</dateline>
<text>
<p>Care should be taken in interpreting the words of the Maastricht treaty and deviations from the reference values should be granted sparingly, Alexandre Lamfalussy, president of the European Monetary Institute said.</p>
<p>Speaking at a conference in London, he said that while the Maastricht treaty established two reference values which should not be exceeded -- the three percent deficit ceiling and the 60 percent debt ceiling -- it accepts deviations from these reference values on certain conditions.</p>
<p>&quot;...deviations from the reference values should be granted sparingly by interpreting the words used by the treaty in a carefully restrictive way,&quot; he said.</p>
<p>&quot;...compliance with the reference values should be regarded as sufficient for eligibility only if the deficit and debt ratios observed for 1997 are genuinely sustainable.&quot;  </p>
<p>Lamfalussy said European Union should stick to both the spirit and the letter of the Maastricht treaty.</p>
<p>&quot;In short, in case of doubt when applying the second and third prescriptions of the treaty, we should lean towards caution,&quot; he told the conference.</p>
<p>&quot;I believe that EMU will lead to major benefits for participants, although potential costs should not be disregarded.&quot;</p>
<p>He said to minimise these costs and to ensure large and lasting net benefits, countries entering Monetary Union should be in a state of sustainable macroeconomic convergence and ready to improve the working of their labour markets as well as to reduce the often very substantial indirect labour costs.</p>
<p>Phil Smith, London Forex desk +44-171-542-6284</p>
</text>
<copyright>(c) Reuters Limited 1997</copyright>
<metadata>
<codes class="bip:countries:1.0">
  <code code="EEC">
    <editdetail attribution="Reuters BIP Coding Group" action="confirmed" date="1997-03-10"/>
  </code>
  <code code="UK">
    <editdetail attribution="Reuters BIP Coding Group" action="confirmed" date="1997-03-10"/>
  </code>
</codes>
<codes class="bip:topics:1.0">
  <code code="E12">
    <editdetail attribution="Reuters BIP Coding Group" action="confirmed" date="1997-03-10"/>
  </code>
  <code code="ECAT">
    <editdetail attribution="Reuters BIP Coding Group" action="confirmed" date="1997-03-10"/>
  </code>
  <code code="G15">
    <editdetail attribution="Reuters BIP Coding Group" action="confirmed" date="1997-03-10"/>
  </code>
  <code code="G154">
    <editdetail attribution="Reuters BIP Coding Group" action="confirmed" date="1997-03-10"/>
  </code>
  <code code="GCAT">
    <editdetail attribution="Reuters BIP Coding Group" action="confirmed" date="1997-03-10"/>
  </code>
</codes>
<dc element="dc.date.created" value="1997-03-10"/>
<dc element="dc.publisher" value="Reuters Holdings Plc"/>
<dc element="dc.date.published" value="1997-03-10"/>
<dc element="dc.source" value="Reuters"/>
<dc element="dc.creator.location" value="LONDON"/>
<dc element="dc.creator.location.country.name" value="UK"/>
<dc element="dc.source" value="Reuters"/>
</metadata>
</newsitem>
