<?xml version="1.0" encoding="iso-8859-1" ?>
<newsitem itemid="429808" id="root" date="1997-03-10" xml:lang="en">
<title>POLAND: POLISH SHARES CLOSE HIGHER IN CONTINUOUS TRADE.</title>
<headline>POLISH SHARES CLOSE HIGHER IN CONTINUOUS TRADE.</headline>
<dateline>WARSAW 1997-03-10</dateline>
<text>
<p>Seven stocks rose, three fell and nine were flat in 14.7-million-zloty Warsaw bourse continuous trade on Monday with the WIG 20 index closing at 1,776.4 points, 0.8 percent higher than in regular trade.</p>
<p>The remaining three stocks did not trade.</p>
<p>NFI units rose 1.5 percent to 168.5 zlotys in a 21.2-million-zloty turnover.</p>
<p>-- Warsaw Newsroom +48 22 653 9700</p>
</text>
<copyright>(c) Reuters Limited 1997</copyright>
<metadata>
<codes class="bip:countries:1.0">
  <code code="POL">
    <editdetail attribution="Reuters BIP Coding Group" action="confirmed" date="1997-03-10"/>
  </code>
</codes>
<codes class="bip:topics:1.0">
  <code code="M11">
    <editdetail attribution="Reuters BIP Coding Group" action="confirmed" date="1997-03-10"/>
  </code>
  <code code="MCAT">
    <editdetail attribution="Reuters BIP Coding Group" action="confirmed" date="1997-03-10"/>
  </code>
</codes>
<dc element="dc.date.created" value="1997-03-10"/>
<dc element="dc.publisher" value="Reuters Holdings Plc"/>
<dc element="dc.date.published" value="1997-03-10"/>
<dc element="dc.source" value="Reuters"/>
<dc element="dc.creator.location" value="WARSAW"/>
<dc element="dc.creator.location.country.name" value="POLAND"/>
<dc element="dc.source" value="Reuters"/>
</metadata>
</newsitem>
