<?xml version="1.0" encoding="iso-8859-1" ?>
<newsitem itemid="429824" id="root" date="1997-03-10" xml:lang="en">
<title>UK: British business chiefs warn on Euroscepticism.</title>
<headline>British business chiefs warn on Euroscepticism.</headline>
<dateline>LONDON 1996-03-11</dateline>
<text>
<p>A group of top British industrialists have said they are dismayed by hostility towards the European Union (EU) in the run-up to an election expected to be held on May 1.</p>
<p>In a letter published on Tuesday in the Financial Times, the business leaders said they had &quot;watched with dismay the spread of extreme Euroscepticism&quot;, arguing that Britain would suffer economically if it became more distant from the EU.</p>
<p>Sir Colin Marshall, president of the Confederation of British Industry (CBI) and chairman of British Airways Plc, and 22 others said they were concerned that the debate on EU policy was being turned into a debate about membership of the bloc.</p>
<p>A similar FT letter last year called for Britain not to rule out permanently joining a single European currency. It comes amid growing dissent within Britain's ruling Conservative party over policy towards Europe.</p>
<p>Ten of the signatories to last year's letter added their names to the latest letter to the Financial Times, which Sir Colin told the paper had arisen from &quot;conversations&quot; between the individuals with some co-ordination by the CBI.</p>
<p>Pointing out that nearly 60 percent of Britain's visible trade is with EU members and that more than 2,000 continental European firms had invested here, the letter said such advances will be at risk if Euroscepticism continues to gain pace.</p>
<p>&quot;These benefits would be put at risk if this country chose the path of isolation,&quot; the letter said. &quot;Britain would be a poorer place, with lower investment and higher unemployment.&quot;</p>
<p>It said Britain needs to demonstrate that its commitment to Europe is not in doubt.</p>
<p>If it fails to do so, Britain's position in the EU's forthcoming inter-governmental conference on the move towards a single European currency will be &quot;seriously compromised,&quot; the letter said.</p>
<p>Niall Fitzgerald, chairman of the Anglo-Dutch consumer products group Unilever Plc and one of the FT letter signatories, last month warned that the company might review its investment in Britain if the government failed to join a single currency.</p>
<p>Fitzgerald's comments echoed an earlier warning by Japanese auto group Toyota that it might reconsider investment in Britain if it was outside monetary union.</p>
<p>Other signatories of the latest FT letter included British Telecommunications Plc chief executive Sir Peter Bonfield, B.A.T Industries Plc chief executive Martin Broughton, and British Petroleum Co Plc chairman Sir David Simon.</p>
<p>-- London Newsroom +44 171 542 4367</p>
</text>
<copyright>(c) Reuters Limited 1997</copyright>
<metadata>
<codes class="bip:countries:1.0">
  <code code="EEC">
    <editdetail attribution="Reuters BIP Coding Group" action="confirmed" date="1997-03-10"/>
  </code>
  <code code="UK">
    <editdetail attribution="Reuters BIP Coding Group" action="confirmed" date="1997-03-10"/>
  </code>
</codes>
<codes class="bip:industries:1.0">
  <code code="I13000">
    <editdetail attribution="Reuters BIP Coding Group" action="confirmed" date="1997-03-10"/>
  </code>
  <code code="I1300003">
    <editdetail attribution="Reuters BIP Coding Group" action="confirmed" date="1997-03-10"/>
  </code>
  <code code="I41000">
    <editdetail attribution="Reuters BIP Coding Group" action="confirmed" date="1997-03-10"/>
  </code>
  <code code="I75000">
    <editdetail attribution="Reuters BIP Coding Group" action="confirmed" date="1997-03-10"/>
  </code>
  <code code="I79020">
    <editdetail attribution="Reuters BIP Coding Group" action="confirmed" date="1997-03-10"/>
  </code>
  <code code="I83960">
    <editdetail attribution="Reuters BIP Coding Group" action="confirmed" date="1997-03-10"/>
  </code>
</codes>
<codes class="bip:topics:1.0">
  <code code="C41">
    <editdetail attribution="Reuters BIP Coding Group" action="confirmed" date="1997-03-10"/>
  </code>
  <code code="CCAT">
    <editdetail attribution="Reuters BIP Coding Group" action="confirmed" date="1997-03-10"/>
  </code>
  <code code="GCAT">
    <editdetail attribution="Reuters BIP Coding Group" action="confirmed" date="1997-03-10"/>
  </code>
  <code code="GPOL">
    <editdetail attribution="Reuters BIP Coding Group" action="confirmed" date="1997-03-10"/>
  </code>
  <code code="GVOTE">
    <editdetail attribution="Reuters BIP Coding Group" action="confirmed" date="1997-03-10"/>
  </code>
</codes>
<dc element="dc.date.created" value="1996-03-11"/>
<dc element="dc.publisher" value="Reuters Holdings Plc"/>
<dc element="dc.date.published" value="1997-03-10"/>
<dc element="dc.source" value="Reuters"/>
<dc element="dc.creator.location" value="LONDON"/>
<dc element="dc.creator.location.country.name" value="UK"/>
<dc element="dc.source" value="Reuters"/>
</metadata>
</newsitem>
