<?xml version="1.0" encoding="iso-8859-1" ?>
<newsitem itemid="429817" id="root" date="1997-03-10" xml:lang="en">
<title>BELGIUM: NATO-RUSSIA SAID EDGING TOWARDS ENLARGEMENT DEAL.</title>
<headline>NATO-RUSSIA SAID EDGING TOWARDS ENLARGEMENT DEAL.</headline>
<byline>Jonathan Clayton</byline>
<dateline>BRUSSELS 1997-03-10</dateline>
<text>
<p>NATO and Russia have sketched the outlines of a deal on the alliance's planned eastwards enlargement, but major differences remain over Moscow's insistence of a freeze on new military installations, according to alliance diplomatic sources.</p>
<p>&quot;This is now one of the main problems, the Russians simply don't understand how NATO works,&quot; said one alliance diplomat after the latest round of talks between the alliance and Russia on a new post-Cold War relationship.</p>
<p>He said countries most likely to be invited to join the alliance at a special summit in Madrid in July -- Poland, Hungary and the Czech Republic -- would modernise and upgrade their armed forces and military facilities anyway.</p>
<p>&quot;This is something that would happen anyway, not because of NATO membership. These countries would want to upgrade their defence facilities. Also, NATO is made up of national armies working together,&quot; added the diplomat.</p>
<p>Russia has signalled it no longer has any objections to these countries joining the alliance as long as they get assurances no NATO infrastructure whatsoever would be moved eastwards, diplomats said.</p>
<p>NATO cannot accept any demands that effectively would give the new members &quot;second class&quot; membership, but in reply has said it has no plans to station nuclear weapons or troops on the territory of the new members.</p>
<p>In addition, the alliance's military says it must be free to adapt communications' facilities and airfields to meet basic NATO standards.</p>
<p>Russia said on Monday talks in Moscow on Sunday between NATO Secretary-General Javier Solana and Russian Foreign Secretary Yevgeny Primakov had been &quot;positive&quot;, but acknowledged differences remained on &quot;a range of problems&quot;.</p>
<p>Solana, speaking to reporters in the Kazakhstan capital Almaty after arriving from Moscow, said the talks were &quot;moving in the right direction&quot;, but he too added that there were still some problems.</p>
<p>In Stockholm, an independent think-tank said a summit in Helsinki next week between presidents Bill Clinton of the United States and Boris Yeltsin could show Moscow giving grudging acceptance of NATO expansion into former Warsaw Pact countries.</p>
<p>But the Stockholm International Peace Research Institute added in a new study that Russia would remain implaccably opposed to republics of the former Soviet Union, such as the Baltic states of Estonia, Latvia and Lithuania, joining the alliance.</p>
<p>NATO diplomats said Russia had clearly decided it could not stop NATO's expansion later this year and was now trying to strike as good a deal as possible.</p>
<p>They said Russia now appeared to have dropped its previous demand that any NATO-Russia document should be in the form of a legally binding treaty rather than a politically binding commitment from the alliance's 16 leaders.</p>
<p>&quot;I think the Russians now accept the argument that such a treaty would be unwieldy,&quot; added the diplomat.</p>
<p>Alliance sources said the plan, now broadly accepted by both sides, was to try and create a framework for consultation which could move towards &quot;mutual agreements&quot; over a broad range of areas.</p>
<p>&quot;The trick for the alliance is to try and give the Russians co-decision without appearing to let them have a veto over alliance activities. That is a difficult circle to try and square,&quot; said one analyst.</p>
<p>Solana left Moscow on Monday for Central Asia, but Assistant Secretary-General Gebhardt von Moltke stayed behind for a further day of negotiations with Russian Deputy Foreign Minister Nikolai Afanasievsky.</p>
<p>Alliance sources said the two men were trying to merge the different position papers presented by both sides into a single document.</p>
<p>&quot;It will be full of brackets, but at least it will be one document and a basis for more negotiation,&quot; said another alliance diplomat.</p>
<p>Both sides are keen to make progress ahead of a summit in Helsinki on March 21 between Presidents Bill Clinton and Boris Yeltsin at which major steps towards a deal could be made.  REUTER  101837 GMT mar 97</p>
</text>
<copyright>(c) Reuters Limited 1997</copyright>
<metadata>
<codes class="bip:countries:1.0">
  <code code="CZREP">
    <editdetail attribution="Reuters BIP Coding Group" action="confirmed" date="1997-03-10"/>
  </code>
  <code code="HUNG">
    <editdetail attribution="Reuters BIP Coding Group" action="confirmed" date="1997-03-10"/>
  </code>
  <code code="NATO">
    <editdetail attribution="Reuters BIP Coding Group" action="confirmed" date="1997-03-10"/>
  </code>
  <code code="POL">
    <editdetail attribution="Reuters BIP Coding Group" action="confirmed" date="1997-03-10"/>
  </code>
  <code code="RUSS">
    <editdetail attribution="Reuters BIP Coding Group" action="confirmed" date="1997-03-10"/>
  </code>
</codes>
<codes class="bip:topics:1.0">
  <code code="GCAT">
    <editdetail attribution="Reuters BIP Coding Group" action="confirmed" date="1997-03-10"/>
  </code>
  <code code="GDEF">
    <editdetail attribution="Reuters BIP Coding Group" action="confirmed" date="1997-03-10"/>
  </code>
  <code code="GDIP">
    <editdetail attribution="Reuters BIP Coding Group" action="confirmed" date="1997-03-10"/>
  </code>
</codes>
<dc element="dc.date.created" value="1997-03-10"/>
<dc element="dc.publisher" value="Reuters Holdings Plc"/>
<dc element="dc.date.published" value="1997-03-10"/>
<dc element="dc.source" value="Reuters"/>
<dc element="dc.creator.location" value="BRUSSELS"/>
<dc element="dc.creator.location.country.name" value="BELGIUM"/>
<dc element="dc.source" value="Reuters"/>
</metadata>
</newsitem>
