<?xml version="1.0" encoding="iso-8859-1" ?>
<newsitem itemid="429860" id="root" date="1997-03-10" xml:lang="en">
<title>UK: Northwest to up ex-UK cargo rates 2-5 pct.</title>
<headline>Northwest to up ex-UK cargo rates 2-5 pct.</headline>
<dateline>LONDON 1997-03-10</dateline>
<text>
<p>Northwest Airlines Inc plans to increase its ex-UK cargo rates to the United States by between two and five percent from April 1, said its Atlantic division cargo manager Brian Mutton.</p>
<p>He said a two percent rise would be implemented on the carrier's London-Houston route, with five percent increases introduced to the U.S. west coast and destinations including Portland.</p>
<p>&quot;Apart from  fuel surcharges, these are our first ex-UK cargo rate increases since March 1995. They are going up because our costs continue to spiral,&quot; Mutton told Reuters.</p>
<p>&quot;Airlines cannot afford to sustain losses any more. We are not a charity,&quot; he said.</p>
<p>He added that fuel surcharges were a separate issue to cargo rate rises.</p>
<p>&quot;From September 1995 to September 1996, Northwest's fuel costs went up 28 percent and during that period we absorbed them. Apart from their suddenness, the fuel surcharge we did eventually impose received no basic complaints from the air cargo industry,&quot; he said.</p>
<p>-Air Cargo Newsroom Tel +44 171 541 7706; fax +5017</p>
</text>
<copyright>(c) Reuters Limited 1997</copyright>
<metadata>
<codes class="bip:countries:1.0">
  <code code="UK">
    <editdetail attribution="Reuters BIP Coding Group" action="confirmed" date="1997-03-10"/>
  </code>
  <code code="USA">
    <editdetail attribution="Reuters BIP Coding Group" action="confirmed" date="1997-03-10"/>
  </code>
</codes>
<codes class="bip:industries:1.0">
  <code code="I75000">
    <editdetail attribution="Reuters BIP Coding Group" action="confirmed" date="1997-03-10"/>
  </code>
</codes>
<codes class="bip:topics:1.0">
  <code code="C31">
    <editdetail attribution="Reuters BIP Coding Group" action="confirmed" date="1997-03-10"/>
  </code>
  <code code="CCAT">
    <editdetail attribution="Reuters BIP Coding Group" action="confirmed" date="1997-03-10"/>
  </code>
</codes>
<dc element="dc.date.created" value="1997-03-10"/>
<dc element="dc.publisher" value="Reuters Holdings Plc"/>
<dc element="dc.date.published" value="1997-03-10"/>
<dc element="dc.source" value="Reuters"/>
<dc element="dc.creator.location" value="LONDON"/>
<dc element="dc.creator.location.country.name" value="UK"/>
<dc element="dc.source" value="Reuters"/>
</metadata>
</newsitem>
