<?xml version="1.0" encoding="iso-8859-1" ?>
<newsitem itemid="429816" id="root" date="1997-03-10" xml:lang="en">
<title>ROMANIA: BUCHAREST CINEMA LIST - MARCH 7-13.</title>
<headline>BUCHAREST CINEMA LIST - MARCH 7-13.</headline>
<dateline>BUCHAREST 1997-03-07</dateline>
<text>
<p>Bucharest cinema list:</p>
<p>Michael Collins	     STUDIO		6595315</p>
<p>				  0945 1200 1430 1700 1915</p>
<p>Romeo and Juliet	    PATRIA		2118625</p>
<p>				  0900 1130 1400 1700 1930</p>
<p>				  LUCEAFARUL	  6158767</p>
<p>				  0900 1130 1400 1630 1900</p>
<p>People vs Larry Flynt     SCALA		 2110372</p>
<p>				  0930 1200 1430 1700 1930</p>
<p>Carrie			  BUCURESTI	   6156154</p>
<p>				  0945 1100 1300 1500  1700 1900</p>
<p>Eraser			  CORSO		 6151334</p>
<p>				  0900 1130 1400 1630 1900</p>
<p>The Preacher's Wife	 FAVORIT	     7453170</p>
<p>				  0945 1200 1415 1630 1830 (Sat, Sun)</p>
<p>				  1200 1415 1630 1830 (Mon-Fri)</p>
<p>				  MIORITA	     6142714</p>
<p>				  1000 1230 1500 1730</p>
<p>Judge Dredd		   CULTURAL	    6835013</p>
<p>				  1000 1215 1430 1645 1900</p>
<p>Maximum Risk		  FLAMURA	     6857712</p>
<p>				  1000 1230 1500 1730</p>
<p>Independence Day	    AURORA		6350466</p>
<p>				  1000 1230 1500 1730 (Sat, Sun)</p>
<p>				  1230 1500 1730 (Mon-Fri)</p>
<p>Beverly Hills High	  EXCELSIOR	   6654945</p>
<p>				  1200 1400 1600 1800</p>
<p>Gladiator Cop		 OLYMPIA PALLAS    2223085</p>
<p>				  1000 1200 1400</p>
<p>Phantome avec chauffeur   DRUMUL SARII	4102344</p>
<p>				  1100 1500 (Sun) 1500 1700 (Mon-Thu)</p>
<p>Space Jam		     FLOREASCA	   6730992</p>
<p>				  1500 1700 (sat, Sun-also 1300)</p>
<p>The Quick and The Dead    DACIA		 6503390</p>
<p>				  1200 1400 1600 1800</p>
<p>(Source: Romaniafilm distribution company)</p>
</text>
<copyright>(c) Reuters Limited 1997</copyright>
<metadata>
<codes class="bip:countries:1.0">
  <code code="ROM">
    <editdetail attribution="Reuters BIP Coding Group" action="confirmed" date="1997-03-10"/>
  </code>
</codes>
<codes class="bip:topics:1.0">
  <code code="GCAT">
    <editdetail attribution="Reuters BIP Coding Group" action="confirmed" date="1997-03-10"/>
  </code>
  <code code="GENT">
    <editdetail attribution="Reuters BIP Coding Group" action="confirmed" date="1997-03-10"/>
  </code>
</codes>
<dc element="dc.date.created" value="1997-03-07"/>
<dc element="dc.publisher" value="Reuters Holdings Plc"/>
<dc element="dc.date.published" value="1997-03-10"/>
<dc element="dc.source" value="Reuters"/>
<dc element="dc.creator.location" value="BUCHAREST"/>
<dc element="dc.creator.location.country.name" value="ROMANIA"/>
<dc element="dc.source" value="Reuters"/>
</metadata>
</newsitem>
