<?xml version="1.0" encoding="iso-8859-1" ?>
<newsitem itemid="429842" id="root" date="1997-03-10" xml:lang="en">
<title>UK: NWE straight-run fuel oil prices stable.</title>
<headline>NWE straight-run fuel oil prices stable.</headline>
<dateline>LONDON 1997-03-10</dateline>
<text>
<p>Low sulphur straight run NWE fuel prices were stable on Monday with little buying interest on a quiet day, traders said.</p>
<p>Offers stood at $108 fob per tonne. Sellers said early indications of buying interest stood at $102 before rising to $105 but no deals were seen done.</p>
<p>Traders said prices for Russian high sulphur material were also stable but cargoes had become harder to find.</p>
<p>&quot;The Russians are hesitant (to sell) at the current price,&quot; one said. &quot;But I don't think buying interest is spectacular at the moment either.&quot;</p>
<p>--London newsroom +44 171 542 8060</p>
</text>
<copyright>(c) Reuters Limited 1997</copyright>
<metadata>
<codes class="bip:countries:1.0">
  <code code="UK">
    <editdetail attribution="Reuters BIP Coding Group" action="confirmed" date="1997-03-10"/>
  </code>
</codes>
<codes class="bip:topics:1.0">
  <code code="M14">
    <editdetail attribution="Reuters BIP Coding Group" action="confirmed" date="1997-03-10"/>
  </code>
  <code code="M143">
    <editdetail attribution="Reuters BIP Coding Group" action="confirmed" date="1997-03-10"/>
  </code>
  <code code="MCAT">
    <editdetail attribution="Reuters BIP Coding Group" action="confirmed" date="1997-03-10"/>
  </code>
</codes>
<dc element="dc.date.created" value="1997-03-10"/>
<dc element="dc.publisher" value="Reuters Holdings Plc"/>
<dc element="dc.date.published" value="1997-03-10"/>
<dc element="dc.source" value="Reuters"/>
<dc element="dc.creator.location" value="LONDON"/>
<dc element="dc.creator.location.country.name" value="UK"/>
<dc element="dc.source" value="Reuters"/>
</metadata>
</newsitem>
