<?xml version="1.0" encoding="iso-8859-1" ?>
<newsitem itemid="429891" id="root" date="1997-03-10" xml:lang="en">
<title>UK: Energy group to buy Citizens Lehman Power. [CORRECTED 17:48 GMT]</title>
<headline>Energy group to buy Citizens Lehman Power. [CORRECTED 17:48 GMT]</headline>
<dateline>LONDON 1997-03-10</dateline>
<text>
<p>The Energy Group Plc said on Monday that it had signed an agreement to acquire full ownership of Citizens Lehman Power L.L.C, a U.S. based power marketer, for a consideration of a maximum $120 million (Corrects from $200 million).</p>
<p>Energy Group said it was making an initial payment of $20 million.  </p>
<p>Citizens Lehman is currently owned by Lehman Brothers Holdings and Citizens Energy Corporation.</p>
<p>The company would be renamed as Citizens Power L.L.C. and would be a wholly-owned subsidiary of the Energy Group.</p>
<p>The company would focus on eletricity trading, risk management and electricity asset restructuring in the United States.</p>
<p>-- London Newsroom +44 171 542 7717</p>
</text>
<copyright>(c) Reuters Limited 1997</copyright>
<metadata>
<codes class="bip:countries:1.0">
  <code code="UK">
    <editdetail attribution="Reuters BIP Coding Group" action="confirmed" date="1997-03-10"/>
  </code>
  <code code="USA">
    <editdetail attribution="Reuters BIP Coding Group" action="confirmed" date="1997-03-10"/>
  </code>
</codes>
<codes class="bip:industries:1.0">
  <code code="I16000">
    <editdetail attribution="Reuters BIP Coding Group" action="confirmed" date="1997-03-10"/>
  </code>
  <code code="I83100">
    <editdetail attribution="Reuters BIP Coding Group" action="confirmed" date="1997-03-10"/>
  </code>
</codes>
<codes class="bip:topics:1.0">
  <code code="C18">
    <editdetail attribution="Reuters BIP Coding Group" action="confirmed" date="1997-03-10"/>
  </code>
  <code code="C181">
    <editdetail attribution="Reuters BIP Coding Group" action="confirmed" date="1997-03-10"/>
  </code>
  <code code="CCAT">
    <editdetail attribution="Reuters BIP Coding Group" action="confirmed" date="1997-03-10"/>
  </code>
</codes>
<dc element="dc.date.created" value="1997-03-10"/>
<dc element="dc.publisher" value="Reuters Holdings Plc"/>
<dc element="dc.date.published" value="1997-03-10"/>
<dc element="dc.source" value="Reuters"/>
<dc element="dc.creator.location" value="LONDON"/>
<dc element="dc.creator.location.country.name" value="UK"/>
<dc element="dc.source" value="Reuters"/>
</metadata>
</newsitem>
