<?xml version="1.0" encoding="iso-8859-1" ?>
<newsitem itemid="429884" id="root" date="1997-03-10" xml:lang="en">
<title>UK: NATWEST TO ANNOUNCE LOSS FINDINGS THIS WEEK.</title>
<headline>NATWEST TO ANNOUNCE LOSS FINDINGS THIS WEEK.</headline>
<dateline>LONDON 1997-03-10</dateline>
<text>
<p>NatWest Markets, the investment banking arm of Britain's National Westminster Bank Plc, said on Monday it could announce early findings about its 50 million pound ($80 million) options loss later this week.</p>
<p>But a full report is some way off. &quot;There may be an announcement about preliminary findings later this week but the full report will not be completed for some weeks,&quot; a spokeswoman told Reuters.</p>
<p>British newspapers have said NatWest is expected to deal severely with any managers found by the inquiry to have been lacking. But the bank declined to comment on what measures may be taken.</p>
<p>&quot;We are trying to be fair but also want to find the lines of accountability that matter,&quot; the firm's spokeswoman said, adding it was trying to be as quick as possible but also thorough and accurate.</p>
<p>It has appointed independent firms to check its investigation. Accountants Coopers &amp; Lybrand and lawyers Linklaters and Paines were brought in after the bank made the embarrassing revelation.</p>
<p>The 50 million pound hole in its interest rate options book, which it put down to &quot;mispricing errors&quot;, was announced at the end of last month, only days after its 1996 results were released.</p>
<p>NatWest has reported a former trader, said by banking sources to be Kyriacos Papouis, to financial watchdog the Securities and Futures Authority (SFA) and suspended a senior trader, named by banking sources as Neil Dodgson, for &quot;failure to supervise&quot;.</p>
<p>Last Friday Papouis, who last December left NatWest for U.S. investment bank Bear Stearns, had resigned from his new employer, where he was an interest rate trader.</p>
<p>Bear Stearns declined to give any details of his resignation, except to say it had conducted a thorough review of his open trading positions and was satisfied they were all booked and managed properly.</p>
<p>Options are contracts which give buyers the right, but not the obligation, to buy or sell an underlying security at a set price on a set date in the future.</p>
<p>The SFA has been notified of the NatWest internal probe into the loss and has opened a file while the Bank of England has said it is co-operating with the SFA. ($ = 0.625 British Pounds)</p>
</text>
<copyright>(c) Reuters Limited 1997</copyright>
<metadata>
<codes class="bip:countries:1.0">
  <code code="UK">
    <editdetail attribution="Reuters BIP Coding Group" action="confirmed" date="1997-03-10"/>
  </code>
</codes>
<codes class="bip:industries:1.0">
  <code code="I81402">
    <editdetail attribution="Reuters BIP Coding Group" action="confirmed" date="1997-03-10"/>
  </code>
</codes>
<codes class="bip:topics:1.0">
  <code code="C11">
    <editdetail attribution="Reuters BIP Coding Group" action="confirmed" date="1997-03-10"/>
  </code>
  <code code="C15">
    <editdetail attribution="Reuters BIP Coding Group" action="confirmed" date="1997-03-10"/>
  </code>
  <code code="C152">
    <editdetail attribution="Reuters BIP Coding Group" action="confirmed" date="1997-03-10"/>
  </code>
  <code code="CCAT">
    <editdetail attribution="Reuters BIP Coding Group" action="confirmed" date="1997-03-10"/>
  </code>
</codes>
<dc element="dc.date.created" value="1997-03-10"/>
<dc element="dc.publisher" value="Reuters Holdings Plc"/>
<dc element="dc.date.published" value="1997-03-10"/>
<dc element="dc.source" value="Reuters"/>
<dc element="dc.creator.location" value="LONDON"/>
<dc element="dc.creator.location.country.name" value="UK"/>
<dc element="dc.source" value="Reuters"/>
</metadata>
</newsitem>
