<?xml version="1.0" encoding="iso-8859-1" ?>
<newsitem itemid="429875" id="root" date="1997-03-10" xml:lang="en">
<title>UK: UK grain futures down after EU export news.</title>
<headline>UK grain futures down after EU export news.</headline>
<dateline>LONDON 1997-03-10</dateline>
<text>
<p>LIFFE wheat futures ended lower after news the EU may be looking at an early end to its export campaign.</p>
<p>&quot;Futures have run out of steam. They already looked softish on Friday,&quot; one trader said.</p>
<p>But much of Monday's fall followed directly from the EU news, he said.</p>
<p>May, which dominated volume, came down by 1.15 stg, to 98.50 stg. May volume was 309 of a total 418 lots.</p>
<p>The European Union may wrap up soft wheat exports for the 1996/97 campaign before the traditional end-April deadline, having already exported substantial volumes, an EU Commission official said on Monday.</p>
<p>&quot;We are not very far from the end of the campaign. It may be over before end-April,&quot; the official told Reuters.</p>
<p>--Christopher Lyddon, London newsroom +44 171 542 7928</p>
</text>
<copyright>(c) Reuters Limited 1997</copyright>
<metadata>
<codes class="bip:countries:1.0">
  <code code="UK">
    <editdetail attribution="Reuters BIP Coding Group" action="confirmed" date="1997-03-10"/>
  </code>
</codes>
<codes class="bip:topics:1.0">
  <code code="M14">
    <editdetail attribution="Reuters BIP Coding Group" action="confirmed" date="1997-03-10"/>
  </code>
  <code code="M141">
    <editdetail attribution="Reuters BIP Coding Group" action="confirmed" date="1997-03-10"/>
  </code>
  <code code="MCAT">
    <editdetail attribution="Reuters BIP Coding Group" action="confirmed" date="1997-03-10"/>
  </code>
</codes>
<dc element="dc.date.created" value="1997-03-10"/>
<dc element="dc.publisher" value="Reuters Holdings Plc"/>
<dc element="dc.date.published" value="1997-03-10"/>
<dc element="dc.source" value="Reuters"/>
<dc element="dc.creator.location" value="LONDON"/>
<dc element="dc.creator.location.country.name" value="UK"/>
<dc element="dc.source" value="Reuters"/>
</metadata>
</newsitem>
