<?xml version="1.0" encoding="iso-8859-1" ?>
<newsitem itemid="429870" id="root" date="1997-03-10" xml:lang="en">
<title>UK: Ireland warns UK against Sellafield nuclear dump.</title>
<headline>Ireland warns UK against Sellafield nuclear dump.</headline>
<dateline>LONDON 1997-03-10</dateline>
<text>
<p>The Irish government warned Britain on Monday that it would fight plans to build an underground nuclear dump near Sellafield, which backs onto the Irish Sea and said it would explore the &quot;legal options&quot; open to Ireland to block the move.</p>
<p>Emmet Stagg, minister of state for Ireland's department for transport, energy and communications, made the comments at a press briefing in London as part of a visit to raise the profile of opposition to the so-called NIREX proposal. Sellafield is a nuclear complex, based in Cumbria, north west England.</p>
<p>&quot;The reason I have decided to come to London is to highlight the Irish government's concerns following a further submission made by me to the UK authorities,&quot; he said.</p>
<p>The Irish minister added that the &quot;environmental threat of a nuclear waste dump so near to the Irish Sea warranted such intenvention.&quot;</p>
<p>He added that unless resolved, NIREX could become &quot;The potential source of dispute between our two countries.'</p>
<p>When asked what Ireland would do if Britain pushed ahead with plans for the dump, he said &quot;We will examine the options legally open to us.&quot; He said the Irish government's attorney general was exploring such possibilities at present.</p>
<p>NIREX was recently refused planning permission by the Cumbria County Council. Emmet said it already had evidence of minor accidents occuring and was worried about the impact of a major incident on Ireland as well as the UK.</p>
<p>&quot;If small accidents can occur on a regular basis, we are feaful a major accident could occur,&quot; he said.</p>
<p>-- London newsroom +44 171 542 7717</p>
</text>
<copyright>(c) Reuters Limited 1997</copyright>
<metadata>
<codes class="bip:countries:1.0">
  <code code="IRE">
    <editdetail attribution="Reuters BIP Coding Group" action="confirmed" date="1997-03-10"/>
  </code>
  <code code="UK">
    <editdetail attribution="Reuters BIP Coding Group" action="confirmed" date="1997-03-10"/>
  </code>
</codes>
<codes class="bip:industries:1.0">
  <code code="I15000">
    <editdetail attribution="Reuters BIP Coding Group" action="confirmed" date="1997-03-10"/>
  </code>
</codes>
<codes class="bip:topics:1.0">
  <code code="C24">
    <editdetail attribution="Reuters BIP Coding Group" action="confirmed" date="1997-03-10"/>
  </code>
  <code code="CCAT">
    <editdetail attribution="Reuters BIP Coding Group" action="confirmed" date="1997-03-10"/>
  </code>
  <code code="GCAT">
    <editdetail attribution="Reuters BIP Coding Group" action="confirmed" date="1997-03-10"/>
  </code>
  <code code="GDIP">
    <editdetail attribution="Reuters BIP Coding Group" action="confirmed" date="1997-03-10"/>
  </code>
  <code code="GENV">
    <editdetail attribution="Reuters BIP Coding Group" action="confirmed" date="1997-03-10"/>
  </code>
</codes>
<dc element="dc.date.created" value="1997-03-10"/>
<dc element="dc.publisher" value="Reuters Holdings Plc"/>
<dc element="dc.date.published" value="1997-03-10"/>
<dc element="dc.source" value="Reuters"/>
<dc element="dc.creator.location" value="LONDON"/>
<dc element="dc.creator.location.country.name" value="UK"/>
<dc element="dc.source" value="Reuters"/>
</metadata>
</newsitem>
