<?xml version="1.0" encoding="iso-8859-1" ?>
<newsitem itemid="429866" id="root" date="1997-03-10" xml:lang="en">
<title>UK: MSAS reorganises top executives.</title>
<headline>MSAS reorganises top executives.</headline>
<dateline>LONDON 1997-03-10</dateline>
<text>
<p>MSAS Cargo International said Geoff Corpe will become executive director - Europe, responsible for Belgium, Belgium Logistics, France, Germany, Italy, Netherlands, Ireland, Norway, Portugal, Spain and the UK with effect from April 1.</p>
<p>He was previously executive director UK, Far East, South Africa and Air Link, it added in a statement.</p>
<p>Mick Fountain keeps responsibility for the U.S., Latin America and Canada, but adds Japan, Korea, Australia, New Zealand and Air Link and becomes executive director - America-Pacific.</p>
<p>It said Edward Hope, previously executive director Continental Europe and Africa, becomes executive director Africa, Middle East and India, responsible for South Africa and MSAS' current agency operations in the rest of the area.</p>
<p>The company has plans to make a significant investment in India in 1997, and Hope will establish a expansion strategy for the Middle East and Africa.</p>
<p>Stephen Chan's responsibilities as executive director --- South East Asia, MSAS' largest area in terms of profit --, sales and people remain unchanged, it added.</p>
<p>All the changes will take effect on 1 April 1997. -- Reuters Air Cargo Newsroom Tel+44 171 542 7706 Fax:5017</p>
</text>
<copyright>(c) Reuters Limited 1997</copyright>
<metadata>
<codes class="bip:countries:1.0">
  <code code="UK">
    <editdetail attribution="Reuters BIP Coding Group" action="confirmed" date="1997-03-10"/>
  </code>
</codes>
<codes class="bip:industries:1.0">
  <code code="I74000">
    <editdetail attribution="Reuters BIP Coding Group" action="confirmed" date="1997-03-10"/>
  </code>
</codes>
<codes class="bip:topics:1.0">
  <code code="C41">
    <editdetail attribution="Reuters BIP Coding Group" action="confirmed" date="1997-03-10"/>
  </code>
  <code code="C411">
    <editdetail attribution="Reuters BIP Coding Group" action="confirmed" date="1997-03-10"/>
  </code>
  <code code="CCAT">
    <editdetail attribution="Reuters BIP Coding Group" action="confirmed" date="1997-03-10"/>
  </code>
</codes>
<dc element="dc.date.created" value="1997-03-10"/>
<dc element="dc.publisher" value="Reuters Holdings Plc"/>
<dc element="dc.date.published" value="1997-03-10"/>
<dc element="dc.source" value="Reuters"/>
<dc element="dc.creator.location" value="LONDON"/>
<dc element="dc.creator.location.country.name" value="UK"/>
<dc element="dc.source" value="Reuters"/>
</metadata>
</newsitem>
