<?xml version="1.0" encoding="iso-8859-1" ?>
<newsitem itemid="429878" id="root" date="1997-03-10" xml:lang="en">
<title>UK: Phibro's Ward sees cocoa hits 1,500 stg by summer.</title>
<headline>Phibro's Ward sees cocoa hits 1,500 stg by summer.</headline>
<dateline>LONDON 1997-03-10</dateline>
<text>
<p>Phibro director Anthony Ward said on Monday he expected cocoa prices hit 1,500 stg a tonne by the summer based on structural deficit.</p>
<p>Phibro is a major player in cocoa market.</p>
</text>
<copyright>(c) Reuters Limited 1997</copyright>
<metadata>
<codes class="bip:countries:1.0">
  <code code="UK">
    <editdetail attribution="Reuters BIP Coding Group" action="confirmed" date="1997-03-10"/>
  </code>
</codes>
<codes class="bip:topics:1.0">
  <code code="M14">
    <editdetail attribution="Reuters BIP Coding Group" action="confirmed" date="1997-03-10"/>
  </code>
  <code code="M141">
    <editdetail attribution="Reuters BIP Coding Group" action="confirmed" date="1997-03-10"/>
  </code>
  <code code="MCAT">
    <editdetail attribution="Reuters BIP Coding Group" action="confirmed" date="1997-03-10"/>
  </code>
</codes>
<dc element="dc.date.created" value="1997-03-10"/>
<dc element="dc.publisher" value="Reuters Holdings Plc"/>
<dc element="dc.date.published" value="1997-03-10"/>
<dc element="dc.source" value="Reuters"/>
<dc element="dc.creator.location" value="LONDON"/>
<dc element="dc.creator.location.country.name" value="UK"/>
<dc element="dc.source" value="Reuters"/>
</metadata>
</newsitem>
