<?xml version="1.0" encoding="iso-8859-1" ?>
<newsitem itemid="429840" id="root" date="1997-03-10" xml:lang="en">
<title>UK: UK's PIA expects acceleration on mis-selling probe.</title>
<headline>UK's PIA expects acceleration on mis-selling probe.</headline>
<dateline>LONDON 1997-03-10</dateline>
<text>
<p>Britain's Personal Investment Authority said it had some 558,000 cases of possible mis-selling of pensions on its books, and 37,000 assesments had been completed.</p>
<p>Collette Bowe, PIA chief executive, told parliament's Treasury Committee 478,000 of those were regarded as priority cases, many of which date back to a scandal in the late 1980s and early 1990s.</p>
<p>Some 11,000 offers of redress worth 80 million stg had been made, and 61 million had been accepted, Bowe said.</p>
<p>Responding to criticism from the committee that only one percent of the cases had been dealt with, she said it could not have foressen problems, many of which were due to external factors and the method of reviewing possible mis-selling.</p>
<p>But PIA chairman Joe Palmer said the method had been simplified and he hoped to have much of the backlog out of the way by the end of the year, having called in those parties with many priority cases to find ways to speed up the process.</p>
<p>Bowe said the PIA's priority was to secure adequate financial compensation for mis-selling, rather than on disciplinary action against those involved in mis-selling.</p>
<p>But Palmer said he had informed some players in the industry, which he did not name, that they could face disciplinary proceedings. Bowe said she could not name the parties likely to be the greatest culprits in the mis-selling.</p>
<p>Bowe said the majority of the mis-selling problem was due to incompetence and poor management rather than fraud.</p>
<p>She said a way of ensuring public confidence in the PIA would be to ensure that directors be appointed by the government, and not by the current election by industry members and co-option.</p>
<p>They said it was too early to respond in detail to proposals by the Conservative Party to reform the pension system, through the Pensions Plus scheme announced last week.</p>
</text>
<copyright>(c) Reuters Limited 1997</copyright>
<metadata>
<codes class="bip:countries:1.0">
  <code code="UK">
    <editdetail attribution="Reuters BIP Coding Group" action="confirmed" date="1997-03-10"/>
  </code>
</codes>
<codes class="bip:industries:1.0">
  <code code="I81502">
    <editdetail attribution="Reuters BIP Coding Group" action="confirmed" date="1997-03-10"/>
  </code>
  <code code="I8150214">
    <editdetail attribution="Reuters BIP Coding Group" action="confirmed" date="1997-03-10"/>
  </code>
</codes>
<codes class="bip:topics:1.0">
  <code code="C13">
    <editdetail attribution="Reuters BIP Coding Group" action="confirmed" date="1997-03-10"/>
  </code>
  <code code="C31">
    <editdetail attribution="Reuters BIP Coding Group" action="confirmed" date="1997-03-10"/>
  </code>
  <code code="CCAT">
    <editdetail attribution="Reuters BIP Coding Group" action="confirmed" date="1997-03-10"/>
  </code>
</codes>
<dc element="dc.date.created" value="1997-03-10"/>
<dc element="dc.publisher" value="Reuters Holdings Plc"/>
<dc element="dc.date.published" value="1997-03-10"/>
<dc element="dc.source" value="Reuters"/>
<dc element="dc.creator.location" value="LONDON"/>
<dc element="dc.creator.location.country.name" value="UK"/>
<dc element="dc.source" value="Reuters"/>
</metadata>
</newsitem>
