<?xml version="1.0" encoding="iso-8859-1" ?>
<newsitem itemid="429849" id="root" date="1997-03-10" xml:lang="en">
<title>UK: FOCUS - Cocoa gains while coffee and metals lag.</title>
<headline>FOCUS - Cocoa gains while coffee and metals lag.</headline>
<byline>Catherine Bremer</byline>
<dateline>LONDON 1997-03-10</dateline>
<text>
<p>Strong gains in cocoa on Monday placed it head and shoulders above lacklustre metals and weak coffee as these markets cooled off after last week's price swings.</p>
<p>London cocoa prices rose to a spectacular 4-1/2 month high in a driven by short covering on news from the leading producer Ivory Coast, traders said.</p>
<p>The benchmark May contract gained 35 stg to close at 981 stg.</p>
<p>Ivorian commodities minister, Alain Gauze told an International Cocoa Organisation (ICCO) meeting the country had no more cocoa to sell.</p>
<p>He said the government would destroy all illegally-planted coffee and cocoa which would leave the 1996/97 crop between 900,000 and 950,000 tonnes - undershooting forecasts.</p>
<p>Around 800,000 tonnes have already been sold.</p>
<p>The market responded quickly. &quot;Cocoa has risen by 100 stg from the lows,&quot; said one trader. &quot;It's all about speculative short-covering.&quot;</p>
<p>The ICCO meeting also heard that Ghana had sold around 200,000 tonnes of its main crop cocoa - two thirds of the total forecast for 1996/97</p>
<p>Coffee prices, however, showed no sign of recovering from their recent bearish tone. London's benchmark robusta futures for May delivery ended at $1,718, down $11 on the day, after touching a low of $1,699 at the open.</p>
<p>Dealers reported scant trading volume as sellers turned cautious after three days of straight losses.</p>
<p>Prices have fallen steadily from a nine-month peak last Wednesday which prompted several roasters to raise retail prices. But dealers remained optimistic over the long-term.</p>
<p>&quot;Broadly speaking, coffee remains in the medium-term uptrend and any short-term weakness should be viewed as corrective,&quot; said Adrian Haylor, analyst at Sucden.</p>
<p>Trading was subdued on the London Metal Exchange (LME) as copper led other base metals lower.</p>
<p>Copper futures eased in thin volume to close at $2,358 per tonne, compared to $2,389 on Friday. Traders said buying interest was sketchy in the wake of Friday's explosive rally which ended in a sell-off and a price plunge at the close.</p>
<p>Aluminium mirrored copper's bearish tone, and continued its weakness after a smaller than expected warehouse stock fall of 1,800 tonnes on Friday.</p>
<p>LME three-month contracts closed at $1,657, down from $1,674 on Friday.</p>
<p>Copper dealers were watching for signs of China entering the market after the China Daily's Business Weekly said on Sunday that China's demand for copper would reach 1.2 million tonnes in 1997.</p>
<p>The country produced over 900,000 tonnes of the red metal last year.</p>
<p>But Chinese traders ruled out any activity in the immediate future, saying prices were too high to justify buying.</p>
<p>A Shanghai Metal Exchange source said sky-high world copper prices were not supported by fundamentals.</p>
<p>&quot;I don't really see any support for $2,400,&quot; he said. &quot;If the price can go above $2,400 a tonne and stay there for a decent period, that would indicate some support, but I think the funds are under pressure to sell.&quot;</p>
<p>Among the softs, soybean futures rallied to contract highs on the Chicago Board of Trade.</p>
<p>Traders reported heavy fund buying amid speculation the U.S. Agriculture Department would cut its 1996-97 ending stock projection in its report due on Tuesday.</p>
<p>Prices were pushed up by July/November spread trading, with the July premium supported by supply concerns.</p>
<p>Sugar was also up after Fiji Sugar Corp confirmed fears that the 130-mph cyclone which lashed the South Pacific nation last week had damaged the crop.</p>
<p>Before the cyclone, Fiji's 1997 raw sugar production had been forecast at 473,000 tonnes.</p>
<p>Precious metals, like the industrials, were mostly bearish. Gold prices lacked direction, closing up $2 from Friday at $350.50 per tonne, but were still depressed after last week's news that the Swiss Central Bank planned to sell some of its gold reserves.</p>
<p>Dealers said the market was still skittish, but  physical demand had pushed prices up slightly.</p>
<p>Platinum and silver were also weak, but palladium closed higher, with traders still watching for news on the threatened strike by workers at Russia'a Norilsk Nickel complex.</p>
<p>Crude oil was down, with benchmark Brent April futures down to $19.56 per barrel at 1740 GMT from Friday's surge above $20.</p>
<p>Some key prices at 1740 GMT on Monday -</p>
<p>					     Monday     Friday</p>
<p>Ldn Spot Gold($ per ounce)	   350.50     348.50</p>
<p>IPE Brent Crude Oil (Apr)	     19.56	19.95</p>
<p>Ldn Metal Exchange(3 mths delivery)</p>
<p>Copper ($ per tonne)		 2,358.00   2,389.00</p>
<p>Aluminium ($ per tonne)	    1,658.00   1,674.00</p>
<p>LIFFE</p>
<p>Robusta Coffee ($/tonne) (May)    1,718.00  1,729.00</p>
<p>Cocoa (Stg per tonne) (May)	   981.00    946.00</p>
<p>White Sugar ($ p/t May)		 309.00    308.00</p>
<p>Chicago Board of Trade Wheat</p>
<p>(Cents per bushel)(Mar)		    374	 376</p>
</text>
<copyright>(c) Reuters Limited 1997</copyright>
<metadata>
<codes class="bip:countries:1.0">
  <code code="UK">
    <editdetail attribution="Reuters BIP Coding Group" action="confirmed" date="1997-03-10"/>
  </code>
</codes>
<codes class="bip:topics:1.0">
  <code code="M14">
    <editdetail attribution="Reuters BIP Coding Group" action="confirmed" date="1997-03-10"/>
  </code>
  <code code="M141">
    <editdetail attribution="Reuters BIP Coding Group" action="confirmed" date="1997-03-10"/>
  </code>
  <code code="M142">
    <editdetail attribution="Reuters BIP Coding Group" action="confirmed" date="1997-03-10"/>
  </code>
  <code code="M143">
    <editdetail attribution="Reuters BIP Coding Group" action="confirmed" date="1997-03-10"/>
  </code>
  <code code="MCAT">
    <editdetail attribution="Reuters BIP Coding Group" action="confirmed" date="1997-03-10"/>
  </code>
</codes>
<dc element="dc.date.created" value="1997-03-10"/>
<dc element="dc.publisher" value="Reuters Holdings Plc"/>
<dc element="dc.date.published" value="1997-03-10"/>
<dc element="dc.source" value="Reuters"/>
<dc element="dc.creator.location" value="LONDON"/>
<dc element="dc.creator.location.country.name" value="UK"/>
<dc element="dc.source" value="Reuters"/>
</metadata>
</newsitem>
