<?xml version="1.0" encoding="iso-8859-1" ?>
<newsitem itemid="429821" id="root" date="1997-03-10" xml:lang="en">
<title>UK: Britain's new fraudbusting head faces tough task.</title>
<headline>Britain's new fraudbusting head faces tough task.</headline>
<byline>Alexander Smith</byline>
<dateline>LONDON 1997-03-10</dateline>
<text>
<p>Britain's Serious Fraud Office (SFO), better known for its failures than successes, on Monday got a new director in the form of lawyer Rosalind Wright.</p>
<p>Wright succeeds George Staple next month following her appointment by Attorney General Sir Nicholas Lyell. At the time of her appointment, she was general counsel and an executive director at financial watchdog the Securities and Futures Authority.</p>
<p>Staple, who has been SFO head for the past five years, is due to return to private practice. He is a partner at law firm Clifford Chance and is expected to resume his role there.</p>
<p>Wright will be the fourth SFO director and the second woman to have run the office. The SFO said she was a &quot;very experienced prosecutor and City regulator&quot; and welcomed her appointment.</p>
<p>She was head of the fraud investigation group in the Director of Public Prosecution's department between 1983 and 1987.</p>
<p>The SFO, which investigates and prosecutes Britain's most serious and complex fraud cases, was set up in 1988 with the aim of bringing more of these complicated white-collar crimes to trial and putting the perpetrators behind bars.</p>
<p>But the office has fought an uphill battle against unfavourable public and media opinion following several high-profile acquittals and perceived &quot;failures&quot; to get convictions.</p>
<p>These have included the acquittal of former boxer George Walker in 1994 for an alleged 164 million pound ($262 million) fraud on creditors and shareholders in his leisure group Brent Walker.</p>
<p>The acquittal of Kevin and Ian Maxwell almost a year ago on fraud charges and the subsequent throwing out of a second trial against Kevin, son of the late tycoon Robert Maxwell, were also widely viewed as blows.</p>
<p>Staple has defended the office, saying it was wrong to judge it merely on a number of notable acquittals. The SFO says it has an overall conviction rate of around 63 percent.</p>
<p>The SFO has managed to achieve notable convictions. It secured the conviction of Peter Clowes in the Barlow Clowes financial scandal as well as getting results in all of the Bank of Credit and Commerce International (BCCI) cases it has brought to trial. It said that more than three out of four cases has ended in at least one conviction. Of 154 cases brought to trial since its inception, 219 out of a total of 349 defendants have been convicted.</p>
<p>Senior lawyers have said the SFO was being used as a scapegoat for shortcomings in the British legal system's ability to deal with complex frauds.</p>
<p>This has led to calls for a revision to the jury system in crimes involving complicated investments, with suggestions that a specialist panel may be more appropriate than a lay jury.</p>
<p>After the throwing out of the second Maxwell case, Staple himself said the ruling weakened the system of trying people accused of major financial fraud.</p>
<p>He described the system as emasculated because the ruling meant that later severed indictments, where charges are split up to produce a series of manageable trials, were unlikely to be pursued after an acquittal.</p>
<p>Staple also questioned whether it was reasonable to ask a lay jury to sit through an entire lengthy case and at the end of the process deliver a verdict. He said a solution to the problems raised was urgently needed.</p>
<p>Other questions still facing the SFO, which the incoming Wright will have to overcome, are the huge cost of such trials and Britain's ability to prosecute international fraud.</p>
<p>Among the cases it is currently considering for investigation is that of Peter Young, the Morgan Grenfell Asset Management fund manager sacked last year by parent bank Deutsche Morgan Grenfell after the discovery of irregularities in three of its funds. ($ = 0.625 British Pounds)</p>
</text>
<copyright>(c) Reuters Limited 1997</copyright>
<metadata>
<codes class="bip:countries:1.0">
  <code code="UK">
    <editdetail attribution="Reuters BIP Coding Group" action="confirmed" date="1997-03-10"/>
  </code>
</codes>
<codes class="bip:topics:1.0">
  <code code="GCAT">
    <editdetail attribution="Reuters BIP Coding Group" action="confirmed" date="1997-03-10"/>
  </code>
  <code code="GCRIM">
    <editdetail attribution="Reuters BIP Coding Group" action="confirmed" date="1997-03-10"/>
  </code>
</codes>
<dc element="dc.date.created" value="1997-03-10"/>
<dc element="dc.publisher" value="Reuters Holdings Plc"/>
<dc element="dc.date.published" value="1997-03-10"/>
<dc element="dc.source" value="Reuters"/>
<dc element="dc.creator.location" value="LONDON"/>
<dc element="dc.creator.location.country.name" value="UK"/>
<dc element="dc.source" value="Reuters"/>
</metadata>
</newsitem>
