<?xml version="1.0" encoding="iso-8859-1" ?>
<newsitem itemid="429857" id="root" date="1997-03-10" xml:lang="en">
<title>UK: British Sikhs campaign to wear turbans at work.</title>
<headline>British Sikhs campaign to wear turbans at work.</headline>
<dateline>LONDON 1997-03-10</dateline>
<text>
<p>British Sikhs met government officials on Monday to press for the right to wear their holy turbans in industrial workplaces and leave off the hard protective hats they say are contrary to the Sikh religion.</p>
<p>The British Sikh Federation said Sikhs had been forced out of jobs because of a European Community directive, introduced in 1992, which obliged Britain to enforce the wearing of hard hats whenever there is a possibility of head injury.</p>
<p>But the group said their persistence was paying dividends.</p>
<p>&quot;I think they (the British government) are starting to take action which they should have taken some years ago,&quot; Kashmir Singh, general secretary of the British Sikh Federation told Reuters.</p>
<p>The Sikh federation has campaigned for the last five years for the right to continue with their existing jobs whilst wearing holy turbans only.</p>
<p>It has already won the right not to wear hard hats on construction sites and Sikhs are exempted from the law requiring motorcycle riders to wear helmets.</p>
<p>After what Singh described as &quot;quite a helpful meeting&quot; with Britain's Health and Safety Executive, the government body agreed to produce a leaflet giving guidance to British employers about Sikh head protection.</p>
<p>&quot;This is a useful step for employers,&quot; said Singh. &quot;But our objective remains to extend existing construction exemption rights to cover non-construction workers as well.&quot;</p>
</text>
<copyright>(c) Reuters Limited 1997</copyright>
<metadata>
<codes class="bip:countries:1.0">
  <code code="EEC">
    <editdetail attribution="Reuters BIP Coding Group" action="confirmed" date="1997-03-10"/>
  </code>
  <code code="UK">
    <editdetail attribution="Reuters BIP Coding Group" action="confirmed" date="1997-03-10"/>
  </code>
</codes>
<codes class="bip:topics:1.0">
  <code code="C42">
    <editdetail attribution="Reuters BIP Coding Group" action="confirmed" date="1997-03-10"/>
  </code>
  <code code="CCAT">
    <editdetail attribution="Reuters BIP Coding Group" action="confirmed" date="1997-03-10"/>
  </code>
  <code code="E41">
    <editdetail attribution="Reuters BIP Coding Group" action="confirmed" date="1997-03-10"/>
  </code>
  <code code="ECAT">
    <editdetail attribution="Reuters BIP Coding Group" action="confirmed" date="1997-03-10"/>
  </code>
  <code code="G15">
    <editdetail attribution="Reuters BIP Coding Group" action="confirmed" date="1997-03-10"/>
  </code>
  <code code="GCAT">
    <editdetail attribution="Reuters BIP Coding Group" action="confirmed" date="1997-03-10"/>
  </code>
  <code code="GJOB">
    <editdetail attribution="Reuters BIP Coding Group" action="confirmed" date="1997-03-10"/>
  </code>
  <code code="GREL">
    <editdetail attribution="Reuters BIP Coding Group" action="confirmed" date="1997-03-10"/>
  </code>
</codes>
<dc element="dc.date.created" value="1997-03-10"/>
<dc element="dc.publisher" value="Reuters Holdings Plc"/>
<dc element="dc.date.published" value="1997-03-10"/>
<dc element="dc.source" value="Reuters"/>
<dc element="dc.creator.location" value="LONDON"/>
<dc element="dc.creator.location.country.name" value="UK"/>
<dc element="dc.source" value="Reuters"/>
</metadata>
</newsitem>
