<?xml version="1.0" encoding="iso-8859-1" ?>
<newsitem itemid="429868" id="root" date="1997-03-10" xml:lang="en">
<title>UK: Lack of rain mars good UK grains crop outlook.</title>
<headline>Lack of rain mars good UK grains crop outlook.</headline>
<dateline>LONDON 1997-03-10</dateline>
<text>
<p>The the spring growing period is getting under way in the UK and cereals analysts are generally heartened by the state of crops.</p>
<p>But worries over the continued lack of rainfall remain.</p>
<p>&quot;Things should start growing quite quickly now,&quot; one analyst said. &quot;Crops look good. There's been no damage from the cold weather.&quot;</p>
<p>&quot;We could do with a lot more rain,&quot; another said. &quot;If it stays dry during March, people will start to get more worried,&quot; he said.</p>
<p>But the overall picture was not so bad, he said. One positive result of low rainfall levels was a high soil nitrogen content, which meant crops were green.</p>
<p>Poor conditions during January and February delayed spring barley sowing. &quot;Drilling's been later than we'd have liked, after a shocking start to the year,&quot; he said. But now the delay was being made up. &quot;People have been drilling like mad,&quot; he said.</p>
<p>&quot;People are a bit worried about the low level of rainfall so far this year,&quot; one farming source in East Anglia said.</p>
<p>Their concerns centred on whether the dry start to the year might herald continued low rainfall, she said.</p>
<p>But there were also concerns about what it might mean for the availability of water for irrigation. &quot;A lot of the light land depends on irrigation,&quot; she said.</p>
<p>Like others, the East Anglian source would not be drawn on the likely harvest volume. &quot;It's far too early to be making crop predictions,</p>
<p>--Christopher Lyddon, London newsroom +44 171 542 7928</p>
</text>
<copyright>(c) Reuters Limited 1997</copyright>
<metadata>
<codes class="bip:countries:1.0">
  <code code="UK">
    <editdetail attribution="Reuters BIP Coding Group" action="confirmed" date="1997-03-10"/>
  </code>
</codes>
<codes class="bip:industries:1.0">
  <code code="I01001">
    <editdetail attribution="Reuters BIP Coding Group" action="confirmed" date="1997-03-10"/>
  </code>
  <code code="I0100132">
    <editdetail attribution="Reuters BIP Coding Group" action="confirmed" date="1997-03-10"/>
  </code>
</codes>
<codes class="bip:topics:1.0">
  <code code="C24">
    <editdetail attribution="Reuters BIP Coding Group" action="confirmed" date="1997-03-10"/>
  </code>
  <code code="CCAT">
    <editdetail attribution="Reuters BIP Coding Group" action="confirmed" date="1997-03-10"/>
  </code>
  <code code="M14">
    <editdetail attribution="Reuters BIP Coding Group" action="confirmed" date="1997-03-10"/>
  </code>
  <code code="M141">
    <editdetail attribution="Reuters BIP Coding Group" action="confirmed" date="1997-03-10"/>
  </code>
  <code code="MCAT">
    <editdetail attribution="Reuters BIP Coding Group" action="confirmed" date="1997-03-10"/>
  </code>
</codes>
<dc element="dc.date.created" value="1997-03-10"/>
<dc element="dc.publisher" value="Reuters Holdings Plc"/>
<dc element="dc.date.published" value="1997-03-10"/>
<dc element="dc.source" value="Reuters"/>
<dc element="dc.creator.location" value="LONDON"/>
<dc element="dc.creator.location.country.name" value="UK"/>
<dc element="dc.source" value="Reuters"/>
</metadata>
</newsitem>
