<?xml version="1.0" encoding="iso-8859-1" ?>
<newsitem itemid="429806" id="root" date="1997-03-10" xml:lang="en">
<title>POLAND: FORECAST-POLISH ZLOTY SEEN AT 3.4057 VS DLR END-97.</title>
<headline>FORECAST-POLISH ZLOTY SEEN AT 3.4057 VS DLR END-97.</headline>
<dateline>WARSAW 1997-03-10</dateline>
<text>
<p>The Polish zloty is seen easing against the dollar by the end of the year and the prediction is more pessimistic than last month, according to a Reuter poll of the country's 26 largest banks.</p>
<p>By the end of 1997 the zloty is expected to fall to 3.4057 to the dollar versus Monday's fixing of 3.0830, the poll showed.</p>
<p>The end-1997 prediction is a mean average of forecasts that ranged between 3.2000 and 4.0000.</p>
<p>Last month, banks predicted a fall in the Polish unit to 3.3757 at year-end with forecast ranging from 3.2100 to 3.8000.</p>
<p>Banks estimated the zloty would fall to an average of 3.1040 against the dollar at the end of March with a range from 3.0750 to 3.1485 and to 3.4546 to the dollar in March 1998 with a range of forecasts from 3.2500 to 4.1200.</p>
<p>-- Warsaw Newsroom +48 22 653 9700</p>
</text>
<copyright>(c) Reuters Limited 1997</copyright>
<metadata>
<codes class="bip:countries:1.0">
  <code code="POL">
    <editdetail attribution="Reuters BIP Coding Group" action="confirmed" date="1997-03-10"/>
  </code>
</codes>
<codes class="bip:topics:1.0">
  <code code="M13">
    <editdetail attribution="Reuters BIP Coding Group" action="confirmed" date="1997-03-10"/>
  </code>
  <code code="M132">
    <editdetail attribution="Reuters BIP Coding Group" action="confirmed" date="1997-03-10"/>
  </code>
  <code code="MCAT">
    <editdetail attribution="Reuters BIP Coding Group" action="confirmed" date="1997-03-10"/>
  </code>
</codes>
<dc element="dc.date.created" value="1997-03-10"/>
<dc element="dc.publisher" value="Reuters Holdings Plc"/>
<dc element="dc.date.published" value="1997-03-10"/>
<dc element="dc.source" value="Reuters"/>
<dc element="dc.creator.location" value="WARSAW"/>
<dc element="dc.creator.location.country.name" value="POLAND"/>
<dc element="dc.source" value="Reuters"/>
</metadata>
</newsitem>
