<?xml version="1.0" encoding="iso-8859-1" ?>
<newsitem itemid="429881" id="root" date="1997-03-10" xml:lang="en">
<title>UK: CastleInternational hits $2bn under management.</title>
<headline>CastleInternational hits $2bn under management.</headline>
<dateline>EDINBURGH 1997-03-10</dateline>
<text>
<p>CastleInternational Asset Management(CAM), formed last year by a 14-strong rebel team from Dunedin fund managers, has recorded its first $2bn of funds within 12 months of trading.</p>
<p>PNC Corporation of Philadelphia owns 80 percent of the Edinburgh-based fund manager, whose original business plan forecast around $800m of business by end of year two.</p>
<p>CastleInternational began trading on March 13, 1996. It was given an early boost by being chosen to handle PNC's $1.2bn mutual fund.</p>
<p>Now, it has picked up two new US clients: the Branch Banking and Trust Company of North Carolina ($40m), and an as yet undisclosed state fund worth $160m, concentrating on an emerging market mandate.</p>
<p>The fund manager was set up by Doug Waggoner, Dunedin's former marketing director in Chicago, who resigned in the summer of 1995.</p>
<p>It was joined by a dozen other employees of the fund manager, as Edinburgh Fund Managers picked up Dunedin for 83.25 million stg from 50.5 percent stakeholders British Linen Bank in February, 1996.</p>
<p>Anderson said he expects to add several hundred million dollars' worth of new clients to his portfolio in the coming months. &quot;The new business is a great way to mark our first year. Our rate of activity is very good,&quot; he said.</p>
<p>&quot;The bigger of the two new clients is very significant for us because it is a state fund,&quot; he added. &quot;It calls upon us to demonstrate our capabilities to a particular mandate.&quot;</p>
<p>CastleInternational recently took on two more ex-Dunedin staff, one in its Chicago office the other in Edinburgh.</p>
<p>-- Bill Magee, London newsroom +44 171 542 5887</p>
</text>
<copyright>(c) Reuters Limited 1997</copyright>
<metadata>
<codes class="bip:countries:1.0">
  <code code="UK">
    <editdetail attribution="Reuters BIP Coding Group" action="confirmed" date="1997-03-10"/>
  </code>
</codes>
<codes class="bip:industries:1.0">
  <code code="I81402">
    <editdetail attribution="Reuters BIP Coding Group" action="confirmed" date="1997-03-10"/>
  </code>
  <code code="I81502">
    <editdetail attribution="Reuters BIP Coding Group" action="confirmed" date="1997-03-10"/>
  </code>
</codes>
<codes class="bip:topics:1.0">
  <code code="C15">
    <editdetail attribution="Reuters BIP Coding Group" action="confirmed" date="1997-03-10"/>
  </code>
  <code code="C151">
    <editdetail attribution="Reuters BIP Coding Group" action="confirmed" date="1997-03-10"/>
  </code>
  <code code="CCAT">
    <editdetail attribution="Reuters BIP Coding Group" action="confirmed" date="1997-03-10"/>
  </code>
</codes>
<dc element="dc.date.created" value="1997-03-10"/>
<dc element="dc.publisher" value="Reuters Holdings Plc"/>
<dc element="dc.date.published" value="1997-03-10"/>
<dc element="dc.source" value="Reuters"/>
<dc element="dc.creator.location" value="EDINBURGH"/>
<dc element="dc.creator.location.country.name" value="UK"/>
<dc element="dc.source" value="Reuters"/>
</metadata>
</newsitem>
