<?xml version="1.0" encoding="iso-8859-1" ?>
<newsitem itemid="429847" id="root" date="1997-03-10" xml:lang="en">
<title>UK: Roaster buying helps LIFFE coffee off lows.</title>
<headline>Roaster buying helps LIFFE coffee off lows.</headline>
<dateline>LONDON 1997-03-10</dateline>
<text>
<p>LIFFE coffee prices fell in light trading, but bounced off support amid some industry price fixing at the lows, traders said.</p>
<p>&quot;It's what we'd have expected,&quot; one trader said. &quot;There was a lot of roaster buying keeping it off the lows.</p>
<p>The benchmark May contract last traded $11 lower at $1,718, having seen a low of $1,679. May volume was 2,726 lots of a total 3,735 lots.</p>
<p>A recovery in New York helped coffee to wipe out much of its losses in late trading.</p>
<p>In fundamental news, Ivorian commodities minister Guy-Alain Gauze said on Monday the government had decided to destroy all coffee and cocoa planted illegally in national forests.</p>
<p>Speaking to reporters at the International Cocoa Organization talks, Gauze said that these illegal plantings had amounted to around 100,000 tonnes of cocoa and coffee last year.</p>
<p>&quot;We will destroy all this anarchic production, with immediate effect,&quot; he said.</p>
<p>--Christopher Lyddon, London newsroom +44 171 542 7928</p>
</text>
<copyright>(c) Reuters Limited 1997</copyright>
<metadata>
<codes class="bip:countries:1.0">
  <code code="UK">
    <editdetail attribution="Reuters BIP Coding Group" action="confirmed" date="1997-03-10"/>
  </code>
</codes>
<codes class="bip:topics:1.0">
  <code code="M14">
    <editdetail attribution="Reuters BIP Coding Group" action="confirmed" date="1997-03-10"/>
  </code>
  <code code="M141">
    <editdetail attribution="Reuters BIP Coding Group" action="confirmed" date="1997-03-10"/>
  </code>
  <code code="MCAT">
    <editdetail attribution="Reuters BIP Coding Group" action="confirmed" date="1997-03-10"/>
  </code>
</codes>
<dc element="dc.date.created" value="1997-03-10"/>
<dc element="dc.publisher" value="Reuters Holdings Plc"/>
<dc element="dc.date.published" value="1997-03-10"/>
<dc element="dc.source" value="Reuters"/>
<dc element="dc.creator.location" value="LONDON"/>
<dc element="dc.creator.location.country.name" value="UK"/>
<dc element="dc.source" value="Reuters"/>
</metadata>
</newsitem>
