<?xml version="1.0" encoding="iso-8859-1" ?>
<newsitem itemid="429838" id="root" date="1997-03-10" xml:lang="en">
<title>UK: NWE naphtha firms as Med drained by Far East.</title>
<headline>NWE naphtha firms as Med drained by Far East.</headline>
<dateline>LONDON 1997-03-10</dateline>
<text>
<p>NWE spot naphtha was pushed higher on Monday with tight supply in the Mediterranean boosting the north European market.</p>
<p>Strong demand from the Far East has mopped up most available Algerian and Egyptian cargoes for March and traders say the market will now have to look to NWE for material.</p>
<p>&quot;They supply 65 percent of the material in that market so where are buyers going to go now? NWE of course,&quot; said one trader.</p>
<p>April swaps were assessed as slightly higher at $190.50/$200.</p>
<p>No cargoes trade was reported but traders estimated a cargo would fetch around $195 a tonne.</p>
<p>-- London Newsroom, +44 171 542 7714.</p>
</text>
<copyright>(c) Reuters Limited 1997</copyright>
<metadata>
<codes class="bip:countries:1.0">
  <code code="UK">
    <editdetail attribution="Reuters BIP Coding Group" action="confirmed" date="1997-03-10"/>
  </code>
</codes>
<codes class="bip:topics:1.0">
  <code code="M14">
    <editdetail attribution="Reuters BIP Coding Group" action="confirmed" date="1997-03-10"/>
  </code>
  <code code="M143">
    <editdetail attribution="Reuters BIP Coding Group" action="confirmed" date="1997-03-10"/>
  </code>
  <code code="MCAT">
    <editdetail attribution="Reuters BIP Coding Group" action="confirmed" date="1997-03-10"/>
  </code>
</codes>
<dc element="dc.date.created" value="1997-03-10"/>
<dc element="dc.publisher" value="Reuters Holdings Plc"/>
<dc element="dc.date.published" value="1997-03-10"/>
<dc element="dc.source" value="Reuters"/>
<dc element="dc.creator.location" value="LONDON"/>
<dc element="dc.creator.location.country.name" value="UK"/>
<dc element="dc.source" value="Reuters"/>
</metadata>
</newsitem>
