<?xml version="1.0" encoding="iso-8859-1" ?>
<newsitem itemid="429807" id="root" date="1997-03-10" xml:lang="en">
<title>BULGARIA: BULGARIA PLANS TO SELL 40-45 PCT OF SOMAT CARRIER.</title>
<headline>BULGARIA PLANS TO SELL 40-45 PCT OF SOMAT CARRIER.</headline>
<dateline>SOFIA 1997-03-10</dateline>
<text>
<p>Bulgaria plans to offer for sale 40-45 percent of its biggest road transport carrier SOMAT, officials said on Monday.</p>
<p>&quot;The ministry has submitted a proposal to the Privatisation Agency to open a sell-off procedure for up to 45 percent of SOMAT shares,&quot; Transport minister Wilhelm Kraus told reporters.</p>
<p>The stake will be probabaly offered to private investors through a tender, Kraus added.</p>
<p>&quot;The actual stake to be offered could be around 40 percent because SOMAT employes now hold some 3.5 percent and 1.5 percent have been set aside to meet restitution claims,&quot; a SOMAT official told Reuters.</p>
<p>Fifty five percent of the company are owned by Germany's Willi Betz Internationale Spedition, which bought the stake for $55 million in August 1994.</p>
<p>-- Sofia Newsroom, (++359-2) 981 8569; 981 4145</p>
</text>
<copyright>(c) Reuters Limited 1997</copyright>
<metadata>
<codes class="bip:countries:1.0">
  <code code="BUL">
    <editdetail attribution="Reuters BIP Coding Group" action="confirmed" date="1997-03-10"/>
  </code>
</codes>
<codes class="bip:industries:1.0">
  <code code="I72300">
    <editdetail attribution="Reuters BIP Coding Group" action="confirmed" date="1997-03-10"/>
  </code>
</codes>
<codes class="bip:topics:1.0">
  <code code="C18">
    <editdetail attribution="Reuters BIP Coding Group" action="confirmed" date="1997-03-10"/>
  </code>
  <code code="C181">
    <editdetail attribution="Reuters BIP Coding Group" action="confirmed" date="1997-03-10"/>
  </code>
  <code code="C183">
    <editdetail attribution="Reuters BIP Coding Group" action="confirmed" date="1997-03-10"/>
  </code>
  <code code="CCAT">
    <editdetail attribution="Reuters BIP Coding Group" action="confirmed" date="1997-03-10"/>
  </code>
</codes>
<dc element="dc.date.created" value="1997-03-10"/>
<dc element="dc.publisher" value="Reuters Holdings Plc"/>
<dc element="dc.date.published" value="1997-03-10"/>
<dc element="dc.source" value="Reuters"/>
<dc element="dc.creator.location" value="SOFIA"/>
<dc element="dc.creator.location.country.name" value="BULGARIA"/>
<dc element="dc.source" value="Reuters"/>
</metadata>
</newsitem>
