<?xml version="1.0" encoding="iso-8859-1" ?>
<newsitem itemid="429835" id="root" date="1997-03-10" xml:lang="en">
<title>UK: Med oil products - light ends, fuel steady.</title>
<headline>Med oil products - light ends, fuel steady.</headline>
<dateline>LONDON 1997-03-10</dateline>
<text>
<p>Mediterranean oil products were mixed on Monday with gas oil pressured by lower benchmark futures while gasoline remained steady in a fairly balanced market, traders said.</p>
<p>Lacklustre local gasoline demand balanced lower supply due to refinery turnarounds in the region as well as strong demand from the East. Demand out of Slovenia for April was also reported.</p>
<p>Naphtha prices were firm but a lack of material stifled business. Strong demand from the Far East has close to drained the market of cargoes for March.</p>
<p>Gas oil started to show some pressure around the edges although premiums held against futures which dropped $2 a tonne.</p>
<p>Local demand appeared restricted to Greece and Lebanon, but interest from Asia, South America and India has kept the market bouyant, traders said.</p>
<p>&quot;But if that demand goes, so will the strength,&quot; said one Med trader.</p>
<p>Russian cargoes were heard offered around fob high quotes +$2-3, unchanged from Friday, but few buyers were seen.</p>
<p>Non-Russian 0.02 pct material was harder to determine, but talk was of offers around high fob quotes +$3-3.50.</p>
<p>Diesel held around flat cif high EN590 quotes.</p>
<p>High sulphur fuel oil cargo prices were stable with no trade seen and little interest. Players said continued good supply of stock was weighing down values.</p>
<p>&quot;The feeling is the market is stable to lower,&quot; said one dealer.</p>
<p>Low sulphur prices were notionally firmer with limited supply. But traders said demand was just as weak and the trades needed to give the market direction were unseen.</p>
<p>-- London Newsroom, +44 171 542 7714.</p>
</text>
<copyright>(c) Reuters Limited 1997</copyright>
<metadata>
<codes class="bip:countries:1.0">
  <code code="UK">
    <editdetail attribution="Reuters BIP Coding Group" action="confirmed" date="1997-03-10"/>
  </code>
</codes>
<codes class="bip:topics:1.0">
  <code code="M14">
    <editdetail attribution="Reuters BIP Coding Group" action="confirmed" date="1997-03-10"/>
  </code>
  <code code="M143">
    <editdetail attribution="Reuters BIP Coding Group" action="confirmed" date="1997-03-10"/>
  </code>
  <code code="MCAT">
    <editdetail attribution="Reuters BIP Coding Group" action="confirmed" date="1997-03-10"/>
  </code>
</codes>
<dc element="dc.date.created" value="1997-03-10"/>
<dc element="dc.publisher" value="Reuters Holdings Plc"/>
<dc element="dc.date.published" value="1997-03-10"/>
<dc element="dc.source" value="Reuters"/>
<dc element="dc.creator.location" value="LONDON"/>
<dc element="dc.creator.location.country.name" value="UK"/>
<dc element="dc.source" value="Reuters"/>
</metadata>
</newsitem>
