<?xml version="1.0" encoding="iso-8859-1" ?>
<newsitem itemid="429846" id="root" date="1997-03-10" xml:lang="en">
<title>UK: UK rules on cloning not enough - ministers.</title>
<headline>UK rules on cloning not enough - ministers.</headline>
<dateline>LONDON 1997-03-10</dateline>
<text>
<p>British ministers said on Monday their country's extensive review committees which examine biotechnology and genetic engineering were not enough to ease public fears about cloning.</p>
<p>Thinking ahead and discussing such issues as research on human embryos and transgenic animals had helped Britain become a leader in biotechnology, but more work needed to be done to build public confidence, they told a conference.</p>
<p>&quot;The regulatory system alone cannot carry the burden of maintaining public confidence. All those with an interest in the technology must work closely together to achieve this,&quot; Environment Secretary John Gummer told a national biotechnology conference.</p>
<p>Gummer said the public supported biotechnology when it offered clear benefits, such as in the field of medicine, but were sceptical about its wider implications.</p>
<p>News that scientists at Scotland's Roslin Institute had cloned a sheep sent shivers around the world, with U.S. President Bill Clinton calling for the National Biotechnology Advisory Commission to report on the implications, and meantime tightening a ban on federal funding of human clone research.</p>
<p>&quot;I would like to see the industry adopt and develop effective voluntary measures,&quot; Gummer told the 200 delegates, who included scientists, experts from environmental and medical bodies and consumer groups.</p>
<p>&quot;The UK is ahead of the world in its arrangements for addressing the ethical issues raised by genetics,&quot; Science and Technology Minister Ian Taylor told them.</p>
<p>He said he had written to European Research Commissioner Edith Cresson outlining Britain's regulatory and advisory framework, which includes the Human Genetics Advisory Commission, the Human Fertilisation and Enbryology Authority and the less-official Nuffield Council on Bioethics.</p>
<p>&quot;Our existing framework of advisory and regulatory bodies enables UK scientists to work at the frontiers of knowledge, as with the remarkable breakthrough at the Roslin Institute,&quot; Taylor added.</p>
<p>Taylor said he had discussed the possible regulation of genetics with other ministers from the G7 group of industrialised countries, which comprises Britain, Canada, Italy, Germany, the United States, Japan and France.</p>
<p>Trade minister Ian Lang pointed out the business opportunities offered by biotechnology.</p>
<p>&quot;We have a first-class science base capable of delivering this and an industry which leads the way in Europe in industrial exploitation,&quot; he said.</p>
<p>&quot;This is important with world markets for biotechnology-derived products forecast to grow rapidly and to pass 70 billion pounds ($110 billion) by the year 2000.&quot;</p>
</text>
<copyright>(c) Reuters Limited 1997</copyright>
<metadata>
<codes class="bip:countries:1.0">
  <code code="UK">
    <editdetail attribution="Reuters BIP Coding Group" action="confirmed" date="1997-03-10"/>
  </code>
</codes>
<codes class="bip:industries:1.0">
  <code code="I25700">
    <editdetail attribution="Reuters BIP Coding Group" action="confirmed" date="1997-03-10"/>
  </code>
</codes>
<codes class="bip:topics:1.0">
  <code code="C13">
    <editdetail attribution="Reuters BIP Coding Group" action="confirmed" date="1997-03-10"/>
  </code>
  <code code="C23">
    <editdetail attribution="Reuters BIP Coding Group" action="confirmed" date="1997-03-10"/>
  </code>
  <code code="CCAT">
    <editdetail attribution="Reuters BIP Coding Group" action="confirmed" date="1997-03-10"/>
  </code>
  <code code="GCAT">
    <editdetail attribution="Reuters BIP Coding Group" action="confirmed" date="1997-03-10"/>
  </code>
  <code code="GSCI">
    <editdetail attribution="Reuters BIP Coding Group" action="confirmed" date="1997-03-10"/>
  </code>
</codes>
<dc element="dc.date.created" value="1997-03-10"/>
<dc element="dc.publisher" value="Reuters Holdings Plc"/>
<dc element="dc.date.published" value="1997-03-10"/>
<dc element="dc.source" value="Reuters"/>
<dc element="dc.creator.location" value="LONDON"/>
<dc element="dc.creator.location.country.name" value="UK"/>
<dc element="dc.source" value="Reuters"/>
</metadata>
</newsitem>
