<?xml version="1.0" encoding="iso-8859-1" ?>
<newsitem itemid="429888" id="root" date="1997-03-10" xml:lang="en">
<title>UK: Esso cuts runs at Norway Slagen refinery - traders.</title>
<headline>Esso cuts runs at Norway Slagen refinery - traders.</headline>
<dateline>LONDON 1997-03-10</dateline>
<text>
<p>Esso has cut crude throughput at its refinery in Slagen, Norway by some 15 percent in response to falling margins, trading sources said on Monday.</p>
<p>Production at the 100,000 barrels per day facility was cut to around 85,000 bpd on Friday, the source said. Slagen does not have the sophisticated upgrading plant found at modern European refineries.</p>
<p>&quot;It's a problem with margins,&quot; the source said. &quot;We're still making money but we have an excess of gas oil products so there is little point making more.&quot;</p>
<p>Sources at Ireland's Whitegate refinery confirmed they were also cutting output to around 42-43,000 bpd from normal capacity of 65,000 bpd.</p>
<p>Several major European refineries cut back output last week in response to falling prices for their products.</p>
<p>- Texaco and BP cut runs at their jointly-owned 400,000 bpd Nerefco complex in the Netherlands by around 12 percent.</p>
<p>- Shell cut 12-15 percent of the 350,000 bpd output of its Rotterdam refinery, which has a nameplate capacity of 374,000 bpd.</p>
<p>- Daewoo cut runs at its 60,000 bpd Universal refinery in Antwerp by 15 percent to 50,000 bpd.</p>
<p>- Portuguese state oil company Petrogal reduced runs by around 40,000 bpd at its 210,000 bpd Sines refinery.</p>
<p>-- London newsroom +44 171 542 8060</p>
</text>
<copyright>(c) Reuters Limited 1997</copyright>
<metadata>
<codes class="bip:countries:1.0">
  <code code="NORW">
    <editdetail attribution="Reuters BIP Coding Group" action="confirmed" date="1997-03-10"/>
  </code>
  <code code="UK">
    <editdetail attribution="Reuters BIP Coding Group" action="confirmed" date="1997-03-10"/>
  </code>
</codes>
<codes class="bip:industries:1.0">
  <code code="I13000">
    <editdetail attribution="Reuters BIP Coding Group" action="confirmed" date="1997-03-10"/>
  </code>
  <code code="I1300003">
    <editdetail attribution="Reuters BIP Coding Group" action="confirmed" date="1997-03-10"/>
  </code>
  <code code="I14000">
    <editdetail attribution="Reuters BIP Coding Group" action="confirmed" date="1997-03-10"/>
  </code>
</codes>
<codes class="bip:topics:1.0">
  <code code="C21">
    <editdetail attribution="Reuters BIP Coding Group" action="confirmed" date="1997-03-10"/>
  </code>
  <code code="C24">
    <editdetail attribution="Reuters BIP Coding Group" action="confirmed" date="1997-03-10"/>
  </code>
  <code code="CCAT">
    <editdetail attribution="Reuters BIP Coding Group" action="confirmed" date="1997-03-10"/>
  </code>
</codes>
<dc element="dc.date.created" value="1997-03-10"/>
<dc element="dc.publisher" value="Reuters Holdings Plc"/>
<dc element="dc.date.published" value="1997-03-10"/>
<dc element="dc.source" value="Reuters"/>
<dc element="dc.creator.location" value="LONDON"/>
<dc element="dc.creator.location.country.name" value="UK"/>
<dc element="dc.source" value="Reuters"/>
</metadata>
</newsitem>
