<?xml version="1.0" encoding="iso-8859-1" ?>
<newsitem itemid="429843" id="root" date="1997-03-10" xml:lang="en">
<title>UK: LME markets favour downside, finish softer.</title>
<headline>LME markets favour downside, finish softer.</headline>
<dateline>LONDON 1997-03-10</dateline>
<text>
<p>Base metal prices remained in the minus column during Monday afternoon LME trading, with the markets continuing to cool down after overheating last week.</p>
<p>Traders said copper was looking to correct lower from last Friday's peaks of $2,445. The decline to test support around current levels of $2,350/60 was a necessary &quot;shake-out&quot;.</p>
<p>Also, there has been continued talk that China, although needing to buy copper, perceived the market as being too high.</p>
<p>&quot;They (markets) need a clear-out, and around these levels you will probably find some buyers of copper and aluminium now,&quot; one said.</p>
<p>Copper spent most of the session nearer the lower end of the broad $20 range, managing to hold above $2,350 but showing little interest in pushing higher.</p>
<p>Spread premiums were also a shade softer, with cash/threes around $80 backwardation at the end of the kerb. Tight dates remain around April/May.</p>
<p>Last three months business was at $2,358 a tonne, down $32 from Friday's kerb. LME warehouse stock data on Tuesday should show a decline of some 2,000/3,000 tonnes.</p>
<p>Elsewhere, aluminium veered towards a test of $1,650 but clawed its way back in late afternoon trading to $1,657, still down $18.</p>
<p>January IPAI inventory data was inconclusive, and had little impact, they said.</p>
<p>Zinc cooled down after the recent strong run-up in values, and continued to display a solid undertone with dips being supported. Last trade was at $1,249, down just $5.</p>
<p>Nickel fluctuated either side of $8,100 throughout the session, closing at the lows of $8,065 after a late sell-off, down $65.</p>
<p>Lead trended lower in line with the overall trend, but held the $670 level. Final trade was at $675, down $11.</p>
<p>Tin dipped under $5,900 to close at $5,880, down $40, while alloy moved lower with primary, ending at $1,545/48 a tonne.</p>
<p>--Martin Hayes, London Newsroom 44 171 542 8080</p>
</text>
<copyright>(c) Reuters Limited 1997</copyright>
<metadata>
<codes class="bip:countries:1.0">
  <code code="UK">
    <editdetail attribution="Reuters BIP Coding Group" action="confirmed" date="1997-03-10"/>
  </code>
</codes>
<codes class="bip:topics:1.0">
  <code code="M14">
    <editdetail attribution="Reuters BIP Coding Group" action="confirmed" date="1997-03-10"/>
  </code>
  <code code="M142">
    <editdetail attribution="Reuters BIP Coding Group" action="confirmed" date="1997-03-10"/>
  </code>
  <code code="MCAT">
    <editdetail attribution="Reuters BIP Coding Group" action="confirmed" date="1997-03-10"/>
  </code>
</codes>
<dc element="dc.date.created" value="1997-03-10"/>
<dc element="dc.publisher" value="Reuters Holdings Plc"/>
<dc element="dc.date.published" value="1997-03-10"/>
<dc element="dc.source" value="Reuters"/>
<dc element="dc.creator.location" value="LONDON"/>
<dc element="dc.creator.location.country.name" value="UK"/>
<dc element="dc.source" value="Reuters"/>
</metadata>
</newsitem>
