<?xml version="1.0" encoding="iso-8859-1" ?>
<newsitem itemid="429880" id="root" date="1997-03-10" xml:lang="en">
<title>UK: Major has routine audience with Queen on Tuesday.</title>
<headline>Major has routine audience with Queen on Tuesday.</headline>
<dateline>LONDON 1997-03-10</dateline>
<text>
<p>Prime Minister John Major will have a routine audience with Queen Elizabeth on Tuesday, officials from Major's Downing Street office said on Monday.</p>
<p>The officials said they were confirming the meeting because it had inadvertently been omitted earlier from a list of Major's activities for the next few days.</p>
<p>Major has regular audiences with the Queen, usually weekly if they are both in London, to discuss affairs of state. The government never comments on the discussions.</p>
<p>Major has until Wednesday to announce an April 10 election.</p>
<p>But Major has made it clear his preferred date for the election is May 1, which coincides with local elections.</p>
<p>-- London Newsroom +44 171 542 7768</p>
</text>
<copyright>(c) Reuters Limited 1997</copyright>
<metadata>
<codes class="bip:countries:1.0">
  <code code="UK">
    <editdetail attribution="Reuters BIP Coding Group" action="confirmed" date="1997-03-10"/>
  </code>
</codes>
<codes class="bip:topics:1.0">
  <code code="GCAT">
    <editdetail attribution="Reuters BIP Coding Group" action="confirmed" date="1997-03-10"/>
  </code>
  <code code="GPOL">
    <editdetail attribution="Reuters BIP Coding Group" action="confirmed" date="1997-03-10"/>
  </code>
</codes>
<dc element="dc.date.created" value="1997-03-10"/>
<dc element="dc.publisher" value="Reuters Holdings Plc"/>
<dc element="dc.date.published" value="1997-03-10"/>
<dc element="dc.source" value="Reuters"/>
<dc element="dc.creator.location" value="LONDON"/>
<dc element="dc.creator.location.country.name" value="UK"/>
<dc element="dc.source" value="Reuters"/>
</metadata>
</newsitem>
