<?xml version="1.0" encoding="iso-8859-1" ?>
<newsitem itemid="429874" id="root" date="1997-03-10" xml:lang="en">
<title>UK: Esprit Telecom plans submarine cable links.</title>
<headline>Esprit Telecom plans submarine cable links.</headline>
<dateline>LONDON 1997-03-10</dateline>
<text>
<p>Newly-floated Esprit Telecom Group Plc said on Monday it was seeking to expand its network by building two submarine cable systems linking the U.K., the Netherlands and France.</p>
<p>The Amsterdam-headquartered company, that raised about $50 million by completing an initial public flotation in the U.S. earlier this month, said the high capacity links would be capable of transmitting 180,000 simultaneous telephone calls.</p>
<p>The European telecoms firm has sent proposal requests to cable laying companies to evaluate the cost and potential savings of building such links under the Channel and North Sea.</p>
<p>If the terms offered by cable companies are not deemed competitive enough, a spokeswoman said Esprit was also looking at several other options of expanding its network bandwidth cost-effectively.</p>
<p>Free to build its own network since winning an international facilities licence in the UK last year, Esprit Telecom expects submarine cables to yield 'important cost savings' so it can maintain competitive services to business and telecoms carrier customers.</p>
<p>The company said it would fund a new cable system through pre-selling part of its capacity to other carriers, finance leasing and existing resources.</p>
<p>Esprit Telecom's network links 14 cities in the UK, the Netherlands, Spain, France, Germany, Belgium, Italy and Ireland and offers customised international and national long distance telecoms services to large and medium-sized businesses.</p>
<p>The UK government has granted international licences to more than 44 operators, so that these no longer need to pay high fees to dominant carriers British Telecommunications Plc or Cable and Wireless Plc to carry international traffic to and from the UK.</p>
<p>-- London Newsroom +44 171 542 7987</p>
</text>
<copyright>(c) Reuters Limited 1997</copyright>
<metadata>
<codes class="bip:countries:1.0">
  <code code="FRA">
    <editdetail attribution="Reuters BIP Coding Group" action="confirmed" date="1997-03-10"/>
  </code>
  <code code="NETH">
    <editdetail attribution="Reuters BIP Coding Group" action="confirmed" date="1997-03-10"/>
  </code>
  <code code="UK">
    <editdetail attribution="Reuters BIP Coding Group" action="confirmed" date="1997-03-10"/>
  </code>
</codes>
<codes class="bip:industries:1.0">
  <code code="I79020">
    <editdetail attribution="Reuters BIP Coding Group" action="confirmed" date="1997-03-10"/>
  </code>
</codes>
<codes class="bip:topics:1.0">
  <code code="C24">
    <editdetail attribution="Reuters BIP Coding Group" action="confirmed" date="1997-03-10"/>
  </code>
  <code code="CCAT">
    <editdetail attribution="Reuters BIP Coding Group" action="confirmed" date="1997-03-10"/>
  </code>
</codes>
<dc element="dc.date.created" value="1997-03-10"/>
<dc element="dc.publisher" value="Reuters Holdings Plc"/>
<dc element="dc.date.published" value="1997-03-10"/>
<dc element="dc.source" value="Reuters"/>
<dc element="dc.creator.location" value="LONDON"/>
<dc element="dc.creator.location.country.name" value="UK"/>
<dc element="dc.source" value="Reuters"/>
</metadata>
</newsitem>
