<?xml version="1.0" encoding="iso-8859-1" ?>
<newsitem itemid="429801" id="root" date="1997-03-10" xml:lang="en">
<title>BULGARIA: RUSSIA SHOWS INTEREST IN BULGARIAN PRIVATISATIONS.</title>
<headline>RUSSIA SHOWS INTEREST IN BULGARIAN PRIVATISATIONS.</headline>
<dateline>SOFIA 1997-03-10</dateline>
<text>
<p>Russia has shown interest in big Bulgarian privatisation deals including the sale of a stake in Neftochim oil refinery and of forklift truck producer Balkancar Holding, the head of the privatisation agency said on Monday.</p>
<p>&quot;Russian investors have shown interest in participating in the privatisation of big firms in Bulgaria, such as Neftochim and Balkancar Holding,&quot; Veselin Blagoev said after talks with a Russian delegation headed by Deputy Prime Minister Oleg Lobov, which arrived on Monday.</p>
<p>Blagoev said that Russia had shown special interest in tourism projects, most of them related to Black Sea resorts.</p>
<p>The meeting between the Bulgarian and Russian delegations will prepare issues for the agenda of an intergovernmental committee planned for June, Bulgaria's Deputy Prime Minister Alexander Bozhkov said.</p>
<p>Bozhkov said the two sides had found a formula for the liberalisation of bilateral trade, which would be a step towards establishment of a free trade zone.</p>
<p>&quot;We agreed a scheme used by Russia for signing an agreement for mutual liberalisation of trade with Poland and Slovakia through preparing a list of priority goods, which can be enlarged later,&quot; Bozhkov said.</p>
<p>Bozhkov said Russia had not made any payments on its $100 million debt to Bulgaria only because of &quot;technical misunderstanding&quot; between Bulgaria's state Bulbank and Russia's Vnesheconombank.</p>
<p>&quot;The two sides are interested in solving the problem and I think that with the help of the two governments we will find a fast decision on the issue,&quot; Bozhkov said.</p>
<p>Trade ministry officials said Bulgaria and Russia had agreed last year that Moscow would supply equipment for Bulgaria's biggest metal works Kremikovtsi and military equipment against its $100 million debt.</p>
<p>-- Liliana Semerdjieva, Sofia Newsroom, 359-2-84561</p>
</text>
<copyright>(c) Reuters Limited 1997</copyright>
<metadata>
<codes class="bip:countries:1.0">
  <code code="BUL">
    <editdetail attribution="Reuters BIP Coding Group" action="confirmed" date="1997-03-10"/>
  </code>
  <code code="RUSS">
    <editdetail attribution="Reuters BIP Coding Group" action="confirmed" date="1997-03-10"/>
  </code>
</codes>
<codes class="bip:industries:1.0">
  <code code="I25120">
    <editdetail attribution="Reuters BIP Coding Group" action="confirmed" date="1997-03-10"/>
  </code>
  <code code="I36101">
    <editdetail attribution="Reuters BIP Coding Group" action="confirmed" date="1997-03-10"/>
  </code>
</codes>
<codes class="bip:topics:1.0">
  <code code="C18">
    <editdetail attribution="Reuters BIP Coding Group" action="confirmed" date="1997-03-10"/>
  </code>
  <code code="C183">
    <editdetail attribution="Reuters BIP Coding Group" action="confirmed" date="1997-03-10"/>
  </code>
  <code code="CCAT">
    <editdetail attribution="Reuters BIP Coding Group" action="confirmed" date="1997-03-10"/>
  </code>
  <code code="E12">
    <editdetail attribution="Reuters BIP Coding Group" action="confirmed" date="1997-03-10"/>
  </code>
  <code code="ECAT">
    <editdetail attribution="Reuters BIP Coding Group" action="confirmed" date="1997-03-10"/>
  </code>
</codes>
<dc element="dc.date.created" value="1997-03-10"/>
<dc element="dc.publisher" value="Reuters Holdings Plc"/>
<dc element="dc.date.published" value="1997-03-10"/>
<dc element="dc.source" value="Reuters"/>
<dc element="dc.creator.location" value="SOFIA"/>
<dc element="dc.creator.location.country.name" value="BULGARIA"/>
<dc element="dc.source" value="Reuters"/>
</metadata>
</newsitem>
