<?xml version="1.0" encoding="iso-8859-1" ?>
<newsitem itemid="429861" id="root" date="1997-03-10" xml:lang="en">
<title>UK: IPE gas oil ends down $2 but off lows, Brent weak.</title>
<headline>IPE gas oil ends down $2 but off lows, Brent weak.</headline>
<dateline>LONDON 1997-03-10</dateline>
<text>
<p>IPE gas oil recovered in late trading to end down $2 a tonne at $167 on the March contract.</p>
<p>The contract was at $165.75 just 10 minutes before the close after tracking a slide of 45 cent a barrel in Brent futures.</p>
<p>April Brent was down 23 cents at $19.63 at 1733 GMT having peaked at $19.90. Weak wet Brent and the NYMEX sinking into contango had undermined market confidence.</p>
<p>The April-May spread was about 13 cents a barrel compared to a close of 19 cents last Friday. But April expires at the end of this week leaving the May-June spread, currently trading at seven cents, to underpin the front end of the crude curve.  </p>
<p>Dealers said support on April was near $19.15 a barrel and then at $18.68 the low hit a week.</p>
<p>European refinery margins remained in the doldrums despite run cuts at some refiners and good trade support for gasoline ahead of the summer driving season.</p>
<p>Demand for gasoline in Saudi Arabia encouraged some buying in Rotterdam but gas oil and heavy fuel remained sluggish.</p>
<p>Wet Brent swaps were talking a cent or two below the Brent futures from April onwards, said brokers. But gas oil to Brent crack spread swaps were little changed around $4.25 a barrel in the third quarter and $4.90 on the fourth.</p>
<p>--London newesroom, 542 4984</p>
</text>
<copyright>(c) Reuters Limited 1997</copyright>
<metadata>
<codes class="bip:countries:1.0">
  <code code="UK">
    <editdetail attribution="Reuters BIP Coding Group" action="confirmed" date="1997-03-10"/>
  </code>
</codes>
<codes class="bip:topics:1.0">
  <code code="M14">
    <editdetail attribution="Reuters BIP Coding Group" action="confirmed" date="1997-03-10"/>
  </code>
  <code code="M143">
    <editdetail attribution="Reuters BIP Coding Group" action="confirmed" date="1997-03-10"/>
  </code>
  <code code="MCAT">
    <editdetail attribution="Reuters BIP Coding Group" action="confirmed" date="1997-03-10"/>
  </code>
</codes>
<dc element="dc.date.created" value="1997-03-10"/>
<dc element="dc.publisher" value="Reuters Holdings Plc"/>
<dc element="dc.date.published" value="1997-03-10"/>
<dc element="dc.source" value="Reuters"/>
<dc element="dc.creator.location" value="LONDON"/>
<dc element="dc.creator.location.country.name" value="UK"/>
<dc element="dc.source" value="Reuters"/>
</metadata>
</newsitem>
