<?xml version="1.0" encoding="iso-8859-1" ?>
<newsitem itemid="429834" id="root" date="1997-03-10" xml:lang="en">
<title>UK: Zambian doctor faces charges for working with HIV.</title>
<headline>Zambian doctor faces charges for working with HIV.</headline>
<dateline>LONDON 1997-03-10</dateline>
<text>
<p>A Zambian-born doctor failed to turn up for a disciplinary hearing on Monday to face charges of professional misconduct for continuing to treat patients when he knew he was HIV positive.</p>
<p>Lawyers for gynaecologist Patrick Ngosa told Britain's General Medical Council he denied the charge and said he had not turned up for the hearing because he feared being identified.</p>
<p>They said Ngosa has been subjected to a &quot;witch hunt&quot; by the media since last week, when the hospital where he worked appealed to women he had treated to make contact.</p>
<p>&quot;He was scared for himself and he was scared for his family,&quot; Ngosa's lawyer, Nicola Davies, said.</p>
<p>The hearing was told that Ngosa learned he was carrying the deadly virus from a woman with whom he had a two-year affair and who was named only as Mrs A in court.</p>
<p>Mrs A told him that she was HIV positive in May 1996, but Ngosa denied to hospital officials that he had had an affair with her. He did not himself have an HIV test until several months later and then did not tell the hospital of the result until January this year.</p>
<p>More than 7,000 women have contacted a hotline for Ngosa's former patients at hospitals in Gloucester in central England, and Essex, east of London.</p>
<p>The hospitals had identified around 1,700 women they feared were slightly at risk because they had received invasive surgical treatment from Ngosa.</p>
<p>But they stressed the risk is tiny. There are only two cases worldwide of people contracting the HIV virus from health care workers.</p>
<p>The hearing was adjourned until Tuesday.</p>
</text>
<copyright>(c) Reuters Limited 1997</copyright>
<metadata>
<codes class="bip:countries:1.0">
  <code code="UK">
    <editdetail attribution="Reuters BIP Coding Group" action="confirmed" date="1997-03-10"/>
  </code>
  <code code="ZAMBIA">
    <editdetail attribution="Reuters BIP Coding Group" action="confirmed" date="1997-03-10"/>
  </code>
</codes>
<codes class="bip:topics:1.0">
  <code code="GCAT">
    <editdetail attribution="Reuters BIP Coding Group" action="confirmed" date="1997-03-10"/>
  </code>
  <code code="GCRIM">
    <editdetail attribution="Reuters BIP Coding Group" action="confirmed" date="1997-03-10"/>
  </code>
  <code code="GHEA">
    <editdetail attribution="Reuters BIP Coding Group" action="confirmed" date="1997-03-10"/>
  </code>
</codes>
<dc element="dc.date.created" value="1997-03-10"/>
<dc element="dc.publisher" value="Reuters Holdings Plc"/>
<dc element="dc.date.published" value="1997-03-10"/>
<dc element="dc.source" value="Reuters"/>
<dc element="dc.creator.location" value="LONDON"/>
<dc element="dc.creator.location.country.name" value="UK"/>
<dc element="dc.source" value="Reuters"/>
</metadata>
</newsitem>
