<?xml version="1.0" encoding="iso-8859-1" ?>
<newsitem itemid="429839" id="root" date="1997-03-10" xml:lang="en">
<title>UK: UK insurance firms hail govt's long term care bill.</title>
<headline>UK insurance firms hail govt's long term care bill.</headline>
<dateline>LONDON 1997-03-10</dateline>
<text>
<p>British insurance companies welcomed on Monday government's plans plans to offer private insurance for residential care for the elderly.</p>
<p>&quot;These proposals, if implemented, would ensure that more individuals are able to afford long-term care (LTC) insurance and end the uncertainty about the funding of LTC costs,&quot; said Sandy Johnstone, the LTC development manager at insurance giant Commercial Union.</p>
<p>British health secretary Stephen Dorrell unveiled plans to offer private insurance as part of moves to revamp its social services.</p>
<p>The new scheme offers a partnership insurance scheme.</p>
<p>For every pound the insurance scheme pays out, people would be able to keep 1.50 pounds more of their capital than the current means test allows.</p>
<p>Tony Solomon, the LTC expert at Eagle Star, a unit B.A.T Industries, said the government's partnership would encourage more people to make financial arrangements for their own long term care.</p>
<p>Currently, Britons needing long-term care have had to use their own funds until their assets fall to 16,000 pounds, at which point the state would step in to help them.</p>
<p>--London Newsroom +44 171 542 4366</p>
</text>
<copyright>(c) Reuters Limited 1997</copyright>
<metadata>
<codes class="bip:countries:1.0">
  <code code="UK">
    <editdetail attribution="Reuters BIP Coding Group" action="confirmed" date="1997-03-10"/>
  </code>
</codes>
<codes class="bip:industries:1.0">
  <code code="I82001">
    <editdetail attribution="Reuters BIP Coding Group" action="confirmed" date="1997-03-10"/>
  </code>
  <code code="I83960">
    <editdetail attribution="Reuters BIP Coding Group" action="confirmed" date="1997-03-10"/>
  </code>
</codes>
<codes class="bip:topics:1.0">
  <code code="C13">
    <editdetail attribution="Reuters BIP Coding Group" action="confirmed" date="1997-03-10"/>
  </code>
  <code code="C21">
    <editdetail attribution="Reuters BIP Coding Group" action="confirmed" date="1997-03-10"/>
  </code>
  <code code="CCAT">
    <editdetail attribution="Reuters BIP Coding Group" action="confirmed" date="1997-03-10"/>
  </code>
  <code code="GCAT">
    <editdetail attribution="Reuters BIP Coding Group" action="confirmed" date="1997-03-10"/>
  </code>
  <code code="GWELF">
    <editdetail attribution="Reuters BIP Coding Group" action="confirmed" date="1997-03-10"/>
  </code>
</codes>
<dc element="dc.date.created" value="1997-03-10"/>
<dc element="dc.publisher" value="Reuters Holdings Plc"/>
<dc element="dc.date.published" value="1997-03-10"/>
<dc element="dc.source" value="Reuters"/>
<dc element="dc.creator.location" value="LONDON"/>
<dc element="dc.creator.location.country.name" value="UK"/>
<dc element="dc.source" value="Reuters"/>
</metadata>
</newsitem>
