<?xml version="1.0" encoding="iso-8859-1" ?>
<newsitem itemid="429812" id="root" date="1997-03-10" xml:lang="en">
<title>POLAND: INVESTORS BID FOR PLN 1.82 BLN OF POLISH T-BILLS.</title>
<headline>INVESTORS BID FOR PLN 1.82 BLN OF POLISH T-BILLS.</headline>
<dateline>WARSAW 1997-03-10</dateline>
<text>
<p>Investors bid for 1.82 billion zlotys of Polish T-bills against the treasury's 1.3 billion zloty offer, the central bank said.</p>
<p>Results of the auction should be available later today.</p>
<p>-- Warsaw Newsroom +48 22 653 9700</p>
</text>
<copyright>(c) Reuters Limited 1997</copyright>
<metadata>
<codes class="bip:countries:1.0">
  <code code="POL">
    <editdetail attribution="Reuters BIP Coding Group" action="confirmed" date="1997-03-10"/>
  </code>
</codes>
<codes class="bip:topics:1.0">
  <code code="M13">
    <editdetail attribution="Reuters BIP Coding Group" action="confirmed" date="1997-03-10"/>
  </code>
  <code code="M131">
    <editdetail attribution="Reuters BIP Coding Group" action="confirmed" date="1997-03-10"/>
  </code>
  <code code="MCAT">
    <editdetail attribution="Reuters BIP Coding Group" action="confirmed" date="1997-03-10"/>
  </code>
</codes>
<dc element="dc.date.created" value="1997-03-10"/>
<dc element="dc.publisher" value="Reuters Holdings Plc"/>
<dc element="dc.date.published" value="1997-03-10"/>
<dc element="dc.source" value="Reuters"/>
<dc element="dc.creator.location" value="WARSAW"/>
<dc element="dc.creator.location.country.name" value="POLAND"/>
<dc element="dc.source" value="Reuters"/>
</metadata>
</newsitem>
