<?xml version="1.0" encoding="iso-8859-1" ?>
<newsitem itemid="429810" id="root" date="1997-03-10" xml:lang="en">
<title>HUNGARY: GM TURNING MORE TO CENTRAL EUROPE FOR PARTS.</title>
<headline>GM TURNING MORE TO CENTRAL EUROPE FOR PARTS.</headline>
<byline>Ryan Tutak</byline>
<dateline>BUDAPEST 1997-03-10</dateline>
<text>
<p>U.S. automaker General Motors Corp is broadening its role in central Europe by intensifying efforts to buy 1.5 billion marks of car parts a year by 2000.</p>
<p>GM is investigating ways to develop its supplier base in Hungary with two days of meetings that started on Monday with senior government officials here.</p>
<p>GM Europe President Richard Donnelly will see Finance Minister Peter Medgyessy and Industry Minister Szabolcs Fazakas, and a news conference about the visit is scheduled for Tuesday at 14:45 GMT.</p>
<p>&quot;The meetings are a clear sign that GM is interested in accelerating its parts purchases in Hungary,&quot; said Andras Danos, spokesman for Opel Hungary Ltd, a division of GM's German automaker Adam Opel AG.</p>
<p>&quot;We want more and more Hungarian companies to do business with us, ... but we need to find ways to help them satisfy the financial and technical requirements.&quot;</p>
<p>The automaker opened a parts office in Warsaw in December 1995 to scout central Europe for suppliers, and a group of the office's purchasing agents visited roughly 50 Hungarian parts makers in November 1996.</p>
<p>The new office was opened partly to support GM's plans to invest 470 million marks in a car plant in southern Poland. The plant, expected to launch operations by 1999, would be GM's biggest venture for making cars in former communist Europe with capacity to build over 100,000 units a year.</p>
<p>GM, which has assembled cars and manufactured engines in Hungary since 1992, already has increased its purchases of car parts there to 164.1 million marks in 1996 from 51.5 million marks in 1991. Orders could reach 200 million marks in 1997.</p>
<p>The automaker buys a variety of Hungarian parts, including bumpers, cable harnesses, high-tech electronics, moulded plastics, mirrors and sunvisors. GM also plans to buy Hungarian batteries for the new plant in Poland.</p>
<p>The Hungarian parts mainly supply GM plants in western Europe, where high labor costs have been driving automakers there to source components from high-skilled and low-wage suppliers in central and eastern Europe.</p>
<p>German automaker Volkswagen AG already announced plans to boost its orders from Hungary to 200 million marks in 1999 from 61 million marks in 1995.</p>
<p>Hungary's auto parts industry, beholden to Russian carmakers under communism, has reoriented itself to meet the demand.</p>
<p>The percentage of its business with European Union countries has risen to 75 percent in 1996 from 10 percent in 1991, according to the Hungarian Association of Vehicle Components Manufacturers.</p>
<p>&quot;The quality and quantity of our output has improved significantly, and the major automakers are taking notice,&quot; the association's secretary general Laszlo Bogdanovits told said.</p>
<p>&quot;Initially, western customers asked our members to make only the most generic and simpliest parts,&quot; Bogdanovits added. &quot;Now our members make some of the most sophisticated parts.&quot;</p>
<p>And Hungarian parts are installed in some of the most expensive cars in the world, including models from BMW AG, Mercedes-Benz AG and Rolls-Royce Motor Cars Ltd .</p>
<p>&quot;We are supplying the elites in the industy,&quot; Bogdanovits said. &quot;The only problem is the production of these cars is in relatively small volumes, but the interest from companies like GM and VW is growing, and we expect it to continue.&quot;</p>
<p>-- Budapest newsroom (36 1) 327 4040</p>
</text>
<copyright>(c) Reuters Limited 1997</copyright>
<metadata>
<codes class="bip:countries:1.0">
  <code code="HUNG">
    <editdetail attribution="Reuters BIP Coding Group" action="confirmed" date="1997-03-10"/>
  </code>
  <code code="POL">
    <editdetail attribution="Reuters BIP Coding Group" action="confirmed" date="1997-03-10"/>
  </code>
</codes>
<codes class="bip:industries:1.0">
  <code code="I35101">
    <editdetail attribution="Reuters BIP Coding Group" action="confirmed" date="1997-03-10"/>
  </code>
  <code code="I35300">
    <editdetail attribution="Reuters BIP Coding Group" action="confirmed" date="1997-03-10"/>
  </code>
</codes>
<codes class="bip:topics:1.0">
  <code code="C11">
    <editdetail attribution="Reuters BIP Coding Group" action="confirmed" date="1997-03-10"/>
  </code>
  <code code="C24">
    <editdetail attribution="Reuters BIP Coding Group" action="confirmed" date="1997-03-10"/>
  </code>
  <code code="C33">
    <editdetail attribution="Reuters BIP Coding Group" action="confirmed" date="1997-03-10"/>
  </code>
  <code code="CCAT">
    <editdetail attribution="Reuters BIP Coding Group" action="confirmed" date="1997-03-10"/>
  </code>
</codes>
<dc element="dc.date.created" value="1997-03-10"/>
<dc element="dc.publisher" value="Reuters Holdings Plc"/>
<dc element="dc.date.published" value="1997-03-10"/>
<dc element="dc.source" value="Reuters"/>
<dc element="dc.creator.location" value="BUDAPEST"/>
<dc element="dc.creator.location.country.name" value="HUNGARY"/>
<dc element="dc.source" value="Reuters"/>
</metadata>
</newsitem>
