<?xml version="1.0" encoding="iso-8859-1" ?>
<newsitem itemid="429869" id="root" date="1997-03-10" xml:lang="en">
<title>UK: Brent crude cargoes - two kept, one clocked.</title>
<headline>Brent crude cargoes - two kept, one clocked.</headline>
<dateline>LONDON 1997-03-10</dateline>
<text>
<p>Two of the Brent crude oil cargoes which turned wet on Monday were kept by trader Arcadia and U.S. refiner Koch was five o' clocked with the third.</p>
<p>The three cargoes are scheduled to load in the March 25-27 loading window.</p>
<p>Brent cargoes are traded on a paper, or forward market until the 1700 London time deadline on the nearest trading day 15 days before their assigned loading date.</p>
</text>
<copyright>(c) Reuters Limited 1997</copyright>
<metadata>
<codes class="bip:countries:1.0">
  <code code="UK">
    <editdetail attribution="Reuters BIP Coding Group" action="confirmed" date="1997-03-10"/>
  </code>
</codes>
<codes class="bip:topics:1.0">
  <code code="M14">
    <editdetail attribution="Reuters BIP Coding Group" action="confirmed" date="1997-03-10"/>
  </code>
  <code code="M143">
    <editdetail attribution="Reuters BIP Coding Group" action="confirmed" date="1997-03-10"/>
  </code>
  <code code="MCAT">
    <editdetail attribution="Reuters BIP Coding Group" action="confirmed" date="1997-03-10"/>
  </code>
</codes>
<dc element="dc.date.created" value="1997-03-10"/>
<dc element="dc.publisher" value="Reuters Holdings Plc"/>
<dc element="dc.date.published" value="1997-03-10"/>
<dc element="dc.source" value="Reuters"/>
<dc element="dc.creator.location" value="LONDON"/>
<dc element="dc.creator.location.country.name" value="UK"/>
<dc element="dc.source" value="Reuters"/>
</metadata>
</newsitem>
