<?xml version="1.0" encoding="iso-8859-1" ?>
<newsitem itemid="429823" id="root" date="1997-03-10" xml:lang="en">
<title>UK: Buyers sidelined on the UK meals/feeds market.</title>
<headline>Buyers sidelined on the UK meals/feeds market.</headline>
<dateline>LONDON 1997-03-10</dateline>
<text>
<p>Higher futures prices in Chicago and increases of as much as three stg a tonne in high pro prices on the UK meals and feeds market kept most buyers sidelined.</p>
<p>&quot;People are beginning to realise that prices are not going to come down suddenly but that does not make them any keener to get involved,&quot; said one broker.</p>
<p>&quot;We've got some USDA figures due out on Tuesday and some people are holding on in case they make a dent in the market, but even if they do it will be only temporally,&quot; said another.</p>
<p>High protein soymeal ex-mill Liverpool was offered three stg up while stores were one to three stg higher.</p>
<p>Rapemeal ex-mill Erith was unchanged while resellers were unchanged to one stg up.</p>
<p>Rapemeal from the Liverpool and Hull mills were unchanged to two stg higher.</p>
<p>Corn gluten feed pellets ex-store were around one to two stg up while sunflower meal ex-store and pellets ex-mill unchanged.</p>
<p>--Jim Ballantyne, London Newsroom, +44 171 542 8062</p>
</text>
<copyright>(c) Reuters Limited 1997</copyright>
<metadata>
<codes class="bip:countries:1.0">
  <code code="UK">
    <editdetail attribution="Reuters BIP Coding Group" action="confirmed" date="1997-03-10"/>
  </code>
</codes>
<codes class="bip:topics:1.0">
  <code code="M14">
    <editdetail attribution="Reuters BIP Coding Group" action="confirmed" date="1997-03-10"/>
  </code>
  <code code="M141">
    <editdetail attribution="Reuters BIP Coding Group" action="confirmed" date="1997-03-10"/>
  </code>
  <code code="MCAT">
    <editdetail attribution="Reuters BIP Coding Group" action="confirmed" date="1997-03-10"/>
  </code>
</codes>
<dc element="dc.date.created" value="1997-03-10"/>
<dc element="dc.publisher" value="Reuters Holdings Plc"/>
<dc element="dc.date.published" value="1997-03-10"/>
<dc element="dc.source" value="Reuters"/>
<dc element="dc.creator.location" value="LONDON"/>
<dc element="dc.creator.location.country.name" value="UK"/>
<dc element="dc.source" value="Reuters"/>
</metadata>
</newsitem>
