<?xml version="1.0" encoding="iso-8859-1" ?>
<newsitem itemid="429815" id="root" date="1997-03-10" xml:lang="en">
<title>HUNGARY: HUNGARY BOURSE TAKES UP KIRALYBROKER AS MEMBER.</title>
<headline>HUNGARY BOURSE TAKES UP KIRALYBROKER AS MEMBER.</headline>
<dateline>BUDAPEST 1997-03-10</dateline>
<text>
<p>The Council of the Budapest Stock Exchange (BSE) decided to list Kiralybroker Ertekpapir-forgalmazo Kft as a member of the bourse, the BSE said in a statement in its official gazette on Monday.</p>
<p>The decision will take effect on March 11. The BSE also said in  a separate statement that it would terminate the bourse membership of Co-Nexus Ertekhaz Rt for the request of the brokerage, effective on March 10.</p>
<p>Kiralybroker's registered capital is 52.1 million forints.</p>
<p>-- Budapest newsroom (36 1) 327 4040</p>
</text>
<copyright>(c) Reuters Limited 1997</copyright>
<metadata>
<codes class="bip:countries:1.0">
  <code code="HUNG">
    <editdetail attribution="Reuters BIP Coding Group" action="confirmed" date="1997-03-10"/>
  </code>
</codes>
<codes class="bip:industries:1.0">
  <code code="I83100">
    <editdetail attribution="Reuters BIP Coding Group" action="confirmed" date="1997-03-10"/>
  </code>
</codes>
<codes class="bip:topics:1.0">
  <code code="C13">
    <editdetail attribution="Reuters BIP Coding Group" action="confirmed" date="1997-03-10"/>
  </code>
  <code code="CCAT">
    <editdetail attribution="Reuters BIP Coding Group" action="confirmed" date="1997-03-10"/>
  </code>
</codes>
<dc element="dc.date.created" value="1997-03-10"/>
<dc element="dc.publisher" value="Reuters Holdings Plc"/>
<dc element="dc.date.published" value="1997-03-10"/>
<dc element="dc.source" value="Reuters"/>
<dc element="dc.creator.location" value="BUDAPEST"/>
<dc element="dc.creator.location.country.name" value="HUNGARY"/>
<dc element="dc.source" value="Reuters"/>
</metadata>
</newsitem>
