<?xml version="1.0" encoding="iso-8859-1" ?>
<newsitem itemid="429883" id="root" date="1997-03-10" xml:lang="en">
<title>UK: Belgium plans $500 mln five-year Euro-Asian bond.</title>
<headline>Belgium plans $500 mln five-year Euro-Asian bond.</headline>
<dateline>LONDON 1997-03-10</dateline>
<text>
<p>Belgium will issue a $500 million five-year Euro-Asian bond, Morgan Stanley said as joint lead manager of the transaction on Monday.</p>
<p>UBS will be the other joint lead manager.  </p>
<p>A Euro-Asian bond has listings in both Europe and Asia to attract investors from both regions. The Belgium issue was expected to surface this week if market conditions were favourable, syndicate managers said.</p>
<p>-- London Newsroom +44 171 542 7718</p>
</text>
<copyright>(c) Reuters Limited 1997</copyright>
<metadata>
<codes class="bip:countries:1.0">
  <code code="BELG">
    <editdetail attribution="Reuters BIP Coding Group" action="confirmed" date="1997-03-10"/>
  </code>
  <code code="UK">
    <editdetail attribution="Reuters BIP Coding Group" action="confirmed" date="1997-03-10"/>
  </code>
</codes>
<codes class="bip:topics:1.0">
  <code code="E21">
    <editdetail attribution="Reuters BIP Coding Group" action="confirmed" date="1997-03-10"/>
  </code>
  <code code="E212">
    <editdetail attribution="Reuters BIP Coding Group" action="confirmed" date="1997-03-10"/>
  </code>
  <code code="ECAT">
    <editdetail attribution="Reuters BIP Coding Group" action="confirmed" date="1997-03-10"/>
  </code>
</codes>
<dc element="dc.date.created" value="1997-03-10"/>
<dc element="dc.publisher" value="Reuters Holdings Plc"/>
<dc element="dc.date.published" value="1997-03-10"/>
<dc element="dc.source" value="Reuters"/>
<dc element="dc.creator.location" value="LONDON"/>
<dc element="dc.creator.location.country.name" value="UK"/>
<dc element="dc.source" value="Reuters"/>
</metadata>
</newsitem>
