<?xml version="1.0" encoding="iso-8859-1" ?>
<newsitem itemid="429813" id="root" date="1997-03-10" xml:lang="en">
<title>BULGARIA: BULGARIA FEBRUARY MONTHLY INFLATION 242.7 PCT.</title>
<headline>BULGARIA FEBRUARY MONTHLY INFLATION 242.7 PCT.</headline>
<dateline>SOFIA 1997-03-10</dateline>
<text>
<p>Bulgaria's monthly inflation in February rose to 242.7 pct from 43.5 pct in January, an official of the National Statistics Institue said on Monday.</p>
<p>&quot;The very large inflation figure resulted from the sharp</p>
<p>lev devaluation at the beginning of February which boosted</p>
<p>prices of imported raw materials and goods and also a</p>
<p>speculative increase in retailers' prices,&quot; the official said.</p>
<p>He said the inflation figure was the highest monthly rate</p>
<p>recorded in Bulgaria. The previous high was 121 percent reached</p>
<p>in February 1991, when Bulgaria first liberalised prices.</p>
<p>The lev fell to 3,000 to the dollar from 2,000 to the</p>
<p>dollar in the first week of the month before rebounding. Bread</p>
<p>prices rose by 144 percent during the month, mainly due to the</p>
<p>grain shortage.</p>
<p>BULGARIAN CONSUMER PRICES   (FEB)     (JAN)    (FEB 1996)</p>
<p> monthly pct change	   +242.7     +43.5	+1.9</p>
<p> cumulative since Jan 1     +391.9	N/A	 +4.2</p>
<p>BREAKDOWN (cumulative inflation since Jan 1 in brackets)</p>
<p> foods			    +277.3 (+450.5)</p>
<p> non-foods			+267.5 (+432.5)</p>
<p> services			 +70.9  (+128.2)</p>
<p> electricity		    +17.5  (+68.0)</p>
<p> petrol			   +123.1 (+188.1)</p>
<p> diesel			   +110.8 (+201.6)</p>
<p> gas				+113.1 (+286.7)</p>
<p>-- Sofia Newsroom, 359-2-84561</p>
</text>
<copyright>(c) Reuters Limited 1997</copyright>
<metadata>
<codes class="bip:countries:1.0">
  <code code="BUL">
    <editdetail attribution="Reuters BIP Coding Group" action="confirmed" date="1997-03-10"/>
  </code>
</codes>
<codes class="bip:topics:1.0">
  <code code="E13">
    <editdetail attribution="Reuters BIP Coding Group" action="confirmed" date="1997-03-10"/>
  </code>
  <code code="E131">
    <editdetail attribution="Reuters BIP Coding Group" action="confirmed" date="1997-03-10"/>
  </code>
  <code code="ECAT">
    <editdetail attribution="Reuters BIP Coding Group" action="confirmed" date="1997-03-10"/>
  </code>
</codes>
<dc element="dc.date.created" value="1997-03-10"/>
<dc element="dc.publisher" value="Reuters Holdings Plc"/>
<dc element="dc.date.published" value="1997-03-10"/>
<dc element="dc.source" value="Reuters"/>
<dc element="dc.creator.location" value="SOFIA"/>
<dc element="dc.creator.location.country.name" value="BULGARIA"/>
<dc element="dc.source" value="Reuters"/>
</metadata>
</newsitem>
