<?xml version="1.0" encoding="iso-8859-1" ?>
<newsitem itemid="429867" id="root" date="1997-03-10" xml:lang="en">
<title>UK: London gold touch firmer, holds over $350.00.</title>
<headline>London gold touch firmer, holds over $350.00.</headline>
<dateline>LONDON 1997-03-10</dateline>
<text>
<p>Gold prices hovered around the psychological $350 an ounce level on Monday in what dealers called a bid to feel out a new price range.</p>
<p>Only palladium of the precious metals complex showed signs of direction, adding about $2.75 to its opening level after Nymex opened.</p>
<p>The market was still skittish after last week's news that the Swiss central bank planned to sell some of its gold reserves, dealers said.</p>
<p>Gold fixed at $350.25 per ounce on Monday afternoon after $349.90 in the morning and $350.30 on Friday. The Comex April contract was ahead as forecast by $1.80 at $351.70 at the fixing.</p>
<p>Dealers said physical demand was helping to support the price.</p>
<p>&quot;Physical demand is probably going to keep gold around the $348-$350 area for now while it feels out a new range,&quot; a bullion dealer said.</p>
<p>Gold buyers in areas such as the Middle East, India and South East Asia were expected to be active at the lower prices, while gold producers were seen selling into any rallies.</p>
<p>But the big question in the near term was whether U.S.-based funds would decide to go short and drive down the price again, the dealer said.</p>
<p>&quot;The funds squared up or at least are more neutral after the recent run-up to $364,&quot; he said.</p>
<p>Overshadowing the market was last week's news that Switzerland -- the world's most gold-friendly government -- was to sell part of its gold reserves to establish a Holocaust memorial fund.</p>
<p>Estimates went as high as 840 tonnes to be sold over 10 years, once the gold had been revalued.</p>
<p>&quot;That suddenly puts the market under a lot more pressure,&quot; brokers GNI said in a commentary.</p>
<p>Silver was also off the boil, with technical indicators turning lower, analysts said.</p>
<p>At $5.14/$5.16, it was some five cents lower than on Friday and further slides were possible depending on gold and the other precious metals.</p>
<p>Platinum was off after investors in Asian markets took advantage of the widening spread between gold and platinum prices by buying gold while selling platinum.</p>
<p>It was at $377.50/$378.50, down $2.00 from Friday's London close.</p>
<p>Palladium, however, got back over $150.00 to $151.00/$152.00 from $148.50/$149.50 on Friday.</p>
<p>The market was watching for fresh news of a threatened strike at Russia's Norilsk Nickel complex, a major world producer of the white metal.</p>
<p>--Lida Poletz, London newsroom +44 171 542 2936</p>
</text>
<copyright>(c) Reuters Limited 1997</copyright>
<metadata>
<codes class="bip:countries:1.0">
  <code code="UK">
    <editdetail attribution="Reuters BIP Coding Group" action="confirmed" date="1997-03-10"/>
  </code>
</codes>
<codes class="bip:topics:1.0">
  <code code="M14">
    <editdetail attribution="Reuters BIP Coding Group" action="confirmed" date="1997-03-10"/>
  </code>
  <code code="M142">
    <editdetail attribution="Reuters BIP Coding Group" action="confirmed" date="1997-03-10"/>
  </code>
  <code code="MCAT">
    <editdetail attribution="Reuters BIP Coding Group" action="confirmed" date="1997-03-10"/>
  </code>
</codes>
<dc element="dc.date.created" value="1997-03-10"/>
<dc element="dc.publisher" value="Reuters Holdings Plc"/>
<dc element="dc.date.published" value="1997-03-10"/>
<dc element="dc.source" value="Reuters"/>
<dc element="dc.creator.location" value="LONDON"/>
<dc element="dc.creator.location.country.name" value="UK"/>
<dc element="dc.source" value="Reuters"/>
</metadata>
</newsitem>
