<?xml version="1.0" encoding="iso-8859-1" ?>
<newsitem itemid="429906" id="root" date="1997-03-10" xml:lang="en">
<title>CANADA: Canada's Goodale regrets grain delays to Japan.</title>
<headline>Canada's Goodale regrets grain delays to Japan.</headline>
<dateline>WINNIPEG 1997-03-10</dateline>
<text>
<p>Canadian Agriculture Minister Ralph Goodale said Monday he would give his regrets to Japan for delayed grain shipments from Vancouver, but he said the delays did not necessarily cause a loss of sales.</p>
<p>&quot;I will obviously be talking to the Japanese about grain transportation and that we very sincerely regret the disruptions that have occurred during this particularly harsh winter season and we are pulling out all the stops to overcome those difficulties,&quot; Goodale told reporters before leaving on a 10-day trade mission to Japan and Indonesia.  </p>
<p>Heavy snow, extreme cold and equipment failure led to delays in rail shipments to Pacific ports since early January.</p>
<p>The Canadian Wheat Board faces more than C$15 million in demurrage fines and has acknowledged deferring sales.</p>
<p>&quot;I have no hard evidence before me at the moment that there's been an absolute loss of sales. Deferral, yes, of one period of delivery to another and certainly the risk of a loss of sales, but I hope we're getting our arms around this situation fast enough to avoid a loss of volume to the Japanese market,&quot; Goodale added.  </p>
<p>Goodale said he spoke on Friday to the presidents of Canadian National Railway Co and Canadian Pacific unit CP Rail System about expediting grain movement.</p>
<p>There were 3,433 grain and oilseed railcars unloaded in Vancouver in the week ended March 9 compared to a target of 3,400, CWB spokeswoman Rhea Yates said.</p>
<p>Prince Rupert railcar unloads, however, totalled 1,299 hopper cars compared to a weekly target of 1,500, Yates said.</p>
<p>((Gilbert Le Gras 204 947 3548))</p>
</text>
<copyright>(c) Reuters Limited 1997</copyright>
<metadata>
<codes class="bip:countries:1.0">
  <code code="CANA">
    <editdetail attribution="Reuters BIP Coding Group" action="confirmed" date="1997-03-10"/>
  </code>
  <code code="JAP">
    <editdetail attribution="Reuters BIP Coding Group" action="confirmed" date="1997-03-10"/>
  </code>
</codes>
<codes class="bip:industries:1.0">
  <code code="I01001">
    <editdetail attribution="Reuters BIP Coding Group" action="confirmed" date="1997-03-10"/>
  </code>
  <code code="I0100132">
    <editdetail attribution="Reuters BIP Coding Group" action="confirmed" date="1997-03-10"/>
  </code>
</codes>
<codes class="bip:topics:1.0">
  <code code="C31">
    <editdetail attribution="Reuters BIP Coding Group" action="confirmed" date="1997-03-10"/>
  </code>
  <code code="C312">
    <editdetail attribution="Reuters BIP Coding Group" action="confirmed" date="1997-03-10"/>
  </code>
  <code code="CCAT">
    <editdetail attribution="Reuters BIP Coding Group" action="confirmed" date="1997-03-10"/>
  </code>
</codes>
<dc element="dc.date.created" value="1997-03-10"/>
<dc element="dc.publisher" value="Reuters Holdings Plc"/>
<dc element="dc.date.published" value="1997-03-10"/>
<dc element="dc.source" value="Reuters"/>
<dc element="dc.creator.location" value="WINNIPEG"/>
<dc element="dc.creator.location.country.name" value="CANADA"/>
<dc element="dc.source" value="Reuters"/>
</metadata>
</newsitem>
