<?xml version="1.0" encoding="iso-8859-1" ?>
<newsitem itemid="429905" id="root" date="1997-03-10" xml:lang="en">
<title>CANADA: Canadian Exchanges Closing - March 10.</title>
<headline>Canadian Exchanges Closing - March 10.</headline>
<text>
<p>T-BILLS</p>
<p> CAN.DOLLAR 1.3712-17	1M   2.77  CALL LOAN 3.16</p>
<p>   CAD/DEM  1.2410-20	2M   2.90</p>
<p>   CAD/JPY  88.66-76	 3M   2.97</p>
<p>   CAD/CHF  1.0729-39	WI   3.01  CANADA BONDS YIELD</p>
<p>   GBP/CAD  2.1992-02	6M   3.27     2YR    103.05 4.143</p>
<p>				   WI   3.32     5YR    107.42 5.396</p>
<p> CANADA DOLLAR FORWARDS    1Y   3.71    10YR    107.77 6.070</p>
<p>	 1MTH 28.3-27.8	WI   3.72    30YR    105.51 6.501</p>
<p>	 2MTH 56-55</p>
<p>	 3MTH 82.5-81.5</p>
</text>
<copyright>(c) Reuters Limited 1997</copyright>
<metadata>
<codes class="bip:countries:1.0">
  <code code="CANA">
    <editdetail attribution="Reuters BIP Coding Group" action="confirmed" date="1997-03-10"/>
  </code>
</codes>
<codes class="bip:topics:1.0">
  <code code="M12">
    <editdetail attribution="Reuters BIP Coding Group" action="confirmed" date="1997-03-10"/>
  </code>
  <code code="M13">
    <editdetail attribution="Reuters BIP Coding Group" action="confirmed" date="1997-03-10"/>
  </code>
  <code code="M131">
    <editdetail attribution="Reuters BIP Coding Group" action="confirmed" date="1997-03-10"/>
  </code>
  <code code="M132">
    <editdetail attribution="Reuters BIP Coding Group" action="confirmed" date="1997-03-10"/>
  </code>
  <code code="MCAT">
    <editdetail attribution="Reuters BIP Coding Group" action="confirmed" date="1997-03-10"/>
  </code>
</codes>
<dc element="dc.publisher" value="Reuters Holdings Plc"/>
<dc element="dc.date.published" value="1997-03-10"/>
<dc element="dc.source" value="Reuters"/>
<dc element="dc.creator.location.country.name" value="CANADA"/>
<dc element="dc.source" value="Reuters"/>
</metadata>
</newsitem>
