<?xml version="1.0" encoding="iso-8859-1" ?>
<newsitem itemid="429902" id="root" date="1997-03-10" xml:lang="en">
<title>CANADA: Toronto stocks soar one percent to record close.</title>
<headline>Toronto stocks soar one percent to record close.</headline>
<dateline>TORONTO</dateline>
<text>
<p>Toronto stocks hit new highs on Monday, as investors continued to gobble up Canadian bank stocks and Wall Street turned in a strong session.</p>
<p>The TSE 300 Composite Index jumped 64.48 points, or 1.03 percent, to close at 6332.87 -- its 12th record finish of 1997. The key index also set an intraday high of 6333.27.</p>
<p>Trading was brisk with 85.3 million shares changing hands worth C$1.41 billion ($1.02 billion).</p>
<p>&quot;In Toronto, the banks continued their Friday performance. They were very, very strong,&quot; said Rolie Bradley, an institutional salesman with Maison Placements Canada Inc.</p>
<p>The TSE's financial services group closed up 2.05 percent at 6575.29, a few points shy of its all-time high of 6582.53 hit earlier in the session.</p>
<p>The heayweight group led the overall market to new highs on Friday after recent record first quarter profits from Canada big six banks.</p>
<p>Financial services, gold, base metals and consumer products led 12 of 14 sub-groups higher. There were modest losses in conglomerates and real estate.</p>
<p>&quot;New York was up as well which helped push Toronto,&quot; Bradley said. The Dow Jones average rose 78 points on Monday.</p>
<p>--- HOT STOCKS ---</p>
<p>* Among the banks, Toronto-Dominion Bank jumped 1.25 to close at 40.45, a 52-week high, on 2.06 million shares.</p>
<p>Royal Bank of Canada gained 1.45 to 62.05 1.7 million shares, after earlier reaching a 52-week peak of 62.20.</p>
<p>Bank of Montreal added 1.70 to end at 55.40 on 1.5 million shares. The stock earlier hit a new high of 55.50.</p>
<p>* Potash Corp. of Saskatchewan Inc. rose 1.50 to 107.50 after a U.S. brokerage reinitiated coverage with a buy rating.</p>
<p>* Inco Ltd. was the top base metal gainer, closing up 1.60 at 51.30 on 730,000 shares.</p>
</text>
<copyright>(c) Reuters Limited 1997</copyright>
<metadata>
<codes class="bip:countries:1.0">
  <code code="CANA">
    <editdetail attribution="Reuters BIP Coding Group" action="confirmed" date="1997-03-10"/>
  </code>
</codes>
<codes class="bip:topics:1.0">
  <code code="M11">
    <editdetail attribution="Reuters BIP Coding Group" action="confirmed" date="1997-03-10"/>
  </code>
  <code code="MCAT">
    <editdetail attribution="Reuters BIP Coding Group" action="confirmed" date="1997-03-10"/>
  </code>
</codes>
<dc element="dc.publisher" value="Reuters Holdings Plc"/>
<dc element="dc.date.published" value="1997-03-10"/>
<dc element="dc.source" value="Reuters"/>
<dc element="dc.creator.location" value="TORONTO"/>
<dc element="dc.creator.location.country.name" value="CANADA"/>
<dc element="dc.source" value="Reuters"/>
</metadata>
</newsitem>
