<?xml version="1.0" encoding="iso-8859-1" ?>
<newsitem itemid="429908" id="root" date="1997-03-10" xml:lang="en">
<title>CANADA: CWB urges farmers in flood plain to move grain.</title>
<headline>CWB urges farmers in flood plain to move grain.</headline>
<dateline>WINNIPEG 1997-03-10</dateline>
<text>
<p>Red River Valley farmers may deliver more grain on the Canadian Wheat Board's first two quarterly contracts ahead of spring floods, the CWB said.</p>
<p>The CWB authorized flood zone farmers to deliver 80 percent of their first quarterly contracts and 60 percent of their second quarterly grain delivery contracts.</p>
<p>&quot;Some grain has already been moved to the U.S. from southern Manitoba due to the vessel backlog at the West Coast and the possibility of a flood,&quot; a CWB statement said.</p>
<p>Three times the average amount of snow fell in the Red River basin in the United States and twice the average amount fell on the Canadian side of the basin this winter.</p>
<p>Manitoba Natural Resources forecast a 10 percent chance this would be the worst Red River flood of the century.</p>
<p>The CWB allocated enough railcars last spring to move 100,000 tonnes of grain out of the Red River Valley but a weather and equipment induced backlog of ships since January on Canada's Pacific coast may mean some grain is at risk.</p>
<p>&quot;Due to extremely poor grain movement over the past three months, it is unlikely that all grain will be moved out of flood prone areas,&quot; the CWB warned.</p>
<p>((Gilbert Le Gras 204 947 3548))</p>
</text>
<copyright>(c) Reuters Limited 1997</copyright>
<metadata>
<codes class="bip:countries:1.0">
  <code code="CANA">
    <editdetail attribution="Reuters BIP Coding Group" action="confirmed" date="1997-03-10"/>
  </code>
</codes>
<codes class="bip:industries:1.0">
  <code code="I01001">
    <editdetail attribution="Reuters BIP Coding Group" action="confirmed" date="1997-03-10"/>
  </code>
  <code code="I0100132">
    <editdetail attribution="Reuters BIP Coding Group" action="confirmed" date="1997-03-10"/>
  </code>
</codes>
<codes class="bip:topics:1.0">
  <code code="C21">
    <editdetail attribution="Reuters BIP Coding Group" action="confirmed" date="1997-03-10"/>
  </code>
  <code code="CCAT">
    <editdetail attribution="Reuters BIP Coding Group" action="confirmed" date="1997-03-10"/>
  </code>
  <code code="M14">
    <editdetail attribution="Reuters BIP Coding Group" action="confirmed" date="1997-03-10"/>
  </code>
  <code code="M141">
    <editdetail attribution="Reuters BIP Coding Group" action="confirmed" date="1997-03-10"/>
  </code>
  <code code="MCAT">
    <editdetail attribution="Reuters BIP Coding Group" action="confirmed" date="1997-03-10"/>
  </code>
</codes>
<dc element="dc.date.created" value="1997-03-10"/>
<dc element="dc.publisher" value="Reuters Holdings Plc"/>
<dc element="dc.date.published" value="1997-03-10"/>
<dc element="dc.source" value="Reuters"/>
<dc element="dc.creator.location" value="WINNIPEG"/>
<dc element="dc.creator.location.country.name" value="CANADA"/>
<dc element="dc.source" value="Reuters"/>
</metadata>
</newsitem>
