<?xml version="1.0" encoding="iso-8859-1" ?>
<newsitem itemid="429909" id="root" date="1997-03-10" xml:lang="en">
<title>CANADA: WCE canola end sharply up on crushers, funds, CBOT.</title>
<headline>WCE canola end sharply up on crushers, funds, CBOT.</headline>
<dateline>WINNIPEG 1997-03-10</dateline>
<text>
<p>WCE canola futures ended sharply higher on crusher demand and on sharp gains in CBOT soy complex futures linked to fund buying, traders said.</p>
<p>&quot;We followed Chicago ahead of tomorrow's soybean ending stocks report,&quot; a trader said, referring to a USDA report to be released Tuesday, which is expected to show a cut in USDA's estimate of soybean ending stocks.</p>
<p>&quot;Funds bought 400 to 700 May, crushers bought and the Pools sold,&quot; another trader said. May WCE futures crush profit margin rose to -3.60 Monday from -5.01 Friday. May-July spread at even money, May-Nov $51. Volume was 6,800 lots, or 136,000 tonnes, with 900 hedge lots.</p>
<p>Japan bought 8,000-10,000 tonnes overnight, sources said.</p>
<p>March canola rose $9 to $425, May up $8.40 to $430.20.</p>
<p>Louis Dreyfus bought May flax up $2 to $361 with the Pools selling in active trade spurred by talk European crushers bought 5,000 tonnes, traders said. November closed up $3.30 at $328.50. Volume 500.</p>
<p>About 500 December wheat traded up $2.20 to $164.20 with locals, UGG, Alberta Wheat Pool and Louis Dreyfus trading, May rose $2.80 to $170.10 with RBC-DS buying. About 500 May-Dec spread at $5, 60 Mar-May $5. Oats didn't trade.</p>
<p>UGG sold March western barley up $2.80 to $143.70 to XCan, as RBC-DS covered March shorts and AWP and UGG sold May up $3.10 to $145.50 to PCTS with commission buy stops hit at $145, a trader said. July-Oct spread at $1.60. Volume was 1,500 lots.</p>
<p>UGG sold May feed peas up US$3.50 to US$210.50, RBC-DS sold July feed peas up the US$5/tonne limit to US$192.90, traders said.</p>
<p>(All values in Canadian dollars, except feed peas)</p>
<p>((Gilbert Le Gras 204 947 3548))</p>
</text>
<copyright>(c) Reuters Limited 1997</copyright>
<metadata>
<codes class="bip:countries:1.0">
  <code code="CANA">
    <editdetail attribution="Reuters BIP Coding Group" action="confirmed" date="1997-03-10"/>
  </code>
</codes>
<codes class="bip:topics:1.0">
  <code code="M14">
    <editdetail attribution="Reuters BIP Coding Group" action="confirmed" date="1997-03-10"/>
  </code>
  <code code="M141">
    <editdetail attribution="Reuters BIP Coding Group" action="confirmed" date="1997-03-10"/>
  </code>
  <code code="MCAT">
    <editdetail attribution="Reuters BIP Coding Group" action="confirmed" date="1997-03-10"/>
  </code>
</codes>
<dc element="dc.date.created" value="1997-03-10"/>
<dc element="dc.publisher" value="Reuters Holdings Plc"/>
<dc element="dc.date.published" value="1997-03-10"/>
<dc element="dc.source" value="Reuters"/>
<dc element="dc.creator.location" value="WINNIPEG"/>
<dc element="dc.creator.location.country.name" value="CANADA"/>
<dc element="dc.source" value="Reuters"/>
</metadata>
</newsitem>
