<?xml version="1.0" encoding="iso-8859-1" ?>
<newsitem itemid="429910" id="root" date="1997-03-10" xml:lang="en">
<title>CANADA: Suncor examining U.S. refining ventures.</title>
<headline>Suncor examining U.S. refining ventures.</headline>
<dateline>CALGARY 1997-03-10</dateline>
<text>
<p>Suncor Inc is examining a number of possible deals, including refining joint ventures and purchases, aimed at lessening the blow of widening price spreads between light and heavy oil in the U.S. Midwest, Suncor chief executive Rick George said on Monday.</p>
<p>&quot;It can be anything from a voint venture to purchase to processing arrangement,&quot; George told reporters following a ceremony for employees to unveil the Suncor's new name -- Suncor Energy -- and revamped corporate logo.  </p>
<p>&quot;It can cover the whole gamut here, we're not only pursuing one avenue, there are a number of avenues we're looking at.&quot;</p>
<p>George said widening heavy oil differentials were casting a pall on the future of Suncor's Burnt Lake enhanced heavy oil recovery project in Northern Alberta.</p>
<p>The spread between Canadian Lloydminster heavy and benchmark West Texas Intermediate light oil has recently widened to as much as US$6 per barrel amid growing Canadian supply and head-to-head price competition in the key Midwest market with Venezuelan and Mexican volumes.  </p>
<p>&quot;We are looking at whether there are any opportunities downstream of our upstream businesses -- both conventional and the oil sands plant -- that we can look at investments in that chain between those production facilities and the customer,&quot; George said.</p>
<p>Suncor is currently developing the Burnt Lake project as a C$15 million steam assisted gravity drainage (SAGD) test. If it gets the go-ahead within an estimated nine to 12 months, it could pump between 40,000 and 50,000 barrels per day of heavy crude.  </p>
<p>The pilot plant must be on stream for a number of months before the company can make an assessment of the ultimate production would be, he said.</p>
<p>&quot;The only other part of that equation is that we're very concerned about light-heavy differentials...there's a price at which we would not invest if we cannot get a return on capital above our cost of capital,&quot; George said.</p>
<p>He said the company, which plans to spend C$2.0 billion on numerous upstream and downstream projects over four years, was on track to meet its goal of expanding the oil sands operation's production to 105,000 barrels per day by 1999.  </p>
<p>The mine, extraction plant and upgrader, located north of Fort McMurray in northeast Alberta, are slated to pump out 85,000 barrels a day of synthetic crude when a major turnaround is completed this spring.</p>
<p>The upgrader expansion, estimated to cost C$300 million, is expected to be finished in about a year and the new Steepbank mine, which also carries a pricetag of C$300 million, is slated to begin producing in late 1998.</p>
<p>Meanwhile, Suncor is examining new exploration projects in Argentina, Brazil and Peru and may be able to announce one in about 12 months, George said, stressing the company is not in the market for acquisitions in the region.</p>
<p>&quot;We're close to fairly high commodity prices, you've got a lot of people looking at acquisitions and my feeling is that whenever yoyu see this industry head in one direction you should probably look in a different direction,&quot; he said.</p>
<p>&quot;I'm not saying we would never do acquisitions in these areas but it certainly isn't where we'll be heading in the near term.&quot;</p>
<p>((Jeffrey Jones, Reuters Calgary Bureau (403) 531-1624))</p>
</text>
<copyright>(c) Reuters Limited 1997</copyright>
<metadata>
<codes class="bip:countries:1.0">
  <code code="CANA">
    <editdetail attribution="Reuters BIP Coding Group" action="confirmed" date="1997-03-10"/>
  </code>
  <code code="USA">
    <editdetail attribution="Reuters BIP Coding Group" action="confirmed" date="1997-03-10"/>
  </code>
</codes>
<codes class="bip:industries:1.0">
  <code code="I14000">
    <editdetail attribution="Reuters BIP Coding Group" action="confirmed" date="1997-03-10"/>
  </code>
</codes>
<codes class="bip:topics:1.0">
  <code code="C11">
    <editdetail attribution="Reuters BIP Coding Group" action="confirmed" date="1997-03-10"/>
  </code>
  <code code="C24">
    <editdetail attribution="Reuters BIP Coding Group" action="confirmed" date="1997-03-10"/>
  </code>
  <code code="CCAT">
    <editdetail attribution="Reuters BIP Coding Group" action="confirmed" date="1997-03-10"/>
  </code>
</codes>
<dc element="dc.date.created" value="1997-03-10"/>
<dc element="dc.publisher" value="Reuters Holdings Plc"/>
<dc element="dc.date.published" value="1997-03-10"/>
<dc element="dc.source" value="Reuters"/>
<dc element="dc.creator.location" value="CALGARY"/>
<dc element="dc.creator.location.country.name" value="CANADA"/>
<dc element="dc.source" value="Reuters"/>
</metadata>
</newsitem>
