<?xml version="1.0" encoding="iso-8859-1" ?>
<newsitem itemid="429903" id="root" date="1997-03-10" xml:lang="en">
<title>CANADA: Montreal indices closing - March 10.</title>
<headline>Montreal indices closing - March 10.</headline>
<text>
<p>Industrials		  3006.59  +21.84</p>
<p> Utilities		    2813.49  +12.32</p>
<p> Banks			  5125.59 +115.16</p>
<p> Portfolio		     3214.1  +44.58</p>
<p> Volume			24216722</p>
</text>
<copyright>(c) Reuters Limited 1997</copyright>
<metadata>
<codes class="bip:countries:1.0">
  <code code="CANA">
    <editdetail attribution="Reuters BIP Coding Group" action="confirmed" date="1997-03-10"/>
  </code>
</codes>
<codes class="bip:topics:1.0">
  <code code="M11">
    <editdetail attribution="Reuters BIP Coding Group" action="confirmed" date="1997-03-10"/>
  </code>
  <code code="MCAT">
    <editdetail attribution="Reuters BIP Coding Group" action="confirmed" date="1997-03-10"/>
  </code>
</codes>
<dc element="dc.publisher" value="Reuters Holdings Plc"/>
<dc element="dc.date.published" value="1997-03-10"/>
<dc element="dc.source" value="Reuters"/>
<dc element="dc.creator.location.country.name" value="CANADA"/>
<dc element="dc.source" value="Reuters"/>
</metadata>
</newsitem>
