<?xml version="1.0" encoding="iso-8859-1" ?>
<newsitem itemid="429907" id="root" date="1997-03-10" xml:lang="en">
<title>CANADA: Canada's Goodale to speak to Japan on Taiwan pork.</title>
<headline>Canada's Goodale to speak to Japan on Taiwan pork.</headline>
<dateline>WINNIPEG 1997-03-10</dateline>
<text>
<p>Canadian Agriculture Minister Ralph Goodale said on Monday he will speak to Japanese officials about how Japan's emergency tariff rates are applied to Taiwanese and Canadian pork imports.</p>
<p>&quot;We think there's two problems with the way the system's administered. One is the equity by which the formula is being administered and whether our exports are being treated fairly vis-a-vis exporters from Taiwan,&quot; Goodale said in a conference call with reporters ahead of a trade mission this week.  </p>
<p>Another issue Goodale plans to address about the tariff, which increases average pork import prices by 24 percent, is that it shorts Japan's market at its moment of highest demand.</p>
<p>Goodale will be in Tokyo and Osaka, Japan, and Jakarta, Indonesia, March 11 to 21 on a trade mission with 50 other Canadian officials from business and government.</p>
<p>Japan introduced the tariff under Genereal Agreement on Tariffs and Trade (GATT) rules and extended them to June.</p>
<p>Japan imported 653,178 tonnes of pork from Canada in 1996, up 12.5 percent from 1995. Canada supplied 6.2 percent of Japan's pork needs in 1996, Canada Pork International (CPI) said.</p>
<p>A CPI official last week claimed Taiwan avoids Japan's emergency pork tariff through false invoicing. Taiwan's Council of Agriculture denied the allegation.</p>
<p>&quot;We believe there's a valid argument that others may have some unfair advantages to the method of administration,&quot; Goodale said.</p>
<p>Japan imports about 50 percent of the food it consumes for a total of US$50 billion a year, Goodale added.</p>
<p>((Gilbert Le Gras 204 947 3548))</p>
</text>
<copyright>(c) Reuters Limited 1997</copyright>
<metadata>
<codes class="bip:countries:1.0">
  <code code="CANA">
    <editdetail attribution="Reuters BIP Coding Group" action="confirmed" date="1997-03-10"/>
  </code>
  <code code="JAP">
    <editdetail attribution="Reuters BIP Coding Group" action="confirmed" date="1997-03-10"/>
  </code>
  <code code="TAIWAN">
    <editdetail attribution="Reuters BIP Coding Group" action="confirmed" date="1997-03-10"/>
  </code>
</codes>
<codes class="bip:industries:1.0">
  <code code="I01001">
    <editdetail attribution="Reuters BIP Coding Group" action="confirmed" date="1997-03-10"/>
  </code>
  <code code="I0100119">
    <editdetail attribution="Reuters BIP Coding Group" action="confirmed" date="1997-03-10"/>
  </code>
  <code code="I41230">
    <editdetail attribution="Reuters BIP Coding Group" action="confirmed" date="1997-03-10"/>
  </code>
</codes>
<codes class="bip:topics:1.0">
  <code code="C13">
    <editdetail attribution="Reuters BIP Coding Group" action="confirmed" date="1997-03-10"/>
  </code>
  <code code="C31">
    <editdetail attribution="Reuters BIP Coding Group" action="confirmed" date="1997-03-10"/>
  </code>
  <code code="CCAT">
    <editdetail attribution="Reuters BIP Coding Group" action="confirmed" date="1997-03-10"/>
  </code>
  <code code="E51">
    <editdetail attribution="Reuters BIP Coding Group" action="confirmed" date="1997-03-10"/>
  </code>
  <code code="E512">
    <editdetail attribution="Reuters BIP Coding Group" action="confirmed" date="1997-03-10"/>
  </code>
  <code code="ECAT">
    <editdetail attribution="Reuters BIP Coding Group" action="confirmed" date="1997-03-10"/>
  </code>
</codes>
<dc element="dc.date.created" value="1997-03-10"/>
<dc element="dc.publisher" value="Reuters Holdings Plc"/>
<dc element="dc.date.published" value="1997-03-10"/>
<dc element="dc.source" value="Reuters"/>
<dc element="dc.creator.location" value="WINNIPEG"/>
<dc element="dc.creator.location.country.name" value="CANADA"/>
<dc element="dc.source" value="Reuters"/>
</metadata>
</newsitem>
