<?xml version="1.0" encoding="iso-8859-1" ?>
<newsitem itemid="326919" id="root" date="1997-03-18" xml:lang="en">
<title>UK: UK shares end lower, depressed by Dow and politics.</title>
<headline>UK shares end lower, depressed by Dow and politics.</headline>
<dateline>LONDON 1997-03-18</dateline>
<text>
<p>London's FTSE 100 index ended lower on Thursday, depressed by concern about the health of Wall Street and the prospect of a six-week domestic election campaign, dealers said.</p>
<p>Although the market received a modest boost in the afternoon when the Dow's performance turned out to be not as bad as some had feared, a growing conviction that U.S. interest rates will rise on March 25 kept the FTSE subdued, they said.</p>
<p>The index of 100 leading shares ended 16.5 points weaker at 4,356.8, after bouncing from a low of 4,340.1. The mid-cap FTSE 250 index fell 30.5 points to 4,661.5.</p>
</text>
<copyright>(c) Reuters Limited 1997</copyright>
<metadata>
<codes class="bip:countries:1.0">
  <code code="UK">
    <editdetail attribution="Reuters BIP Coding Group" action="confirmed" date="1997-03-18"/>
  </code>
</codes>
<codes class="bip:topics:1.0">
  <code code="M11">
    <editdetail attribution="Reuters BIP Coding Group" action="confirmed" date="1997-03-18"/>
  </code>
  <code code="MCAT">
    <editdetail attribution="Reuters BIP Coding Group" action="confirmed" date="1997-03-18"/>
  </code>
</codes>
<dc element="dc.date.created" value="1997-03-18"/>
<dc element="dc.publisher" value="Reuters Holdings Plc"/>
<dc element="dc.date.published" value="1997-03-18"/>
<dc element="dc.source" value="Reuters"/>
<dc element="dc.creator.location" value="LONDON"/>
<dc element="dc.creator.location.country.name" value="UK"/>
<dc element="dc.source" value="Reuters"/>
</metadata>
</newsitem>
