<?xml version="1.0" encoding="iso-8859-1" ?>
<newsitem itemid="326920" id="root" date="1997-03-18" xml:lang="en">
<title>UK: FOCUS - Coffee drops after a spectacular rally.</title>
<headline>FOCUS - Coffee drops after a spectacular rally.</headline>
<byline>Jalil Hamid</byline>
<dateline>LONDON 1997-03-18</dateline>
<text>
<p>World coffee markets have had a tumble after a spectacular rally that triggered retail price rises by leading U.S. and European brands.</p>
<p>Coffee futures prices, fuelled by tight supply of the arabica type of beans - the premium coffee - from South and Central America, had rocketed by more than 50 percent since early 1997 before beginning to come down this week.</p>
<p>The sudden decline surprised some analysts who thought arabica supply could remain tight well into the second half of 1997.</p>
<p>But most agree that the market could now take further falls if roasters (processors) finish an overdue rebuilding of low stocks and consumers resist the higher supermarket prices.</p>
<p>The price of May coffee on the New York futures for arabicas dropped as low as $1.65 per pound on Tuesday.</p>
<p>It had risen above $2.00 on March 5 for the first time since the last big crop-damaging frost in Brazil in 1994, rising from a cyclical low around $1.15 on January 2.</p>
<p>London's futures for robusta type beans, used mainly in the manufacture of solubles, fell almost five percent on Tuesday to $1,610 per tonne for the May contract.</p>
<p>While the coffee rally ran out of momentum, the cocoa market turned buoyant with London prices setting new seven-month highs on Tuesday.</p>
<p>Analysts said a shift of fund investments from coffee to cocoa could be the main driving factor. But although cocoa could rise further, prices are unlikely to rocket, traders said.</p>
<p>&quot;It's not going to be coffee. One needs to be more cautious in cocoa. There isn't as much reason for the market to shoot up,&quot; one London trader said.</p>
<p>The rally in coffee was fuelled in part by forecasts of a lower Brazil crop and by supply disruptions in Colombia.</p>
<p>Market watchers said that, while a fall was inevitable as the market had been overbought, the question was how much more it could slide.</p>
<p>Immediately, New York's May could come down  to the 160-cent level before retracing further to 150s.</p>
<p>&quot;There could be some support below the market,&quot; said Neil Rosser, an analyst at UK trade house E D &amp; F Man. &quot;Roasters are more cautious now.&quot;</p>
<p>Until recently, roasters had been operating a hand-to-mouth buying policy based on holding minimal stocks but they were forced to replenish stocks and make extra purchases, helping to propel the rally, as values soared.</p>
<p>Leading brokerage GNI wondered on Tuesday how far coffee could fall before traders, roasters and speculators start buying again ahead of the Brazilian frost season in June and July.</p>
<p>The &quot;bulls&quot; are optimistic that coffee could climb back again based on what they see as sound supply fundamentals.</p>
<p>Tightness of good arabica coffee is expected to remain in the medium term as origin sellers have sold heavily in the last few weeks to cash in on the high prices, said one.</p>
<p>Merrill Lynch analyst Judith Ganes in comments late last week said Brazilian weather and the size of Brazilian and Colombian crops would determine the direction of the market.</p>
<p>&quot;If the market were to suddenly find that production in the top two countries is not as small as it now believes and there are no frost scares, the bulls' confidence might be shaken,&quot; she said. -- London newsroom +44 171 542 4985</p>
</text>
<copyright>(c) Reuters Limited 1997</copyright>
<metadata>
<codes class="bip:countries:1.0">
  <code code="UK">
    <editdetail attribution="Reuters BIP Coding Group" action="confirmed" date="1997-03-18"/>
  </code>
</codes>
<codes class="bip:topics:1.0">
  <code code="M14">
    <editdetail attribution="Reuters BIP Coding Group" action="confirmed" date="1997-03-18"/>
  </code>
  <code code="M141">
    <editdetail attribution="Reuters BIP Coding Group" action="confirmed" date="1997-03-18"/>
  </code>
  <code code="MCAT">
    <editdetail attribution="Reuters BIP Coding Group" action="confirmed" date="1997-03-18"/>
  </code>
</codes>
<dc element="dc.date.created" value="1997-03-18"/>
<dc element="dc.publisher" value="Reuters Holdings Plc"/>
<dc element="dc.date.published" value="1997-03-18"/>
<dc element="dc.source" value="Reuters"/>
<dc element="dc.creator.location" value="LONDON"/>
<dc element="dc.creator.location.country.name" value="UK"/>
<dc element="dc.source" value="Reuters"/>
</metadata>
</newsitem>
