<?xml version="1.0" encoding="iso-8859-1" ?>
<newsitem itemid="326918" id="root" date="1997-03-18" xml:lang="en">
<title>FRANCE: French stocks fall, Alcatel posts big gain.</title>
<headline>French stocks fall, Alcatel posts big gain.</headline>
<dateline>PARIS 1997-03-17</dateline>
<text>
<p>French shares closed lower on Tuesday in the second consecutive fall on doubts about the timetable for European Union as well as due to a weaker dollar and volatile U.S. markets ahead of the FOMC meeting on March 25.</p>
<p>But Alcatel Alsthom posted a closing gain of 8.8 percent to 667 francs, down from a high of 682 francs which was 11 percent up, as analysts upgraded their profit forecasts after a bullish presentation of the 1996 results.</p>
<p>Michelin fell 6.21 percent to 318.50 on disappointment with its results which included big charges.</p>
<p>The blue-chip CAC-40 index was down 14.53 points or 0.56 percent at 2,573.95.</p>
<p>The CAC-40 futures contract was down at 2,575 from 2,584 on Monday's close. Volume was 8.7 billion francs of which 6.7 billion in CAC-40 shares.</p>
<p>Brokers and fund managers said that after a price correction the Paris market should resume an upward trend and they see 2,500-2,550 as the objective of the current consolidation.</p>
<p>But they added that a rise would not take place before the March 20 liquidation date for the March trading month and the Federal Reserve Open Market Committee (FOMC) meeting on March 25.</p>
<p>Steelmaker Usinor-Sacilor, up 4.4 percent to 89.90 francs, benefitted from the takeover bid in Germany on Thyssen by Krupp which analysts said should lead to a reduction of steel production overcapacity.</p>
<p>Vallourec, down 1.18 percent to 336 francs, said after the close that its 1996 net attributable profit doubled to 196 million francs from 85 million. It said it expected a further rise in profits in 1997.</p>
<p>Total, up 0.02 percent at 457.50, is expected to announce an increase in its 1996 dividend on Wednesday morning to 10 francs from 8.70 francs per share in 1995.</p>
</text>
<copyright>(c) Reuters Limited 1997</copyright>
<metadata>
<codes class="bip:countries:1.0">
  <code code="EEC">
    <editdetail attribution="Reuters BIP Coding Group" action="confirmed" date="1997-03-18"/>
  </code>
  <code code="FRA">
    <editdetail attribution="Reuters BIP Coding Group" action="confirmed" date="1997-03-18"/>
  </code>
</codes>
<codes class="bip:topics:1.0">
  <code code="G152">
    <editdetail attribution="Reuters BIP Coding Group" action="confirmed" date="1997-03-18"/>
  </code>
  <code code="M11">
    <editdetail attribution="Reuters BIP Coding Group" action="confirmed" date="1997-03-18"/>
  </code>
</codes>
<dc element="dc.date.created" value="1997-03-17"/>
<dc element="dc.publisher" value="Reuters Holdings Plc"/>
<dc element="dc.date.published" value="1997-03-18"/>
<dc element="dc.source" value="Reuters"/>
<dc element="dc.creator.location" value="PARIS"/>
<dc element="dc.creator.location.country.name" value="FRANCE"/>
<dc element="dc.source" value="Reuters"/>
</metadata>
</newsitem>
