<?xml version="1.0" encoding="iso-8859-1" ?>
<newsitem itemid="326914" id="root" date="1997-03-18" xml:lang="en">
<title>CANADA: Canadian Occidental mounts rival Wascana bid.</title>
<headline>Canadian Occidental mounts rival Wascana bid.</headline>
<byline>Jeffrey Jones</byline>
<dateline>CALGARY, Alberta</dateline>
<text>
<p>Canadian Occidental Petroleum Ltd. emerged on Tuesday as a white knight for Wascana Energy Inc. with a C$2 billion ($1.5 billion) all-cash bid that tops a cash-and-stock offer from Talisman Energy Inc.</p>
<p>The proposal, which would make Calgary-based CanOxy the third-largest oil and gas exploration and production company in Canada, eclisped a C$1.7 billion ($1.2 billion) hostile cash-and-stock offer from Talisman.</p>
<p>Wascana, which had told investors that it was confident a rival bidder would step forward, said its board of directors was recommending shareholders accept the new offer, which is worth C$20.50 ($14.97) a share offer.</p>
<p>Talisman officials could not be reached for comment.</p>
<p>CanOxy, 30 percent-owned by Occidental Petroleum Corp. of Los Angeles, had been touted by analysts as a top contender for Wascana because of its financial strength and its large operations in Saskatchewan. Wascana is based in Regina, Saskatchewan.</p>
<p>&quot;This is one of those unique opportunities where all parties come away from this deal with a win,&quot; CanOxy Chief Executive David Hentschel said.</p>
<p>The CanOxy bid represents a 25 percent premium to the closing price of Wascana shares on the Toronto Stock Exchange on Feb. 11, the day before Talisman announced its bid.</p>
<p>It is also 13 percent higher than the share-swap value of Talisman's offer of C$18.13 ($13.23) a Wascana share at the close on Monday, the companies said.</p>
<p>CanOxy, whose Canadian operations would grow to roughly the same size as its international business with the deal, said it would fund the merger from internal cash flow and debt.</p>
<p>The firms said combined conventional production would total about 115,000 barrels of oil equivalent a day in Canada and 264,000 barrels worldwide in 1997.</p>
<p>Under the proposal, Wascana would become a unit of CanOxy and manage the combined conventional oil and gas assets in western Canada. Wascana's head office would stay in Regina, to fit with Saskatchewan government legislation.</p>
<p>Talisman had also said it would keep Wascana's headquarters in Saskatchewan's capital city.</p>
<p>Wascana, known for extensive heavy oil production in the province, is a former government-owned company.</p>
<p>Legislation passed at the end of last year removed a limit for single shareholders owning more than 10 percent of the company's stock. The move opened the door to takeover offers.</p>
<p>The Saskatchewan government still owns 7.3 percent of Wascana stock.</p>
<p>Wascana shares were up C$1.05 to C$20.40 in heavy volume in Toronto after the CanOxy offer. CanOxy climbed C$1.80 to C$25.25 and Talisman rose C35 cents to C$43.95.</p>
</text>
<copyright>(c) Reuters Limited 1997</copyright>
<metadata>
<codes class="bip:countries:1.0">
  <code code="CANA">
    <editdetail attribution="Reuters BIP Coding Group" action="confirmed" date="1997-03-18"/>
  </code>
</codes>
<codes class="bip:topics:1.0">
  <code code="C181">
    <editdetail attribution="Reuters BIP Coding Group" action="confirmed" date="1997-03-18"/>
  </code>
</codes>
<dc element="dc.publisher" value="Reuters Holdings Plc"/>
<dc element="dc.date.published" value="1997-03-18"/>
<dc element="dc.source" value="Reuters"/>
<dc element="dc.creator.location" value="CALGARY, Alberta"/>
<dc element="dc.creator.location.country.name" value="CANADA"/>
<dc element="dc.source" value="Reuters"/>
</metadata>
</newsitem>
