<?xml version="1.0" encoding="iso-8859-1" ?>
<newsitem itemid="448959" id="root" date="1997-03-18" xml:lang="en">
<title>USA: RESEARCH ALERT - Apex PC rated buy.</title>
<headline>RESEARCH ALERT - Apex PC rated buy.</headline>
<text>
<p>-- Dain Bosworth analyst Reid Dabney said he initiated coverage of Apex PC Solutions Inc with a buy rating and a target price range of $13 to $15 a share.</p>
<p>-- Apex shares were up 3/4 at 9-5/8.</p>
<p>-- He said the price target is based on 20 times the 1998 earnings estimate of $0.65 a share. He estimated 1997 earnings at $0.50 a share.</p>
<p>-- Apex makes and markets stand-alone switching systems and other products for the client/server computing market.</p>
<p>((Reuters Chicago Newsdesk (312) 408-8787))</p>
</text>
<copyright>(c) Reuters Limited 1997</copyright>
<metadata>
<codes class="bip:countries:1.0">
  <code code="USA">
    <editdetail attribution="Reuters BIP Coding Group" action="confirmed" date="1997-03-18"/>
  </code>
</codes>
<codes class="bip:topics:1.0">
  <code code="C15">
    <editdetail attribution="Reuters BIP Coding Group" action="confirmed" date="1997-03-18"/>
  </code>
  <code code="C152">
    <editdetail attribution="Reuters BIP Coding Group" action="confirmed" date="1997-03-18"/>
  </code>
  <code code="CCAT">
    <editdetail attribution="Reuters BIP Coding Group" action="confirmed" date="1997-03-18"/>
  </code>
</codes>
<dc element="dc.publisher" value="Reuters Holdings Plc"/>
<dc element="dc.date.published" value="1997-03-18"/>
<dc element="dc.source" value="Reuters"/>
<dc element="dc.creator.location.country.name" value="USA"/>
<dc element="dc.source" value="Reuters"/>
</metadata>
</newsitem>
