<?xml version="1.0" encoding="iso-8859-1" ?>
<newsitem itemid="448973" id="root" date="1997-03-18" xml:lang="en">
<title>USA: PG&amp;E told to give refund, lift '97 gas rates.</title>
<headline>PG&amp;E told to give refund, lift '97 gas rates.</headline>
<dateline>SAN FRANCISCO 1997-03-18</dateline>
<text>
<p>The California Public Utilities Commission (CPUC) Tuesday ordered PG&amp;E Corp's Pacific Gas &amp; Electric Co to issue a one-time $25 refund to natural gas customers and to increase gas rates by about 22 percent for the rest of the year.</p>
<p>The refund and rate increase reflect PG&amp;E's over-forecast of both its gas procurement costs and its projected sales for 1996, the CPUC said in a statement.</p>
<p>The refund is to residential and small commercial customers who were over-charged for their gas between March 1996 and February 1997.</p>
<p>The commission said PG&amp;E overestimated the cost of gas for 1996 and then was allowed to set prices based on that overestimation.</p>
<p>However, PG&amp;E also overestimated its gas sales to customers for 1996. The projections did not match sales due mainly to unusually warm weather, the commission said.</p>
<p>The CPUC on Tuesday allowed PG&amp;E to recover the $261 million it under-collected for its transportation account, which is a fixed-cost account based on the company's ability to actually deliver gas to customers.</p>
<p>The increases - about $4 a month for smaller consumers and $21 a month for large commercial customers - will be effective April 1 through the end of 1997.</p>
<p>--Los Angeles bureau + 1 213 955 6761</p>
</text>
<copyright>(c) Reuters Limited 1997</copyright>
<metadata>
<codes class="bip:countries:1.0">
  <code code="USA">
    <editdetail attribution="Reuters BIP Coding Group" action="confirmed" date="1997-03-18"/>
  </code>
</codes>
<codes class="bip:industries:1.0">
  <code code="I16000">
    <editdetail attribution="Reuters BIP Coding Group" action="confirmed" date="1997-03-18"/>
  </code>
  <code code="I16200">
    <editdetail attribution="Reuters BIP Coding Group" action="confirmed" date="1997-03-18"/>
  </code>
</codes>
<codes class="bip:topics:1.0">
  <code code="C13">
    <editdetail attribution="Reuters BIP Coding Group" action="confirmed" date="1997-03-18"/>
  </code>
  <code code="C31">
    <editdetail attribution="Reuters BIP Coding Group" action="confirmed" date="1997-03-18"/>
  </code>
  <code code="CCAT">
    <editdetail attribution="Reuters BIP Coding Group" action="confirmed" date="1997-03-18"/>
  </code>
</codes>
<dc element="dc.date.created" value="1997-03-18"/>
<dc element="dc.publisher" value="Reuters Holdings Plc"/>
<dc element="dc.date.published" value="1997-03-18"/>
<dc element="dc.source" value="Reuters"/>
<dc element="dc.creator.location" value="SAN FRANCISCO"/>
<dc element="dc.creator.location.country.name" value="USA"/>
<dc element="dc.source" value="Reuters"/>
</metadata>
</newsitem>
