<?xml version="1.0" encoding="iso-8859-1" ?>
<newsitem itemid="448961" id="root" date="1997-03-18" xml:lang="en">
<title>USA: RESEARCH ALERT - Huntington price target up.</title>
<headline>RESEARCH ALERT - Huntington price target up.</headline>
<text>
<p>--EVEREN Securities Inc said Tuesday it increased its price targets for Huntington Bancshares Inc shares to $29 from $26 for the six months and to $31 from $28 for the 18 months.</p>
<p>--&quot;Our price targets project that Huntington's 1998 PE ratio will be unchaged during the next six months at 12.4 times, or a 68 percent relative multiple versus the overall market,&quot; EVEREN said in a report.</p>
<p>--Huntington Bancshares was up 1/4 at 28-3/8.</p>
<p>		((Reuters Chicago Newsdesk (312) 408-8787))</p>
</text>
<copyright>(c) Reuters Limited 1997</copyright>
<metadata>
<codes class="bip:countries:1.0">
  <code code="USA">
    <editdetail attribution="Reuters BIP Coding Group" action="confirmed" date="1997-03-18"/>
  </code>
</codes>
<codes class="bip:industries:1.0">
  <code code="I81402">
    <editdetail attribution="Reuters BIP Coding Group" action="confirmed" date="1997-03-18"/>
  </code>
</codes>
<codes class="bip:topics:1.0">
  <code code="C15">
    <editdetail attribution="Reuters BIP Coding Group" action="confirmed" date="1997-03-18"/>
  </code>
  <code code="C152">
    <editdetail attribution="Reuters BIP Coding Group" action="confirmed" date="1997-03-18"/>
  </code>
  <code code="CCAT">
    <editdetail attribution="Reuters BIP Coding Group" action="confirmed" date="1997-03-18"/>
  </code>
</codes>
<dc element="dc.publisher" value="Reuters Holdings Plc"/>
<dc element="dc.date.published" value="1997-03-18"/>
<dc element="dc.source" value="Reuters"/>
<dc element="dc.creator.location.country.name" value="USA"/>
<dc element="dc.source" value="Reuters"/>
</metadata>
</newsitem>
