<?xml version="1.0" encoding="iso-8859-1" ?>
<newsitem itemid="448954" id="root" date="1997-03-18" xml:lang="en">
<title>USA: US carlot pork primal cuts-bellies-1500 CST-Mar 18.</title>
<headline>US carlot pork primal cuts-bellies-1500 CST-Mar 18.</headline>
<text>
<p>REVISED REPORT - PORK BELLIES, TRIMMINGS</p>
<p>REPORTING CHANGES - The following revised report will run concurrently with the existing pork report for comparison. Comments should be directed to Mike Erwin at USDA Market News (515-284-4460).</p>
<p>*************************************************************</p>
<p>			   LDS   PRICE RANGE	  WGHTD AVG.</p>
<p>BELLY, SDLS, FRESH</p>
<p>SKIN-ON</p>
<p>Fresh	10-12#</p>
<p>Fresh	12-14#    4.0   67.00 -  68.00	  67.50</p>
<p>Fresh	14-16#   10.0   67.50 -  69.00	  68.65</p>
<p>Fresh	16-18#    9.0   66.00 -  67.00	  66.56</p>
<p>Fresh	18-20#			 58.00	  58.00 E</p>
<p>Fresh	20-25#			 unq</p>
<p>DERIND, SQUARED</p>
<p>Fresh	9-11#</p>
<p>Fresh	11-13#</p>
<p>Fresh	13-15#</p>
<p>Fresh	15-17#</p>
<p>*************************************************************</p>
<p>SDLS. BELLY COMPOSITE VALUE:</p>
<p>*************************************************************</p>
<p>PORK TRIMMINGS/BONELESS PROCESSING PORK (CHEMICAL LEAN)</p>
<p>Combo 42%  Fresh	     37.00 -  38.00	  37.33 A</p>
<p>Boxed 42%  Frozen    1.0		41.00	  41.00</p>
<p>Combo 72%  Fresh     5.0   54.00 -  56.00	  54.60</p>
<p>Boxed 72%  Frozen			 60.00	  60.00 C</p>
<p>SKINNED JOWLS</p>
<p>Combo	Fresh     1.0		32.00	  32.00</p>
<p>Boxed	Frozen    1.0		35.50	  35.50</p>
<p>FAT WITH TRACE OF LEAN</p>
<p>Combo	Fresh</p>
<p>Boxed	Frozen</p>
<p>TRIM WITH TRACE OF LEAN</p>
<p>Combo 12-16% Fresh</p>
<p>Boxed 12-16% Frozen</p>
<p>ABCDE after quotes represents days since last actual market test. Quotes are dropped after 5 days of no test or before if they no longer reflect current market conditions.</p>
<p>(Chicago newsdesk 312 408 8720)</p>
</text>
<copyright>(c) Reuters Limited 1997</copyright>
<metadata>
<codes class="bip:countries:1.0">
  <code code="USA">
    <editdetail attribution="Reuters BIP Coding Group" action="confirmed" date="1997-03-18"/>
  </code>
</codes>
<codes class="bip:topics:1.0">
  <code code="M14">
    <editdetail attribution="Reuters BIP Coding Group" action="confirmed" date="1997-03-18"/>
  </code>
  <code code="M141">
    <editdetail attribution="Reuters BIP Coding Group" action="confirmed" date="1997-03-18"/>
  </code>
  <code code="MCAT">
    <editdetail attribution="Reuters BIP Coding Group" action="confirmed" date="1997-03-18"/>
  </code>
</codes>
<dc element="dc.publisher" value="Reuters Holdings Plc"/>
<dc element="dc.date.published" value="1997-03-18"/>
<dc element="dc.source" value="Reuters"/>
<dc element="dc.creator.location.country.name" value="USA"/>
<dc element="dc.source" value="Reuters"/>
</metadata>
</newsitem>
