<?xml version="1.0" encoding="iso-8859-1" ?>
<newsitem itemid="448957" id="root" date="1997-03-18" xml:lang="en">
<title>USA: Valley Resources Inc raises qtly dividend.</title>
<headline>Valley Resources Inc raises qtly dividend.</headline>
<dateline>CUMBERLAND, RI 1997-03-18</dateline>
<text>
<p>Quarterly</p>
<p>		   Latest		    Prior</p>
<p> Amount	  $0.1850		   $0.1825</p>
<p> Pay	     April 15</p>
<p> Record	  March 31</p>
<p>-- New York newsdesk 212-859-1610</p>
</text>
<copyright>(c) Reuters Limited 1997</copyright>
<metadata>
<codes class="bip:countries:1.0">
  <code code="USA">
    <editdetail attribution="Reuters BIP Coding Group" action="confirmed" date="1997-03-18"/>
  </code>
</codes>
<codes class="bip:industries:1.0">
  <code code="I16200">
    <editdetail attribution="Reuters BIP Coding Group" action="confirmed" date="1997-03-18"/>
  </code>
</codes>
<codes class="bip:topics:1.0">
  <code code="C15">
    <editdetail attribution="Reuters BIP Coding Group" action="confirmed" date="1997-03-18"/>
  </code>
  <code code="C151">
    <editdetail attribution="Reuters BIP Coding Group" action="confirmed" date="1997-03-18"/>
  </code>
  <code code="CCAT">
    <editdetail attribution="Reuters BIP Coding Group" action="confirmed" date="1997-03-18"/>
  </code>
</codes>
<dc element="dc.date.created" value="1997-03-18"/>
<dc element="dc.publisher" value="Reuters Holdings Plc"/>
<dc element="dc.date.published" value="1997-03-18"/>
<dc element="dc.source" value="Reuters"/>
<dc element="dc.creator.location" value="CUMBERLAND, RI"/>
<dc element="dc.creator.location.country.name" value="USA"/>
<dc element="dc.source" value="Reuters"/>
</metadata>
</newsitem>
