<?xml version="1.0" encoding="iso-8859-1" ?>
<newsitem itemid="448931" id="root" date="1997-03-18" xml:lang="en">
<title>EU:  OFFICIAL JOURNAL CONTENTS - OJ L 76 OF MARCH 18, 1997.</title>
<headline>OFFICIAL JOURNAL CONTENTS - OJ L 76 OF MARCH 18, 1997.</headline>
<text>
<p>*</p>
<p>(Note - contents are displayed in reverse order to that in the printed Journal)</p>
<p>*</p>
<p>Corrigendum to Commission Regulation (EC) No 1442/95 of 26 June 1995 amending Annexes I, II, III and IV of Council Regulation (EEC) No 2377/90 laying down a Community procedure for the establishment of maximum residue limits of veterinary medicinal products in foodstuffs of animal origin (Official Journal of the European Communities No L 143 of 27 June 1995)</p>
<p>COMMISSION DECISION of 25 February 1997 amending Decision 96/659/EC on protective measures in relation to Crimean Congo haemorrhagic fever in South Africa (Text with EEA relevance) (97/183/EC)</p>
<p>COMMISSION DECISION of 24 February 1997 amending the Annex to Directive 91/629/EEC laying down minimum standards for the protection of calves (Text with EEA relevance) (97/182/EC)</p>
<p>COMMISSION DECISION of 18 December 1996 concerning the conditions imposed on the second operator of GSM radiotelephony services in Spain (Only the Spanish text is authentic) (97/181/EC)</p>
<p>COMMISSION REGULATION (EC) No 491/97 of 17 March 1997 establishing the standard import values for determining the entry price of certain fruit and vegetables</p>
<p>COMMISSION REGULATION (EC) No 490/97 of 17 March 1997 amending the import duties in the cereals sector</p>
<p>COMMISSION REGULATION (EC) No 489/97 of 17 March 1997 laying down detailed rules for the application of the specific measures adopted in respect of fresh fruit and vegetables, plants and flowers for the benefit of the French overseas departments (FOD)</p>
<p>COMMISSION REGULATION (EC) No 488/97 of 17 March 1997 on the supply of vegetable oil as food aid</p>
<p>COMMISSION REGULATION (EC) No 487/97 of 17 March 1997 amending Regulation (EEC) No 1318/93 on detailed rules for the application of Council Regulation (EEC) No 2067/92 on measures to promote and market quality beef and veal END OF DOCUMENT.</p>
</text>
<copyright>(c) Reuters Limited 1997</copyright>
<metadata>
<codes class="bip:countries:1.0">
  <code code="EEC">
    <editdetail attribution="Reuters BIP Coding Group" action="confirmed" date="1997-03-18"/>
  </code>
</codes>
<codes class="bip:topics:1.0">
  <code code="G15">
    <editdetail attribution="Reuters BIP Coding Group" action="confirmed" date="1997-03-18"/>
  </code>
  <code code="GCAT">
    <editdetail attribution="Reuters BIP Coding Group" action="confirmed" date="1997-03-18"/>
  </code>
</codes>
<dc element="dc.publisher" value="Reuters Holdings Plc"/>
<dc element="dc.date.published" value="1997-03-18"/>
<dc element="dc.source" value="Reuters"/>
<dc element="dc.creator.location.country.name" value="EU"/>
<dc element="dc.source" value="Reuters"/>
</metadata>
</newsitem>
