<?xml version="1.0" encoding="iso-8859-1" ?>
<newsitem itemid="448982" id="root" date="1997-03-18" xml:lang="en">
<title>USA: Diagnostic Health Services Q4 net rises.</title>
<headline>Diagnostic Health Services Q4 net rises.</headline>
<dateline>DALLAS 1997-03-18</dateline>
<text>
<p>For the Year Ended    For the quarter ended</p>
<p>			    December 31,	     December 31,</p>
<p>			     (Audited)		 (Unaudited)</p>
<p>			     1996	 1995	 1996	 1995</p>
<p>Gross Revenues $24,171,286  17,083,447 $7,424,128 $4,830,402  Net Income	 2,459,083   1,227,713    738,703    256,654</p>
<p>Earnings per share:</p>
<p>  primary		  0.32	  0.23	 0.08	 0.05</p>
<p>Weighted Average Common</p>
<p>Shares Outstanding</p>
<p>   Primary	  7,740,622   5,408,643  9,416,190  5,615,032</p>
<p>NOTE: Full name of company is Diagnostic Health Services Inc.</p>
<p>-- New York Newsdesk 212 859-1610</p>
</text>
<copyright>(c) Reuters Limited 1997</copyright>
<metadata>
<codes class="bip:countries:1.0">
  <code code="USA">
    <editdetail attribution="Reuters BIP Coding Group" action="confirmed" date="1997-03-18"/>
  </code>
</codes>
<codes class="bip:industries:1.0">
  <code code="I95100">
    <editdetail attribution="Reuters BIP Coding Group" action="confirmed" date="1997-03-18"/>
  </code>
</codes>
<codes class="bip:topics:1.0">
  <code code="C15">
    <editdetail attribution="Reuters BIP Coding Group" action="confirmed" date="1997-03-18"/>
  </code>
  <code code="C151">
    <editdetail attribution="Reuters BIP Coding Group" action="confirmed" date="1997-03-18"/>
  </code>
  <code code="C1511">
    <editdetail attribution="Reuters BIP Coding Group" action="confirmed" date="1997-03-18"/>
  </code>
  <code code="CCAT">
    <editdetail attribution="Reuters BIP Coding Group" action="confirmed" date="1997-03-18"/>
  </code>
</codes>
<dc element="dc.date.created" value="1997-03-18"/>
<dc element="dc.publisher" value="Reuters Holdings Plc"/>
<dc element="dc.date.published" value="1997-03-18"/>
<dc element="dc.source" value="Reuters"/>
<dc element="dc.creator.location" value="DALLAS"/>
<dc element="dc.creator.location.country.name" value="USA"/>
<dc element="dc.source" value="Reuters"/>
</metadata>
</newsitem>
