<?xml version="1.0" encoding="iso-8859-1" ?>
<newsitem itemid="448948" id="root" date="1997-03-18" xml:lang="en">
<title>CANADA: Newmex, Santa Cruz in talks.</title>
<headline>Newmex, Santa Cruz in talks.</headline>
<dateline>TORONTO 1997-03-18</dateline>
<text>
<p>Newmex Mining Co Ltd said on Tuesday that it entered into merger discussions with Santa Cruz Gold Inc.</p>
<p>Newmex said the two companies would create a Mexican gold producer with forecast annual gold production in the 100,000 ounce range from two mines.</p>
<p>The two mines would have total resources exceeding two million ounces of gold.</p>
<p>&quot;A combined company would have three additional potentially economic exploration projects under development,&quot; Newmex said.</p>
</text>
<copyright>(c) Reuters Limited 1997</copyright>
<metadata>
<codes class="bip:countries:1.0">
  <code code="CANA">
    <editdetail attribution="Reuters BIP Coding Group" action="confirmed" date="1997-03-18"/>
  </code>
</codes>
<codes class="bip:topics:1.0">
  <code code="C18">
    <editdetail attribution="Reuters BIP Coding Group" action="confirmed" date="1997-03-18"/>
  </code>
  <code code="C181">
    <editdetail attribution="Reuters BIP Coding Group" action="confirmed" date="1997-03-18"/>
  </code>
  <code code="CCAT">
    <editdetail attribution="Reuters BIP Coding Group" action="confirmed" date="1997-03-18"/>
  </code>
</codes>
<dc element="dc.date.created" value="1997-03-18"/>
<dc element="dc.publisher" value="Reuters Holdings Plc"/>
<dc element="dc.date.published" value="1997-03-18"/>
<dc element="dc.source" value="Reuters"/>
<dc element="dc.creator.location" value="TORONTO"/>
<dc element="dc.creator.location.country.name" value="CANADA"/>
<dc element="dc.source" value="Reuters"/>
</metadata>
</newsitem>
