<?xml version="1.0" encoding="iso-8859-1" ?>
<newsitem itemid="448939" id="root" date="1997-03-18" xml:lang="en">
<title>CANADA: Wascana board to decide on Talisman access.</title>
<headline>Wascana board to decide on Talisman access.</headline>
<dateline>CALGARY 1997-03-18</dateline>
<text>
<p>Wascana Energy Inc's board of directors had yet to decide whether to allow Talisman Energy Inc access to its data room in the wake of Canadian Occidental Petroleum Ltd's richer takeover offer, Wascana chief executive Frank Proto said on Tuesday.</p>
<p>&quot;There has been no decision,&quot; Proto said in a telephone interview from Regina. &quot;What's normal in this kinds of cases is when a superior proposal comes, the directors...have to look at the considerations, and if that's one of the considerations, they're going to have to look at it.&quot;  </p>
<p>He would not elaborate on what terms Talisman would have to meet before gaining access to Wascana's confidential financial and operating data. But Proto said he believed Talisman chief executive Jim Buckee &quot;knows what the rules are.&quot;</p>
<p>CanOxy on Tuesday launched a C$2-billion competing takeover bid for Wascana, offering C$20.50 cash per share. CanOxy's proposal gained the blessing of Wascana's directors.</p>
<p>Talisman had earlier offered C$18.50 or 0.41 or a Talisman share for each Wascana share in a deal valued at C$1.7 billion.  </p>
<p>Proto said he believed CanOxy's operations fit better with Wascana than Talisman's and that the white knight had more experience with heavy oil production in Saskatchewan.</p>
<p>He said he felt somewhat vindicated after CanOxy chief executive David Hentschel outlined in a conference call earlier how his firm's own evaluation of Wascana's reserves were similar to Wascana's controversial Ryder Scott Co tally.</p>
<p>Talisman had criticized the Ryder Scott report for its aggressive increases to Wascana's oil and gas reserves, especially at the company's Smiley-Buffalo heavy oil play in west-central Saskatchewan.</p>
<p>Proto said the emergence of a white knight and the higher offer were bittersweet from his personal standpoint, because Wascana's turnaround was well under way.</p>
<p>&quot;I would have rather had other options,&quot; he said. &quot;I'm proud of what we've done here, but I'm glad that the value's been recognized.&quot;</p>
<p>((Reuters Calgary Bureau (403) 531-1624))</p>
</text>
<copyright>(c) Reuters Limited 1997</copyright>
<metadata>
<codes class="bip:countries:1.0">
  <code code="CANA">
    <editdetail attribution="Reuters BIP Coding Group" action="confirmed" date="1997-03-18"/>
  </code>
</codes>
<codes class="bip:industries:1.0">
  <code code="I13000">
    <editdetail attribution="Reuters BIP Coding Group" action="confirmed" date="1997-03-18"/>
  </code>
  <code code="I1300003">
    <editdetail attribution="Reuters BIP Coding Group" action="confirmed" date="1997-03-18"/>
  </code>
</codes>
<codes class="bip:topics:1.0">
  <code code="C18">
    <editdetail attribution="Reuters BIP Coding Group" action="confirmed" date="1997-03-18"/>
  </code>
  <code code="C181">
    <editdetail attribution="Reuters BIP Coding Group" action="confirmed" date="1997-03-18"/>
  </code>
  <code code="CCAT">
    <editdetail attribution="Reuters BIP Coding Group" action="confirmed" date="1997-03-18"/>
  </code>
</codes>
<dc element="dc.date.created" value="1997-03-18"/>
<dc element="dc.publisher" value="Reuters Holdings Plc"/>
<dc element="dc.date.published" value="1997-03-18"/>
<dc element="dc.source" value="Reuters"/>
<dc element="dc.creator.location" value="CALGARY"/>
<dc element="dc.creator.location.country.name" value="CANADA"/>
<dc element="dc.source" value="Reuters"/>
</metadata>
</newsitem>
