<?xml version="1.0" encoding="iso-8859-1" ?>
<newsitem itemid="448983" id="root" date="1997-03-18" xml:lang="en">
<title>USA: Sun Hydraulics Corp Q4 net loss vs profit.</title>
<headline>Sun Hydraulics Corp Q4 net loss vs profit.</headline>
<dateline>SARASOTA, Fla. 1997-03-18</dateline>
<text>
<p>(In thousands, except per share date)</p>
<p>		     Three Months Ended	 Twelve Months Ended</p>
<p>					  December 31,  December 31,</p>
<p>				  1995	    1996    1995     1996</p>
<p> Net sales		 $12,670	$ 13,339 $55,388  $54,572</p>
<p> Cost of sales	     8,220	   9,282  34,581   37,185</p>
<p> Gross profit		4,450	   4,057  20,807   17,387</p>
<p> Net Income		  1,232	 (1,432)   8,861    1,071</p>
<p>Pro forma net Income per</p>
<p>   share		    0.12	    0.10    0.94     0.44(1)</p>
<p>Average shares</p>
<p>   outstanding(4)	  6,474	   6,509   6,474    6,509</p>
<p>NOTE: (1) Includes a non-recurring compensation charge of $1.5 million. Excluding this charge Pro forma net income and Pro forma net income per share were $3.8 million and $0.58 respectively.</p>
<p>(2)  Reflects the termination of the Company's &quot;S&quot; corporation status as of December 31, 1996, related to the initial public offering.</p>
<p>(3) Based on historical income as adjusted to reflect reduced interest expense related to the paydown of debt upon receipt of proceeds from the public offering and a provision for income tax as if the Company had always been a &quot;C&quot; corporation, which excludes the non-recurring, non-cash deferred tax provision of $ 2.4 million.</p>
<p>(4)  Based on the weighted average shares outstanding after the public offering as of January 1997.</p>
<p>-- New York Newsdesk 212 859-1610</p>
</text>
<copyright>(c) Reuters Limited 1997</copyright>
<metadata>
<codes class="bip:countries:1.0">
  <code code="USA">
    <editdetail attribution="Reuters BIP Coding Group" action="confirmed" date="1997-03-18"/>
  </code>
</codes>
<codes class="bip:topics:1.0">
  <code code="C15">
    <editdetail attribution="Reuters BIP Coding Group" action="confirmed" date="1997-03-18"/>
  </code>
  <code code="C151">
    <editdetail attribution="Reuters BIP Coding Group" action="confirmed" date="1997-03-18"/>
  </code>
  <code code="C1511">
    <editdetail attribution="Reuters BIP Coding Group" action="confirmed" date="1997-03-18"/>
  </code>
  <code code="CCAT">
    <editdetail attribution="Reuters BIP Coding Group" action="confirmed" date="1997-03-18"/>
  </code>
</codes>
<dc element="dc.date.created" value="1997-03-18"/>
<dc element="dc.publisher" value="Reuters Holdings Plc"/>
<dc element="dc.date.published" value="1997-03-18"/>
<dc element="dc.source" value="Reuters"/>
<dc element="dc.creator.location" value="SARASOTA, Fla."/>
<dc element="dc.creator.location.country.name" value="USA"/>
<dc element="dc.source" value="Reuters"/>
</metadata>
</newsitem>
