<?xml version="1.0" encoding="iso-8859-1" ?>
<newsitem itemid="448996" id="root" date="1997-03-18" xml:lang="en">
<title>USA: Transcrypt encryption wins approval.</title>
<headline>Transcrypt encryption wins approval.</headline>
<dateline>LINCOLN, Neb. 1997-03-18</dateline>
<text>
<p>Transcrypt International Inc said Tuesday it received a license exception from the U.S. Department of Commerce to export products manufactured or sold by the company with strong encryption technology.</p>
<p>Transcrypt said it can immediately start shipment of its DME (Dual Mode Encryptor) telephony voice privacy product line using a 56-bit DES encryption algorithm.</p>
<p>Shipments of other strong encryption products will follow shortly, the company added.</p>
<p>((Reuters Chicago Newsdesk (312) 408-8787))</p>
</text>
<copyright>(c) Reuters Limited 1997</copyright>
<metadata>
<codes class="bip:countries:1.0">
  <code code="USA">
    <editdetail attribution="Reuters BIP Coding Group" action="confirmed" date="1997-03-18"/>
  </code>
</codes>
<codes class="bip:industries:1.0">
  <code code="I34420">
    <editdetail attribution="Reuters BIP Coding Group" action="confirmed" date="1997-03-18"/>
  </code>
</codes>
<codes class="bip:topics:1.0">
  <code code="C13">
    <editdetail attribution="Reuters BIP Coding Group" action="confirmed" date="1997-03-18"/>
  </code>
  <code code="CCAT">
    <editdetail attribution="Reuters BIP Coding Group" action="confirmed" date="1997-03-18"/>
  </code>
</codes>
<dc element="dc.date.created" value="1997-03-18"/>
<dc element="dc.publisher" value="Reuters Holdings Plc"/>
<dc element="dc.date.published" value="1997-03-18"/>
<dc element="dc.source" value="Reuters"/>
<dc element="dc.creator.location" value="LINCOLN, Neb."/>
<dc element="dc.creator.location.country.name" value="USA"/>
<dc element="dc.source" value="Reuters"/>
</metadata>
</newsitem>
