<?xml version="1.0" encoding="iso-8859-1" ?>
<newsitem itemid="448950" id="root" date="1997-03-18" xml:lang="en">
<title>CANADA: Revenue Properties Co Ltd Q4 earnings fall.</title>
<headline>Revenue Properties Co Ltd Q4 earnings fall.</headline>
<dateline>TORONTO 1997-03-18</dateline>
<text>
<p>1996		     1995</p>
<p> Shr			    nil		   C$0.03</p>
<p> Net			    208		    1,691</p>
<p> Revs			29,142		   24,531</p>
<p>	   12 MONTHS</p>
<p> Shr			 C$0.05		   C$0.06</p>
<p> Net			  3,778		    4,304</p>
<p> Revs		     109,756		   90,323</p>
<p>(All data above 000s except per share numbers)</p>
<p>((Reuters Toronto Bureau (416) 941-8100))</p>
</text>
<copyright>(c) Reuters Limited 1997</copyright>
<metadata>
<codes class="bip:countries:1.0">
  <code code="CANA">
    <editdetail attribution="Reuters BIP Coding Group" action="confirmed" date="1997-03-18"/>
  </code>
</codes>
<codes class="bip:industries:1.0">
  <code code="I85000">
    <editdetail attribution="Reuters BIP Coding Group" action="confirmed" date="1997-03-18"/>
  </code>
</codes>
<codes class="bip:topics:1.0">
  <code code="C15">
    <editdetail attribution="Reuters BIP Coding Group" action="confirmed" date="1997-03-18"/>
  </code>
  <code code="C151">
    <editdetail attribution="Reuters BIP Coding Group" action="confirmed" date="1997-03-18"/>
  </code>
  <code code="C1511">
    <editdetail attribution="Reuters BIP Coding Group" action="confirmed" date="1997-03-18"/>
  </code>
  <code code="CCAT">
    <editdetail attribution="Reuters BIP Coding Group" action="confirmed" date="1997-03-18"/>
  </code>
</codes>
<dc element="dc.date.created" value="1997-03-18"/>
<dc element="dc.publisher" value="Reuters Holdings Plc"/>
<dc element="dc.date.published" value="1997-03-18"/>
<dc element="dc.source" value="Reuters"/>
<dc element="dc.creator.location" value="TORONTO"/>
<dc element="dc.creator.location.country.name" value="CANADA"/>
<dc element="dc.source" value="Reuters"/>
</metadata>
</newsitem>
