<?xml version="1.0" encoding="iso-8859-1" ?>
<newsitem itemid="448993" id="root" date="1997-03-18" xml:lang="en">
<title>USA: Boeing confident of McDonnell merger by August.</title>
<headline>Boeing confident of McDonnell merger by August.</headline>
<byline>Mark Egan</byline>
<dateline>LOS ANGELES 1997-03-18</dateline>
<text>
<p>Boeing Co. Chairman Phil Condit said Tuesday he was confident the company's merger with McDonnell Douglas Corp. would be completed in July or August.</p>
<p>Condit told reporters before a Town Hall meeting here he does not expect a European Commission probe to derail the merger.</p>
<p>He said European regulators and the U.S. Federal Trade Commission were asking &quot;classic competitive questions, the kind of things you'd expect them to be asking.&quot;</p>
<p>On Monday European Competition Commissioner Karel Van Miert told Reuters he may have under-rated the problems with the planned merger and that he would launch a full investigation into the deal.</p>
<p>Seattle-based Boeing and St. Louis-based McDonnell Douglas agreed to merge in December in a deal valued at about $15 billion.</p>
<p>Condit said concerns from some quarters that Boeing and European consortium Airbus Industrie might somehow get together to &quot;gouge the customer&quot; were unfounded.</p>
<p>He said a number of coutries have expressed an interest in competing with the two companies for market share including China, South Korea, Japan, Russia and Indonesia.</p>
<p>Condit said no decision had been reached on whether or not Boeing would continue producing McDonnell Douglas commercial aircraft should the merger get regulatory approval.</p>
<p>&quot;The market will make that determination,&quot; he said. &quot;If we can make the McDonnell Douglas line at good margins then we will keep on doing it.&quot;</p>
<p>He said Boeing has a net profit margin of 4.5 percent to  5 percent on its commercial aircraft production and that he would like to see that margin rise to 6 percent to 8 percent.</p>
<p>Condit said the case to continue production of McDonnell's MD-95 aircraft seemed strong.</p>
<p>&quot;I believe that if cost levels can be achieved there ought to be a very good market (for the MD-95),&quot; he said.</p>
<p>The MD-95 is McDonnell's latest aircraft which seats about 100 passengers. To date troubled discount airline ValuJet Inc. is the aircraft's biggest customer ordering 50 MD-95's and taking an option to buy a further 50.</p>
<p>&quot;Over the past couple of years McDonnell Douglas has not been particularly effective (in getting orders),&quot; he said.</p>
<p>Condit said no concrete decisions had been made on what models to keep because McDonnell Douglas and Boeing were precluded from sharing competition-sensitive information before the merger gets regulatory approval.</p>
<p>The merger would probably result in minimal lay-offs of McDonnell Douglas staff, he said, adding that efficiencies could be largely met through natural work force attrition.</p>
<p>Condit said that Boeing, which hired 21,000 employees last year, would probably only see a modest rise in staff this year.</p>
</text>
<copyright>(c) Reuters Limited 1997</copyright>
<metadata>
<codes class="bip:countries:1.0">
  <code code="USA">
    <editdetail attribution="Reuters BIP Coding Group" action="confirmed" date="1997-03-18"/>
  </code>
</codes>
<codes class="bip:industries:1.0">
  <code code="I36400">
    <editdetail attribution="Reuters BIP Coding Group" action="confirmed" date="1997-03-18"/>
  </code>
  <code code="I3640010">
    <editdetail attribution="Reuters BIP Coding Group" action="confirmed" date="1997-03-18"/>
  </code>
</codes>
<codes class="bip:topics:1.0">
  <code code="C18">
    <editdetail attribution="Reuters BIP Coding Group" action="confirmed" date="1997-03-18"/>
  </code>
  <code code="C181">
    <editdetail attribution="Reuters BIP Coding Group" action="confirmed" date="1997-03-18"/>
  </code>
  <code code="CCAT">
    <editdetail attribution="Reuters BIP Coding Group" action="confirmed" date="1997-03-18"/>
  </code>
</codes>
<dc element="dc.date.created" value="1997-03-18"/>
<dc element="dc.publisher" value="Reuters Holdings Plc"/>
<dc element="dc.date.published" value="1997-03-18"/>
<dc element="dc.source" value="Reuters"/>
<dc element="dc.creator.location" value="LOS ANGELES"/>
<dc element="dc.creator.location.country.name" value="USA"/>
<dc element="dc.source" value="Reuters"/>
</metadata>
</newsitem>
