<?xml version="1.0" encoding="iso-8859-1" ?>
<newsitem itemid="448962" id="root" date="1997-03-18" xml:lang="en">
<title>USA: RESEARCH ALERT - Marshall EPS view raised.</title>
<headline>RESEARCH ALERT - Marshall EPS view raised.</headline>
<text>
<p>--EVEREN Securities Inc said Tuesday it raised its 1998 earnings-per-share estimate on Marshall &amp; Isley Corp to $2.75 from $2.65, citing the company's agreement to acquire Security Capital Corp.</p>
<p>--Its 1997 EPS estimate of $2.35 remains unchanged.</p>
<p>--EVEREN also raised its six-month price target on the company's stock to $45 from $39 and, 18-month target to $50 from $45.</p>
<p>--Marshall &amp; Ilsley, a bank holding company, was up 5/8 at 38.</p>
<p>		((Reuters Chicago Newsdesk (312) 408-8787))</p>
</text>
<copyright>(c) Reuters Limited 1997</copyright>
<metadata>
<codes class="bip:countries:1.0">
  <code code="USA">
    <editdetail attribution="Reuters BIP Coding Group" action="confirmed" date="1997-03-18"/>
  </code>
</codes>
<codes class="bip:industries:1.0">
  <code code="I81402">
    <editdetail attribution="Reuters BIP Coding Group" action="confirmed" date="1997-03-18"/>
  </code>
</codes>
<codes class="bip:topics:1.0">
  <code code="C15">
    <editdetail attribution="Reuters BIP Coding Group" action="confirmed" date="1997-03-18"/>
  </code>
  <code code="C152">
    <editdetail attribution="Reuters BIP Coding Group" action="confirmed" date="1997-03-18"/>
  </code>
  <code code="CCAT">
    <editdetail attribution="Reuters BIP Coding Group" action="confirmed" date="1997-03-18"/>
  </code>
</codes>
<dc element="dc.publisher" value="Reuters Holdings Plc"/>
<dc element="dc.date.published" value="1997-03-18"/>
<dc element="dc.source" value="Reuters"/>
<dc element="dc.creator.location.country.name" value="USA"/>
<dc element="dc.source" value="Reuters"/>
</metadata>
</newsitem>
