<?xml version="1.0" encoding="iso-8859-1" ?>
<newsitem itemid="448968" id="root" date="1997-03-18" xml:lang="en">
<title>USA: Estrogen prevents wrinkles, dry skin in older women.</title>
<headline>Estrogen prevents wrinkles, dry skin in older women.</headline>
<dateline>CHICAGO 1997-03-18</dateline>
<text>
<p>Older women who take estrogen supplements are also doing their skin a favor because the hormone treatments help prevent the formation of wrinkles and dry skin patches, researchers said on Tuesday.</p>
<p>&quot;The odds of dry and wrinkled skin were 25 percent and 30 percent lower, respectively, in women who had used estrogen,&quot; Laura Dunn of the University of California at San Francisco said in her study of 3,875 postmenopausal women.</p>
<p>About half of all elderly people suffer from at least one skin-related condition that can be a precursor to dangerous bedsores and infections, the report said.</p>
<p>&quot;Skin wrinkling can negatively affect psychological well-being, sometimes initiating a vicious cycle of diminished self-care leading to deteriorating outcomes,&quot; Dunn wrote in the Archives of Dermatology, a journal published by the American Medical Association.</p>
<p>Previous research has suggested that estrogen preserves skin collagen content as well as the elastic properties and thickness of the skin. Hormone supplements are commonly used to keep bones from becoming brittle with age and to ease the discomforting symptoms experienced by some menopausal women.</p>
</text>
<copyright>(c) Reuters Limited 1997</copyright>
<metadata>
<codes class="bip:countries:1.0">
  <code code="USA">
    <editdetail attribution="Reuters BIP Coding Group" action="confirmed" date="1997-03-18"/>
  </code>
</codes>
<codes class="bip:topics:1.0">
  <code code="GCAT">
    <editdetail attribution="Reuters BIP Coding Group" action="confirmed" date="1997-03-18"/>
  </code>
  <code code="GHEA">
    <editdetail attribution="Reuters BIP Coding Group" action="confirmed" date="1997-03-18"/>
  </code>
</codes>
<dc element="dc.date.created" value="1997-03-18"/>
<dc element="dc.publisher" value="Reuters Holdings Plc"/>
<dc element="dc.date.published" value="1997-03-18"/>
<dc element="dc.source" value="Reuters"/>
<dc element="dc.creator.location" value="CHICAGO"/>
<dc element="dc.creator.location.country.name" value="USA"/>
<dc element="dc.source" value="Reuters"/>
</metadata>
</newsitem>
