<?xml version="1.0" encoding="iso-8859-1" ?>
<newsitem itemid="448986" id="root" date="1997-03-18" xml:lang="en">
<title>USA: PolyVision Corp Q3 net loss lessens.</title>
<headline>PolyVision Corp Q3 net loss lessens.</headline>
<dateline>WALLINGFORD, Conn. 1996-03-19</dateline>
<text>
<p>(Dollars in Thousands, Except Share and Per Share Data)</p>
<p>			     Three Months Ended Nine Months Ended</p>
<p>					  January 31,     January 31,</p>
<p>				    1997     1996	1997	1996</p>
<p> Net sales		     $5,972  $7,354    $25,137  $28,417</p>
<p> Net income (loss)	  (1,605)  (1,838)   (1,647)  (2,659)</p>
<p> Preferred stock dividends    515     508	1,544    1,530</p>
<p>Loss applicable to common</p>
<p>  stock			 (2,120) (2,346)    (3,191)  (4,189)</p>
<p>Loss per share of common</p>
<p>  stock			  (0.25)  (0.28)     (0.37)   (0.50)</p>
<p>Average common shares</p>
<p>  outstanding	8,530,073  8,301,033  8,530,073  8,301,033</p>
</text>
<copyright>(c) Reuters Limited 1997</copyright>
<metadata>
<codes class="bip:countries:1.0">
  <code code="USA">
    <editdetail attribution="Reuters BIP Coding Group" action="confirmed" date="1997-03-18"/>
  </code>
</codes>
<codes class="bip:industries:1.0">
  <code code="I33020">
    <editdetail attribution="Reuters BIP Coding Group" action="confirmed" date="1997-03-18"/>
  </code>
</codes>
<codes class="bip:topics:1.0">
  <code code="C15">
    <editdetail attribution="Reuters BIP Coding Group" action="confirmed" date="1997-03-18"/>
  </code>
  <code code="C151">
    <editdetail attribution="Reuters BIP Coding Group" action="confirmed" date="1997-03-18"/>
  </code>
  <code code="CCAT">
    <editdetail attribution="Reuters BIP Coding Group" action="confirmed" date="1997-03-18"/>
  </code>
</codes>
<dc element="dc.date.created" value="1996-03-19"/>
<dc element="dc.publisher" value="Reuters Holdings Plc"/>
<dc element="dc.date.published" value="1997-03-18"/>
<dc element="dc.source" value="Reuters"/>
<dc element="dc.creator.location" value="WALLINGFORD, Conn."/>
<dc element="dc.creator.location.country.name" value="USA"/>
<dc element="dc.source" value="Reuters"/>
</metadata>
</newsitem>
