<?xml version="1.0" encoding="iso-8859-1" ?>
<newsitem itemid="448932" id="root" date="1997-03-18" xml:lang="en">
<title>EU:  OFFICIAL JOURNAL CONTENTS - OJ L 74 OF MARCH 14, 1997.</title>
<headline>OFFICIAL JOURNAL CONTENTS - OJ L 74 OF MARCH 14, 1997.</headline>
<text>
<p>*</p>
<p>Commission Regulation (EC) No 460/97 of 10 March 1997 laying down the reduced agricultural components and additional duties applicable from 1 January to 30 June 1997 to the importation into the Community of goods covered by Council Regulation (EC) No 3448/93 under preferential agreements</p>
<p>Commission Regulation (EC) No 461/97 of 10 March 1997 laying down the reduced agricultural components and additional duties applicable from 1 January to 30 June 1997 to the importation into the Community of goods covered by Council Regulation (EC) No 3448/93 under Agreements with Estonia, Latvia and Lithuania END OF DOCUMENT.</p>
</text>
<copyright>(c) Reuters Limited 1997</copyright>
<metadata>
<codes class="bip:countries:1.0">
  <code code="EEC">
    <editdetail attribution="Reuters BIP Coding Group" action="confirmed" date="1997-03-18"/>
  </code>
</codes>
<codes class="bip:topics:1.0">
  <code code="G15">
    <editdetail attribution="Reuters BIP Coding Group" action="confirmed" date="1997-03-18"/>
  </code>
  <code code="GCAT">
    <editdetail attribution="Reuters BIP Coding Group" action="confirmed" date="1997-03-18"/>
  </code>
</codes>
<dc element="dc.publisher" value="Reuters Holdings Plc"/>
<dc element="dc.date.published" value="1997-03-18"/>
<dc element="dc.source" value="Reuters"/>
<dc element="dc.creator.location.country.name" value="EU"/>
<dc element="dc.source" value="Reuters"/>
</metadata>
</newsitem>
