<?xml version="1.0" encoding="iso-8859-1" ?>
<newsitem itemid="448997" id="root" date="1997-03-18" xml:lang="en">
<title>USA: Advanced Tissue gets FDA ok for dermagraft.</title>
<headline>Advanced Tissue gets FDA ok for dermagraft.</headline>
<dateline>LA JOLLA, Calif 1997-03-18</dateline>
<text>
<p>Advanced Tissue Sciences Inc said the U.S. Food and Drug Administration (FDA) has approved Dermagraft-TC for marketing.</p>
<p>Dermagraft-TC, the first human fibroblast-derived temporary skin substitute to be approved by the FDA, is indicated for use as a temporary wound covering for severe thermal burns in patients who require such a covering prior to autograft placement. Dermagraft-TC is now available to burn treatment centers across the country.</p>
</text>
<copyright>(c) Reuters Limited 1997</copyright>
<metadata>
<codes class="bip:countries:1.0">
  <code code="USA">
    <editdetail attribution="Reuters BIP Coding Group" action="confirmed" date="1997-03-18"/>
  </code>
</codes>
<codes class="bip:industries:1.0">
  <code code="I25700">
    <editdetail attribution="Reuters BIP Coding Group" action="confirmed" date="1997-03-18"/>
  </code>
</codes>
<codes class="bip:topics:1.0">
  <code code="C13">
    <editdetail attribution="Reuters BIP Coding Group" action="confirmed" date="1997-03-18"/>
  </code>
  <code code="C22">
    <editdetail attribution="Reuters BIP Coding Group" action="confirmed" date="1997-03-18"/>
  </code>
  <code code="CCAT">
    <editdetail attribution="Reuters BIP Coding Group" action="confirmed" date="1997-03-18"/>
  </code>
  <code code="GCAT">
    <editdetail attribution="Reuters BIP Coding Group" action="confirmed" date="1997-03-18"/>
  </code>
  <code code="GHEA">
    <editdetail attribution="Reuters BIP Coding Group" action="confirmed" date="1997-03-18"/>
  </code>
</codes>
<dc element="dc.date.created" value="1997-03-18"/>
<dc element="dc.publisher" value="Reuters Holdings Plc"/>
<dc element="dc.date.published" value="1997-03-18"/>
<dc element="dc.source" value="Reuters"/>
<dc element="dc.creator.location" value="LA JOLLA, Calif"/>
<dc element="dc.creator.location.country.name" value="USA"/>
<dc element="dc.source" value="Reuters"/>
</metadata>
</newsitem>
