<?xml version="1.0" encoding="iso-8859-1" ?>
<newsitem itemid="448937" id="root" date="1997-03-18" xml:lang="en">
<title>CANADA: Toronto's real estate market heating up.</title>
<headline>Toronto's real estate market heating up.</headline>
<byline>Leah Eichler</byline>
<dateline>TORONTO 1997-03-18</dateline>
<text>
<p>Stewart and Dianne Hall had high aspirations when they listed their three-bedroom bungalow for C$264,900 in Canada's largest city.</p>
<p>But even Mr. Hall was shocked when their &quot;very average house&quot; fetched C$15,000 over the asking price in a frenzied nine-party bidding war.</p>
<p>&quot;It was completely unexpected, like winning the lottery,&quot; Mr. Hall said.</p>
<p>The Halls are not alone. In a trend reminiscent of the late 1980's real estate boom in Toronto, multiple buyers are again competing for Toronto's houses and bidding up prices. According to The Toronto Star, one house recently sold for a record breaking $83,000 above its stated listing.</p>
<p>Indicative of good economic times to come, Toronto's housing boom may place it in the lead of Canada's economic growth.</p>
<p>&quot;The boom here is very strong, largely reflecting growth in Toronto,&quot; according to Will Dunning, Senior Market Analyst  at the Canada Mortgage and Housing Corp. The surplus of confident first time buyers and upscalers promises to cause a spin off in the creation of 10,000 construction jobs in the next year, he said.</p>
<p>Alex Mills, of Prudential Sadie Moranis Realty, the Hall's agent, attributed the recent trend to a market that has more buyers than inventory, especially under the C$300,000 range.</p>
<p>&quot;Many of them are first time buyers who are feeling more confident that they will keep at least one of their jobs and are worried that interest rates will go up,&quot; he said.</p>
<p>According to the Toronto Real Estate Board's Multiple Listings Service (MLS), February marked a 27 percent increase in sales over January 1997. It was also a 24 percent increase from February last year.</p>
<p>The average price of a single family house rose to C$207,221 in February from C$192,406 last year. Ten years ago, MLS reported the average selling price was C$124,301.</p>
<p>The combination of pent up demand and a feeling of improved confidence has led to a buoyancy in the market,&quot; explained analyst Barry Lyon of Lyon Consultants Ltd.</p>
<p>He added that the recent rise in housing sales indicated a positive trend that will continue with moderately priced homes over next several years. &quot;People are feeling better about the economy which comes at a good time because their housing needs are changing.&quot;</p>
<p>Investors outside the greater Toronto area are also cashing in on its recent good rates. Many American, German and even Canadian investors outside of Ontario, such as British Columbia, consider real estate in Toronto a sound investment opportuniy since the market has yet to peak. The same applies for the industrial and commercial market.</p>
<p>Yet, Toronto's new case of contagious optimism leads some analysts to worry about a crash if the market gets too heated. Although speculation has not distorted the market yet -- as it did in 1986-88 in Toronto -- a dramatic rise in costs will turn off potential buyers, killing the market.</p>
<p>Lyon suggested remaining calm: &quot;I feel like a fire marshal. There is a shortage of listings and it is an excellent time for people to sell their home. But if you don't like a price, just pass.&quot;</p>
<p>Some agents, for the time being, remained skeptical of the boom's longevity. &quot;I wouldn't call it a boom, exactly&quot; said Rosaline Kennanni, an agent at Coldwell, Banker &amp; Pinnacle. &quot;The recipe is there. Mortgage rates are low, people are finding it more economical to buy than rent. But who can tell how long it will last?&quot;</p>
<p>((Reuters Toronto bureau 416-941-8100))</p>
</text>
<copyright>(c) Reuters Limited 1997</copyright>
<metadata>
<codes class="bip:countries:1.0">
  <code code="CANA">
    <editdetail attribution="Reuters BIP Coding Group" action="confirmed" date="1997-03-18"/>
  </code>
</codes>
<codes class="bip:industries:1.0">
  <code code="I85000">
    <editdetail attribution="Reuters BIP Coding Group" action="confirmed" date="1997-03-18"/>
  </code>
  <code code="I8500031">
    <editdetail attribution="Reuters BIP Coding Group" action="confirmed" date="1997-03-18"/>
  </code>
</codes>
<codes class="bip:topics:1.0">
  <code code="C31">
    <editdetail attribution="Reuters BIP Coding Group" action="confirmed" date="1997-03-18"/>
  </code>
  <code code="CCAT">
    <editdetail attribution="Reuters BIP Coding Group" action="confirmed" date="1997-03-18"/>
  </code>
</codes>
<dc element="dc.date.created" value="1997-03-18"/>
<dc element="dc.publisher" value="Reuters Holdings Plc"/>
<dc element="dc.date.published" value="1997-03-18"/>
<dc element="dc.source" value="Reuters"/>
<dc element="dc.creator.location" value="TORONTO"/>
<dc element="dc.creator.location.country.name" value="CANADA"/>
<dc element="dc.source" value="Reuters"/>
</metadata>
</newsitem>
