<?xml version="1.0" encoding="iso-8859-1" ?>
<newsitem itemid="448938" id="root" date="1997-03-18" xml:lang="en">
<title>CANADA: Imperial Oil raises posted oil prices.</title>
<headline>Imperial Oil raises posted oil prices.</headline>
<dateline>CALGARY 1997-03-18</dateline>
<text>
<p>Imperial Oil Ltd said it raised the price it would pay for some grades of crude oil by C$7.00/cubic metre or C$1.11/barrel, effective immediately.</p>
<p>The new prices were listed as follows:</p>
<p>Edmonton light sweet C$185.00/cubic metre, or C$29.41/barrel</p>
<p>Cromer light sour C$177.00/cubic metre, or C$28.14/barrel</p>
<p>Bow River at Hardisty C$146.00/cubic metre, or C$23.21/barrel</p>
<p>Midale at Cromer C$157.00/cubic metre, or C$24.96/barrel</p>
<p>((Reuters Calgary Bureau (403) 531-1624))</p>
</text>
<copyright>(c) Reuters Limited 1997</copyright>
<metadata>
<codes class="bip:countries:1.0">
  <code code="CANA">
    <editdetail attribution="Reuters BIP Coding Group" action="confirmed" date="1997-03-18"/>
  </code>
</codes>
<codes class="bip:topics:1.0">
  <code code="M14">
    <editdetail attribution="Reuters BIP Coding Group" action="confirmed" date="1997-03-18"/>
  </code>
  <code code="M143">
    <editdetail attribution="Reuters BIP Coding Group" action="confirmed" date="1997-03-18"/>
  </code>
  <code code="MCAT">
    <editdetail attribution="Reuters BIP Coding Group" action="confirmed" date="1997-03-18"/>
  </code>
</codes>
<dc element="dc.date.created" value="1997-03-18"/>
<dc element="dc.publisher" value="Reuters Holdings Plc"/>
<dc element="dc.date.published" value="1997-03-18"/>
<dc element="dc.source" value="Reuters"/>
<dc element="dc.creator.location" value="CALGARY"/>
<dc element="dc.creator.location.country.name" value="CANADA"/>
<dc element="dc.source" value="Reuters"/>
</metadata>
</newsitem>
