<?xml version="1.0" encoding="iso-8859-1" ?>
<newsitem itemid="448969" id="root" date="1997-03-18" xml:lang="en">
<title>USA: Emerging debt prices end up, Venezuela outperforms.</title>
<headline>Emerging debt prices end up, Venezuela outperforms.</headline>
<dateline>NEW YORK 1997-03-18</dateline>
<text>
<p>Emerging debt prices wound down the New York trading session on a positive note with Venezuela strongly outperforming others, traders said.</p>
<p>&quot;We saw Bradys have a good day all around, but the outperformer today was Venezuela,&quot; said Pablo Goldberg, Latin American economist at I.D.E.A. Inc.</p>
<p>Venezuela PARs VZ675C20=RR traded up 1-3/8 to 73-1/2 bid and Venezuela FLIRBs VZ6C97=RR were up 1-1/4 to 88-3/8 bid, traders said.  </p>
<p>&quot;We had strong comments from Venezuela coming out of the meetings in Barcelona,&quot; said one Brady trader. &quot;Venezuela was the key gainer in today's session.&quot;</p>
<p>On Tuesday, finance minister Luis Raul Matos Axocar said Venezuela was aiming to make a decision on a plan to smooth out repayments on outstanding commercial debt by the middle of next month.</p>
<p>Under current terms, Venezuela would have to pay $3 billion, or 40 percent of ordinary income, every year through 1999 to service its outstanding debt. Matos said Venezuela was aiming to reduce this to 25 percent.  </p>
<p>Players also cited recent news that the Venezuelan governement, union and private sector leaders had signed a historic agreement to reform the country's severance payment system, opening the way for a wider reform of the country's decaying social security system.</p>
<p>The agreement which still has to be passed by Congress would mark the beginning of the freeing-up of Venezuela's rigid labor markets.</p>
<p>&quot;This historical agreement involving these reforms was very positive news,&quot; said I.D.E.A.'s Goldberg.  </p>
<p>Meanwhile, players said Bradys traded up today on better buying activity and a more supportive U.S. Treasury market.</p>
<p>&quot;We saw some client buying late yesterday and some more today...generally the market gained good support from the Treasury market,&quot; another Brady trader said.</p>
<p>The benchmark U.S. Treasury bond ended off 2/32 at 95-25/32 to yield 6.96 percent at the close.</p>
<p>Bradys erased Monday's losses with spreads seen tighter by about 15 to 20 basis points, traders said.</p>
<p>&quot;What characterized today's market was that it was dealer driven and generally better bid,&quot; the trader added.  </p>
<p>Among key gainers on Tuesday was Argentina, Par bonds AR4C23=RR were up 1/8 at 64-3/4 bid, FRBs ARFLC05=RR ended 3/4 higher at 90-1/8 bid.</p>
<p>Boosting Argentina's debt was Tuesday's comments by Economy minister Roque Fernandez that Argentina would repay   earlier</p>
<p>$750 million of its Paris Club debt.</p>
<p>Argentina hopes to reach an agreement with the IMF on an extended fund facility to replace the stand-by loan programme it has had since 1995.  </p>
<p>&quot;We're going to pay back in advance $750 million to the Paris Club within our 1997 budget,&quot; Fernandez told Reuters during the annual meeting of the Inter-American Development Bank.</p>
<p>Turning to other Brady bonds, Mexico Pars MX625L19=RR were up 3/8 at 72-7/8 bid and Discounts MXFLL19=RR were up 3/4 at 88-7/8 bid. Brazil C BR8D14=RR were up 3/8 to 76-5/8 bid.</p>
<p>Bulgaria FLRB BGFLIRB=RR were up 1/8 at 45-1/8 bid, IABs BGFLTH11=RR also traded up 1/8 at 60-1/8 bid, traders said.</p>
<p>Russian VN US$ RUVNUSLNS=RR traded up 1/4 to end the New York trading session at 81-3/4 bid.</p>
<p>Meanwhile, market participants continue to cast a watchful eye on the Federal Open Market Committee, the policy-setting arm of the Federal Reserve Board, which is set to meet next week to vote on U.S. monetary policy.</p>
<p>(( -- Nancy Leinfuss, 212-859-1675 ))</p>
</text>
<copyright>(c) Reuters Limited 1997</copyright>
<metadata>
<codes class="bip:countries:1.0">
  <code code="USA">
    <editdetail attribution="Reuters BIP Coding Group" action="confirmed" date="1997-03-18"/>
  </code>
  <code code="VEN">
    <editdetail attribution="Reuters BIP Coding Group" action="confirmed" date="1997-03-18"/>
  </code>
</codes>
<codes class="bip:topics:1.0">
  <code code="M12">
    <editdetail attribution="Reuters BIP Coding Group" action="confirmed" date="1997-03-18"/>
  </code>
  <code code="MCAT">
    <editdetail attribution="Reuters BIP Coding Group" action="confirmed" date="1997-03-18"/>
  </code>
</codes>
<dc element="dc.date.created" value="1997-03-18"/>
<dc element="dc.publisher" value="Reuters Holdings Plc"/>
<dc element="dc.date.published" value="1997-03-18"/>
<dc element="dc.source" value="Reuters"/>
<dc element="dc.creator.location" value="NEW YORK"/>
<dc element="dc.creator.location.country.name" value="USA"/>
<dc element="dc.source" value="Reuters"/>
</metadata>
</newsitem>
