<?xml version="1.0" encoding="iso-8859-1" ?>
<newsitem itemid="448987" id="root" date="1997-03-18" xml:lang="en">
<title>USA: Dean Witter, Morgan studying merging futures units.</title>
<headline>Dean Witter, Morgan studying merging futures units.</headline>
<dateline>CHICAGO 1997-03-18</dateline>
<text>
<p>Dean Witter, Discover &amp; Co is studying how to integrate its futures group with Morgan Stanley Group Inc after the firms in February announced the biggest merger ever in the securities industry, Dean Witter futures employees said Tuesday.</p>
<p>On Monday, futures executives at Dean Witter Reynolds Inc told a roomful of employees in Chicago that the two firms were now concentrating on merging their futures operations.</p>
<p>&quot;They are definitely looking at this (futures) as a different stage of the merger,&quot; one Dean Witter futures employee said on condition of anonymity.  </p>
<p>A Dean Witter futures trader said the firms were now &quot;intensely&quot; focusing on the futures side after Dean Witter said three weeks ago it planned to cut about 200 investment banking and research jobs following completion of the merger.</p>
<p>More meetings are scheduled for next week, the trader said.</p>
<p>Laurence Mollner, executive vice president at Dean Witter's futures division, could not be reached for comment. A spokeswoman for Dean Witter, Discover &amp; Co would not comment on merging the futures businesses.</p>
<p>Dean Witter Reynolds Inc is the full-service securities business unit of Dean Witter and has been registered with the National Futures Association as a futures commission merchant since 1982.</p>
<p>The $10.3 billion merger is expected to be completed in mid-1997.</p>
<p>Both Dean Witter and Morgan Stanley's futures groups are headquartered in New York. ((Derivatives desk 312-408-8750)) E-mail derivatives@reuters.com</p>
</text>
<copyright>(c) Reuters Limited 1997</copyright>
<metadata>
<codes class="bip:countries:1.0">
  <code code="USA">
    <editdetail attribution="Reuters BIP Coding Group" action="confirmed" date="1997-03-18"/>
  </code>
</codes>
<codes class="bip:industries:1.0">
  <code code="I81402">
    <editdetail attribution="Reuters BIP Coding Group" action="confirmed" date="1997-03-18"/>
  </code>
  <code code="I83100">
    <editdetail attribution="Reuters BIP Coding Group" action="confirmed" date="1997-03-18"/>
  </code>
</codes>
<codes class="bip:topics:1.0">
  <code code="C18">
    <editdetail attribution="Reuters BIP Coding Group" action="confirmed" date="1997-03-18"/>
  </code>
  <code code="C181">
    <editdetail attribution="Reuters BIP Coding Group" action="confirmed" date="1997-03-18"/>
  </code>
  <code code="CCAT">
    <editdetail attribution="Reuters BIP Coding Group" action="confirmed" date="1997-03-18"/>
  </code>
</codes>
<dc element="dc.date.created" value="1997-03-18"/>
<dc element="dc.publisher" value="Reuters Holdings Plc"/>
<dc element="dc.date.published" value="1997-03-18"/>
<dc element="dc.source" value="Reuters"/>
<dc element="dc.creator.location" value="CHICAGO"/>
<dc element="dc.creator.location.country.name" value="USA"/>
<dc element="dc.source" value="Reuters"/>
</metadata>
</newsitem>
