<?xml version="1.0" encoding="iso-8859-1" ?>
<newsitem itemid="448991" id="root" date="1997-03-18" xml:lang="en">
<title>USA: Continental Mortgage yr-end profit vs loss.</title>
<headline>Continental Mortgage yr-end profit vs loss.</headline>
<dateline>DALLAS 1997-03-17</dateline>
<text>
<p>HIGHLIGHTS FOR CONTINENTAL MORTGAGE AND EQUITY TRUST</p>
<p>(in thousands, except share and per share data)</p>
<p>				     For the years ended December 31,</p>
<p>						 1996	     1995</p>
<p> Revenue				$   45,363     $   38,309</p>
<p> Expenses				   47,799	   39,982</p>
<p> Income (loss) from operations     (2,436)	  (1,673)</p>
<p> Equity in income of partnership	 228		230</p>
<p>Gain on sale of real estate and</p>
<p>   marketable equity securities     10,122		---</p>
<p> Extraordinary gain			  812		---</p>
<p> Net income (loss)			 8,726	  (1,443)</p>
<p> Earnings per share			 2.08	   (0.33)</p>
<p>Weighted average shares of</p>
<p>beneficial interest used in</p>
<p>   computing earnings per share  4,199,147	4,377,165</p>
<p>-- New York Newsdesk 212 859-1700</p>
</text>
<copyright>(c) Reuters Limited 1997</copyright>
<metadata>
<codes class="bip:countries:1.0">
  <code code="USA">
    <editdetail attribution="Reuters BIP Coding Group" action="confirmed" date="1997-03-18"/>
  </code>
</codes>
<codes class="bip:industries:1.0">
  <code code="I81502">
    <editdetail attribution="Reuters BIP Coding Group" action="confirmed" date="1997-03-18"/>
  </code>
  <code code="I8150206">
    <editdetail attribution="Reuters BIP Coding Group" action="confirmed" date="1997-03-18"/>
  </code>
</codes>
<codes class="bip:topics:1.0">
  <code code="C15">
    <editdetail attribution="Reuters BIP Coding Group" action="confirmed" date="1997-03-18"/>
  </code>
  <code code="C151">
    <editdetail attribution="Reuters BIP Coding Group" action="confirmed" date="1997-03-18"/>
  </code>
  <code code="C1511">
    <editdetail attribution="Reuters BIP Coding Group" action="confirmed" date="1997-03-18"/>
  </code>
  <code code="CCAT">
    <editdetail attribution="Reuters BIP Coding Group" action="confirmed" date="1997-03-18"/>
  </code>
</codes>
<dc element="dc.date.created" value="1997-03-17"/>
<dc element="dc.publisher" value="Reuters Holdings Plc"/>
<dc element="dc.date.published" value="1997-03-18"/>
<dc element="dc.source" value="Reuters"/>
<dc element="dc.creator.location" value="DALLAS"/>
<dc element="dc.creator.location.country.name" value="USA"/>
<dc element="dc.source" value="Reuters"/>
</metadata>
</newsitem>
