<?xml version="1.0" encoding="iso-8859-1" ?>
<newsitem itemid="448992" id="root" date="1997-03-18" xml:lang="en">
<title>USA: SI Technologies Inc Q2 shr $0.04 vs $0.09.</title>
<headline>SI Technologies Inc Q2 shr $0.04 vs $0.09.</headline>
<dateline>SEATTLE 1997-03-17</dateline>
<text>
<p>Three Months Ended  Six Months Ended</p>
<p>				   January 31,	  January 31,</p>
<p>			     1997	 1996	 1997	 1996</p>
<p> Net sales	  $2,835,886 $3,125,013 $5,797,624 $5,826,036</p>
<p> Cost of sales     1,603,031  1,667,941  3,236,922  3,068,632</p>
<p>   Gross profit    1,232,855  1,457,072  2,560,702  2,757,404</p>
<p>Total operating</p>
<p>    expenses	 1,040,363  1,090,603  2,180,664  2,113,700</p>
<p> Earns from oper     192,492    366,469    380,038    643,704</p>
<p> Interest expense   (52,833)   (17,828)  (101,654)   (36,205)</p>
<p> Other income, net     1,684	8,117	6,439     36,507</p>
<p>Earns before taxes   141,343    356,758    284,823    644,006</p>
<p>Income tax expense  (52,305)  (133,700)  (105,317)  (243,700)  Net earnings	   89,038    223,058    179,506    400,306</p>
<p> Net earnings per shr    .04	  .09	  .07	  .16</p>
<p>Shrs outstanding  2,407,457  2,434,236  2,413,118  2,432,725</p>
<p>((-- New York Newsdesk 212 859-1700))</p>
</text>
<copyright>(c) Reuters Limited 1997</copyright>
<metadata>
<codes class="bip:countries:1.0">
  <code code="USA">
    <editdetail attribution="Reuters BIP Coding Group" action="confirmed" date="1997-03-18"/>
  </code>
</codes>
<codes class="bip:industries:1.0">
  <code code="I34420">
    <editdetail attribution="Reuters BIP Coding Group" action="confirmed" date="1997-03-18"/>
  </code>
</codes>
<codes class="bip:topics:1.0">
  <code code="C15">
    <editdetail attribution="Reuters BIP Coding Group" action="confirmed" date="1997-03-18"/>
  </code>
  <code code="C151">
    <editdetail attribution="Reuters BIP Coding Group" action="confirmed" date="1997-03-18"/>
  </code>
  <code code="CCAT">
    <editdetail attribution="Reuters BIP Coding Group" action="confirmed" date="1997-03-18"/>
  </code>
</codes>
<dc element="dc.date.created" value="1997-03-17"/>
<dc element="dc.publisher" value="Reuters Holdings Plc"/>
<dc element="dc.date.published" value="1997-03-18"/>
<dc element="dc.source" value="Reuters"/>
<dc element="dc.creator.location" value="SEATTLE"/>
<dc element="dc.creator.location.country.name" value="USA"/>
<dc element="dc.source" value="Reuters"/>
</metadata>
</newsitem>
