<?xml version="1.0" encoding="iso-8859-1" ?>
<newsitem itemid="448981" id="root" date="1997-03-18" xml:lang="en">
<title>USA: Union Pacific well flows 84.7 mmcfd.</title>
<headline>Union Pacific well flows 84.7 mmcfd.</headline>
<dateline>FORT WORTH, Texas 1997-03-18</dateline>
<text>
<p>Union Pacific Resources Group Inc said on Tuesday that its Eberle No.1 well flowed at 84.7 million cubic feet of natural gas in a 24 hour period from the Austin Chalk formation in Washington County, Texas.</p>
<p>The company said the well is the largest horizontal gas well ever drilled onshore in the United States, based on initial flow rates.  </p>
<p>.</p>
</text>
<copyright>(c) Reuters Limited 1997</copyright>
<metadata>
<codes class="bip:countries:1.0">
  <code code="USA">
    <editdetail attribution="Reuters BIP Coding Group" action="confirmed" date="1997-03-18"/>
  </code>
</codes>
<codes class="bip:industries:1.0">
  <code code="I13000">
    <editdetail attribution="Reuters BIP Coding Group" action="confirmed" date="1997-03-18"/>
  </code>
</codes>
<codes class="bip:topics:1.0">
  <code code="C21">
    <editdetail attribution="Reuters BIP Coding Group" action="confirmed" date="1997-03-18"/>
  </code>
  <code code="C24">
    <editdetail attribution="Reuters BIP Coding Group" action="confirmed" date="1997-03-18"/>
  </code>
  <code code="CCAT">
    <editdetail attribution="Reuters BIP Coding Group" action="confirmed" date="1997-03-18"/>
  </code>
</codes>
<dc element="dc.date.created" value="1997-03-18"/>
<dc element="dc.publisher" value="Reuters Holdings Plc"/>
<dc element="dc.date.published" value="1997-03-18"/>
<dc element="dc.source" value="Reuters"/>
<dc element="dc.creator.location" value="FORT WORTH, Texas"/>
<dc element="dc.creator.location.country.name" value="USA"/>
<dc element="dc.source" value="Reuters"/>
</metadata>
</newsitem>
