<?xml version="1.0" encoding="iso-8859-1" ?>
<newsitem itemid="448999" id="root" date="1997-03-18" xml:lang="en">
<title>USA: Lexington B &amp; L seeks to buy 50,600 shares.</title>
<headline>Lexington B &amp; L seeks to buy 50,600 shares.</headline>
<dateline>LEXINGTON, Mo. 1997-03-18</dateline>
<text>
<p>Lexington B &amp; L Financial Corp said Tuesday it will seek to repurchase 50,600 shares of its common stock to fund the corporation's 1996 Management Recognition and Development Plan.</p>
<p>The plan was approved by shareholders on January 27, 1997.</p>
<p>The shares to be acquired in connection with the funding of the plan are in addition to Lexington's repurchase program announced on March 12, 1997 covering up to 126,500 shares of the corporation's common stock.</p>
<p>Lexington has authorized the Management Recognition and Develop Plan trust to make repurchases from time to time in open market conditions over the next six months. It is expected the plan awards will be made to eligible directors, officers and employees when the Management Development and Development Plan becomes effective on June 6.</p>
<p>		((Reuters Chicago Newsdesk (312) 408-8787))</p>
</text>
<copyright>(c) Reuters Limited 1997</copyright>
<metadata>
<codes class="bip:countries:1.0">
  <code code="USA">
    <editdetail attribution="Reuters BIP Coding Group" action="confirmed" date="1997-03-18"/>
  </code>
</codes>
<codes class="bip:topics:1.0">
  <code code="C17">
    <editdetail attribution="Reuters BIP Coding Group" action="confirmed" date="1997-03-18"/>
  </code>
  <code code="C171">
    <editdetail attribution="Reuters BIP Coding Group" action="confirmed" date="1997-03-18"/>
  </code>
  <code code="C18">
    <editdetail attribution="Reuters BIP Coding Group" action="confirmed" date="1997-03-18"/>
  </code>
  <code code="C181">
    <editdetail attribution="Reuters BIP Coding Group" action="confirmed" date="1997-03-18"/>
  </code>
  <code code="CCAT">
    <editdetail attribution="Reuters BIP Coding Group" action="confirmed" date="1997-03-18"/>
  </code>
</codes>
<dc element="dc.date.created" value="1997-03-18"/>
<dc element="dc.publisher" value="Reuters Holdings Plc"/>
<dc element="dc.date.published" value="1997-03-18"/>
<dc element="dc.source" value="Reuters"/>
<dc element="dc.creator.location" value="LEXINGTON, Mo."/>
<dc element="dc.creator.location.country.name" value="USA"/>
<dc element="dc.source" value="Reuters"/>
</metadata>
</newsitem>
