<?xml version="1.0" encoding="iso-8859-1" ?>
<newsitem itemid="448930" id="root" date="1997-03-18" xml:lang="en">
<title>EU:  OFFICIAL JOURNAL CONTENTS - OJ C 87 OF MARCH 18, 1997.</title>
<headline>OFFICIAL JOURNAL CONTENTS - OJ C 87 OF MARCH 18, 1997.</headline>
<text>
<p>*</p>
<p>(Note - contents are displayed in reverse order to that in the printed Journal)</p>
<p>*</p>
<p>Oisin - Annual programme for 1997 (97/C 87/09)</p>
<p>Grotius - Annual programme and call for proposal for 1997 (97/C 87/08)</p>
<p>Amended proposal for a European Parliament and Council Directive amending the Directive proposal on in vitro diagnostic medical devices (1) (97/C 87/07) COM(96) 643 final - 95/0013(COD)</p>
<p>STATE AID C 51/96 (ex NN 71/96) Italy (Sardinia) (97/C 87/06)</p>
<p>COMMUNICATION FROM THE COMMISSION UNDER ARTICLE 4 (1) (a) OF COUNCIL REGULATION (EEC) No 2408/92 Imposition of public service obligations in respect of seasonal scheduled through air services between Paris-Orly and Rochefort-Saint-Agnan (97/C 87/05)</p>
<p>Notice of the expiry of certain anti-dumping measures (97/C 87/04)</p>
<p>Notice of the expiry of certain anti-dumping measures (97/C 87/03)</p>
<p>LIST OF DOCUMENTS FORWARDED BY THE COMMISSION TO THE COUNCIL DURING THE PERIOD 3 TO 7. 3. 1997 (97/C 87/02)</p>
<p>Ecu (1) 17 March 1997 (97/C 87/01) END OF DOCUMENT.</p>
</text>
<copyright>(c) Reuters Limited 1997</copyright>
<metadata>
<codes class="bip:countries:1.0">
  <code code="EEC">
    <editdetail attribution="Reuters BIP Coding Group" action="confirmed" date="1997-03-18"/>
  </code>
</codes>
<codes class="bip:topics:1.0">
  <code code="G15">
    <editdetail attribution="Reuters BIP Coding Group" action="confirmed" date="1997-03-18"/>
  </code>
  <code code="GCAT">
    <editdetail attribution="Reuters BIP Coding Group" action="confirmed" date="1997-03-18"/>
  </code>
</codes>
<dc element="dc.publisher" value="Reuters Holdings Plc"/>
<dc element="dc.date.published" value="1997-03-18"/>
<dc element="dc.source" value="Reuters"/>
<dc element="dc.creator.location.country.name" value="EU"/>
<dc element="dc.source" value="Reuters"/>
</metadata>
</newsitem>
