<?xml version="1.0" encoding="iso-8859-1" ?>
<newsitem itemid="448946" id="root" date="1997-03-18" xml:lang="en">
<title>CANADA: Talisman CEO mulling Wascana bid.</title>
<headline>Talisman CEO mulling Wascana bid.</headline>
<dateline>CALGARY 1997-03-18</dateline>
<text>
<p>Talisman Energy Inc was reviewing its options after Canadian Occidental Petroleum Ltd's announcement today of a rival bid for Wascana Energy Inc, Talisman Chief Executive Jim Buckee said on Tuesday.</p>
<p>But Buckee repeated that his firm would improve its C$1.7 billion cash and stock offer if it could be sure of the extra value.</p>
<p>&quot;We think that it's not a level playing field -- they're not allowing us to see any data,&quot; Buckee said in a phone interview.  </p>
<p>&quot;We've signalled that we'd move if we saw value. For the moment (we're) just thinking what to do.&quot;</p>
<p>Buckee said he was critical of the new deal because of earlier contentions from Wascana executives that Talisman's cash and stock offer meant the target's shareholders would receive less economic reward than they would contribute.</p>
<p>&quot;They said it was unfair because the Wascana shareholders were not entitled to participate in the upside in pro rata fashion,&quot; he said.</p>
<p>&quot;In this particular case, Wascana's (holders) have zero chance of continuing in the upside.&quot;  </p>
<p>CanOxy, in a deal that had the blessing of Wascana's board, said on Tuesday it would offer C$20.50 per share in cash for the Regina-based producer.</p>
<p>Buckee called into question the potential tax hit on Wascana investors who tender to CanOxy's offer.</p>
<p>&quot;Seeing how Wascana's shares had wallowed in the C$12 range for a year and a half, there will be a lot of people with a tax base at about C$12.50. If now they're forced to accept cash, they've got tax leakage of up to C$3,&quot; he said.</p>
<p>&quot;When the tax is taken into account, it's not clear that this is a better offer.&quot;</p>
<p>Buckee said he did not know whether Wascana would grant his firm access to its data room now that there was a rival offer on the table.</p>
<p>((Reuters Calgary Bureau (403) 531-1624))</p>
</text>
<copyright>(c) Reuters Limited 1997</copyright>
<metadata>
<codes class="bip:countries:1.0">
  <code code="CANA">
    <editdetail attribution="Reuters BIP Coding Group" action="confirmed" date="1997-03-18"/>
  </code>
</codes>
<codes class="bip:industries:1.0">
  <code code="I13000">
    <editdetail attribution="Reuters BIP Coding Group" action="confirmed" date="1997-03-18"/>
  </code>
  <code code="I1300003">
    <editdetail attribution="Reuters BIP Coding Group" action="confirmed" date="1997-03-18"/>
  </code>
</codes>
<codes class="bip:topics:1.0">
  <code code="C18">
    <editdetail attribution="Reuters BIP Coding Group" action="confirmed" date="1997-03-18"/>
  </code>
  <code code="C181">
    <editdetail attribution="Reuters BIP Coding Group" action="confirmed" date="1997-03-18"/>
  </code>
  <code code="CCAT">
    <editdetail attribution="Reuters BIP Coding Group" action="confirmed" date="1997-03-18"/>
  </code>
</codes>
<dc element="dc.date.created" value="1997-03-18"/>
<dc element="dc.publisher" value="Reuters Holdings Plc"/>
<dc element="dc.date.published" value="1997-03-18"/>
<dc element="dc.source" value="Reuters"/>
<dc element="dc.creator.location" value="CALGARY"/>
<dc element="dc.creator.location.country.name" value="CANADA"/>
<dc element="dc.source" value="Reuters"/>
</metadata>
</newsitem>
