<?xml version="1.0" encoding="iso-8859-1" ?>
<newsitem itemid="448964" id="root" date="1997-03-18" xml:lang="en">
<title>USA: NBC wins Nielsen tv ratings for March 10 week.</title>
<headline>NBC wins Nielsen tv ratings for March 10 week.</headline>
<dateline>NEW YORK 1997-03-18</dateline>
<text>
<p>NBC's top rated Thursday night lineup kept the network on top of the prime time television viewership ratings for the week of March 10 through March 16, Nielsen Media Research said.</p>
<p>NBC, a unit of General Electric Co, posted 9.9 rating points with a 17 percent share with the network's Thursday night programs holding five of the seven top most-watched shows, Nielsen said.</p>
<p>Seinfeld won first place for the week, followed by Friends, Suddenly Susan and Naked Truth, said Nielsen, a unit of Cognizant.  </p>
<p>The rating points represent a percentage of homes with televisions and the share represents the percentage of television sets tuned in at a particular time.</p>
<p>Westinghouse Electric Corp's CBS finished in second place, keyed by Touched by an Angel at number 5, news program 60 Minutes at number 6 and its Sunday night movie Stolen Women, Captured Hearts at number 12, Nielsen said.</p>
<p>CBS posted a 9.1 rating with a 16 share, Nielsen said.</p>
<p>ABC, which is owned by Walt Disney Co, ranked third with a 8.5 rating and a 14 percent share.</p>
<p>A rating of 7.4 put News Corp's Fox in fourth place, Nielsen said.</p>
<p>Viacom Inc's UPN and Time Warner Inc's WB networks posted ratings of 3.5 and 2.9, respectively, Nielsen said.</p>
</text>
<copyright>(c) Reuters Limited 1997</copyright>
<metadata>
<codes class="bip:countries:1.0">
  <code code="USA">
    <editdetail attribution="Reuters BIP Coding Group" action="confirmed" date="1997-03-18"/>
  </code>
</codes>
<codes class="bip:industries:1.0">
  <code code="I34000">
    <editdetail attribution="Reuters BIP Coding Group" action="confirmed" date="1997-03-18"/>
  </code>
  <code code="I47500">
    <editdetail attribution="Reuters BIP Coding Group" action="confirmed" date="1997-03-18"/>
  </code>
  <code code="I83960">
    <editdetail attribution="Reuters BIP Coding Group" action="confirmed" date="1997-03-18"/>
  </code>
  <code code="I97100">
    <editdetail attribution="Reuters BIP Coding Group" action="confirmed" date="1997-03-18"/>
  </code>
  <code code="I97400">
    <editdetail attribution="Reuters BIP Coding Group" action="confirmed" date="1997-03-18"/>
  </code>
  <code code="I9741102">
    <editdetail attribution="Reuters BIP Coding Group" action="confirmed" date="1997-03-18"/>
  </code>
</codes>
<codes class="bip:topics:1.0">
  <code code="C31">
    <editdetail attribution="Reuters BIP Coding Group" action="confirmed" date="1997-03-18"/>
  </code>
  <code code="C313">
    <editdetail attribution="Reuters BIP Coding Group" action="confirmed" date="1997-03-18"/>
  </code>
  <code code="CCAT">
    <editdetail attribution="Reuters BIP Coding Group" action="confirmed" date="1997-03-18"/>
  </code>
  <code code="GCAT">
    <editdetail attribution="Reuters BIP Coding Group" action="confirmed" date="1997-03-18"/>
  </code>
  <code code="GENT">
    <editdetail attribution="Reuters BIP Coding Group" action="confirmed" date="1997-03-18"/>
  </code>
</codes>
<dc element="dc.date.created" value="1997-03-18"/>
<dc element="dc.publisher" value="Reuters Holdings Plc"/>
<dc element="dc.date.published" value="1997-03-18"/>
<dc element="dc.source" value="Reuters"/>
<dc element="dc.creator.location" value="NEW YORK"/>
<dc element="dc.creator.location.country.name" value="USA"/>
<dc element="dc.source" value="Reuters"/>
</metadata>
</newsitem>
