<?xml version="1.0" encoding="iso-8859-1" ?>
<newsitem itemid="448979" id="root" date="1997-03-18" xml:lang="en">
<title>USA: Chase says card loss rate could top 5.60 pct.</title>
<headline>Chase says card loss rate could top 5.60 pct.</headline>
<dateline>NEW YORK 1997-03-18</dateline>
<text>
<p>A Chase Manhattan Corp executive told an analysts' meeting Tuesday he is confident the loss rate in its credit card business will be in the upper end of the 5.25-5.60 percent range this year, although there is a possibility it could be &quot;modestly&quot; higher.</p>
<p>Donald Boudreau, head of the consumer credit businesses, was responding to a question during a three hour session in which a team of Chase executives discussed strategies and corporate goals before the Bank and Financial Analysts Association. Chase had forecast the 5.25-5.60 percent range for card losses late in 1996.  </p>
<p>Credit card loss rates in the industry have been climbing for more than a year. The American Bankers Association reported last week that credit card delinquencies are at an all-time high industrywide.</p>
<p>Chase Manhattan chairman and chief executive Walter Shipley told the analysts acquisition of a branch banking system adjacent to its current geographic area is &quot;not currently on our radar screen&quot; although other deals are of interest</p>
<p>Among areas with the most appeal, he said, are equities and asset management.  </p>
<p>Shipley said asking prices for asset management companies are high and he stressed that any deal for Chase has to make economic sense.</p>
<p>Peter Tobin, chief financial officer, said a $2.5 billion share repurchase program will be &quot;substantially completed&quot; by the end of this year.</p>
<p>Tobin said the company expects 1997 earnings per share growth of 15 percent, return on equity of 19 percent and revenue growth in the six to eight percent range. Longer term, the goal is double digit growth in earnings per share and an 18 to 20 percent return on equity, he said.  </p>
<p>James Lee, head of global investment banking, said Chase has focused on growing its newer businesses where it is able to achieve revenue growth in excess of 20 percent and benefit from the leverage of the Chase brand.  </p>
<p>Michael Hegarty, head of regional banking in the New York metropolitan area, said electronic banking is growing rapidly. He said Chase Manhattan currently has 75,000 customers doing banking via personal computer and he expects the number to grow to 250,000 by the end of 1997.</p>
<p>Thomas LaBrecque, president and chief operating officer, said the focus at the company since the March, 1996 merger of Chemical Banking Corp and the old Chase Manhattan has been to use technology to leverage the corporate brand and to build customer relationships.</p>
</text>
<copyright>(c) Reuters Limited 1997</copyright>
<metadata>
<codes class="bip:countries:1.0">
  <code code="USA">
    <editdetail attribution="Reuters BIP Coding Group" action="confirmed" date="1997-03-18"/>
  </code>
</codes>
<codes class="bip:industries:1.0">
  <code code="I81402">
    <editdetail attribution="Reuters BIP Coding Group" action="confirmed" date="1997-03-18"/>
  </code>
  <code code="I81501">
    <editdetail attribution="Reuters BIP Coding Group" action="confirmed" date="1997-03-18"/>
  </code>
  <code code="I8150108">
    <editdetail attribution="Reuters BIP Coding Group" action="confirmed" date="1997-03-18"/>
  </code>
</codes>
<codes class="bip:topics:1.0">
  <code code="C15">
    <editdetail attribution="Reuters BIP Coding Group" action="confirmed" date="1997-03-18"/>
  </code>
  <code code="C152">
    <editdetail attribution="Reuters BIP Coding Group" action="confirmed" date="1997-03-18"/>
  </code>
  <code code="CCAT">
    <editdetail attribution="Reuters BIP Coding Group" action="confirmed" date="1997-03-18"/>
  </code>
</codes>
<dc element="dc.date.created" value="1997-03-18"/>
<dc element="dc.publisher" value="Reuters Holdings Plc"/>
<dc element="dc.date.published" value="1997-03-18"/>
<dc element="dc.source" value="Reuters"/>
<dc element="dc.creator.location" value="NEW YORK"/>
<dc element="dc.creator.location.country.name" value="USA"/>
<dc element="dc.source" value="Reuters"/>
</metadata>
</newsitem>
