<?xml version="1.0" encoding="iso-8859-1" ?>
<newsitem itemid="449078" id="root" date="1997-03-18" xml:lang="en">
<title>USA: Adobe Systems Q2 shr rises.</title>
<headline>Adobe Systems Q2 shr rises.</headline>
<dateline>SAN JOSE, Calif. 1997-03-18</dateline>
<text>
<p>CONDENSED CONSOLIDATED STATEMENTS OF INCOME</p>
<p>		   (in thousands, except per share data)</p>
<p>							   Quarters Ended</p>
<p>						     Unaudited  Unaudited</p>
<p>							    Feb 28    Mar 1</p>
<p>							     1997	1996</p>
<p>Revenue:</p>
<p>  Licensing					  $  51,460$  46,911</p>
<p>  Application products			     174,999  146,731</p>
<p> Total revenue					 226,459  193,642</p>
<p> Direct costs					   34,289   35,208</p>
<p> Gross margin					  192,170  158,434</p>
<p>Operating expenses:</p>
<p>Software development costs:</p>
<p>   Research and development			 38,197   37,207</p>
<p>Amortization of software</p>
<p>    development costs				     --	626</p>
<p>  Sales, marketing and customer support	     --   62,604</p>
<p>  General and administrative			17,496   15,651</p>
<p>  Other non-recurring items			(2,359)	 --</p>
<p> Total operating expenses			  125,372  116,088</p>
<p> Operating income				     66,798   42,346</p>
<p>Nonoperating income, net:</p>
<p>  Investment gain(loss)				(624)    2,732</p>
<p>  Interest and other income			  6,993    8,783</p>
<p> Total nonoperating income, net		    6,369   11,515</p>
<p> Income before income taxes			 73,167   53,861</p>
<p> Income tax provision				 26,683   20,198</p>
<p> Net income					     46,484   33,663</p>
<p> Net income per share				    .63	.44</p>
<p>Shares used in computing net income per share</p>
<p>							    73,939   76,394</p>
<p>CONDENSED CONSOLIDATED STATEMENTS OF INCOME - NORMALIZED</p>
<p>		     (in thousands, except per share data)</p>
<p>							     Quarters Ended</p>
<p>						     Unaudited  Unaudited</p>
<p>							    Feb 28    Mar 1</p>
<p>							     1997	1996</p>
<p>Revenue:</p>
<p>  Licensing					  $  51,460$  46,911</p>
<p>  Application products			     174,999  146,731</p>
<p> Total revenue					 226,459  193,642</p>
<p> Direct costs					   34,289   35,208</p>
<p> Gross margin					  192,170  158,434</p>
<p>Operating expenses:</p>
<p>Software development costs:</p>
<p>     Research and development		     38,197   37,207</p>
<p>Amortization of software</p>
<p>	development costs				   --	626</p>
<p>   Sales, marketing and customer support	72,038   62,604</p>
<p>   General and administrative		     17,496   15,651</p>
<p> Total operating expenses			  127,731  116,088</p>
<p> Operating income				     64,439   42,346</p>
<p>Nonoperating income, net:</p>
<p>   Interest and other income			 6,993    8,783</p>
<p> Income before income taxes			 71,432   51,129</p>
<p> Income tax provision				 26,073   19,174</p>
<p> Net income					     45,359   31,956</p>
<p> Net income per share				    .61	.42</p>
<p>Shares used in computing net income per share</p>
<p>							    73,939   76,394</p>
</text>
<copyright>(c) Reuters Limited 1997</copyright>
<metadata>
<codes class="bip:countries:1.0">
  <code code="USA">
    <editdetail attribution="Reuters BIP Coding Group" action="confirmed" date="1997-03-18"/>
  </code>
</codes>
<codes class="bip:industries:1.0">
  <code code="I33020">
    <editdetail attribution="Reuters BIP Coding Group" action="confirmed" date="1997-03-18"/>
  </code>
  <code code="I3302021">
    <editdetail attribution="Reuters BIP Coding Group" action="confirmed" date="1997-03-18"/>
  </code>
</codes>
<codes class="bip:topics:1.0">
  <code code="C15">
    <editdetail attribution="Reuters BIP Coding Group" action="confirmed" date="1997-03-18"/>
  </code>
  <code code="C151">
    <editdetail attribution="Reuters BIP Coding Group" action="confirmed" date="1997-03-18"/>
  </code>
  <code code="CCAT">
    <editdetail attribution="Reuters BIP Coding Group" action="confirmed" date="1997-03-18"/>
  </code>
</codes>
<dc element="dc.date.created" value="1997-03-18"/>
<dc element="dc.publisher" value="Reuters Holdings Plc"/>
<dc element="dc.date.published" value="1997-03-18"/>
<dc element="dc.source" value="Reuters"/>
<dc element="dc.creator.location" value="SAN JOSE, Calif."/>
<dc element="dc.creator.location.country.name" value="USA"/>
<dc element="dc.source" value="Reuters"/>
</metadata>
</newsitem>
