<?xml version="1.0" encoding="iso-8859-1" ?>
<newsitem itemid="449054" id="root" date="1997-03-18" xml:lang="en">
<title>USA: Neurogen stake held by BVF Inc.</title>
<headline>Neurogen stake held by BVF Inc.</headline>
<dateline>WASHINGTON 1997-03-18</dateline>
<text>
<p>A group led by BVF Inc, an investment adviser, said Tuesday it holds a 5.8 percent stake in Neurogen Corp or 831,006 common shares.</p>
<p>In a filing with the Securities and Exchange Commission, the group said its latest transactions include a net 177,500 common shares bought between January 15 and March 5 at prices ranging from $17.0150 to $22.1370 per share.</p>
<p>The group holds the stake for investment purposes.</p>
<p>Neurogen, based in Branford, Ct., discovers, develops, manufactures and markets products for treatment of neurological disorders.</p>
</text>
<copyright>(c) Reuters Limited 1997</copyright>
<metadata>
<codes class="bip:countries:1.0">
  <code code="USA">
    <editdetail attribution="Reuters BIP Coding Group" action="confirmed" date="1997-03-18"/>
  </code>
</codes>
<codes class="bip:industries:1.0">
  <code code="I25700">
    <editdetail attribution="Reuters BIP Coding Group" action="confirmed" date="1997-03-18"/>
  </code>
</codes>
<codes class="bip:topics:1.0">
  <code code="C18">
    <editdetail attribution="Reuters BIP Coding Group" action="confirmed" date="1997-03-18"/>
  </code>
  <code code="C181">
    <editdetail attribution="Reuters BIP Coding Group" action="confirmed" date="1997-03-18"/>
  </code>
  <code code="CCAT">
    <editdetail attribution="Reuters BIP Coding Group" action="confirmed" date="1997-03-18"/>
  </code>
</codes>
<dc element="dc.date.created" value="1997-03-18"/>
<dc element="dc.publisher" value="Reuters Holdings Plc"/>
<dc element="dc.date.published" value="1997-03-18"/>
<dc element="dc.source" value="Reuters"/>
<dc element="dc.creator.location" value="WASHINGTON"/>
<dc element="dc.creator.location.country.name" value="USA"/>
<dc element="dc.source" value="Reuters"/>
</metadata>
</newsitem>
