<?xml version="1.0" encoding="iso-8859-1" ?>
<newsitem itemid="449029" id="root" date="1997-03-18" xml:lang="en">
<title>USA: Lilly in last phase of plant consolidation.</title>
<headline>Lilly in last phase of plant consolidation.</headline>
<dateline>INDIANAPOLIS 1997-03-18</dateline>
<text>
<p>Lilly Industries Inc said Tuesday it will begin the final phase of consolidating two Los Angeles-area coatings manufacturing facilities.</p>
<p>The consolidation will take place over the next six months, the company said.</p>
<p>Lilly is moving all manufacturing from its Southgate, Calif., facility to its Montebello plant. Previously, all administrative, technical, sales and marketing functions had been shifted to Montebello from Southgate.</p>
<p>&quot;Improved efficiencies in raw material procurement, inventory management, manufactuing and customer service will position Lilly as a stronger supplier for the future in the California and greater Southwest markets,&quot; the company said in a statement.</p>
<p>Lilly provides industrial coatings and specialty chemicals products.</p>
<p>((--Chicago newsdesk, 312-408-8787))</p>
</text>
<copyright>(c) Reuters Limited 1997</copyright>
<metadata>
<codes class="bip:countries:1.0">
  <code code="USA">
    <editdetail attribution="Reuters BIP Coding Group" action="confirmed" date="1997-03-18"/>
  </code>
</codes>
<codes class="bip:industries:1.0">
  <code code="I25510">
    <editdetail attribution="Reuters BIP Coding Group" action="confirmed" date="1997-03-18"/>
  </code>
</codes>
<codes class="bip:topics:1.0">
  <code code="C24">
    <editdetail attribution="Reuters BIP Coding Group" action="confirmed" date="1997-03-18"/>
  </code>
  <code code="CCAT">
    <editdetail attribution="Reuters BIP Coding Group" action="confirmed" date="1997-03-18"/>
  </code>
</codes>
<dc element="dc.date.created" value="1997-03-18"/>
<dc element="dc.publisher" value="Reuters Holdings Plc"/>
<dc element="dc.date.published" value="1997-03-18"/>
<dc element="dc.source" value="Reuters"/>
<dc element="dc.creator.location" value="INDIANAPOLIS"/>
<dc element="dc.creator.location.country.name" value="USA"/>
<dc element="dc.source" value="Reuters"/>
</metadata>
</newsitem>
