<?xml version="1.0" encoding="iso-8859-1" ?>
<newsitem itemid="449055" id="root" date="1997-03-18" xml:lang="en">
<title>USA: Pointcast says it intends to remain independent.</title>
<headline>Pointcast says it intends to remain independent.</headline>
<dateline>SANTA CLARA, Calif. 1997-03-18</dateline>
<text>
<p>Privately held Internet broadcaster PointCast Inc said on Tuesday it intends to remain independent.</p>
<p>&quot;I'd like to respond to reports about a possible acquisition of PointCast,&quot; President and Chief Executive Officer Chris Hassett said in a statement. &quot;While PointCast has been approached from time to time by unsolicited acquirers, our present intention is to remain independent.</p>
<p>The Wall Street Journal reported Tuesday that News Corp. had offered between $350 million and $450 million for Cupertino, Calif.-based PointCast, an Internet start-up widely viewed as a hot initial public offering prospect.</p>
<p>News Corp declined to comment on the speculation.</p>
<p>&quot;The problem is that this is something I can't comment on,&quot; a News Corp. spokesman said of the Pointcast speculation.</p>
<p>&quot;Like all business deals or non-business deals, we can't comment,&quot; he said.</p>
</text>
<copyright>(c) Reuters Limited 1997</copyright>
<metadata>
<codes class="bip:countries:1.0">
  <code code="USA">
    <editdetail attribution="Reuters BIP Coding Group" action="confirmed" date="1997-03-18"/>
  </code>
</codes>
<codes class="bip:industries:1.0">
  <code code="I83954">
    <editdetail attribution="Reuters BIP Coding Group" action="confirmed" date="1997-03-18"/>
  </code>
</codes>
<codes class="bip:topics:1.0">
  <code code="C18">
    <editdetail attribution="Reuters BIP Coding Group" action="confirmed" date="1997-03-18"/>
  </code>
  <code code="C181">
    <editdetail attribution="Reuters BIP Coding Group" action="confirmed" date="1997-03-18"/>
  </code>
  <code code="CCAT">
    <editdetail attribution="Reuters BIP Coding Group" action="confirmed" date="1997-03-18"/>
  </code>
</codes>
<dc element="dc.date.created" value="1997-03-18"/>
<dc element="dc.publisher" value="Reuters Holdings Plc"/>
<dc element="dc.date.published" value="1997-03-18"/>
<dc element="dc.source" value="Reuters"/>
<dc element="dc.creator.location" value="SANTA CLARA, Calif."/>
<dc element="dc.creator.location.country.name" value="USA"/>
<dc element="dc.source" value="Reuters"/>
</metadata>
</newsitem>
