<?xml version="1.0" encoding="iso-8859-1" ?>
<newsitem itemid="449039" id="root" date="1997-03-18" xml:lang="en">
<title>USA: Redwood Financial drops repurchase effort.</title>
<headline>Redwood Financial drops repurchase effort.</headline>
<dateline>REDWOOD FALLS, Minn. 1997-03-18</dateline>
<text>
<p>Redwood Financial Inc said Tuesday it has withdrawn its request for regulatory approval of a second stock repurchase program.</p>
<p>The company had been advised by federal regulators that the request, covering an additional 10 percent of the company's common shares, was unlikely to be approved, a company spokesman said.</p>
<p>Redwood Financial, the parent of Redwoood Falls Federal Savings and Loan Association, completed a separate 10 percent stock buyback program, approved in September, last week.</p>
<p>The company's shares closed down 3/8 at 11-1/2.</p>
<p>((Chicago newsdesk (312) 408-8787))</p>
</text>
<copyright>(c) Reuters Limited 1997</copyright>
<metadata>
<codes class="bip:countries:1.0">
  <code code="USA">
    <editdetail attribution="Reuters BIP Coding Group" action="confirmed" date="1997-03-18"/>
  </code>
</codes>
<codes class="bip:industries:1.0">
  <code code="I81402">
    <editdetail attribution="Reuters BIP Coding Group" action="confirmed" date="1997-03-18"/>
  </code>
</codes>
<codes class="bip:topics:1.0">
  <code code="C17">
    <editdetail attribution="Reuters BIP Coding Group" action="confirmed" date="1997-03-18"/>
  </code>
  <code code="C171">
    <editdetail attribution="Reuters BIP Coding Group" action="confirmed" date="1997-03-18"/>
  </code>
  <code code="C18">
    <editdetail attribution="Reuters BIP Coding Group" action="confirmed" date="1997-03-18"/>
  </code>
  <code code="C181">
    <editdetail attribution="Reuters BIP Coding Group" action="confirmed" date="1997-03-18"/>
  </code>
  <code code="CCAT">
    <editdetail attribution="Reuters BIP Coding Group" action="confirmed" date="1997-03-18"/>
  </code>
</codes>
<dc element="dc.date.created" value="1997-03-18"/>
<dc element="dc.publisher" value="Reuters Holdings Plc"/>
<dc element="dc.date.published" value="1997-03-18"/>
<dc element="dc.source" value="Reuters"/>
<dc element="dc.creator.location" value="REDWOOD FALLS, Minn."/>
<dc element="dc.creator.location.country.name" value="USA"/>
<dc element="dc.source" value="Reuters"/>
</metadata>
</newsitem>
