<?xml version="1.0" encoding="iso-8859-1" ?>
<newsitem itemid="449007" id="root" date="1997-03-18" xml:lang="en">
<title>USA: Stericycle Inc Q4 Dec 31 loss.</title>
<headline>Stericycle Inc Q4 Dec 31 loss.</headline>
<dateline>DEERFIELD, Ill. 1997-03-18</dateline>
<text>
<p>1996			  1995</p>
<p> Shr loss		   $0.08     loss	 $0.11</p>
<p> Net loss		     809     loss	   794</p>
<p> Revs			 6,612		    5,244</p>
<p> Avg shrs		  10,000		    6,975</p>
<p>(All data above 000s except per share numbers)</p>
<p>	  12 MONTHS</p>
<p> Shr loss		   $0.30     loss	 $0.65</p>
<p> Net loss		   2,389     loss	 4,544</p>
<p> Revs			24,542		   21,339</p>
<p> Avg shrs		   8,050		    6,975</p>
<p>(All data above 000s except per share numbers)</p>
<p>((Chicago newsdesk (312) 408-8787))</p>
</text>
<copyright>(c) Reuters Limited 1997</copyright>
<metadata>
<codes class="bip:countries:1.0">
  <code code="USA">
    <editdetail attribution="Reuters BIP Coding Group" action="confirmed" date="1997-03-18"/>
  </code>
</codes>
<codes class="bip:industries:1.0">
  <code code="I92110">
    <editdetail attribution="Reuters BIP Coding Group" action="confirmed" date="1997-03-18"/>
  </code>
</codes>
<codes class="bip:topics:1.0">
  <code code="C15">
    <editdetail attribution="Reuters BIP Coding Group" action="confirmed" date="1997-03-18"/>
  </code>
  <code code="C151">
    <editdetail attribution="Reuters BIP Coding Group" action="confirmed" date="1997-03-18"/>
  </code>
  <code code="C1511">
    <editdetail attribution="Reuters BIP Coding Group" action="confirmed" date="1997-03-18"/>
  </code>
  <code code="CCAT">
    <editdetail attribution="Reuters BIP Coding Group" action="confirmed" date="1997-03-18"/>
  </code>
</codes>
<dc element="dc.date.created" value="1997-03-18"/>
<dc element="dc.publisher" value="Reuters Holdings Plc"/>
<dc element="dc.date.published" value="1997-03-18"/>
<dc element="dc.source" value="Reuters"/>
<dc element="dc.creator.location" value="DEERFIELD, Ill."/>
<dc element="dc.creator.location.country.name" value="USA"/>
<dc element="dc.source" value="Reuters"/>
</metadata>
</newsitem>
