<?xml version="1.0" encoding="iso-8859-1" ?>
<newsitem itemid="449077" id="root" date="1997-03-18" xml:lang="en">
<title>USA: API says U.S. crude stocks rose in week.</title>
<headline>API says U.S. crude stocks rose in week.</headline>
<dateline>WASHINGTON 1997-03-18</dateline>
<text>
<p>U.S. crude oil stocks held in primary storage rose 76,000 barrels in the week ended March 14 to 304.70 million barrels from 304.62 million in the prior week, the American Petroleum Institute (API) said Tuesday.</p>
<p>API said that crude stocks excluding PADD 5 (Petroleum Administration for Defense District) rose 4.61 million barrels in the week to 242.90 million barrels.</p>
<p>Distillate stocks fell 3.54 million barrels to 103.35 million barrels from 106.89 million the previous week.</p>
<p>API said PADD 1 distillate stocks fell 3.22 million barrels to 35.86 million barrels from 39.08 million.</p>
<p>It said gasoline production fell 113,000 barrels in the week to 7.13 million bpd from 7.24 million in the prior week.</p>
<p>Gasoline stocks fell 4.32 million barrels in the week to 198.17 million barrels from 202.49 million barrels.</p>
<p>Percent of stocks capacity rose to 90.4 percent from 89.5 percent.</p>
<p>API said reformulated gasoline stocks (RFG) fell 2.17 million barrels to 36.01 million barrels from 38.18 million barrels in the previous week.  </p>
<p>API said crude runs to processing units rose to 13.72 million barrels from 13.58 million barrels.</p>
<p>Residual fuel stocks in the latest week fell to 40.61 million barrels from 41.01 million in the previous week.</p>
<p>Crude oil imports rose to 7.85 million barrels per day from 7.51 million, API said.</p>
</text>
<copyright>(c) Reuters Limited 1997</copyright>
<metadata>
<codes class="bip:countries:1.0">
  <code code="USA">
    <editdetail attribution="Reuters BIP Coding Group" action="confirmed" date="1997-03-18"/>
  </code>
</codes>
<codes class="bip:industries:1.0">
  <code code="I13000">
    <editdetail attribution="Reuters BIP Coding Group" action="confirmed" date="1997-03-18"/>
  </code>
  <code code="I14000">
    <editdetail attribution="Reuters BIP Coding Group" action="confirmed" date="1997-03-18"/>
  </code>
</codes>
<codes class="bip:topics:1.0">
  <code code="C21">
    <editdetail attribution="Reuters BIP Coding Group" action="confirmed" date="1997-03-18"/>
  </code>
  <code code="CCAT">
    <editdetail attribution="Reuters BIP Coding Group" action="confirmed" date="1997-03-18"/>
  </code>
  <code code="M14">
    <editdetail attribution="Reuters BIP Coding Group" action="confirmed" date="1997-03-18"/>
  </code>
  <code code="M143">
    <editdetail attribution="Reuters BIP Coding Group" action="confirmed" date="1997-03-18"/>
  </code>
  <code code="MCAT">
    <editdetail attribution="Reuters BIP Coding Group" action="confirmed" date="1997-03-18"/>
  </code>
</codes>
<dc element="dc.date.created" value="1997-03-18"/>
<dc element="dc.publisher" value="Reuters Holdings Plc"/>
<dc element="dc.date.published" value="1997-03-18"/>
<dc element="dc.source" value="Reuters"/>
<dc element="dc.creator.location" value="WASHINGTON"/>
<dc element="dc.creator.location.country.name" value="USA"/>
<dc element="dc.source" value="Reuters"/>
</metadata>
</newsitem>
