<?xml version="1.0" encoding="iso-8859-1" ?>
<newsitem itemid="449004" id="root" date="1997-03-18" xml:lang="en">
<title>USA: Art's-Way looks for profitable FY97.</title>
<headline>Art's-Way looks for profitable FY97.</headline>
<dateline>ARMSTRONG, Iowa 1997-03-18</dateline>
<text>
<p>Art's-Way Manufacturing Co Inc said Tuesday benefits from acquisitions, recovering demand for feed processing equipment and strong cash flow will result in a profitable fiscal 1997.</p>
<p>For the third quarter ended February 28, the company reported a loss of $0.02 per share compared to a year-ago loss of $0.10. For the nine months, it incurred a loss of $0.12 per share compared to a year-earlier loss of $0.56 per share.</p>
<p>Art's-Way manufactures and distributes agricultural-related niche products such as animal feed processing products and land maintenance products.</p>
<p>((Reuters Chicago Newsdesk (312) 408-8787))</p>
</text>
<copyright>(c) Reuters Limited 1997</copyright>
<metadata>
<codes class="bip:countries:1.0">
  <code code="USA">
    <editdetail attribution="Reuters BIP Coding Group" action="confirmed" date="1997-03-18"/>
  </code>
</codes>
<codes class="bip:industries:1.0">
  <code code="I32100">
    <editdetail attribution="Reuters BIP Coding Group" action="confirmed" date="1997-03-18"/>
  </code>
</codes>
<codes class="bip:topics:1.0">
  <code code="C15">
    <editdetail attribution="Reuters BIP Coding Group" action="confirmed" date="1997-03-18"/>
  </code>
  <code code="C152">
    <editdetail attribution="Reuters BIP Coding Group" action="confirmed" date="1997-03-18"/>
  </code>
  <code code="CCAT">
    <editdetail attribution="Reuters BIP Coding Group" action="confirmed" date="1997-03-18"/>
  </code>
</codes>
<dc element="dc.date.created" value="1997-03-18"/>
<dc element="dc.publisher" value="Reuters Holdings Plc"/>
<dc element="dc.date.published" value="1997-03-18"/>
<dc element="dc.source" value="Reuters"/>
<dc element="dc.creator.location" value="ARMSTRONG, Iowa"/>
<dc element="dc.creator.location.country.name" value="USA"/>
<dc element="dc.source" value="Reuters"/>
</metadata>
</newsitem>
