<?xml version="1.0" encoding="iso-8859-1" ?>
<newsitem itemid="449043" id="root" date="1997-03-18" xml:lang="en">
<title>USA: TV Filme Inc Q4 net loss widens.</title>
<headline>TV Filme Inc Q4 net loss widens.</headline>
<dateline>NEW YORK 1997-03-18</dateline>
<text>
<p>1996			1995</p>
<p> Shr	   loss	 $0.11     loss	 $0.05</p>
<p> Net	   loss	 1,163     loss	   411</p>
<p> Revs			10,101		    4,669</p>
<p> Avg shrs		  10,984		    8,086</p>
<p>		 year</p>
<p> Shr	   loss	 $0.22     loss	 $0.27</p>
<p> Net	   loss	 2,010     loss	 2,217</p>
<p> Revs			31,388		   11,404</p>
<p> Avg shrs		   9,256		    8,086</p>
<p>(All data above 000s except per share numbers)</p>
<p>NOTE:  Net income for the fiscal 1996 included an unusual exchange and translation loss of $645,025 associated with the company's debt offering.</p>
</text>
<copyright>(c) Reuters Limited 1997</copyright>
<metadata>
<codes class="bip:countries:1.0">
  <code code="USA">
    <editdetail attribution="Reuters BIP Coding Group" action="confirmed" date="1997-03-18"/>
  </code>
</codes>
<codes class="bip:industries:1.0">
  <code code="I97400">
    <editdetail attribution="Reuters BIP Coding Group" action="confirmed" date="1997-03-18"/>
  </code>
</codes>
<codes class="bip:topics:1.0">
  <code code="C15">
    <editdetail attribution="Reuters BIP Coding Group" action="confirmed" date="1997-03-18"/>
  </code>
  <code code="C151">
    <editdetail attribution="Reuters BIP Coding Group" action="confirmed" date="1997-03-18"/>
  </code>
  <code code="C1511">
    <editdetail attribution="Reuters BIP Coding Group" action="confirmed" date="1997-03-18"/>
  </code>
  <code code="CCAT">
    <editdetail attribution="Reuters BIP Coding Group" action="confirmed" date="1997-03-18"/>
  </code>
</codes>
<dc element="dc.date.created" value="1997-03-18"/>
<dc element="dc.publisher" value="Reuters Holdings Plc"/>
<dc element="dc.date.published" value="1997-03-18"/>
<dc element="dc.source" value="Reuters"/>
<dc element="dc.creator.location" value="NEW YORK"/>
<dc element="dc.creator.location.country.name" value="USA"/>
<dc element="dc.source" value="Reuters"/>
</metadata>
</newsitem>
