<?xml version="1.0" encoding="iso-8859-1" ?>
<newsitem itemid="449071" id="root" date="1997-03-18" xml:lang="en">
<title>USA: Palomar to spin-off electronics units.</title>
<headline>Palomar to spin-off electronics units.</headline>
<dateline>BEVERLY, Mass. 1997-03-18</dateline>
<text>
<p>Palomar Medical Technologies Inc said Tuesday it is planning to spin off its electronics businesses, preferably as majority-owned, publicly traded companies.</p>
<p>The company said the majority of non-recurring losses in 1996, which totaled $11.5 million, were the result of the assessment of its technology and assets related to the electronic business. The company reported a loss of $37.9 million, or $1.49 a share in 1996.</p>
<p>Separately, the company said its Cosmetic Technology International unit has signed a letter of intent with the Ambulatory Surgery Division of Columbia/HCA Healthcare Corp to develop cosmetic &quot;Centers of Excellence&quot; offering a full title of lasers, medical devices and services.</p>
<p>Under the terms of the revenue sharing agreement, CTI said it will provide services to Columbia consisting of equipment, non-recourse patient financing, operational support, service, education, and training. Columbia, the company said, will provide facility space, clinical personnel and some administrative services.</p>
</text>
<copyright>(c) Reuters Limited 1997</copyright>
<metadata>
<codes class="bip:countries:1.0">
  <code code="USA">
    <editdetail attribution="Reuters BIP Coding Group" action="confirmed" date="1997-03-18"/>
  </code>
</codes>
<codes class="bip:industries:1.0">
  <code code="I37200">
    <editdetail attribution="Reuters BIP Coding Group" action="confirmed" date="1997-03-18"/>
  </code>
  <code code="I95100">
    <editdetail attribution="Reuters BIP Coding Group" action="confirmed" date="1997-03-18"/>
  </code>
</codes>
<codes class="bip:topics:1.0">
  <code code="C18">
    <editdetail attribution="Reuters BIP Coding Group" action="confirmed" date="1997-03-18"/>
  </code>
  <code code="C181">
    <editdetail attribution="Reuters BIP Coding Group" action="confirmed" date="1997-03-18"/>
  </code>
  <code code="C33">
    <editdetail attribution="Reuters BIP Coding Group" action="confirmed" date="1997-03-18"/>
  </code>
  <code code="CCAT">
    <editdetail attribution="Reuters BIP Coding Group" action="confirmed" date="1997-03-18"/>
  </code>
</codes>
<dc element="dc.date.created" value="1997-03-18"/>
<dc element="dc.publisher" value="Reuters Holdings Plc"/>
<dc element="dc.date.published" value="1997-03-18"/>
<dc element="dc.source" value="Reuters"/>
<dc element="dc.creator.location" value="BEVERLY, Mass."/>
<dc element="dc.creator.location.country.name" value="USA"/>
<dc element="dc.source" value="Reuters"/>
</metadata>
</newsitem>
