<?xml version="1.0" encoding="iso-8859-1" ?>
<newsitem itemid="449053" id="root" date="1997-03-18" xml:lang="en">
<title>USA: Dlr closes lower in U.S. after mark surge.</title>
<headline>Dlr closes lower in U.S. after mark surge.</headline>
<dateline>NEW YORK 1997-03-18</dateline>
<text>
<p>The dollar ended lower as the mark continued to rally after a Bundesbank member spoke of a postponement in Europe's planned currency union.</p>
<p>The mark firmed against the pound and was strong in Europe after Bundesbank council member Klaus-Dieter Kuehbacher joined a number of German officials who this week seemed to throw cold water on the plan to merge Europe's currencies in 1999.</p>
<p>&quot;It's a broad-based dollar sale, in combination with a broad-based advance of the deutschemark against its major trading partners,&quot; said John Nelson, foreign exchange trading manager at ABN-AMRO Bank.  </p>
<p>The dollar touched 1.6718 marks and hit a low of 122.15 yen in the U.S. It ended at 1.6735/40 marks, down from 1.6820/30 at the open and at 122.42/47 yen, off slightly from 122.48/58.</p>
<p>In an interview with &quot;Boerse Online&quot; magazine published on Tuesday, Kuebacher said the single currency might have to be delayed because he saw little chance that Germany would be able to reduce its government deficit enough to meet the key condition for joining European Economic and Monetary Union -- a budget shortfall no larger than 3.0 percent of national output.  </p>
<p>On Monday, German Finance Minister Theo Waigel sparked some mark buying when he told Germany's Bild newspaper, that strict adherence to the fiscal criteria for participating in the single currency was more important than the timetable.</p>
<p>Edgar Meister, another Bundesbank member, also sounded an uncompromising tone on Monday, saying the success of Europe's common currency largely depended on a stability-oriented interpretation of the various entry criteria.  </p>
<p>Dollar/yen slipped in the U.S. on Tuesday, continuing the bout of yen profit-taking purchases started after Japanese Minister of Finance Hiroshi Mitsuzuka annouced that plans would be drawn up to aid Japan's troubled financial institutions, by improving land liquidity in Japan.</p>
<p>&quot;If that comes true, then that only helps the Japanese economy, which in turn helps the Nikkei (225 stock index) rally and in turn the yen will strengthen,&quot; said Jeffrey Yu, a senior dealer at Sanwa Bank Ltd.  </p>
<p>Sterling took the brunt of the mark's surge on Tuesday, as talk of EMU delay seemed to undermine its role as a haven from nervousness about forging one currency on the continent.</p>
<p>The U.K. unit was also pressured as the market continued to trim positions in preparation for a general election, which Prime Minister John Major announced on Monday would take place on May 1.  </p>
<p>&quot;It's not political jitters associated with the election so much, but I think it's more if there is going to be a delay in EMU ... then sterling as an alternative to EMU is not necessarily needed,&quot; said Bob Lynch, senior currency analyst at MMS International, a market consulting firm.</p>
<p>Sterling/mark dipped below 2.66 on Tuesday, but with the dollar so unsteady, the pound rose to $1.5903/10 from $1.5860/70 at the open. The dollar fell to 1.4385/95 Swiss from 1.4442/52 and it rose to Canadian $1.3732/37 from C$1.3730/35. The Australian dollar rose to $0.7878/83 from $0.7872/77.</p>
<p>((-- Alden Bentley, 212 859 1667 ))</p>
</text>
<copyright>(c) Reuters Limited 1997</copyright>
<metadata>
<codes class="bip:countries:1.0">
  <code code="USA">
    <editdetail attribution="Reuters BIP Coding Group" action="confirmed" date="1997-03-18"/>
  </code>
</codes>
<codes class="bip:topics:1.0">
  <code code="M13">
    <editdetail attribution="Reuters BIP Coding Group" action="confirmed" date="1997-03-18"/>
  </code>
  <code code="M132">
    <editdetail attribution="Reuters BIP Coding Group" action="confirmed" date="1997-03-18"/>
  </code>
  <code code="MCAT">
    <editdetail attribution="Reuters BIP Coding Group" action="confirmed" date="1997-03-18"/>
  </code>
</codes>
<dc element="dc.date.created" value="1997-03-18"/>
<dc element="dc.publisher" value="Reuters Holdings Plc"/>
<dc element="dc.date.published" value="1997-03-18"/>
<dc element="dc.source" value="Reuters"/>
<dc element="dc.creator.location" value="NEW YORK"/>
<dc element="dc.creator.location.country.name" value="USA"/>
<dc element="dc.source" value="Reuters"/>
</metadata>
</newsitem>
