<?xml version="1.0" encoding="iso-8859-1" ?>
<newsitem itemid="449074" id="root" date="1997-03-18" xml:lang="en">
<title>USA: Zenith rises on Time Warner news.</title>
<headline>Zenith rises on Time Warner news.</headline>
<dateline>CHICAGO 1997-03-18</dateline>
<text>
<p>Zenith Electronics Corp's stock rose Tuesday on word that Time Warner Cable would use Zenith's set-top boxes to expand channel offerings and services in San Antonio, Texas, analysts said.</p>
<p>Zenith also said the Time Warner Inc subsidiary plans in the spring to bring real-time two-way capability to San Diego, Calif. cable subscribers using Zenith technology.</p>
<p>No terms were disclosed, but Kalb, Voorhis analyst Robert Gutenstein said the Time Warner link was sufficient to spark Zenith's stock.</p>
<p>Zenith ended up 2-1/2 at 12.  </p>
<p>Since Monday, Zenith has made a series of product announcements from a cable television trade show in New Orleans, including positive results of a test of its telco return cable modem system that makes it possible for one-way cable systems to offer cable modem services.</p>
<p>Analyst James Magid of Needham &amp; Co said taken individually there were no blockbuster announements. &quot;But the kind of statements Zenith is making appear to be backed up with marketing, manufacturing, sales and promotion programs which represent a coordinated attack on the future,&quot; Magid told Reuters.</p>
<p>		((Reuters Chicago Newsdesk (312) 408-8787))</p>
</text>
<copyright>(c) Reuters Limited 1997</copyright>
<metadata>
<codes class="bip:countries:1.0">
  <code code="USA">
    <editdetail attribution="Reuters BIP Coding Group" action="confirmed" date="1997-03-18"/>
  </code>
</codes>
<codes class="bip:industries:1.0">
  <code code="I34540">
    <editdetail attribution="Reuters BIP Coding Group" action="confirmed" date="1997-03-18"/>
  </code>
  <code code="I83960">
    <editdetail attribution="Reuters BIP Coding Group" action="confirmed" date="1997-03-18"/>
  </code>
</codes>
<codes class="bip:topics:1.0">
  <code code="C15">
    <editdetail attribution="Reuters BIP Coding Group" action="confirmed" date="1997-03-18"/>
  </code>
  <code code="C152">
    <editdetail attribution="Reuters BIP Coding Group" action="confirmed" date="1997-03-18"/>
  </code>
  <code code="C22">
    <editdetail attribution="Reuters BIP Coding Group" action="confirmed" date="1997-03-18"/>
  </code>
  <code code="C33">
    <editdetail attribution="Reuters BIP Coding Group" action="confirmed" date="1997-03-18"/>
  </code>
  <code code="CCAT">
    <editdetail attribution="Reuters BIP Coding Group" action="confirmed" date="1997-03-18"/>
  </code>
</codes>
<dc element="dc.date.created" value="1997-03-18"/>
<dc element="dc.publisher" value="Reuters Holdings Plc"/>
<dc element="dc.date.published" value="1997-03-18"/>
<dc element="dc.source" value="Reuters"/>
<dc element="dc.creator.location" value="CHICAGO"/>
<dc element="dc.creator.location.country.name" value="USA"/>
<dc element="dc.source" value="Reuters"/>
</metadata>
</newsitem>
