<?xml version="1.0" encoding="iso-8859-1" ?>
<newsitem itemid="449079" id="root" date="1997-03-18" xml:lang="en">
<title>USA: Clinton invites budget leaders to White House.</title>
<headline>Clinton invites budget leaders to White House.</headline>
<dateline>WASHINGTON 1997-03-18</dateline>
<text>
<p>President Clinton invited House and Senate Budget Committee leaders to a White House meeting Wednesday, congressional sources said Tuesday.</p>
<p>The meeting will take place against the backdrop of suggestions by some top Republicans that tax cuts be postponed until the budget is balanced, a view welcomed by the administration as progress towards reaching a five-year balanced budget deal.</p>
<p>However, Republicans found significant resistance to the suggestion within their own ranks, chiefly from a group of conservatives who warned a delay would doom the tax cut.</p>
</text>
<copyright>(c) Reuters Limited 1997</copyright>
<metadata>
<codes class="bip:countries:1.0">
  <code code="USA">
    <editdetail attribution="Reuters BIP Coding Group" action="confirmed" date="1997-03-18"/>
  </code>
</codes>
<codes class="bip:topics:1.0">
  <code code="E21">
    <editdetail attribution="Reuters BIP Coding Group" action="confirmed" date="1997-03-18"/>
  </code>
  <code code="E211">
    <editdetail attribution="Reuters BIP Coding Group" action="confirmed" date="1997-03-18"/>
  </code>
  <code code="ECAT">
    <editdetail attribution="Reuters BIP Coding Group" action="confirmed" date="1997-03-18"/>
  </code>
  <code code="GCAT">
    <editdetail attribution="Reuters BIP Coding Group" action="confirmed" date="1997-03-18"/>
  </code>
  <code code="GPOL">
    <editdetail attribution="Reuters BIP Coding Group" action="confirmed" date="1997-03-18"/>
  </code>
</codes>
<dc element="dc.date.created" value="1997-03-18"/>
<dc element="dc.publisher" value="Reuters Holdings Plc"/>
<dc element="dc.date.published" value="1997-03-18"/>
<dc element="dc.source" value="Reuters"/>
<dc element="dc.creator.location" value="WASHINGTON"/>
<dc element="dc.creator.location.country.name" value="USA"/>
<dc element="dc.source" value="Reuters"/>
</metadata>
</newsitem>
