<?xml version="1.0" encoding="iso-8859-1" ?>
<newsitem itemid="449035" id="root" date="1997-03-18" xml:lang="en">
<title>USA: GDE Systems says in team getting USAF award.</title>
<headline>GDE Systems says in team getting USAF award.</headline>
<dateline>SAN DIEGO, Calif. 1997-03-18</dateline>
<text>
<p>GDE Systems Inc said it is a member of the Raytheon Electronic Systems team which received a U.S. Air Force Electronic Systems Center award for the Command and Control Product Lines (CCPL) program.</p>
<p>GDE is a San Diego-based subsidiary of Tracor Inc PL is an initiative to reduce development time and costs associated with command and control acquisitions. The indefinite delivery/indefinite quantity prime contract has a potential value of $500 million over a five-year period, the company said.</p>
<p>&quot;This contract award opens up a command and control technology line for our mission planning-focused business unit,&quot; said Dr. Terry A. Straeter, president of GDE Systems. &quot;Our commitment is full life-cycle support -- the best end-to-end planning solution.&quot;</p>
</text>
<copyright>(c) Reuters Limited 1997</copyright>
<metadata>
<codes class="bip:countries:1.0">
  <code code="USA">
    <editdetail attribution="Reuters BIP Coding Group" action="confirmed" date="1997-03-18"/>
  </code>
</codes>
<codes class="bip:industries:1.0">
  <code code="I34430">
    <editdetail attribution="Reuters BIP Coding Group" action="confirmed" date="1997-03-18"/>
  </code>
</codes>
<codes class="bip:topics:1.0">
  <code code="C21">
    <editdetail attribution="Reuters BIP Coding Group" action="confirmed" date="1997-03-18"/>
  </code>
  <code code="CCAT">
    <editdetail attribution="Reuters BIP Coding Group" action="confirmed" date="1997-03-18"/>
  </code>
</codes>
<dc element="dc.date.created" value="1997-03-18"/>
<dc element="dc.publisher" value="Reuters Holdings Plc"/>
<dc element="dc.date.published" value="1997-03-18"/>
<dc element="dc.source" value="Reuters"/>
<dc element="dc.creator.location" value="SAN DIEGO, Calif."/>
<dc element="dc.creator.location.country.name" value="USA"/>
<dc element="dc.source" value="Reuters"/>
</metadata>
</newsitem>
