<?xml version="1.0" encoding="iso-8859-1" ?>
<newsitem itemid="449083" id="root" date="1997-03-18" xml:lang="en">
<title>USA: Duckwall-ALCO Q4 net up on growth plan.</title>
<headline>Duckwall-ALCO Q4 net up on growth plan.</headline>
<dateline>ABILENE, Kan. 1997-03-18</dateline>
<text>
<p>Duckwall-ALCO Stores Inc said Tuesday a focus on its growth strategy helped earnings climb in the fourth quarter ended February 2.</p>
<p>The company, which operates 186 stores in the central United States, reported net income of $3.4 million, or $0.67 a share, versus $2.9 million, or $0.73 a share a year ago.</p>
<p>The number of authorized common shares were 5.1 million in 1997 cersus 4.0 million in 1996, the company said.</p>
<p>Duckwall-ALCO officials said changing its marketing programs also helped improve gross margins.</p>
<p>The company's shares were down 1/4 Tuesday at 13-3/4.</p>
<p>((Chicago newsdesk (312) 408-8787))</p>
</text>
<copyright>(c) Reuters Limited 1997</copyright>
<metadata>
<codes class="bip:countries:1.0">
  <code code="USA">
    <editdetail attribution="Reuters BIP Coding Group" action="confirmed" date="1997-03-18"/>
  </code>
</codes>
<codes class="bip:industries:1.0">
  <code code="I65600">
    <editdetail attribution="Reuters BIP Coding Group" action="confirmed" date="1997-03-18"/>
  </code>
</codes>
<codes class="bip:topics:1.0">
  <code code="C15">
    <editdetail attribution="Reuters BIP Coding Group" action="confirmed" date="1997-03-18"/>
  </code>
  <code code="C151">
    <editdetail attribution="Reuters BIP Coding Group" action="confirmed" date="1997-03-18"/>
  </code>
  <code code="C1511">
    <editdetail attribution="Reuters BIP Coding Group" action="confirmed" date="1997-03-18"/>
  </code>
  <code code="CCAT">
    <editdetail attribution="Reuters BIP Coding Group" action="confirmed" date="1997-03-18"/>
  </code>
</codes>
<dc element="dc.date.created" value="1997-03-18"/>
<dc element="dc.publisher" value="Reuters Holdings Plc"/>
<dc element="dc.date.published" value="1997-03-18"/>
<dc element="dc.source" value="Reuters"/>
<dc element="dc.creator.location" value="ABILENE, Kan."/>
<dc element="dc.creator.location.country.name" value="USA"/>
<dc element="dc.source" value="Reuters"/>
</metadata>
</newsitem>
