<?xml version="1.0" encoding="iso-8859-1" ?>
<newsitem itemid="449033" id="root" date="1997-03-18" xml:lang="en">
<title>USA: Concha y Toro expects '97 exports up 20 pct.</title>
<headline>Concha y Toro expects '97 exports up 20 pct.</headline>
<dateline>NEW YORK 1997-03-18</dateline>
<text>
<p>Chilean wine producer Vina Concha y Toro SA expects the volume of its 1997 exports to rise about 20 percent over last year, a senior company official said on Tuesday.</p>
<p>Fernando Concha Marquez de la Plata, the company's deputy chief financial officer, told Reuters Concha y Toro would focus on fast-growing foreign markets.</p>
<p>&quot;We expect to continue growing in the U.S. market (and) continue growing in the European market because we're there with the right wines,&quot; he said.</p>
<p>Marquez, who was in New York to speak to investors, said domestic sales likely would remain flat this year. Domestic revenues totaled $42.1 million last year.</p>
<p>He would not give values for 1997 domestic and export sales. Marquez said the price of the wines would depend on harvests in Chile and in California.</p>
<p>Concha y Toro, the No 2 exporter to the U.S. market, had total exports last year of about 6.4 million gallons (40 million liters) worth $61 million. Total sales were $114.1 million, up 24 percent from 1995, and income was $15.3 million.</p>
<p>During a presentation, the company said it expected U.S. sales to rise to about 2.1 million cases in 1997 from 1.7 million cases last year.</p>
<p>Concha y Toro is forecasting a 19.2 percent increase in production this year, a five percent rise in 1998 and 5.8 percent increase in 1999, based on new plantings.</p>
<p>The company has budgeted about $42 million for capital expenditures over the next two years.</p>
<p>((--Ian Simpson, Wall Street desk, (212) 859-1879))</p>
</text>
<copyright>(c) Reuters Limited 1997</copyright>
<metadata>
<codes class="bip:countries:1.0">
  <code code="CHIL">
    <editdetail attribution="Reuters BIP Coding Group" action="confirmed" date="1997-03-18"/>
  </code>
  <code code="USA">
    <editdetail attribution="Reuters BIP Coding Group" action="confirmed" date="1997-03-18"/>
  </code>
</codes>
<codes class="bip:industries:1.0">
  <code code="I42600">
    <editdetail attribution="Reuters BIP Coding Group" action="confirmed" date="1997-03-18"/>
  </code>
</codes>
<codes class="bip:topics:1.0">
  <code code="C31">
    <editdetail attribution="Reuters BIP Coding Group" action="confirmed" date="1997-03-18"/>
  </code>
  <code code="C312">
    <editdetail attribution="Reuters BIP Coding Group" action="confirmed" date="1997-03-18"/>
  </code>
  <code code="CCAT">
    <editdetail attribution="Reuters BIP Coding Group" action="confirmed" date="1997-03-18"/>
  </code>
</codes>
<dc element="dc.date.created" value="1997-03-18"/>
<dc element="dc.publisher" value="Reuters Holdings Plc"/>
<dc element="dc.date.published" value="1997-03-18"/>
<dc element="dc.source" value="Reuters"/>
<dc element="dc.creator.location" value="NEW YORK"/>
<dc element="dc.creator.location.country.name" value="USA"/>
<dc element="dc.source" value="Reuters"/>
</metadata>
</newsitem>
