<?xml version="1.0" encoding="iso-8859-1" ?>
<newsitem itemid="449059" id="root" date="1997-03-18" xml:lang="en">
<title>USA: Orthologic to consolidate CPM business.</title>
<headline>Orthologic to consolidate CPM business.</headline>
<dateline>PHOENIX 1997-03-18</dateline>
<text>
<p>OrthoLogic said it plans to consolidate its continuous passive motion business into two facilities, from the six it currently operates.</p>
<p>It said it will complete the consolidation within three to six months.</p>
<p>Under the planned consolidation, all manufacturing of continuous passive motion products -- a form of orthopedic therapy -- will take place in Toronto, Canada, and related administrative and service functions will be handled in Phoenix. The company said it will save an estimated $1.25 million to $1.5 million annually from closing its San Diego facility.</p>
</text>
<copyright>(c) Reuters Limited 1997</copyright>
<metadata>
<codes class="bip:countries:1.0">
  <code code="USA">
    <editdetail attribution="Reuters BIP Coding Group" action="confirmed" date="1997-03-18"/>
  </code>
</codes>
<codes class="bip:industries:1.0">
  <code code="I37200">
    <editdetail attribution="Reuters BIP Coding Group" action="confirmed" date="1997-03-18"/>
  </code>
</codes>
<codes class="bip:topics:1.0">
  <code code="C11">
    <editdetail attribution="Reuters BIP Coding Group" action="confirmed" date="1997-03-18"/>
  </code>
  <code code="CCAT">
    <editdetail attribution="Reuters BIP Coding Group" action="confirmed" date="1997-03-18"/>
  </code>
</codes>
<dc element="dc.date.created" value="1997-03-18"/>
<dc element="dc.publisher" value="Reuters Holdings Plc"/>
<dc element="dc.date.published" value="1997-03-18"/>
<dc element="dc.source" value="Reuters"/>
<dc element="dc.creator.location" value="PHOENIX"/>
<dc element="dc.creator.location.country.name" value="USA"/>
<dc element="dc.source" value="Reuters"/>
</metadata>
</newsitem>
