<?xml version="1.0" encoding="iso-8859-1" ?>
<newsitem itemid="449000" id="root" date="1997-03-18" xml:lang="en">
<title>USA: Canterbury Park Holding Q4 full results.</title>
<headline>Canterbury Park Holding Q4 full results.</headline>
<dateline>SHAKOPEE, Minn. 1997-03-18</dateline>
<text>
<p>Three mos   Three Mos  Twelve Mos   Twelve Mos</p>
<p>			 1996	  1995	  1996	   1995</p>
<p>Operating</p>
<p>  Revenues    $3,114,805  $3,025,008 $17,371,005  $17,651,606</p>
<p>Operating</p>
<p>  Expenses     2,715,118   2,762,963  17,084,033   18,328,944</p>
<p>Income/(loss)</p>
<p>from Operations</p>
<p>		     399,687     262,045     286,972   ( 677,338)</p>
<p>Non-Operating</p>
<p>Expenses (net)</p>
<p>		   ( 48,924)  ( 102,099)  ( 215,823)   ( 211,762)</p>
<p>Net Income (Loss)</p>
<p>		     350,763     159,946	71,149   ( 889,100)</p>
<p>Net Income (Loss)</p>
<p>Per Common and</p>
<p>Common Equivalent</p>
<p>  Share		 0.12	  0.05	  0.02	( 0.30)</p>
<p>NOTE: Full name is Canterbury Park Holding Corp.</p>
<p>		((Reuters Chicago Newsdesk (312) 408-8787))</p>
</text>
<copyright>(c) Reuters Limited 1997</copyright>
<metadata>
<codes class="bip:countries:1.0">
  <code code="USA">
    <editdetail attribution="Reuters BIP Coding Group" action="confirmed" date="1997-03-18"/>
  </code>
</codes>
<codes class="bip:industries:1.0">
  <code code="I97911">
    <editdetail attribution="Reuters BIP Coding Group" action="confirmed" date="1997-03-18"/>
  </code>
</codes>
<codes class="bip:topics:1.0">
  <code code="C15">
    <editdetail attribution="Reuters BIP Coding Group" action="confirmed" date="1997-03-18"/>
  </code>
  <code code="C151">
    <editdetail attribution="Reuters BIP Coding Group" action="confirmed" date="1997-03-18"/>
  </code>
  <code code="C1511">
    <editdetail attribution="Reuters BIP Coding Group" action="confirmed" date="1997-03-18"/>
  </code>
  <code code="CCAT">
    <editdetail attribution="Reuters BIP Coding Group" action="confirmed" date="1997-03-18"/>
  </code>
</codes>
<dc element="dc.date.created" value="1997-03-18"/>
<dc element="dc.publisher" value="Reuters Holdings Plc"/>
<dc element="dc.date.published" value="1997-03-18"/>
<dc element="dc.source" value="Reuters"/>
<dc element="dc.creator.location" value="SHAKOPEE, Minn."/>
<dc element="dc.creator.location.country.name" value="USA"/>
<dc element="dc.source" value="Reuters"/>
</metadata>
</newsitem>
