<?xml version="1.0" encoding="iso-8859-1" ?>
<newsitem itemid="449084" id="root" date="1997-03-18" xml:lang="en">
<title>USA: Titan Exploration has trouble with well.</title>
<headline>Titan Exploration has trouble with well.</headline>
<dateline>MIDLAND, Texas 1997-03-18</dateline>
<text>
<p>Titan Exploration Inc said Tuesday it was having trouble completing a well that it had begun drilling in January.  </p>
<p>The company said &quot;unanticipated water communication&quot; was preventing it from completing the Miller 1 Fusselman well in Barstow Field in Ward County, Texas.</p>
<p>&quot;However, there is evidence of Atoka pay at approximately 15,600',&quot; it said.</p>
<p>The company, which owns 80 percent of the well, did not elaborate on the problem and its officials were not immediately available for comment.</p>
<p>It also said it foresaw average production reaching about 13,400 barrels of oil equivalent per day during the first quarter ended March 31, compared to 9,100 at the end of 1996.</p>
<p>&quot;(The company) expects the first quarter exit rate to approximate 14,000 (barrels of oil equivalent),&quot; it added. The company reported a net profit of $800,000 for the fourth quarter against a loss of $1.6 million a year ago.</p>
<p>It said the rise in earnings was due to production from property acquisitions.</p>
</text>
<copyright>(c) Reuters Limited 1997</copyright>
<metadata>
<codes class="bip:countries:1.0">
  <code code="USA">
    <editdetail attribution="Reuters BIP Coding Group" action="confirmed" date="1997-03-18"/>
  </code>
</codes>
<codes class="bip:topics:1.0">
  <code code="C24">
    <editdetail attribution="Reuters BIP Coding Group" action="confirmed" date="1997-03-18"/>
  </code>
  <code code="CCAT">
    <editdetail attribution="Reuters BIP Coding Group" action="confirmed" date="1997-03-18"/>
  </code>
</codes>
<dc element="dc.date.created" value="1997-03-18"/>
<dc element="dc.publisher" value="Reuters Holdings Plc"/>
<dc element="dc.date.published" value="1997-03-18"/>
<dc element="dc.source" value="Reuters"/>
<dc element="dc.creator.location" value="MIDLAND, Texas"/>
<dc element="dc.creator.location.country.name" value="USA"/>
<dc element="dc.source" value="Reuters"/>
</metadata>
</newsitem>
