<?xml version="1.0" encoding="iso-8859-1" ?>
<newsitem itemid="449082" id="root" date="1997-03-18" xml:lang="en">
<title>USA: Summit Medical names interim CFO.</title>
<headline>Summit Medical names interim CFO.</headline>
<dateline>MINNEAPOLIS 1997-03-18</dateline>
<text>
<p>Summit Medical Systems Inc said Tuesday it has appointed Richard Willemin as interim chief financial officer.  </p>
<p>Summit said earlier this month that 1996 revenues would be &quot;substantially less&quot; than the $19.5 million earlier reported because of accounting discrepancies discovered by a new chief financial officer, who resigned after less than a week on the job.</p>
<p>Prior to joining Summit Medical, Willemin served as chief financial officer of Datalogix International Inc, a supplier of process manufacturing and logistics software.</p>
<p>Summit Medical shares rose 1/16 to 3-1/2 Tuesday.</p>
<p>((Chicago newsdesk, 312-408-8787))</p>
</text>
<copyright>(c) Reuters Limited 1997</copyright>
<metadata>
<codes class="bip:countries:1.0">
  <code code="USA">
    <editdetail attribution="Reuters BIP Coding Group" action="confirmed" date="1997-03-18"/>
  </code>
</codes>
<codes class="bip:industries:1.0">
  <code code="I33020">
    <editdetail attribution="Reuters BIP Coding Group" action="confirmed" date="1997-03-18"/>
  </code>
  <code code="I3302021">
    <editdetail attribution="Reuters BIP Coding Group" action="confirmed" date="1997-03-18"/>
  </code>
</codes>
<codes class="bip:topics:1.0">
  <code code="C41">
    <editdetail attribution="Reuters BIP Coding Group" action="confirmed" date="1997-03-18"/>
  </code>
  <code code="C411">
    <editdetail attribution="Reuters BIP Coding Group" action="confirmed" date="1997-03-18"/>
  </code>
  <code code="CCAT">
    <editdetail attribution="Reuters BIP Coding Group" action="confirmed" date="1997-03-18"/>
  </code>
</codes>
<dc element="dc.date.created" value="1997-03-18"/>
<dc element="dc.publisher" value="Reuters Holdings Plc"/>
<dc element="dc.date.published" value="1997-03-18"/>
<dc element="dc.source" value="Reuters"/>
<dc element="dc.creator.location" value="MINNEAPOLIS"/>
<dc element="dc.creator.location.country.name" value="USA"/>
<dc element="dc.source" value="Reuters"/>
</metadata>
</newsitem>
