<?xml version="1.0" encoding="iso-8859-1" ?>
<newsitem itemid="449070" id="root" date="1997-03-18" xml:lang="en">
<title>USA: Brightpoint begins shipments from Nevada.</title>
<headline>Brightpoint begins shipments from Nevada.</headline>
<dateline>INDIANAPOLIS 1997-03-18</dateline>
<text>
<p>Brightpoint Inc said Tuesday it has begun shipping its wireless communications products from a new 65,000-square-foot distribution center in Sparks, Nev.</p>
<p>The company said the new facility will allow it to respond to customer restocking needs within two days throughout the United States, giving Brightpoint what it called &quot;a true competitive advantage.&quot;</p>
<p>Brightpoint distributes wireless communications equipment and related products.</p>
<p>Its shares were up 1/8 Tuesday at 21-3/4.</p>
<p>((Chicago newsdesk (312) 408-8787))</p>
</text>
<copyright>(c) Reuters Limited 1997</copyright>
<metadata>
<codes class="bip:countries:1.0">
  <code code="USA">
    <editdetail attribution="Reuters BIP Coding Group" action="confirmed" date="1997-03-18"/>
  </code>
</codes>
<codes class="bip:industries:1.0">
  <code code="I61000">
    <editdetail attribution="Reuters BIP Coding Group" action="confirmed" date="1997-03-18"/>
  </code>
</codes>
<codes class="bip:topics:1.0">
  <code code="C31">
    <editdetail attribution="Reuters BIP Coding Group" action="confirmed" date="1997-03-18"/>
  </code>
  <code code="CCAT">
    <editdetail attribution="Reuters BIP Coding Group" action="confirmed" date="1997-03-18"/>
  </code>
</codes>
<dc element="dc.date.created" value="1997-03-18"/>
<dc element="dc.publisher" value="Reuters Holdings Plc"/>
<dc element="dc.date.published" value="1997-03-18"/>
<dc element="dc.source" value="Reuters"/>
<dc element="dc.creator.location" value="INDIANAPOLIS"/>
<dc element="dc.creator.location.country.name" value="USA"/>
<dc element="dc.source" value="Reuters"/>
</metadata>
</newsitem>
