<?xml version="1.0" encoding="iso-8859-1" ?>
<newsitem itemid="449093" id="root" date="1997-03-18" xml:lang="en">
<title>USA: Nextel to repurchase option from Comcast.</title>
<headline>Nextel to repurchase option from Comcast.</headline>
<dateline>MCLEAN, Va 1997-03-18</dateline>
<text>
<p>Nextel Communications Inc said Tuesday that it had reached a definitive agreement with Comcast Corp to repurchase a previously issued and outstanding option covering 25 million Nextel shares.</p>
<p>Under the pact, Nextel will acquire from a Comcast affiliate the outstanding option, which is exercisable for up to 25 million shares of Nextel common stock at $16 per share on or before September 15 for $25 million cash, Nextel said.  </p>
<p>Nextel said the transaction removes Comcast's anti-dilutive right to purchase additional shares of Nextel stock and its right to nominate board members.</p>
<p>&quot;Freeing these 25 million shares from this issuance commitment returns to Nextel the ability to control their placement and gives us much more flexibility in exploring and structuring potential transactions with others who may wish to acquire strategic equity positions in Nextel,&quot; Nextel said in a release.  </p>
<p>Nextel Communications, based in McLean, Va., provides all-digital wireless services. Comcast develops and operates wired telecommunications, including cable television and telephone services, and wireless telecommunications. It has principal ownership of QVC, an electronic retailer.</p>
</text>
<copyright>(c) Reuters Limited 1997</copyright>
<metadata>
<codes class="bip:countries:1.0">
  <code code="USA">
    <editdetail attribution="Reuters BIP Coding Group" action="confirmed" date="1997-03-18"/>
  </code>
</codes>
<codes class="bip:industries:1.0">
  <code code="I79020">
    <editdetail attribution="Reuters BIP Coding Group" action="confirmed" date="1997-03-18"/>
  </code>
  <code code="I97400">
    <editdetail attribution="Reuters BIP Coding Group" action="confirmed" date="1997-03-18"/>
  </code>
</codes>
<codes class="bip:topics:1.0">
  <code code="C18">
    <editdetail attribution="Reuters BIP Coding Group" action="confirmed" date="1997-03-18"/>
  </code>
  <code code="C181">
    <editdetail attribution="Reuters BIP Coding Group" action="confirmed" date="1997-03-18"/>
  </code>
  <code code="CCAT">
    <editdetail attribution="Reuters BIP Coding Group" action="confirmed" date="1997-03-18"/>
  </code>
</codes>
<dc element="dc.date.created" value="1997-03-18"/>
<dc element="dc.publisher" value="Reuters Holdings Plc"/>
<dc element="dc.date.published" value="1997-03-18"/>
<dc element="dc.source" value="Reuters"/>
<dc element="dc.creator.location" value="MCLEAN, Va"/>
<dc element="dc.creator.location.country.name" value="USA"/>
<dc element="dc.source" value="Reuters"/>
</metadata>
</newsitem>
