<?xml version="1.0" encoding="iso-8859-1" ?>
<newsitem itemid="449050" id="root" date="1997-03-18" xml:lang="en">
<title>USA: Communications Systems proposes offering.</title>
<headline>Communications Systems proposes offering.</headline>
<dateline>COLORADO SPRINGS, Colo. 1997-03-18</dateline>
<text>
<p>Communications Systems International Inc said it entered into a letter of intent for a proposed underwritten public offering of approximately 1,000,000 shares of common stock and 1,000,000 redeemable common stock purchase warrants.</p>
<p>The company will sell one warrant with each share of common stock. Two common stock purchase warrants will entitle the holder to purchase one share of common stock at a price equal to 150 percent of the public offering price of the common stock.</p>
<p>The company said it anticipates that the offering will commence in June 1997, but it said substantial delays could occur.</p>
<p>Communication Systems says it intends to apply the proceeds of the offering to the reduction of certain debt, the installation of equipment to facilitate transparent callback service in several international locations, the expansion of the company's system capacity, research and development and for working capital.</p>
</text>
<copyright>(c) Reuters Limited 1997</copyright>
<metadata>
<codes class="bip:countries:1.0">
  <code code="USA">
    <editdetail attribution="Reuters BIP Coding Group" action="confirmed" date="1997-03-18"/>
  </code>
</codes>
<codes class="bip:industries:1.0">
  <code code="I34400">
    <editdetail attribution="Reuters BIP Coding Group" action="confirmed" date="1997-03-18"/>
  </code>
</codes>
<codes class="bip:topics:1.0">
  <code code="C17">
    <editdetail attribution="Reuters BIP Coding Group" action="confirmed" date="1997-03-18"/>
  </code>
  <code code="C171">
    <editdetail attribution="Reuters BIP Coding Group" action="confirmed" date="1997-03-18"/>
  </code>
  <code code="CCAT">
    <editdetail attribution="Reuters BIP Coding Group" action="confirmed" date="1997-03-18"/>
  </code>
</codes>
<dc element="dc.date.created" value="1997-03-18"/>
<dc element="dc.publisher" value="Reuters Holdings Plc"/>
<dc element="dc.date.published" value="1997-03-18"/>
<dc element="dc.source" value="Reuters"/>
<dc element="dc.creator.location" value="COLORADO SPRINGS, Colo."/>
<dc element="dc.creator.location.country.name" value="USA"/>
<dc element="dc.source" value="Reuters"/>
</metadata>
</newsitem>
