<?xml version="1.0" encoding="iso-8859-1" ?>
<newsitem itemid="449003" id="root" date="1997-03-18" xml:lang="en">
<title>USA: Quaker's Snapple to launch 100 pct juice line.</title>
<headline>Quaker's Snapple to launch 100 pct juice line.</headline>
<dateline>CHICAGO 1997-03-18</dateline>
<text>
<p>Quaker Oats Co. said Tuesday it plans to introduce a line of 100 percent juice drinks under its Snapple brand, adding to its existing offerings of fruit-flavored and iced tea beverages.</p>
<p>&quot;We are planning on introducing some 100 percent juice products later this year,&quot; Quaker spokesman Ronald Bottrell said. &quot;We'll be making an announcement as to the specific products and the number of products. But at this point, we're not in a position to provide details.&quot;</p>
<p>The Chicago Sun-Times reported Tuesday that Quaker will launch a four-flavor line to be called Snapple 100 percent Juice.</p>
<p>Bottrell declined to give specifics on the new juice line.</p>
<p>&quot;We're a few weeks away from providing details to our distributors and to the public at large,&quot; he added. &quot;You'll be hearing more from us on this.&quot;</p>
<p>The new juice product line comes at a time Quaker is trying to turn Snapple around. The business has posted an operating loss since it was acquired two years ago in a $1.8 billion transaction.</p>
<p>&quot;Snapple clearly remains challenging,&quot; Quaker Chairman William Smithburg said in a letter to shareholders included in the 1996 annual report. &quot;It is a large brand with over $500 million in sales and strong consumer appeal. But in 1996, it operated at a significant loss.&quot;</p>
<p>He added the goal is to run Snapple at a cash operating profit in 1997.</p>
</text>
<copyright>(c) Reuters Limited 1997</copyright>
<metadata>
<codes class="bip:countries:1.0">
  <code code="USA">
    <editdetail attribution="Reuters BIP Coding Group" action="confirmed" date="1997-03-18"/>
  </code>
</codes>
<codes class="bip:industries:1.0">
  <code code="I41000">
    <editdetail attribution="Reuters BIP Coding Group" action="confirmed" date="1997-03-18"/>
  </code>
  <code code="I42800">
    <editdetail attribution="Reuters BIP Coding Group" action="confirmed" date="1997-03-18"/>
  </code>
</codes>
<codes class="bip:topics:1.0">
  <code code="C22">
    <editdetail attribution="Reuters BIP Coding Group" action="confirmed" date="1997-03-18"/>
  </code>
  <code code="CCAT">
    <editdetail attribution="Reuters BIP Coding Group" action="confirmed" date="1997-03-18"/>
  </code>
</codes>
<dc element="dc.date.created" value="1997-03-18"/>
<dc element="dc.publisher" value="Reuters Holdings Plc"/>
<dc element="dc.date.published" value="1997-03-18"/>
<dc element="dc.source" value="Reuters"/>
<dc element="dc.creator.location" value="CHICAGO"/>
<dc element="dc.creator.location.country.name" value="USA"/>
<dc element="dc.source" value="Reuters"/>
</metadata>
</newsitem>
