<?xml version="1.0" encoding="iso-8859-1" ?>
<newsitem itemid="449011" id="root" date="1997-03-18" xml:lang="en">
<title>USA: Art's-Way Manufacturing Co Inc Q3 loss.</title>
<headline>Art's-Way Manufacturing Co Inc Q3 loss.</headline>
<dateline>ARMSTRONG, Iowa 1997-03-18</dateline>
<text>
<p>(All figures in thousands of dollars except per share</p>
<p>amounts)</p>
<p>							Quarter Ended</p>
<p>					Feb. 28, 1997     Feb. 29, 1996</p>
<p> Net Sales				    $4,565	     $2,805</p>
<p> EBITDA (a)					237		 (69)</p>
<p> Loss Before Income Taxes		   (36)		(171)</p>
<p> Income Tax Benefit			   (12)		 (60)</p>
<p> Net Loss					 (24)		(111)</p>
<p> Loss Per Share (b)			  (.02)		(.10)</p>
<p>						     Nine Months Ended</p>
<p>					Feb. 28, 1997     Feb. 29, 1996</p>
<p> Net Sales				   $11,841	     $9,119</p>
<p> EBITDA (a)					546		(132)</p>
<p> Loss Before Income Taxes		  (219)		(920)</p>
<p> Income Tax Benefit			   (76)		(322)</p>
<p> Net Loss					(143)		(598)</p>
<p> Loss Per Share (b)			  (.12)		(.56)</p>
<p>(a) Earnings before interest, taxes, depreciation and amortization.</p>
<p>(b) Income per share based on the weighted average number of shares  outstanding (1,237,631 for the quarter and 1,183,770 for the nine months in 1997; and 1,078,631 for the quarter and 1,076,523 for the nine months  in 1996).</p>
<p>((Chicago newsdesk, 312-408-8787))</p>
</text>
<copyright>(c) Reuters Limited 1997</copyright>
<metadata>
<codes class="bip:countries:1.0">
  <code code="USA">
    <editdetail attribution="Reuters BIP Coding Group" action="confirmed" date="1997-03-18"/>
  </code>
</codes>
<codes class="bip:industries:1.0">
  <code code="I32100">
    <editdetail attribution="Reuters BIP Coding Group" action="confirmed" date="1997-03-18"/>
  </code>
</codes>
<codes class="bip:topics:1.0">
  <code code="C15">
    <editdetail attribution="Reuters BIP Coding Group" action="confirmed" date="1997-03-18"/>
  </code>
  <code code="C151">
    <editdetail attribution="Reuters BIP Coding Group" action="confirmed" date="1997-03-18"/>
  </code>
  <code code="CCAT">
    <editdetail attribution="Reuters BIP Coding Group" action="confirmed" date="1997-03-18"/>
  </code>
</codes>
<dc element="dc.date.created" value="1997-03-18"/>
<dc element="dc.publisher" value="Reuters Holdings Plc"/>
<dc element="dc.date.published" value="1997-03-18"/>
<dc element="dc.source" value="Reuters"/>
<dc element="dc.creator.location" value="ARMSTRONG, Iowa"/>
<dc element="dc.creator.location.country.name" value="USA"/>
<dc element="dc.source" value="Reuters"/>
</metadata>
</newsitem>
