<?xml version="1.0" encoding="iso-8859-1" ?>
<newsitem itemid="449038" id="root" date="1997-03-18" xml:lang="en">
<title>USA: Palomar Medical q4 shr loss widens.</title>
<headline>Palomar Medical q4 shr loss widens.</headline>
<dateline>BEVERLY, Mass. 1997-03-18</dateline>
<text>
<p>PALOMAR MEDICAL TECHNOLOGIES, INC.</p>
<p>		 (Amounts in thousands, except per share data)</p>
<p>			    Three Months Ended    Year-Ended</p>
<p>				  December 31	 December 31</p>
<p>			    1996	  1995	1996	  1995</p>
<p> Revenues	     $20,944	$6,241  $70,098	$21,907</p>
<p>Net loss</p>
<p>		    ( 18,651)(A) ($6,589)  ( 37,864)(A) ($12,621)</p>
<p>Net loss per share</p>
<p>		     ( 0.69)(A)     ( 0.39)  ( 1.49)(A)   ( 0.89)</p>
<p>Weighted-average number</p>
<p>of shares used in computation</p>
<p>of per-share net loss</p>
<p>			   28,996	17,082   26,167	 14,165</p>
<p>NOTE(A): Includes loss of ($11,500,000), or ($0.40) and ($0.44) per share, for the three months and year ended December 31, 1996 respectively, of non-recurring write-offs.</p>
</text>
<copyright>(c) Reuters Limited 1997</copyright>
<metadata>
<codes class="bip:countries:1.0">
  <code code="USA">
    <editdetail attribution="Reuters BIP Coding Group" action="confirmed" date="1997-03-18"/>
  </code>
</codes>
<codes class="bip:industries:1.0">
  <code code="I37200">
    <editdetail attribution="Reuters BIP Coding Group" action="confirmed" date="1997-03-18"/>
  </code>
</codes>
<codes class="bip:topics:1.0">
  <code code="C15">
    <editdetail attribution="Reuters BIP Coding Group" action="confirmed" date="1997-03-18"/>
  </code>
  <code code="C151">
    <editdetail attribution="Reuters BIP Coding Group" action="confirmed" date="1997-03-18"/>
  </code>
  <code code="C1511">
    <editdetail attribution="Reuters BIP Coding Group" action="confirmed" date="1997-03-18"/>
  </code>
  <code code="CCAT">
    <editdetail attribution="Reuters BIP Coding Group" action="confirmed" date="1997-03-18"/>
  </code>
</codes>
<dc element="dc.date.created" value="1997-03-18"/>
<dc element="dc.publisher" value="Reuters Holdings Plc"/>
<dc element="dc.date.published" value="1997-03-18"/>
<dc element="dc.source" value="Reuters"/>
<dc element="dc.creator.location" value="BEVERLY, Mass."/>
<dc element="dc.creator.location.country.name" value="USA"/>
<dc element="dc.source" value="Reuters"/>
</metadata>
</newsitem>
