<?xml version="1.0" encoding="iso-8859-1" ?>
<newsitem itemid="449091" id="root" date="1997-03-18" xml:lang="en">
<title>USA: Photocomm posts loss in transition period.</title>
<headline>Photocomm posts loss in transition period.</headline>
<dateline>SCOTTSDALE, Ariz 1997-03-18</dateline>
<text>
<p>Photocomm Inc Tuesday reported a $1,388,858 loss for its transition period, September 1 through December 31, 1996.</p>
<p>The net loss was largely a result of a $1,300,000 charge, including severance for former company executives, and a cost of goods adjustment of $547,100 for inventories and other related items that have been determined to be slow moving or obsolete.</p>
<p>At the February 3, 1997 board of directors meeting the company changed its fiscal year end to December 31 from August 31.</p>
</text>
<copyright>(c) Reuters Limited 1997</copyright>
<metadata>
<codes class="bip:countries:1.0">
  <code code="USA">
    <editdetail attribution="Reuters BIP Coding Group" action="confirmed" date="1997-03-18"/>
  </code>
</codes>
<codes class="bip:industries:1.0">
  <code code="I34200">
    <editdetail attribution="Reuters BIP Coding Group" action="confirmed" date="1997-03-18"/>
  </code>
</codes>
<codes class="bip:topics:1.0">
  <code code="C15">
    <editdetail attribution="Reuters BIP Coding Group" action="confirmed" date="1997-03-18"/>
  </code>
  <code code="C151">
    <editdetail attribution="Reuters BIP Coding Group" action="confirmed" date="1997-03-18"/>
  </code>
  <code code="CCAT">
    <editdetail attribution="Reuters BIP Coding Group" action="confirmed" date="1997-03-18"/>
  </code>
</codes>
<dc element="dc.date.created" value="1997-03-18"/>
<dc element="dc.publisher" value="Reuters Holdings Plc"/>
<dc element="dc.date.published" value="1997-03-18"/>
<dc element="dc.source" value="Reuters"/>
<dc element="dc.creator.location" value="SCOTTSDALE, Ariz"/>
<dc element="dc.creator.location.country.name" value="USA"/>
<dc element="dc.source" value="Reuters"/>
</metadata>
</newsitem>
