<?xml version="1.0" encoding="iso-8859-1" ?>
<newsitem itemid="449062" id="root" date="1997-03-18" xml:lang="en">
<title>USA: Linkon Corp sees '97 revs at $4.4 mln.</title>
<headline>Linkon Corp sees '97 revs at $4.4 mln.</headline>
<dateline>FAIRFIELD, Conn. 1997-03-18</dateline>
<text>
<p>Linkon Corp said Tuesday that it anticipates reporting revenues of $4.4 million for the fiscal year ended January 31, an increase of over 214 percent versus the prior year's revenues of $1.4 million.</p>
<p>The company said it expects to continue to grow as its research and development projects come to market, its strategic relationships mature and marketing efforts in the Pacific Rim produce results.</p>
<p>Linkon develops, manufactures and markets digital signal processor based communication hardware and software for the compute, telephone and Internet industries.</p>
</text>
<copyright>(c) Reuters Limited 1997</copyright>
<metadata>
<codes class="bip:countries:1.0">
  <code code="USA">
    <editdetail attribution="Reuters BIP Coding Group" action="confirmed" date="1997-03-18"/>
  </code>
</codes>
<codes class="bip:industries:1.0">
  <code code="I33020">
    <editdetail attribution="Reuters BIP Coding Group" action="confirmed" date="1997-03-18"/>
  </code>
  <code code="I3302021">
    <editdetail attribution="Reuters BIP Coding Group" action="confirmed" date="1997-03-18"/>
  </code>
</codes>
<codes class="bip:topics:1.0">
  <code code="C15">
    <editdetail attribution="Reuters BIP Coding Group" action="confirmed" date="1997-03-18"/>
  </code>
  <code code="C152">
    <editdetail attribution="Reuters BIP Coding Group" action="confirmed" date="1997-03-18"/>
  </code>
  <code code="CCAT">
    <editdetail attribution="Reuters BIP Coding Group" action="confirmed" date="1997-03-18"/>
  </code>
</codes>
<dc element="dc.date.created" value="1997-03-18"/>
<dc element="dc.publisher" value="Reuters Holdings Plc"/>
<dc element="dc.date.published" value="1997-03-18"/>
<dc element="dc.source" value="Reuters"/>
<dc element="dc.creator.location" value="FAIRFIELD, Conn."/>
<dc element="dc.creator.location.country.name" value="USA"/>
<dc element="dc.source" value="Reuters"/>
</metadata>
</newsitem>
