<?xml version="1.0" encoding="iso-8859-1" ?>
<newsitem itemid="449010" id="root" date="1997-03-18" xml:lang="en">
<title>USA: Spinnaker Industries Inc Q4 loss vs net.</title>
<headline>Spinnaker Industries Inc Q4 loss vs net.</headline>
<dateline>DALLAS 1997-03-18</dateline>
<text>
<p>(In thousands, except per share amounts)</p>
<p>				   Quarter Ended	  Year Ended</p>
<p>			  December 31		   December 31 (1)</p>
<p>				 1996	 1995	 1996	1995</p>
<p> Net sales	     $  62,178 $  57,573  $ 246,536 $ 135,289</p>
<p>  Net income (loss)    (2,821)	  90    (2,468)	 561</p>
<p>Per Share Information</p>
<p> Avg diluted shrs	  6,156     6,734	5,931     6,702</p>
<p>Net income (loss) per</p>
<p>share before</p>
<p>extraordinary</p>
<p>  charge		    (0.16)	0.01     (0.11)	0.08</p>
<p>Extraordinary charge</p>
<p>  per share		 (0.30)	 ---     (0.31)	 ---</p>
<p>Net income (loss)</p>
<p>  per share		 (0.46)	0.01     (0.42)	0.08</p>
<p>Notes</p>
<p>NOTE: (1) Includes the operations of Central Products Company, Inc. from Oct. 4, 1995, the date its assets and business were acquired from Alco Standard Co.</p>
<p>(2)  1996 includes outsourcing penalties of approximately $600,000 and $2.3 million, in the three month and twelve month periods, respectively, related to silicone coating capacity constraints.</p>
<p>(3)  Cost of sales and SG&amp;A include employee severance and relocation costs totaling approximately $265,000 and $736,000, in the three month and twelve month periods, respectively, associated with certain management changes at Brown-Bridge.</p>
<p>(4)  Included in the fourth quarter and the year ended December 31, 1996 is the cost of contributing land, held in other assets, to a charitable organization.  The book value of the land was approximately $250,000.</p>
<p>(5)  The year ended 1995 tax provision has been reduced by $279,000 due to the reversal of the company's valuation allowance related to net deferred tax assets.</p>
<p>(7)  Adjusted to reflect a stock dividend effective August 5, 1996, an effective two-for-one split of common stock.</p>
<p>((-- New York Newsdesk 212 859-1610))</p>
</text>
<copyright>(c) Reuters Limited 1997</copyright>
<metadata>
<codes class="bip:countries:1.0">
  <code code="USA">
    <editdetail attribution="Reuters BIP Coding Group" action="confirmed" date="1997-03-18"/>
  </code>
</codes>
<codes class="bip:topics:1.0">
  <code code="C15">
    <editdetail attribution="Reuters BIP Coding Group" action="confirmed" date="1997-03-18"/>
  </code>
  <code code="C151">
    <editdetail attribution="Reuters BIP Coding Group" action="confirmed" date="1997-03-18"/>
  </code>
  <code code="C1511">
    <editdetail attribution="Reuters BIP Coding Group" action="confirmed" date="1997-03-18"/>
  </code>
  <code code="CCAT">
    <editdetail attribution="Reuters BIP Coding Group" action="confirmed" date="1997-03-18"/>
  </code>
</codes>
<dc element="dc.date.created" value="1997-03-18"/>
<dc element="dc.publisher" value="Reuters Holdings Plc"/>
<dc element="dc.date.published" value="1997-03-18"/>
<dc element="dc.source" value="Reuters"/>
<dc element="dc.creator.location" value="DALLAS"/>
<dc element="dc.creator.location.country.name" value="USA"/>
<dc element="dc.source" value="Reuters"/>
</metadata>
</newsitem>
