<?xml version="1.0" encoding="iso-8859-1" ?>
<newsitem itemid="449060" id="root" date="1997-03-18" xml:lang="en">
<title>USA: Jos. A Bank Q4 shr profit $0.07 vs loss.</title>
<headline>Jos. A Bank Q4 shr profit $0.07 vs loss.</headline>
<dateline>HAMPSTEAD, Md. 1997-03-18</dateline>
<text>
<p>1997			1996</p>
<p> Shr profit	$0.07	   loss   $0.73</p>
<p> Net profit	500	     loss   5,000</p>
<p> Revs		47,100		   46,000</p>
<p> Avg shrs	  6,800		    6,800</p>
<p>	  12 MONTHS</p>
<p> Shr profit	$0.04	    loss  $1.94</p>
<p> Net profit	300		loss  13,200</p>
<p> Revs		155,100		  169,600</p>
<p> Avg shrs	  6,800		    6,800</p>
<p>(All data above 000s except per share numbers)</p>
<p>NOTE: Results are for Q1 and year ended Feb 1, 1997 and Feb 3, 1996.</p>
<p>Store repositioning costs totaled $3.5 million in Q1 and full-year 1996.</p>
</text>
<copyright>(c) Reuters Limited 1997</copyright>
<metadata>
<codes class="bip:countries:1.0">
  <code code="USA">
    <editdetail attribution="Reuters BIP Coding Group" action="confirmed" date="1997-03-18"/>
  </code>
</codes>
<codes class="bip:industries:1.0">
  <code code="I64500">
    <editdetail attribution="Reuters BIP Coding Group" action="confirmed" date="1997-03-18"/>
  </code>
</codes>
<codes class="bip:topics:1.0">
  <code code="C15">
    <editdetail attribution="Reuters BIP Coding Group" action="confirmed" date="1997-03-18"/>
  </code>
  <code code="C151">
    <editdetail attribution="Reuters BIP Coding Group" action="confirmed" date="1997-03-18"/>
  </code>
  <code code="C1511">
    <editdetail attribution="Reuters BIP Coding Group" action="confirmed" date="1997-03-18"/>
  </code>
  <code code="CCAT">
    <editdetail attribution="Reuters BIP Coding Group" action="confirmed" date="1997-03-18"/>
  </code>
</codes>
<dc element="dc.date.created" value="1997-03-18"/>
<dc element="dc.publisher" value="Reuters Holdings Plc"/>
<dc element="dc.date.published" value="1997-03-18"/>
<dc element="dc.source" value="Reuters"/>
<dc element="dc.creator.location" value="HAMPSTEAD, Md."/>
<dc element="dc.creator.location.country.name" value="USA"/>
<dc element="dc.source" value="Reuters"/>
</metadata>
</newsitem>
