<?xml version="1.0" encoding="iso-8859-1" ?>
<newsitem itemid="449016" id="root" date="1997-03-18" xml:lang="en">
<title>USA: Butler Natl profits could return this year.</title>
<headline>Butler Natl profits could return this year.</headline>
<dateline>OLATHE, Kan. 1997-03-18</dateline>
<text>
<p>Butler National Corp, which reported a loss in the third quarter ended January 31, said Tuesday shipments of new aircraft modification parts could bring the company back to profitability by the end of the current fiscal year.</p>
<p>Butler said the loss of $431,000 in the period, or $0.05 a share, compared to a profit of $6,000, or nil per share, was caused primarily by lower-than-expected margins at its food distribution segment.</p>
<p>Sales in the period totaled $4.9 million, up from $3.7 million one year ago, the company said.</p>
<p>Butler is an aerospace and services business.</p>
<p>Its shares were off 3/16 Tuesday at 2-3/16.</p>
<p>((Chicago newsdesk (312) 408-8787))</p>
</text>
<copyright>(c) Reuters Limited 1997</copyright>
<metadata>
<codes class="bip:countries:1.0">
  <code code="USA">
    <editdetail attribution="Reuters BIP Coding Group" action="confirmed" date="1997-03-18"/>
  </code>
</codes>
<codes class="bip:topics:1.0">
  <code code="C15">
    <editdetail attribution="Reuters BIP Coding Group" action="confirmed" date="1997-03-18"/>
  </code>
  <code code="C151">
    <editdetail attribution="Reuters BIP Coding Group" action="confirmed" date="1997-03-18"/>
  </code>
  <code code="CCAT">
    <editdetail attribution="Reuters BIP Coding Group" action="confirmed" date="1997-03-18"/>
  </code>
</codes>
<dc element="dc.date.created" value="1997-03-18"/>
<dc element="dc.publisher" value="Reuters Holdings Plc"/>
<dc element="dc.date.published" value="1997-03-18"/>
<dc element="dc.source" value="Reuters"/>
<dc element="dc.creator.location" value="OLATHE, Kan."/>
<dc element="dc.creator.location.country.name" value="USA"/>
<dc element="dc.source" value="Reuters"/>
</metadata>
</newsitem>
