<?xml version="1.0" encoding="iso-8859-1" ?>
<newsitem itemid="449069" id="root" date="1997-03-18" xml:lang="en">
<title>USA: Gentner CFO steps down.</title>
<headline>Gentner CFO steps down.</headline>
<dateline>SALT LAKE CITY 1997-03-18</dateline>
<text>
<p>Gentner Communications Corp said Tuesday its Chief Financial Officer David Harmon has chosen to pursue other interests.</p>
<p>The company said Susie Strohm, who has functioned as Gentner's controller for one year, has been named assistant vice president of Finance and will assume the responsibilities of the Chief Financial Officer position.</p>
<p>The company said that, as planned, it will show a loss for this quarter, though the period will show &quot;substantial revenue growth over the same quarter last year.&quot;</p>
<p>The company said it is undergoing restructuring.</p>
</text>
<copyright>(c) Reuters Limited 1997</copyright>
<metadata>
<codes class="bip:countries:1.0">
  <code code="USA">
    <editdetail attribution="Reuters BIP Coding Group" action="confirmed" date="1997-03-18"/>
  </code>
</codes>
<codes class="bip:industries:1.0">
  <code code="I34400">
    <editdetail attribution="Reuters BIP Coding Group" action="confirmed" date="1997-03-18"/>
  </code>
</codes>
<codes class="bip:topics:1.0">
  <code code="C41">
    <editdetail attribution="Reuters BIP Coding Group" action="confirmed" date="1997-03-18"/>
  </code>
  <code code="C411">
    <editdetail attribution="Reuters BIP Coding Group" action="confirmed" date="1997-03-18"/>
  </code>
  <code code="CCAT">
    <editdetail attribution="Reuters BIP Coding Group" action="confirmed" date="1997-03-18"/>
  </code>
</codes>
<dc element="dc.date.created" value="1997-03-18"/>
<dc element="dc.publisher" value="Reuters Holdings Plc"/>
<dc element="dc.date.published" value="1997-03-18"/>
<dc element="dc.source" value="Reuters"/>
<dc element="dc.creator.location" value="SALT LAKE CITY"/>
<dc element="dc.creator.location.country.name" value="USA"/>
<dc element="dc.source" value="Reuters"/>
</metadata>
</newsitem>
