<?xml version="1.0" encoding="iso-8859-1" ?>
<newsitem itemid="449134" id="root" date="1997-03-18" xml:lang="en">
<title>USA: Butler National Corp Q3 Jan 31 loss.</title>
<headline>Butler National Corp Q3 Jan 31 loss.</headline>
<dateline>OLATHE, Kan. 1997-03-18</dateline>
<text>
<p>1997			1996</p>
<p> Shr loss		   $0.05   profit	   nil</p>
<p> Net loss		     431   profit	     6</p>
<p> Revs			 4,947		    3,721</p>
<p>			9 MONTHS</p>
<p> Shr loss		   $0.04   profit	 $0.02</p>
<p> Net loss		     362   profit	   135</p>
<p> Revs			16,372		   11,805</p>
<p>	 (All Data Above 000s Except Per Share Numbers)</p>
<p>	  ((Reuters Chicago Newsdesk (312) 408-8787))</p>
</text>
<copyright>(c) Reuters Limited 1997</copyright>
<metadata>
<codes class="bip:countries:1.0">
  <code code="USA">
    <editdetail attribution="Reuters BIP Coding Group" action="confirmed" date="1997-03-18"/>
  </code>
</codes>
<codes class="bip:topics:1.0">
  <code code="C15">
    <editdetail attribution="Reuters BIP Coding Group" action="confirmed" date="1997-03-18"/>
  </code>
  <code code="C151">
    <editdetail attribution="Reuters BIP Coding Group" action="confirmed" date="1997-03-18"/>
  </code>
  <code code="CCAT">
    <editdetail attribution="Reuters BIP Coding Group" action="confirmed" date="1997-03-18"/>
  </code>
</codes>
<dc element="dc.date.created" value="1997-03-18"/>
<dc element="dc.publisher" value="Reuters Holdings Plc"/>
<dc element="dc.date.published" value="1997-03-18"/>
<dc element="dc.source" value="Reuters"/>
<dc element="dc.creator.location" value="OLATHE, Kan."/>
<dc element="dc.creator.location.country.name" value="USA"/>
<dc element="dc.source" value="Reuters"/>
</metadata>
</newsitem>
