<?xml version="1.0" encoding="iso-8859-1" ?>
<newsitem itemid="449122" id="root" date="1997-03-18" xml:lang="en">
<title>USA: Sierra ends merger with Physician.</title>
<headline>Sierra ends merger with Physician.</headline>
<dateline>LAS VEGAS 1997-03-18</dateline>
<text>
<p>Sierra Health Services Inc said it is terminating its merger agreement with Physician Corp of America.</p>
<p>Sierra had been re-evaluating the proposed merger since February 20, when Physician said it would take significant additional charges in the fourth quarter of 1996 to cover increased liabilities associated with its workers' compensation division.</p>
<p>The charges represented a material adverse event under the conditions of the original agreement.  </p>
<p>On November 4, Sierra agreed to merge with Miami-based Physician in a deal valued at about $480 million. Sierra agreed to exchange 0.45 of its shares for each outstanding share of Physicians in a pooling of interests. The deal was slated to close March 31.</p>
<p>On February 20, Physician said it would take a fourth quarter charge of $80 million related to increased liabilities at its workers' compensation unit. The charge was in addition to a similar charge of $130 million from November 1996.  </p>
<p>On March 6 Sierra said extensive losses at Physician's workers' compensation unit prompted it to reassess the terms of the merger, which would have created the eighth largest publicly traded managed care company.</p>
<p>Both companies said on March 6 the merger would not proceed under the currently negotiated terms, but could still go ahead under new terms.</p>
<p>&quot;We were hoping to agree on a transaction that was in the best interests of our shareholders,&quot; said Sierra Chairman and Chief Executive Officer Anthony Marlon in a statement Tuesday.</p>
<p>&quot;After a thorough evaluation, however, we could not find a satisfactory alternative.&quot;</p>
</text>
<copyright>(c) Reuters Limited 1997</copyright>
<metadata>
<codes class="bip:countries:1.0">
  <code code="USA">
    <editdetail attribution="Reuters BIP Coding Group" action="confirmed" date="1997-03-18"/>
  </code>
</codes>
<codes class="bip:industries:1.0">
  <code code="I95100">
    <editdetail attribution="Reuters BIP Coding Group" action="confirmed" date="1997-03-18"/>
  </code>
</codes>
<codes class="bip:topics:1.0">
  <code code="C18">
    <editdetail attribution="Reuters BIP Coding Group" action="confirmed" date="1997-03-18"/>
  </code>
  <code code="C181">
    <editdetail attribution="Reuters BIP Coding Group" action="confirmed" date="1997-03-18"/>
  </code>
  <code code="CCAT">
    <editdetail attribution="Reuters BIP Coding Group" action="confirmed" date="1997-03-18"/>
  </code>
</codes>
<dc element="dc.date.created" value="1997-03-18"/>
<dc element="dc.publisher" value="Reuters Holdings Plc"/>
<dc element="dc.date.published" value="1997-03-18"/>
<dc element="dc.source" value="Reuters"/>
<dc element="dc.creator.location" value="LAS VEGAS"/>
<dc element="dc.creator.location.country.name" value="USA"/>
<dc element="dc.source" value="Reuters"/>
</metadata>
</newsitem>
