<?xml version="1.0" encoding="iso-8859-1" ?>
<newsitem itemid="449102" id="root" date="1997-03-18" xml:lang="en">
<title>USA: Three-Five wins contract for phone displays.</title>
<headline>Three-Five wins contract for phone displays.</headline>
<dateline>PHOENIX 1997-03-18</dateline>
<text>
<p>Three-Five Systems Inc on Tuesday said it has won a production order to make liquid crystal display modules for cordless telephones.</p>
<p>Financial details were not disclosed, but Three-Five said it &quot;expects measurable revenue during the second quarter of this year.&quot;  Production will start in the first quarter .</p>
<p>The order was placed by an unnamed U.S.-based manufacturer of telecommunications equipment.  The displays will be installed in cordless phones that have a caller identification feature. The phones also will offer call waiting and 25 channel selections.  They will be distributed in the U.S.</p>
</text>
<copyright>(c) Reuters Limited 1997</copyright>
<metadata>
<codes class="bip:countries:1.0">
  <code code="USA">
    <editdetail attribution="Reuters BIP Coding Group" action="confirmed" date="1997-03-18"/>
  </code>
</codes>
<codes class="bip:industries:1.0">
  <code code="I33020">
    <editdetail attribution="Reuters BIP Coding Group" action="confirmed" date="1997-03-18"/>
  </code>
</codes>
<codes class="bip:topics:1.0">
  <code code="C33">
    <editdetail attribution="Reuters BIP Coding Group" action="confirmed" date="1997-03-18"/>
  </code>
  <code code="CCAT">
    <editdetail attribution="Reuters BIP Coding Group" action="confirmed" date="1997-03-18"/>
  </code>
</codes>
<dc element="dc.date.created" value="1997-03-18"/>
<dc element="dc.publisher" value="Reuters Holdings Plc"/>
<dc element="dc.date.published" value="1997-03-18"/>
<dc element="dc.source" value="Reuters"/>
<dc element="dc.creator.location" value="PHOENIX"/>
<dc element="dc.creator.location.country.name" value="USA"/>
<dc element="dc.source" value="Reuters"/>
</metadata>
</newsitem>
