<?xml version="1.0" encoding="iso-8859-1" ?>
<newsitem itemid="449119" id="root" date="1997-03-18" xml:lang="en">
<title>USA: American Home names unit's global chief.</title>
<headline>American Home names unit's global chief.</headline>
<dateline>MADISON, N.J. 1997-03-18</dateline>
<text>
<p>American Home Products Corp said Tuesday it named Robert Essner president of its unit, Wyeth-Ayerst Global Pharmaceuticals.</p>
<p>Previous to his appointment, Essner had been president of Wyeth-Ayerst Laboratories and responsible for the unit's domestic pharmaceutical business. He reports to Fred Hassan, executive vice president of American Home Products.</p>
<p>Bernard Poussot will continue as president of Wyeth-Ayerst International and will have additonal responsibilities for a newly formed global strategic marketing function, the company said. Poussot reports to Essner.</p>
<p>The company said the following will also report to Essner: Joseph Mahady, president, Wyeth-Ayerst Pharmaceuticals; Ronald Saldarini, president, Wyeth-Lederle Vaccines and Pediatrics and Michael Dey, president of ESI Lederdle.</p>
<p>The company said several global support functions will be created, all reporting to Essner, to assist both the international and U.S. businesses.</p>
<p>John Stafford, chairman, president and chief executive officer of American Home Products, said the organizational changes were adopted to enhance the company's worldwide operations.</p>
</text>
<copyright>(c) Reuters Limited 1997</copyright>
<metadata>
<codes class="bip:countries:1.0">
  <code code="USA">
    <editdetail attribution="Reuters BIP Coding Group" action="confirmed" date="1997-03-18"/>
  </code>
</codes>
<codes class="bip:industries:1.0">
  <code code="I25700">
    <editdetail attribution="Reuters BIP Coding Group" action="confirmed" date="1997-03-18"/>
  </code>
</codes>
<codes class="bip:topics:1.0">
  <code code="C41">
    <editdetail attribution="Reuters BIP Coding Group" action="confirmed" date="1997-03-18"/>
  </code>
  <code code="C411">
    <editdetail attribution="Reuters BIP Coding Group" action="confirmed" date="1997-03-18"/>
  </code>
  <code code="CCAT">
    <editdetail attribution="Reuters BIP Coding Group" action="confirmed" date="1997-03-18"/>
  </code>
</codes>
<dc element="dc.date.created" value="1997-03-18"/>
<dc element="dc.publisher" value="Reuters Holdings Plc"/>
<dc element="dc.date.published" value="1997-03-18"/>
<dc element="dc.source" value="Reuters"/>
<dc element="dc.creator.location" value="MADISON, N.J."/>
<dc element="dc.creator.location.country.name" value="USA"/>
<dc element="dc.source" value="Reuters"/>
</metadata>
</newsitem>
