<?xml version="1.0" encoding="iso-8859-1" ?>
<newsitem itemid="449138" id="root" date="1997-03-18" xml:lang="en">
<title>USA: CSCE to raise margins on July &quot;C&quot; coffee futures.</title>
<headline>CSCE to raise margins on July &quot;C&quot; coffee futures.</headline>
<dateline>NEW YORK 1997-03-18</dateline>
<text>
<p>The Coffee, Sugar and Cocoa Exchange said Tuesday it will raise margins on the July &quot;C&quot; coffee contract by $1,000 to $5,500, effective March 19.</p>
<p>The margins on the spot May &quot;C&quot; coffee contract, however, were unchanged at $6,500, the exchange said in a statement.</p>
<p>Margins on all other coffee contracts will remain at $4,500, the CSCE added.</p>
<p>The changes comes just one day after the exchange raised the spot May margin by $1,000 and the margins on all other contracts by $500.</p>
<p>In addition, straddle or arbitrage transactions will require a minimum of $1,500 for customers who are members or members of the trade.</p>
<p>The $2,000 spot charge for May 1997 and the $1,000 spot charge for July 1997 are applicable to all straddle and arbitrage transactions involving these months, the exchange said.</p>
<p>For customers who are not exchange members or a member of the trade, margins will be 140 percent above trade rates, CSCE said.</p>
<p>((--Patricia Avidan, New York Commodities Desk, 212 859 1640))</p>
</text>
<copyright>(c) Reuters Limited 1997</copyright>
<metadata>
<codes class="bip:countries:1.0">
  <code code="USA">
    <editdetail attribution="Reuters BIP Coding Group" action="confirmed" date="1997-03-18"/>
  </code>
</codes>
<codes class="bip:topics:1.0">
  <code code="M14">
    <editdetail attribution="Reuters BIP Coding Group" action="confirmed" date="1997-03-18"/>
  </code>
  <code code="M141">
    <editdetail attribution="Reuters BIP Coding Group" action="confirmed" date="1997-03-18"/>
  </code>
  <code code="MCAT">
    <editdetail attribution="Reuters BIP Coding Group" action="confirmed" date="1997-03-18"/>
  </code>
</codes>
<dc element="dc.date.created" value="1997-03-18"/>
<dc element="dc.publisher" value="Reuters Holdings Plc"/>
<dc element="dc.date.published" value="1997-03-18"/>
<dc element="dc.source" value="Reuters"/>
<dc element="dc.creator.location" value="NEW YORK"/>
<dc element="dc.creator.location.country.name" value="USA"/>
<dc element="dc.source" value="Reuters"/>
</metadata>
</newsitem>
