<?xml version="1.0" encoding="iso-8859-1" ?>
<newsitem itemid="449161" id="root" date="1997-03-18" xml:lang="en">
<title>USA: Patriot American in two hotel deals.</title>
<headline>Patriot American in two hotel deals.</headline>
<dateline>DALLAS 1997-03-18</dateline>
<text>
<p>Patriot American Hospitality Inc said on Tuesday that it had entered two separate hotel purchase agreements valued at nearly $100 million.</p>
<p>Patriot American said it has entered a joint venture with Cleveland-based Snavely Group to buy and manage five hotels with 879 rooms for $60.4 million. Four of the hotels are in Cleveland and one is located in Akron, Ohio, the company said.</p>
<p>In a separate deal, Patriot American will acquire the 385 room Myrtle Beach Hilton Oceanfront Golf Resort in South Carolina for $35 million.  </p>
<p>In the joint venture with Snavely, Patriot American said it will invest 90 percent of the purchase price for the five hotels with Snavely, a Cleveland developer, funding the remainder.</p>
<p>Patriot American said it will invest $2 million to complete upgrading of guest rooms and refurbishments of the Myrtle Beach hotel.</p>
</text>
<copyright>(c) Reuters Limited 1997</copyright>
<metadata>
<codes class="bip:countries:1.0">
  <code code="USA">
    <editdetail attribution="Reuters BIP Coding Group" action="confirmed" date="1997-03-18"/>
  </code>
</codes>
<codes class="bip:industries:1.0">
  <code code="I66500">
    <editdetail attribution="Reuters BIP Coding Group" action="confirmed" date="1997-03-18"/>
  </code>
  <code code="I81502">
    <editdetail attribution="Reuters BIP Coding Group" action="confirmed" date="1997-03-18"/>
  </code>
  <code code="I8150206">
    <editdetail attribution="Reuters BIP Coding Group" action="confirmed" date="1997-03-18"/>
  </code>
</codes>
<codes class="bip:topics:1.0">
  <code code="C11">
    <editdetail attribution="Reuters BIP Coding Group" action="confirmed" date="1997-03-18"/>
  </code>
  <code code="C18">
    <editdetail attribution="Reuters BIP Coding Group" action="confirmed" date="1997-03-18"/>
  </code>
  <code code="C182">
    <editdetail attribution="Reuters BIP Coding Group" action="confirmed" date="1997-03-18"/>
  </code>
  <code code="CCAT">
    <editdetail attribution="Reuters BIP Coding Group" action="confirmed" date="1997-03-18"/>
  </code>
</codes>
<dc element="dc.date.created" value="1997-03-18"/>
<dc element="dc.publisher" value="Reuters Holdings Plc"/>
<dc element="dc.date.published" value="1997-03-18"/>
<dc element="dc.source" value="Reuters"/>
<dc element="dc.creator.location" value="DALLAS"/>
<dc element="dc.creator.location.country.name" value="USA"/>
<dc element="dc.source" value="Reuters"/>
</metadata>
</newsitem>
