<?xml version="1.0" encoding="iso-8859-1" ?>
<newsitem itemid="449135" id="root" date="1997-03-18" xml:lang="en">
<title>USA: US Sen. Leader Lott says Republicans want tax cut.</title>
<headline>US Sen. Leader Lott says Republicans want tax cut.</headline>
<dateline>WASHINGTON 1997-03-18</dateline>
<text>
<p>Senate Majority Leader Trent Lott said Senate Republicans were united behind wanting tax cuts as part of a balanced budget.</p>
<p>&quot;How big the tax cut package will be will depend on what we're able to do with the overall budget. It would help if we had the president's involvement, it would help if we could get an agreement on a number of issues in the budget,&quot; Lott said. He told reporters he hoped there would be a &quot;significant amount&quot; of tax relief, but said he was unable yet to give a figure as to what that might be.  </p>
<p>&quot;United Republican position ... in the Senate and in the House is to pursue permanent tax relief ... this year,&quot; Lott, a Mississippi Republican said.</p>
<p>&quot;I'm not an advocate of delaying it, but I am an advocate of recognizing that we have to get a budget agreement, we need to have the president's involvement to be able to get that early, we need for it to be bipartisan in the House and the Senate,&quot; Lott said.</p>
<p>Asked whether he was saying it may be necessary to delay the tax bill, Lott said, &quot;no that's not what I'm saying.&quot;</p>
</text>
<copyright>(c) Reuters Limited 1997</copyright>
<metadata>
<codes class="bip:countries:1.0">
  <code code="USA">
    <editdetail attribution="Reuters BIP Coding Group" action="confirmed" date="1997-03-18"/>
  </code>
</codes>
<codes class="bip:topics:1.0">
  <code code="E21">
    <editdetail attribution="Reuters BIP Coding Group" action="confirmed" date="1997-03-18"/>
  </code>
  <code code="E211">
    <editdetail attribution="Reuters BIP Coding Group" action="confirmed" date="1997-03-18"/>
  </code>
  <code code="ECAT">
    <editdetail attribution="Reuters BIP Coding Group" action="confirmed" date="1997-03-18"/>
  </code>
  <code code="GCAT">
    <editdetail attribution="Reuters BIP Coding Group" action="confirmed" date="1997-03-18"/>
  </code>
  <code code="GPOL">
    <editdetail attribution="Reuters BIP Coding Group" action="confirmed" date="1997-03-18"/>
  </code>
</codes>
<dc element="dc.date.created" value="1997-03-18"/>
<dc element="dc.publisher" value="Reuters Holdings Plc"/>
<dc element="dc.date.published" value="1997-03-18"/>
<dc element="dc.source" value="Reuters"/>
<dc element="dc.creator.location" value="WASHINGTON"/>
<dc element="dc.creator.location.country.name" value="USA"/>
<dc element="dc.source" value="Reuters"/>
</metadata>
</newsitem>
