<?xml version="1.0" encoding="iso-8859-1" ?>
<newsitem itemid="449196" id="root" date="1997-03-18" xml:lang="en">
<title>SPAIN: SOCCER-MULDER GOAL GIVES SCHALKE UEFA SEMIFINAL PLACE.</title>
<headline>SOCCER-MULDER GOAL GIVES SCHALKE UEFA SEMIFINAL PLACE.</headline>
<dateline>VALENCIA, Spain 1997-03-18</dateline>
<text>
<p>Schalke, arriving in Spain with a two-goal advantage, did enough to earn a UEFA Cup semifinal place after taking an early lead through Youri Mulder in their quarter-final second leg with Valencia on Tuesday.</p>
<p>The 3-1 aggregate win, 1-1 on the night, gave some revenge to the German league over Valencia, who had opened their European campaign by knocking out Bayern Munich.</p>
<p>Schalke went ahead in the 18th minute of a poor game when a mix-up in midfield let Mulder through the middle of the Valencia defence, and he had no problem in beating goalkeeper Andoni Zubizarreta.</p>
<p>&quot;The goal left us destroyed,&quot; Valencia's Patxi Ferreira said.</p>
<p>Needing four goals to win, Valencia found a faint glimmer of hope when Antonio Poyatos rose above the German defence to head home a cross from the right by Enrique Romero just before the break.</p>
<p>But despite enjoying superior possession in the second half, Valencia failed to break down a solid German defence.</p>
<p>The home side clearly missed the organisational skills and inspiration of Ariel Ortega, the Argentine midfielder who has revolutionised their Spanish league fortunes but is not eligible for the UEFA.</p>
<p>Jorge Valdano made a triple substitution in the 56th minute and the Valencia coach was nearly rewarded moments later when one of the new men, Goran Vlaovic, pounced on a loose ball only to see his shot saved by Schalke goalkeeper Jens Lehmann.</p>
<p>Valencia's best efforts from then on came from high balls, in particular a Ferreira header which went just wide after defenders and forwards at the near post had appeared to hold each other down.</p>
<p>A bad-tempered second half threatened to get out of control at some stages. Mulder, who played a superb game, was left with a bloodied nose after going for a high ball with Jose Ignacio Hurtado, who was booked for the challenge.</p>
</text>
<copyright>(c) Reuters Limited 1997</copyright>
<metadata>
<codes class="bip:countries:1.0">
  <code code="GFR">
    <editdetail attribution="Reuters BIP Coding Group" action="confirmed" date="1997-03-18"/>
  </code>
  <code code="SPAIN">
    <editdetail attribution="Reuters BIP Coding Group" action="confirmed" date="1997-03-18"/>
  </code>
</codes>
<codes class="bip:topics:1.0">
  <code code="GCAT">
    <editdetail attribution="Reuters BIP Coding Group" action="confirmed" date="1997-03-18"/>
  </code>
  <code code="GSPO">
    <editdetail attribution="Reuters BIP Coding Group" action="confirmed" date="1997-03-18"/>
  </code>
</codes>
<dc element="dc.date.created" value="1997-03-18"/>
<dc element="dc.publisher" value="Reuters Holdings Plc"/>
<dc element="dc.date.published" value="1997-03-18"/>
<dc element="dc.source" value="Reuters"/>
<dc element="dc.creator.location" value="VALENCIA, Spain"/>
<dc element="dc.creator.location.country.name" value="SPAIN"/>
<dc element="dc.source" value="Reuters"/>
</metadata>
</newsitem>
