<?xml version="1.0" encoding="iso-8859-1" ?>
<newsitem itemid="449182" id="root" date="1997-03-18" xml:lang="en">
<title>USA: CD Warehouse posts 1996 EPS of $0.10.</title>
<headline>CD Warehouse posts 1996 EPS of $0.10.</headline>
<dateline>OKLAHOMA CITY 1997-03-18</dateline>
<text>
<p>CD Warehouse Inc, which completed its initial public offering in January, said it earned $175,959 or $0.10 a share in 1996 on a pro forma basis.</p>
<p>The company said it had limited operations from its formation in September to December 31, 1996. It reported revenues of $5,005,623.</p>
<p>The results include the company's January 27 acquisition of Compact Discs International for $3.2 million.</p>
<p>CD Warehouses franchises and operates stores which buy, sell and trade new and previously owned compact discs. As of March 14, there were 112 CD Warehouse stores in 25 U.S. states and in England.</p>
<p>((--Chicago newsdesk, 312-408-8787))</p>
</text>
<copyright>(c) Reuters Limited 1997</copyright>
<metadata>
<codes class="bip:countries:1.0">
  <code code="USA">
    <editdetail attribution="Reuters BIP Coding Group" action="confirmed" date="1997-03-18"/>
  </code>
</codes>
<codes class="bip:topics:1.0">
  <code code="C15">
    <editdetail attribution="Reuters BIP Coding Group" action="confirmed" date="1997-03-18"/>
  </code>
  <code code="C151">
    <editdetail attribution="Reuters BIP Coding Group" action="confirmed" date="1997-03-18"/>
  </code>
  <code code="C1511">
    <editdetail attribution="Reuters BIP Coding Group" action="confirmed" date="1997-03-18"/>
  </code>
  <code code="CCAT">
    <editdetail attribution="Reuters BIP Coding Group" action="confirmed" date="1997-03-18"/>
  </code>
</codes>
<dc element="dc.date.created" value="1997-03-18"/>
<dc element="dc.publisher" value="Reuters Holdings Plc"/>
<dc element="dc.date.published" value="1997-03-18"/>
<dc element="dc.source" value="Reuters"/>
<dc element="dc.creator.location" value="OKLAHOMA CITY"/>
<dc element="dc.creator.location.country.name" value="USA"/>
<dc element="dc.source" value="Reuters"/>
</metadata>
</newsitem>
