<?xml version="1.0" encoding="iso-8859-1" ?>
<newsitem itemid="449117" id="root" date="1997-03-18" xml:lang="en">
<title>USA: Cenit Bancorp announces mailing of proxy.</title>
<headline>Cenit Bancorp announces mailing of proxy.</headline>
<dateline>NORFOLK, Va. 1997-03-18</dateline>
<text>
<p>Cenit Bancorp Inc the holding company for CENIT Bank, FSB and Princess Anne Bank, said Tuesday it mailed its stockholders of CENIT's annual report for the year ended December 31, 1996, together with a proxy statement for Cenit's annual meeting of shareholders to be held on April 23, 1997.</p>
<p>Cenit said its proxy statement relates to the election of four directors to CENIT's Board of Directors.  The proxy sent to CENIT's shareholders also gives CENIT's Board of Directors discretionary authority to act on any other proposals that may be brought before the April 23 meeting.</p>
<p>Cenit said its proxy statement discloses that one of CENIT's shareholders, Mid-Atlantic Investors, has notified CENIT that at the annual meeting Mid-Atlantic may nominate three individuals of their own for seats on the Board of Directors, and that it may bring before the meeting one or more of four separate stockholder proposals.  Cenit said it does not know at this point whether or when Mid-Atlantic may actually commence a competing proxy solicitation.</p>
</text>
<copyright>(c) Reuters Limited 1997</copyright>
<metadata>
<codes class="bip:countries:1.0">
  <code code="USA">
    <editdetail attribution="Reuters BIP Coding Group" action="confirmed" date="1997-03-18"/>
  </code>
</codes>
<codes class="bip:industries:1.0">
  <code code="I81402">
    <editdetail attribution="Reuters BIP Coding Group" action="confirmed" date="1997-03-18"/>
  </code>
</codes>
<codes class="bip:topics:1.0">
  <code code="C11">
    <editdetail attribution="Reuters BIP Coding Group" action="confirmed" date="1997-03-18"/>
  </code>
  <code code="C41">
    <editdetail attribution="Reuters BIP Coding Group" action="confirmed" date="1997-03-18"/>
  </code>
  <code code="C411">
    <editdetail attribution="Reuters BIP Coding Group" action="confirmed" date="1997-03-18"/>
  </code>
  <code code="CCAT">
    <editdetail attribution="Reuters BIP Coding Group" action="confirmed" date="1997-03-18"/>
  </code>
</codes>
<dc element="dc.date.created" value="1997-03-18"/>
<dc element="dc.publisher" value="Reuters Holdings Plc"/>
<dc element="dc.date.published" value="1997-03-18"/>
<dc element="dc.source" value="Reuters"/>
<dc element="dc.creator.location" value="NORFOLK, Va."/>
<dc element="dc.creator.location.country.name" value="USA"/>
<dc element="dc.source" value="Reuters"/>
</metadata>
</newsitem>
