<?xml version="1.0" encoding="iso-8859-1" ?>
<newsitem itemid="449115" id="root" date="1997-03-18" xml:lang="en">
<title>USA: Comstock buys stakes in 13 wells.</title>
<headline>Comstock buys stakes in 13 wells.</headline>
<dateline>DALLAS 1997-03-18</dateline>
<text>
<p>Comstock Resources Inc said Tuesday it entered into a purchase and sale agreement with 28 parties to acquire working interests in the Lisbon Field in Claiborne Parish, La.</p>
<p>Comstock will acquire interests, for $20.7 million, in 13 wells (7.1 net) producing from multiple Cotton Valley sands at depths from 8,560 to 8,999 feet.</p>
<p>Included also in the sale are about 6,400 gross undeveloped acres in the Lisbon Field. The acquisition includes all production after January 31 and is expected to close by the end of April 1997, the company said.</p>
<p>Comstock intends to fund the acquisition with borrowings under its $166 million bank revolving credit facility.</p>
<p>&quot;We expect that the acquisition will have a positive impact on the company's earnings and cash flow beginning in May 1997,&quot; said M. Jay Allison, president and chief executive officer of Comstock.</p>
</text>
<copyright>(c) Reuters Limited 1997</copyright>
<metadata>
<codes class="bip:countries:1.0">
  <code code="USA">
    <editdetail attribution="Reuters BIP Coding Group" action="confirmed" date="1997-03-18"/>
  </code>
</codes>
<codes class="bip:industries:1.0">
  <code code="I13000">
    <editdetail attribution="Reuters BIP Coding Group" action="confirmed" date="1997-03-18"/>
  </code>
  <code code="I1300003">
    <editdetail attribution="Reuters BIP Coding Group" action="confirmed" date="1997-03-18"/>
  </code>
</codes>
<codes class="bip:topics:1.0">
  <code code="C18">
    <editdetail attribution="Reuters BIP Coding Group" action="confirmed" date="1997-03-18"/>
  </code>
  <code code="C182">
    <editdetail attribution="Reuters BIP Coding Group" action="confirmed" date="1997-03-18"/>
  </code>
  <code code="C24">
    <editdetail attribution="Reuters BIP Coding Group" action="confirmed" date="1997-03-18"/>
  </code>
  <code code="CCAT">
    <editdetail attribution="Reuters BIP Coding Group" action="confirmed" date="1997-03-18"/>
  </code>
</codes>
<dc element="dc.date.created" value="1997-03-18"/>
<dc element="dc.publisher" value="Reuters Holdings Plc"/>
<dc element="dc.date.published" value="1997-03-18"/>
<dc element="dc.source" value="Reuters"/>
<dc element="dc.creator.location" value="DALLAS"/>
<dc element="dc.creator.location.country.name" value="USA"/>
<dc element="dc.source" value="Reuters"/>
</metadata>
</newsitem>
