<?xml version="1.0" encoding="iso-8859-1" ?>
<newsitem itemid="449158" id="root" date="1997-03-18" xml:lang="en">
<title>USA: Vita Food sees higher Q4 pretax income.</title>
<headline>Vita Food sees higher Q4 pretax income.</headline>
<dateline>CHICAGO 1997-03-18</dateline>
<text>
<p>Vita Food Products Inc said Tuesday it expects to report fourth quarter income that will be &quot;very modestly&quot; lower compared to the $886,000 or $0.30 a share it earned in the 1995 quarter.</p>
<p>The 1996 quarter, however, included the payment of income taxes compared with no taxes paid laxt year.</p>
<p>On a pretax basis, fourth quarter 1996 earnings will be up about 20 percent from the 1995 period, Vita Food said.</p>
<p>&quot;On a pretax basis, the comparisons are much better,&quot; Jay Dembsky, chief financial officer, said in an interview. &quot;We're expecting pretax income (will be) up about 20 percent.&quot;  </p>
<p>Revenues for the fourth quarter are expected to be up about two to five percent from year-ago revenues of $8.4 million, Dembsky said.</p>
<p>For the year, which ended December 31, 1996, Vita Food said it expects to report revenues of between $22.0 and $23.0 million, compared with 1995 revenues of $21.4 million.</p>
<p>Net income for the year, Dembsky said, is expected to be between $700,000 and $850,000, or roughly $0.24 to $0.29 a share. A year ago, it earned $131,000 or $0.04 a share.</p>
<p>The 1995 results, however, included a $356,000 litigation settlement charge, which reduced net income by about $0.12 a share.</p>
<p>Adding that charge to 1995 earnings, Dembsky said, &quot;it's still a strong&quot; comparison for 1996.</p>
<p>For the first nine months of 1996, Vita Food reported a net loss of $27,997 or $0.01 a share, compared with a year-ago loss of $754,645 or $0.26 a share.</p>
<p>((Reuters Chicago Newsdesk (312) 408-8787))</p>
</text>
<copyright>(c) Reuters Limited 1997</copyright>
<metadata>
<codes class="bip:countries:1.0">
  <code code="USA">
    <editdetail attribution="Reuters BIP Coding Group" action="confirmed" date="1997-03-18"/>
  </code>
</codes>
<codes class="bip:topics:1.0">
  <code code="C15">
    <editdetail attribution="Reuters BIP Coding Group" action="confirmed" date="1997-03-18"/>
  </code>
  <code code="C152">
    <editdetail attribution="Reuters BIP Coding Group" action="confirmed" date="1997-03-18"/>
  </code>
  <code code="CCAT">
    <editdetail attribution="Reuters BIP Coding Group" action="confirmed" date="1997-03-18"/>
  </code>
</codes>
<dc element="dc.date.created" value="1997-03-18"/>
<dc element="dc.publisher" value="Reuters Holdings Plc"/>
<dc element="dc.date.published" value="1997-03-18"/>
<dc element="dc.source" value="Reuters"/>
<dc element="dc.creator.location" value="CHICAGO"/>
<dc element="dc.creator.location.country.name" value="USA"/>
<dc element="dc.source" value="Reuters"/>
</metadata>
</newsitem>
