<?xml version="1.0" encoding="iso-8859-1" ?>
<newsitem itemid="449141" id="root" date="1997-03-18" xml:lang="en">
<title>USA: IMF chief opposes EMU delay.</title>
<headline>IMF chief opposes EMU delay.</headline>
<dateline>WASHINGTON 1997-03-18</dateline>
<text>
<p>The head of the International Monetary Fund came out on Tuesday against any delay in the planned 1999 launch of a new European currency, saying it was time &quot;to finish the job&quot; of monetary union.</p>
<p>In a speech for delivery to an IMF-sponsored conference here, Managing Director Michel Camdessus suggested that the tough 1997 budget criteria set down in the Maastricht Treaty for the launch of the euro could be interpreted flexibly to allow the ambitious project to go ahead.</p>
<p>&quot;In the final analysis ... the most important thing is to ensure that the underlying pace of fiscal consolidation is adequate, and, above all, that countries' commitments beyond 1997 are consistent with the Maastricht Treaty,&quot; he said.</p>
<p>Financial markets have been abuzz with rumors that the start of european monetary union (EMU) will be delayed because of the difficulties that many nations, particularly Germany, face in meeting the Maastricht budget criteria for this year.</p>
<p>Under the Treaty, nations that wish to join the union must reduce their budget deficits this year to about the equivalent of three percent of gross domestic product.  </p>
<p>&quot;The Treaty offers some scope for interpretation,&quot; Camdessus said in an apparent suggestion that countries might be allowed to narrowly miss the three percent target this year if their long-term budget plans were sound.</p>
<p>The IMF chief said it was &quot;feasible&quot; that most European countries will hit the three percent target for this year.</p>
<p>&quot;There are good grounds for believing that growth will be stronger this year than last and that countries' budgetary positions will improve,&quot; he said.</p>
<p>But if economic growth looks to be falling short of expectations, Camdessus suggested that European nations should consider cutting interest rates to help boost output.</p>
<p>&quot;If there were a need to support economic activity -- while inflation remains subdued and fiscal consolidation was proceeding -- an easing of monetary conditions might be considered,&quot; the IMF chief said.</p>
<p>He stressed the importance of the EMU beginning on a &quot;sound economic footing&quot; -- both for those who qualify to join at the start and for those who will participate later.  </p>
<p>&quot;Later entrance must ... help ensure that EMU begins on time, and with an appropriate initial size -- but most importantly, that it begins on a sound economic footing,&quot; he said.</p>
<p>&quot;The essential thing,&quot; he added, &quot;is that a clear road map be established for them (the later entrants) to join as soon as possible thereafter, so that there are no adverse market reactions.&quot;</p>
<p>Camdessus acknowledged that currency markets might be more prone to misalignments after the introduction of the Euro and highlighted the role that the IMF can play in dealing with them.</p>
<p>&quot;The incidences of misalignments could become more frequent and more damaging in a bi- or tri-polar (currency regime),&quot; the IMF chief said.</p>
<p>He also warned that persistent high European unemployment could undermine the credibility of the Euro as a stable currency and urged European countries to do more to reform their labor markets.</p>
<p>&quot;Progress in addressing labor market rigidities has been painfully slow in most EU (European Union) countries,&quot; Camdessus said. &quot;Much more determined action is needed.&quot;</p>
</text>
<copyright>(c) Reuters Limited 1997</copyright>
<metadata>
<codes class="bip:countries:1.0">
  <code code="EEC">
    <editdetail attribution="Reuters BIP Coding Group" action="confirmed" date="1997-03-18"/>
  </code>
  <code code="USA">
    <editdetail attribution="Reuters BIP Coding Group" action="confirmed" date="1997-03-18"/>
  </code>
</codes>
<codes class="bip:industries:1.0">
  <code code="I81501">
    <editdetail attribution="Reuters BIP Coding Group" action="confirmed" date="1997-03-18"/>
  </code>
  <code code="I8150106">
    <editdetail attribution="Reuters BIP Coding Group" action="confirmed" date="1997-03-18"/>
  </code>
</codes>
<codes class="bip:topics:1.0">
  <code code="E12">
    <editdetail attribution="Reuters BIP Coding Group" action="confirmed" date="1997-03-18"/>
  </code>
  <code code="ECAT">
    <editdetail attribution="Reuters BIP Coding Group" action="confirmed" date="1997-03-18"/>
  </code>
  <code code="G15">
    <editdetail attribution="Reuters BIP Coding Group" action="confirmed" date="1997-03-18"/>
  </code>
  <code code="G151">
    <editdetail attribution="Reuters BIP Coding Group" action="confirmed" date="1997-03-18"/>
  </code>
  <code code="G154">
    <editdetail attribution="Reuters BIP Coding Group" action="confirmed" date="1997-03-18"/>
  </code>
  <code code="GCAT">
    <editdetail attribution="Reuters BIP Coding Group" action="confirmed" date="1997-03-18"/>
  </code>
</codes>
<dc element="dc.date.created" value="1997-03-18"/>
<dc element="dc.publisher" value="Reuters Holdings Plc"/>
<dc element="dc.date.published" value="1997-03-18"/>
<dc element="dc.source" value="Reuters"/>
<dc element="dc.creator.location" value="WASHINGTON"/>
<dc element="dc.creator.location.country.name" value="USA"/>
<dc element="dc.source" value="Reuters"/>
</metadata>
</newsitem>
