<?xml version="1.0" encoding="iso-8859-1" ?>
<newsitem itemid="449148" id="root" date="1997-03-18" xml:lang="en">
<title>USA: Cellular Technical Q4 shr loss $0.13.</title>
<headline>Cellular Technical Q4 shr loss $0.13.</headline>
<dateline>SEATTLE 1997-03-18</dateline>
<text>
<p>CELLULAR TECHNICAL SERVICES COMPANY, INC.</p>
<p>			  STATEMENTS OF OPERATIONS</p>
<p>				  (unaudited)</p>
<p>			   Three Months Ended	  Year Ended</p>
<p>				December 31,	    December 31,</p>
<p>			    1996	 1995	 1996	 1995</p>
<p>REVENUES</p>
<p>Systems sales     $6,552,821 $2,769,753 $19,799,183 $9,531,801</p>
<p>Service fees	   353,250    457,399   1,102,421  2,577,523</p>
<p>Total Revenues     6,906,071  3,227,152  20,901,604 12,109,324</p>
<p>COSTS AND EXPENSES</p>
<p>Costs of Systems and</p>
<p> Services	    6,122,796    966,653  16,616,591  4,722,105</p>
<p>Sales and</p>
<p> marketing	   1,080,461    497,826   3,400,894  2,141,853</p>
<p>General and</p>
<p> administrative	835,122    531,438   2,965,774  2,115,991</p>
<p>Research and</p>
<p> development	 1,821,110    842,944   5,523,323  3,539,700</p>
<p>Total Costs and</p>
<p> Expenses	    9,859,489  2,838,861  28,506,582 12,519,649</p>
<p>INCOME (LOSS) FROM</p>
<p> OPERATIONS	 (2,953,418)   388,291  (7,604,978) (410,325)</p>
<p>INTEREST INCOME	 40,084    124,680     254,877    475,512</p>
<p>INCOME (LOSS) BEFORE</p>
<p> INCOME TAXES     (2,913,334)   512,971  (7,350,101)    65,187</p>
<p>PROVISION FOR</p>
<p> INCOME TAXES			   2,000			2,000</p>
<p>NET INCOME</p>
<p> (LOSS)	    $(2,913,334)  $510,971 $(7,350,101)   $63,187</p>
<p>NET INCOME (LOSS)</p>
<p> PER SHARE		 $(.13)	$.02	 $(.33)	$.00</p>
<p>WEIGHTED AVERAGE</p>
<p>SHARES</p>
<p> OUTSTANDING	22,422,395 22,894,464  21,998,609 22,026,150</p>
</text>
<copyright>(c) Reuters Limited 1997</copyright>
<metadata>
<codes class="bip:countries:1.0">
  <code code="USA">
    <editdetail attribution="Reuters BIP Coding Group" action="confirmed" date="1997-03-18"/>
  </code>
</codes>
<codes class="bip:industries:1.0">
  <code code="I34410">
    <editdetail attribution="Reuters BIP Coding Group" action="confirmed" date="1997-03-18"/>
  </code>
</codes>
<codes class="bip:topics:1.0">
  <code code="C15">
    <editdetail attribution="Reuters BIP Coding Group" action="confirmed" date="1997-03-18"/>
  </code>
  <code code="C151">
    <editdetail attribution="Reuters BIP Coding Group" action="confirmed" date="1997-03-18"/>
  </code>
  <code code="C1511">
    <editdetail attribution="Reuters BIP Coding Group" action="confirmed" date="1997-03-18"/>
  </code>
  <code code="CCAT">
    <editdetail attribution="Reuters BIP Coding Group" action="confirmed" date="1997-03-18"/>
  </code>
</codes>
<dc element="dc.date.created" value="1997-03-18"/>
<dc element="dc.publisher" value="Reuters Holdings Plc"/>
<dc element="dc.date.published" value="1997-03-18"/>
<dc element="dc.source" value="Reuters"/>
<dc element="dc.creator.location" value="SEATTLE"/>
<dc element="dc.creator.location.country.name" value="USA"/>
<dc element="dc.source" value="Reuters"/>
</metadata>
</newsitem>
