<?xml version="1.0" encoding="iso-8859-1" ?>
<newsitem itemid="449129" id="root" date="1997-03-18" xml:lang="en">
<title>USA: Axsys gets 72 pct of preferred in offer.</title>
<headline>Axsys gets 72 pct of preferred in offer.</headline>
<dateline>NEW YORK 1997-03-18</dateline>
<text>
<p>Axsys Technologies Inc said on Tuesday it received and accepted 530,000 of its preferred shares, or 72 percent of those outstanding, in response to an exchange offer it began on February 14.</p>
<p>The exchange offer expired Monday.</p>
<p>Axsys supplies precision optical components and other precision components.</p>
</text>
<copyright>(c) Reuters Limited 1997</copyright>
<metadata>
<codes class="bip:countries:1.0">
  <code code="USA">
    <editdetail attribution="Reuters BIP Coding Group" action="confirmed" date="1997-03-18"/>
  </code>
</codes>
<codes class="bip:topics:1.0">
  <code code="C17">
    <editdetail attribution="Reuters BIP Coding Group" action="confirmed" date="1997-03-18"/>
  </code>
  <code code="C171">
    <editdetail attribution="Reuters BIP Coding Group" action="confirmed" date="1997-03-18"/>
  </code>
  <code code="CCAT">
    <editdetail attribution="Reuters BIP Coding Group" action="confirmed" date="1997-03-18"/>
  </code>
</codes>
<dc element="dc.date.created" value="1997-03-18"/>
<dc element="dc.publisher" value="Reuters Holdings Plc"/>
<dc element="dc.date.published" value="1997-03-18"/>
<dc element="dc.source" value="Reuters"/>
<dc element="dc.creator.location" value="NEW YORK"/>
<dc element="dc.creator.location.country.name" value="USA"/>
<dc element="dc.source" value="Reuters"/>
</metadata>
</newsitem>
