<?xml version="1.0" encoding="iso-8859-1" ?>
<newsitem itemid="449153" id="root" date="1997-03-18" xml:lang="en">
<title>USA: Reliv' International Inc Q4 net up.</title>
<headline>Reliv' International Inc Q4 net up.</headline>
<dateline>CHESTERFIELD, Mo. 1997-03-18</dateline>
<text>
<p>1997		     1996</p>
<p> Shr primary		$0.06		    $0.01</p>
<p> Shr diluted		$0.06		    $0.01</p>
<p> Net			    589			 74</p>
<p> Revs			12,044		    6,898</p>
<p> Avg shrs primary	10,384		   10,306</p>
<p> Avg shrs diluted	10,517		   10,306</p>
<p>(All Data Above 000s Except Per Share Numbers)  </p>
<p>NOTE: Q4 1996 net sales based on $17,926,449 sales at retail less $5,882,765 in distributor allowances vs Q4 1995 $10,547,645 sales at retail less $3,650,027 in allowance.</p>
<p>			YEAR</p>
<p> Shr primary		$0.15		    $0.06</p>
<p> Shr diluted		$0.14		    $0.06</p>
<p> Net			  1,507			570</p>
<p> Revs			40,730		   28,914</p>
<p> Avg shrs primary	10,384		   10,306</p>
<p> Avg shrs diluted	10,517		   10,306</p>
<p>(All Data Above 000s Except Per Share Numbers)</p>
<p>NOTE: 1996 net sales based on $60,840,620 sales at retail less distributor allowances of $20,110,627 vs 1995 sales at retail $46,466,287 less distributor allowances of $17,552,414.</p>
<p>((Reuters Chicago Newsdesk (312) 408-8787))</p>
</text>
<copyright>(c) Reuters Limited 1997</copyright>
<metadata>
<codes class="bip:countries:1.0">
  <code code="USA">
    <editdetail attribution="Reuters BIP Coding Group" action="confirmed" date="1997-03-18"/>
  </code>
</codes>
<codes class="bip:industries:1.0">
  <code code="I42390">
    <editdetail attribution="Reuters BIP Coding Group" action="confirmed" date="1997-03-18"/>
  </code>
</codes>
<codes class="bip:topics:1.0">
  <code code="C15">
    <editdetail attribution="Reuters BIP Coding Group" action="confirmed" date="1997-03-18"/>
  </code>
  <code code="C151">
    <editdetail attribution="Reuters BIP Coding Group" action="confirmed" date="1997-03-18"/>
  </code>
  <code code="C1511">
    <editdetail attribution="Reuters BIP Coding Group" action="confirmed" date="1997-03-18"/>
  </code>
  <code code="CCAT">
    <editdetail attribution="Reuters BIP Coding Group" action="confirmed" date="1997-03-18"/>
  </code>
</codes>
<dc element="dc.date.created" value="1997-03-18"/>
<dc element="dc.publisher" value="Reuters Holdings Plc"/>
<dc element="dc.date.published" value="1997-03-18"/>
<dc element="dc.source" value="Reuters"/>
<dc element="dc.creator.location" value="CHESTERFIELD, Mo."/>
<dc element="dc.creator.location.country.name" value="USA"/>
<dc element="dc.source" value="Reuters"/>
</metadata>
</newsitem>
