<?xml version="1.0" encoding="iso-8859-1" ?>
<newsitem itemid="449197" id="root" date="1997-03-18" xml:lang="en">
<title>ITALY: SOCCER-GANZ SENDS INTER INTO UEFA CUP SEMIS.</title>
<headline>SOCCER-GANZ SENDS INTER INTO UEFA CUP SEMIS.</headline>
<byline>Alan Baldwin</byline>
<dateline>MILAN 1997-03-18</dateline>
<text>
<p>Maurizio Ganz scored both goals on Tuesday as Inter Milan beat Anderlecht 2-1 on Tuesday to move into the UEFA Cup semifinals 3-2 on aggregate.</p>
<p>Ganz, who scored in the first-leg 1-1 draw in Belgium, took his competition total to five with two headers in the San Siro to end Anderlecht's hopes but it was a far from vintage performance from the Italians.</p>
<p>&quot;The thing that mattered was to win,&quot; said Inter's English coach Roy Hodgson, whose team are looking at the UEFA Cup to redeem a season which has otherwise turned sour, with a place in the top two in the Italian league slipping away.</p>
<p>Anderlecht's hopes got off on the wrong foot on the eve of the match when first-choice goalkeeper Geert De Vlieger twisted his ankle getting off the team bus.</p>
<p>They also lost influential midfielder Danny Boffin after 18 minutes with a leg injury.</p>
<p>Stand-in goalkeeper Frederic Herpoel did a brave job but could do little to prevent the goals, both of which derived from poor marking.</p>
<p>Ganz got the first in the 12th minute with a close-range header from a cross by Frenchman Youri Djorkaeff.</p>
<p>His second after an hour was a more spectacular diving header when he connected with a cross from Argentine Javier Zanetti to keep Inter on course for a third UEFA Cup title in seven years. The club were champions in 1991 and 1994.</p>
<p>Anderlecht had equalised in the 33rd minute when Ghanaian striker Yaw Preko, who has not scored in the Belgian league since September, ended his goal drought by prodding in on the volley a cross from Swede Par Zetterberg.</p>
<p>Zetterberg, who was one of the most impressive players on the pitch, set up several chances which went begging.</p>
<p>Ganz, who had a second-minute goal disallowed for offside, had opportunities to complete a hat-trick before Hodgson pulled him off in the 76th minute to make way for Dutchman Aron Winter, who was sent packing to the stands at the weekend after a row with the boss.</p>
<p>The crowd gave Ganz a standing ovation while booing Hodgson's tactics.</p>
<p>&quot;I think everyone understood the substitution,&quot; said Hodgson, at pains to rule out more talk of divisions at the club after recent newspaper stories.</p>
<p>&quot;It had to be either Ganz or Djorkaeff as (Ivan) Zamorano was too important to us for free-kicks and penalties.&quot;</p>
<p>Chilean striker Zamorano had a poor game, missing several chances including a clear header when left unmarked in front of goal.</p>
<p>But Hodgson dismissed suggestions that Inter looked below par, saying: &quot;It was a difficult match, difficult for Anderlecht above all.&quot;</p>
<p>Anderlecht's Dutch coach Johan Boskamp, who has already announced his departure at the end of the season, said De Vlieger's injury was a &quot;silly way&quot; to get hurt.</p>
<p>&quot;We could have won. Inter had a lot of problems with how we played,&quot; he added.</p>
</text>
<copyright>(c) Reuters Limited 1997</copyright>
<metadata>
<codes class="bip:countries:1.0">
  <code code="BELG">
    <editdetail attribution="Reuters BIP Coding Group" action="confirmed" date="1997-03-18"/>
  </code>
  <code code="ITALY">
    <editdetail attribution="Reuters BIP Coding Group" action="confirmed" date="1997-03-18"/>
  </code>
</codes>
<codes class="bip:topics:1.0">
  <code code="GCAT">
    <editdetail attribution="Reuters BIP Coding Group" action="confirmed" date="1997-03-18"/>
  </code>
  <code code="GSPO">
    <editdetail attribution="Reuters BIP Coding Group" action="confirmed" date="1997-03-18"/>
  </code>
</codes>
<dc element="dc.date.created" value="1997-03-18"/>
<dc element="dc.publisher" value="Reuters Holdings Plc"/>
<dc element="dc.date.published" value="1997-03-18"/>
<dc element="dc.source" value="Reuters"/>
<dc element="dc.creator.location" value="MILAN"/>
<dc element="dc.creator.location.country.name" value="ITALY"/>
<dc element="dc.source" value="Reuters"/>
</metadata>
</newsitem>
