<?xml version="1.0" encoding="iso-8859-1" ?>
<newsitem itemid="449118" id="root" date="1997-03-18" xml:lang="en">
<title>USA: CSCE world sugar settles lower amid thin volume.</title>
<headline>CSCE world sugar settles lower amid thin volume.</headline>
<dateline>NEW YORK 1997-03-18</dateline>
<text>
<p>CSCE world sugar futures ended slightly down in rangebound and light trade, floor sources said.</p>
<p>Mixed activity, including trade selling and scale-down trade buying, was cited amid volume estimated at only 9,579 lots.</p>
<p>Monday's official volume was 9,832 lots.</p>
<p>A dearth of fundamental news kept the tone dull as benchmark May remained between technical support at 10.85, and resistance at 10.95 to 11.00 cents.</p>
<p>May closed 0.04 lower at 10.88 cents per lb, having ranged from 10.93 to 10.84 cents. The back months finished 0.02 to 0.06 cent weaker.</p>
<p>Traders said prices could gradually work toward the top of the trading range despite the day's losses. Speculative buying in May and trade buying in the May/July spread is expected to hold the market around current levels, they said.</p>
<p>((Suzanne Rostler, New York Commodity Desk, 212-859-1640))</p>
</text>
<copyright>(c) Reuters Limited 1997</copyright>
<metadata>
<codes class="bip:countries:1.0">
  <code code="USA">
    <editdetail attribution="Reuters BIP Coding Group" action="confirmed" date="1997-03-18"/>
  </code>
</codes>
<codes class="bip:topics:1.0">
  <code code="M14">
    <editdetail attribution="Reuters BIP Coding Group" action="confirmed" date="1997-03-18"/>
  </code>
  <code code="M141">
    <editdetail attribution="Reuters BIP Coding Group" action="confirmed" date="1997-03-18"/>
  </code>
  <code code="MCAT">
    <editdetail attribution="Reuters BIP Coding Group" action="confirmed" date="1997-03-18"/>
  </code>
</codes>
<dc element="dc.date.created" value="1997-03-18"/>
<dc element="dc.publisher" value="Reuters Holdings Plc"/>
<dc element="dc.date.published" value="1997-03-18"/>
<dc element="dc.source" value="Reuters"/>
<dc element="dc.creator.location" value="NEW YORK"/>
<dc element="dc.creator.location.country.name" value="USA"/>
<dc element="dc.source" value="Reuters"/>
</metadata>
</newsitem>
