<?xml version="1.0" encoding="iso-8859-1" ?>
<newsitem itemid="449121" id="root" date="1997-03-18" xml:lang="en">
<title>USA: MVSI sees Q4 shr, sales rise.</title>
<headline>MVSI sees Q4 shr, sales rise.</headline>
<dateline>VIENNA, Va. 1997-03-18</dateline>
<text>
<p>MVSI Inc said that it expects its second quarter profits to increase over the $0.05 a share reported in last year's second quarter.</p>
<p>Sales for the second quarter ending March 31, 1997 are expected to increase to approximately $10 million from $3 million in the year ago period, MVSI said.</p>
</text>
<copyright>(c) Reuters Limited 1997</copyright>
<metadata>
<codes class="bip:countries:1.0">
  <code code="USA">
    <editdetail attribution="Reuters BIP Coding Group" action="confirmed" date="1997-03-18"/>
  </code>
</codes>
<codes class="bip:topics:1.0">
  <code code="C15">
    <editdetail attribution="Reuters BIP Coding Group" action="confirmed" date="1997-03-18"/>
  </code>
  <code code="C152">
    <editdetail attribution="Reuters BIP Coding Group" action="confirmed" date="1997-03-18"/>
  </code>
  <code code="C31">
    <editdetail attribution="Reuters BIP Coding Group" action="confirmed" date="1997-03-18"/>
  </code>
  <code code="CCAT">
    <editdetail attribution="Reuters BIP Coding Group" action="confirmed" date="1997-03-18"/>
  </code>
</codes>
<dc element="dc.date.created" value="1997-03-18"/>
<dc element="dc.publisher" value="Reuters Holdings Plc"/>
<dc element="dc.date.published" value="1997-03-18"/>
<dc element="dc.source" value="Reuters"/>
<dc element="dc.creator.location" value="VIENNA, Va."/>
<dc element="dc.creator.location.country.name" value="USA"/>
<dc element="dc.source" value="Reuters"/>
</metadata>
</newsitem>
