<?xml version="1.0" encoding="iso-8859-1" ?>
<newsitem itemid="449143" id="root" date="1997-03-18" xml:lang="en">
<title>USA: Host Marriott deal seen beneficial.</title>
<headline>Host Marriott deal seen beneficial.</headline>
<dateline>NEW YORK 1997-03-18</dateline>
<text>
<p>Marriott International Inc's agreement to sell its assisted living communities to Host Marriott Corp, though fair for both parties, is especially beneficial to Host Marriott, analysts said.</p>
<p>&quot;It's a fair deal for both parties and sits well with the underlying strategy of both companies,&quot; said Joyce Minor, an analyst with Lehman Brothers.</p>
<p>&quot;This is the first time that Host Marriott has gone into real estate associated with assisted living facilities, which have great demographics.  It provides diversification,&quot; she said.  </p>
<p>On Tuesday Host Marriott Corp said it agreed to buy 29 senior living communities from Marriott International for $433 million and spend $107 million expanding the facilities.</p>
<p>&quot;They're buying it at an attractive multiple of about eight times 1997 EBITDA (earnings before interest, taxes, depreciation and amortization), but Host Marriott trades at 11 to 12 times 1997 EBITDA.  So while it's consistent with pricing they make for acquisitions in the hotel industry, it's a good deal for shareholders,&quot; Minor added.</p>
<p>Mike Mueller, an analyst with Montgomery Securities, agreed.  </p>
<p>&quot;I think it's a good transaction for both parties.  Host acquired the properties at an attractive price,&quot; Mueller said.</p>
<p>&quot;It's a great diversification move for Host because of the rapid growth of the senior living services industry, which is about 20 percent,&quot; he said.</p>
<p>Host Marriott's current holdings are in hotel and lodging properties.</p>
<p>As for Marriott International, the consensus was that the move is in line with the company's strategy of managing properties, rather than owning the real estate.</p>
<p>&quot;For Marriott International, this is pretty much in line with what we have expected them to do,&quot; said Camille Humphries of Alex. Brown Securities.  &quot;We are not surprised at all.&quot;</p>
<p>(( -- S. Spielberg 212 859 1610))</p>
</text>
<copyright>(c) Reuters Limited 1997</copyright>
<metadata>
<codes class="bip:countries:1.0">
  <code code="USA">
    <editdetail attribution="Reuters BIP Coding Group" action="confirmed" date="1997-03-18"/>
  </code>
</codes>
<codes class="bip:industries:1.0">
  <code code="I66500">
    <editdetail attribution="Reuters BIP Coding Group" action="confirmed" date="1997-03-18"/>
  </code>
</codes>
<codes class="bip:topics:1.0">
  <code code="C15">
    <editdetail attribution="Reuters BIP Coding Group" action="confirmed" date="1997-03-18"/>
  </code>
  <code code="C152">
    <editdetail attribution="Reuters BIP Coding Group" action="confirmed" date="1997-03-18"/>
  </code>
  <code code="C18">
    <editdetail attribution="Reuters BIP Coding Group" action="confirmed" date="1997-03-18"/>
  </code>
  <code code="C182">
    <editdetail attribution="Reuters BIP Coding Group" action="confirmed" date="1997-03-18"/>
  </code>
  <code code="CCAT">
    <editdetail attribution="Reuters BIP Coding Group" action="confirmed" date="1997-03-18"/>
  </code>
</codes>
<dc element="dc.date.created" value="1997-03-18"/>
<dc element="dc.publisher" value="Reuters Holdings Plc"/>
<dc element="dc.date.published" value="1997-03-18"/>
<dc element="dc.source" value="Reuters"/>
<dc element="dc.creator.location" value="NEW YORK"/>
<dc element="dc.creator.location.country.name" value="USA"/>
<dc element="dc.source" value="Reuters"/>
</metadata>
</newsitem>
