<?xml version="1.0" encoding="iso-8859-1" ?>
<newsitem itemid="449111" id="root" date="1997-03-18" xml:lang="en">
<title>USA: De Rigo SpA 96 FY shr per ADS falls.</title>
<headline>De Rigo SpA 96 FY shr per ADS falls.</headline>
<dateline>NEW YORK 1997-03-18</dateline>
<text>
<p>Italian sunglass maker De Rigo SpA said Tuesday that its fiscal 1996 net income was $33.3 million on net sales of $168.8 million, resulting in earnings of $0.75 per ADS.</p>
<p>The company said its 1995 earnings were $1.04 per ADS.</p>
<p>The number of shares used in 1996 calculations was 44.5 million, compared with 40.9 million used in 1995. The exchange rate used in 1996 was $1 per 1,543.10 lira, compared with $1 per 1,629.17 lira in 1995, the company said.</p>
<p>De Rigo 1996 net income was 51.4 billion lira on net sales of 260.4 billion lira.  Its 1995 net income was 69.2 billion lira.</p>
</text>
<copyright>(c) Reuters Limited 1997</copyright>
<metadata>
<codes class="bip:countries:1.0">
  <code code="ITALY">
    <editdetail attribution="Reuters BIP Coding Group" action="confirmed" date="1997-03-18"/>
  </code>
  <code code="USA">
    <editdetail attribution="Reuters BIP Coding Group" action="confirmed" date="1997-03-18"/>
  </code>
</codes>
<codes class="bip:industries:1.0">
  <code code="I37300">
    <editdetail attribution="Reuters BIP Coding Group" action="confirmed" date="1997-03-18"/>
  </code>
</codes>
<codes class="bip:topics:1.0">
  <code code="C15">
    <editdetail attribution="Reuters BIP Coding Group" action="confirmed" date="1997-03-18"/>
  </code>
  <code code="C151">
    <editdetail attribution="Reuters BIP Coding Group" action="confirmed" date="1997-03-18"/>
  </code>
  <code code="C1511">
    <editdetail attribution="Reuters BIP Coding Group" action="confirmed" date="1997-03-18"/>
  </code>
  <code code="CCAT">
    <editdetail attribution="Reuters BIP Coding Group" action="confirmed" date="1997-03-18"/>
  </code>
</codes>
<dc element="dc.date.created" value="1997-03-18"/>
<dc element="dc.publisher" value="Reuters Holdings Plc"/>
<dc element="dc.date.published" value="1997-03-18"/>
<dc element="dc.source" value="Reuters"/>
<dc element="dc.creator.location" value="NEW YORK"/>
<dc element="dc.creator.location.country.name" value="USA"/>
<dc element="dc.source" value="Reuters"/>
</metadata>
</newsitem>
