<?xml version="1.0" encoding="iso-8859-1" ?>
<newsitem itemid="449177" id="root" date="1997-03-18" xml:lang="en">
<title>USA: Diebold 1996 terminal shipments hit record.</title>
<headline>Diebold 1996 terminal shipments hit record.</headline>
<dateline>NORTH CANTON, Ohio 1997-03-18</dateline>
<text>
<p>Diebold Inc said on Tuesday it shipped a record 26,043 InterBold self-service terminals worldwide in 1996, up 27 percent from the year before.</p>
<p>The shipments include automatic teller machines and cash dispensers. Diebold said it also shipped 12,100 upgrade modules.</p>
<p>&quot;Our largest gains came in Latin America, where a stronger economy and the increased mini-branch activity helped boost shipments by 78 percent, to 2,927 units,&quot; a Diebold spokesman said.</p>
<p>Shipments in Asia were up 43 percent, the company added.</p>
</text>
<copyright>(c) Reuters Limited 1997</copyright>
<metadata>
<codes class="bip:countries:1.0">
  <code code="USA">
    <editdetail attribution="Reuters BIP Coding Group" action="confirmed" date="1997-03-18"/>
  </code>
</codes>
<codes class="bip:industries:1.0">
  <code code="I33030">
    <editdetail attribution="Reuters BIP Coding Group" action="confirmed" date="1997-03-18"/>
  </code>
</codes>
<codes class="bip:topics:1.0">
  <code code="C31">
    <editdetail attribution="Reuters BIP Coding Group" action="confirmed" date="1997-03-18"/>
  </code>
  <code code="CCAT">
    <editdetail attribution="Reuters BIP Coding Group" action="confirmed" date="1997-03-18"/>
  </code>
</codes>
<dc element="dc.date.created" value="1997-03-18"/>
<dc element="dc.publisher" value="Reuters Holdings Plc"/>
<dc element="dc.date.published" value="1997-03-18"/>
<dc element="dc.source" value="Reuters"/>
<dc element="dc.creator.location" value="NORTH CANTON, Ohio"/>
<dc element="dc.creator.location.country.name" value="USA"/>
<dc element="dc.source" value="Reuters"/>
</metadata>
</newsitem>
