<?xml version="1.0" encoding="iso-8859-1" ?>
<newsitem itemid="449180" id="root" date="1997-03-18" xml:lang="en">
<title>USA: Cato Corp Q4 Feb 1 loss vs profit.</title>
<headline>Cato Corp Q4 Feb 1 loss vs profit.</headline>
<dateline>CHARLOTTE, N.C. 1997-03-18</dateline>
<text>
<p>1997			1996</p>
<p> Shr loss		   $0.07   profit	 $0.11</p>
<p> Net loss		   2,132   profit	 3,051</p>
<p> Revs		     140,524		  145,059</p>
<p> Avg shrs		  28,488		   28,553</p>
<p>(All data above 000s except per share numbers)  </p>
<p>	  12 MONTHS</p>
<p> Shr profit		 $0.25   profit	 $0.42</p>
<p> Net profit		 7,029   profit	12,020</p>
<p> Revs		     491,509		  489,995</p>
<p> Avg shrs		  28,651		   28,597</p>
<p>(All data above 000s except per share numbers)</p>
<p>NOTE: 1997 Q4 and year include a charge of $5.5 million, or $0.12 a share, from the closing of 40 stores.</p>
</text>
<copyright>(c) Reuters Limited 1997</copyright>
<metadata>
<codes class="bip:countries:1.0">
  <code code="USA">
    <editdetail attribution="Reuters BIP Coding Group" action="confirmed" date="1997-03-18"/>
  </code>
</codes>
<codes class="bip:industries:1.0">
  <code code="I65400">
    <editdetail attribution="Reuters BIP Coding Group" action="confirmed" date="1997-03-18"/>
  </code>
</codes>
<codes class="bip:topics:1.0">
  <code code="C15">
    <editdetail attribution="Reuters BIP Coding Group" action="confirmed" date="1997-03-18"/>
  </code>
  <code code="C151">
    <editdetail attribution="Reuters BIP Coding Group" action="confirmed" date="1997-03-18"/>
  </code>
  <code code="C1511">
    <editdetail attribution="Reuters BIP Coding Group" action="confirmed" date="1997-03-18"/>
  </code>
  <code code="CCAT">
    <editdetail attribution="Reuters BIP Coding Group" action="confirmed" date="1997-03-18"/>
  </code>
</codes>
<dc element="dc.date.created" value="1997-03-18"/>
<dc element="dc.publisher" value="Reuters Holdings Plc"/>
<dc element="dc.date.published" value="1997-03-18"/>
<dc element="dc.source" value="Reuters"/>
<dc element="dc.creator.location" value="CHARLOTTE, N.C."/>
<dc element="dc.creator.location.country.name" value="USA"/>
<dc element="dc.source" value="Reuters"/>
</metadata>
</newsitem>
