<?xml version="1.0" encoding="iso-8859-1" ?>
<newsitem itemid="449123" id="root" date="1997-03-18" xml:lang="en">
<title>USA: First Palm Beach Bancorp qtly div $0.15.</title>
<headline>First Palm Beach Bancorp qtly div $0.15.</headline>
<dateline>WEST PALM BEACH, Fla. 1997-03-18</dateline>
<text>
<p>Quarterly</p>
<p>			  Latest		   Prior</p>
<p> Amount		  $0.15		   $0.15</p>
<p> Pay		  April 11</p>
<p> Record	     March 28</p>
<p>NOTE: Full name of company is First Palm Beach Bancorp Inc.</p>
</text>
<copyright>(c) Reuters Limited 1997</copyright>
<metadata>
<codes class="bip:countries:1.0">
  <code code="USA">
    <editdetail attribution="Reuters BIP Coding Group" action="confirmed" date="1997-03-18"/>
  </code>
</codes>
<codes class="bip:industries:1.0">
  <code code="I81402">
    <editdetail attribution="Reuters BIP Coding Group" action="confirmed" date="1997-03-18"/>
  </code>
</codes>
<codes class="bip:topics:1.0">
  <code code="C15">
    <editdetail attribution="Reuters BIP Coding Group" action="confirmed" date="1997-03-18"/>
  </code>
  <code code="C151">
    <editdetail attribution="Reuters BIP Coding Group" action="confirmed" date="1997-03-18"/>
  </code>
  <code code="CCAT">
    <editdetail attribution="Reuters BIP Coding Group" action="confirmed" date="1997-03-18"/>
  </code>
</codes>
<dc element="dc.date.created" value="1997-03-18"/>
<dc element="dc.publisher" value="Reuters Holdings Plc"/>
<dc element="dc.date.published" value="1997-03-18"/>
<dc element="dc.source" value="Reuters"/>
<dc element="dc.creator.location" value="WEST PALM BEACH, Fla."/>
<dc element="dc.creator.location.country.name" value="USA"/>
<dc element="dc.source" value="Reuters"/>
</metadata>
</newsitem>
