<?xml version="1.0" encoding="iso-8859-1" ?>
<newsitem itemid="449188" id="root" date="1997-03-18" xml:lang="en">
<title>USA: First Chicago sees lower 97 card profit.</title>
<headline>First Chicago sees lower 97 card profit.</headline>
<dateline>NEW YORK 1997-03-18</dateline>
<text>
<p>First Chicago NBD Corp Executive Vice President Jerry Jurgensen told analysts the company will earn less in its credit card business in 1997 than the $347 million after-tax net income recorded in 1996.</p>
<p>Asked afterward by a reporter how much lower the profit would be this year, he declined to give a specific number.</p>
<p>He told the analysts &quot;we are forecasting a difficult credit environment for the rest of the year&quot; for the card business.</p>
<p>He also told the analysts that First Chicago NBD's card solicitations would rise 17 percent this year from 1996.  He said these solicitations would target &quot;less risky&quot; prospects.</p>
<p>Referring to the level of charge-offs in the industry, he said that 1997 would see a higher absolute level than 1996, but the percentage increase should be less than last year.</p>
<p>He said the companies competing in the credit card business are heading into &quot;a huge battle for hanging onto the customers you have.&quot;</p>
<p>Jurgensen said that overall, the company's card business' &quot;profitability remains strong despite a difficult credit environment.&quot;</p>
</text>
<copyright>(c) Reuters Limited 1997</copyright>
<metadata>
<codes class="bip:countries:1.0">
  <code code="USA">
    <editdetail attribution="Reuters BIP Coding Group" action="confirmed" date="1997-03-18"/>
  </code>
</codes>
<codes class="bip:industries:1.0">
  <code code="I81402">
    <editdetail attribution="Reuters BIP Coding Group" action="confirmed" date="1997-03-18"/>
  </code>
</codes>
<codes class="bip:topics:1.0">
  <code code="C15">
    <editdetail attribution="Reuters BIP Coding Group" action="confirmed" date="1997-03-18"/>
  </code>
  <code code="C152">
    <editdetail attribution="Reuters BIP Coding Group" action="confirmed" date="1997-03-18"/>
  </code>
  <code code="CCAT">
    <editdetail attribution="Reuters BIP Coding Group" action="confirmed" date="1997-03-18"/>
  </code>
</codes>
<dc element="dc.date.created" value="1997-03-18"/>
<dc element="dc.publisher" value="Reuters Holdings Plc"/>
<dc element="dc.date.published" value="1997-03-18"/>
<dc element="dc.source" value="Reuters"/>
<dc element="dc.creator.location" value="NEW YORK"/>
<dc element="dc.creator.location.country.name" value="USA"/>
<dc element="dc.source" value="Reuters"/>
</metadata>
</newsitem>
