<?xml version="1.0" encoding="iso-8859-1" ?>
<newsitem itemid="449163" id="root" date="1997-03-18" xml:lang="en">
<title>USA: Westcoast to cut output at B.C. plant Wed..</title>
<headline>Westcoast to cut output at B.C. plant Wed..</headline>
<dateline>NEW YORK 1997-03-18</dateline>
<text>
<p>Westcoast Energy Inc said Tuesday it would cut production at its Pine River gas plant in northeastern British Columbia by 25 percent on Wednesday for some unexpected maintenance.</p>
<p>Capacity at the plant totals 340 million cubic feet per day.</p>
<p>&quot;There's a leak on a boiler vapor line. It should take about 16 hours,&quot; a company spokeswoman said.  </p>
<p>Spot prices at Sumas, Wash., were talked steady to higher today in the high-$2.20s to low-$2.30s per million British thermal units.</p>
<p>((--H McCulloch, New York Power Desk +212-859-1628))</p>
</text>
<copyright>(c) Reuters Limited 1997</copyright>
<metadata>
<codes class="bip:countries:1.0">
  <code code="CANA">
    <editdetail attribution="Reuters BIP Coding Group" action="confirmed" date="1997-03-18"/>
  </code>
  <code code="USA">
    <editdetail attribution="Reuters BIP Coding Group" action="confirmed" date="1997-03-18"/>
  </code>
</codes>
<codes class="bip:industries:1.0">
  <code code="I13000">
    <editdetail attribution="Reuters BIP Coding Group" action="confirmed" date="1997-03-18"/>
  </code>
</codes>
<codes class="bip:topics:1.0">
  <code code="C21">
    <editdetail attribution="Reuters BIP Coding Group" action="confirmed" date="1997-03-18"/>
  </code>
  <code code="C24">
    <editdetail attribution="Reuters BIP Coding Group" action="confirmed" date="1997-03-18"/>
  </code>
  <code code="CCAT">
    <editdetail attribution="Reuters BIP Coding Group" action="confirmed" date="1997-03-18"/>
  </code>
</codes>
<dc element="dc.date.created" value="1997-03-18"/>
<dc element="dc.publisher" value="Reuters Holdings Plc"/>
<dc element="dc.date.published" value="1997-03-18"/>
<dc element="dc.source" value="Reuters"/>
<dc element="dc.creator.location" value="NEW YORK"/>
<dc element="dc.creator.location.country.name" value="USA"/>
<dc element="dc.source" value="Reuters"/>
</metadata>
</newsitem>
