<?xml version="1.0" encoding="iso-8859-1" ?>
<newsitem itemid="449113" id="root" date="1997-03-18" xml:lang="en">
<title>USA: Most IMM currency futures finish higher.</title>
<headline>Most IMM currency futures finish higher.</headline>
<dateline>CHICAGO 1997-03-18</dateline>
<text>
<p>Most IMM currency futures finished higher, with marks and Swiss francs ending near the day's highs after ignoring bearish comments throughout the day, traders and analysts said.</p>
<p>June marks closed near the session high of $0.6016, which corresponds to a key support level in dollar/mark at 1.6720 spot, despite comments from the head of the International Monetary Fund.</p>
<p>IMF Managing Director Michel Camdessus argued against any delay in the planned 1999 launch of a new European currency, saying it was time &quot;to finish the job&quot; of monetary union.  </p>
<p>The statements were opposite of comments made overnight by Bundesbank council member Klaus-Dieter Kuehbacher.</p>
<p>Kuehbacher expressed doubts that Germany could meet the Maastricht criteria, which immediately sparked demand for marks against most currencies.</p>
<p>Camdessus also suggested Europe consider interest rate cuts if growth falters, and said persistently higher EU unemployment could undermine the Euro's stability.</p>
<p>&quot;He is saying a weak Euro is in store for the EMU,&quot; one currency trader said about Camdessus's comments.  </p>
<p>&quot;The only way to lead Europe's economies out of the doldrums is through the export side, and that means lowering the value of the currency,&quot; he said.</p>
<p>However, the comments barely registered in the trading pits. Rather, futures price activity reflected technical buying, as well as continued unwinding in the cash markets of short mark trades against most currencies, including the dollar.</p>
<p>Traders said both mark and Swiss franc futures were oversold and would continue to find technical buying.  </p>
<p>The technical resiliency of the contracts was witnessed early when June Swiss francs rallied sharply even though Swiss National Bank chairman Hans Meyer said that the SNB planned to keep policy expansive for the foreseeable future.</p>
<p>Meyer also played down fears the policy could be fueling inflation, noting that Switzerland's production potential remained well below capacity.</p>
<p>&quot;That should have knocked Swiss lower,&quot; a trader said.</p>
<p>Meanwhile, Canadian dollar futures expanded losses, with June coming closer to key support at $0.7300.</p>
<p>&quot;Below $0.7300, it will be carnage,&quot; one pit trader said.  </p>
<p>Despite declines in Australian dollar futures, traders noted active June Aussie dollar buying against June Canadian dollar contracts.</p>
<p>At the end of pit trade, June yen was up $0.000075 at $0.008267, marks were up $0.0062 at $0.6011, Swiss francs were $0.0101 higher at $0.7014, sterling were up $0.0012 at $1.5868, Canadian dollars were down $0.0018 at $0.7324, Australian dollars were $0.0041 lower at $0.7880 and Mexican pesos were $0.000675 higher at $0.121050. ((Derivatives desk 312-408-8750)) E-mail derivatives@reuters.com</p>
</text>
<copyright>(c) Reuters Limited 1997</copyright>
<metadata>
<codes class="bip:countries:1.0">
  <code code="USA">
    <editdetail attribution="Reuters BIP Coding Group" action="confirmed" date="1997-03-18"/>
  </code>
</codes>
<codes class="bip:topics:1.0">
  <code code="M13">
    <editdetail attribution="Reuters BIP Coding Group" action="confirmed" date="1997-03-18"/>
  </code>
  <code code="M132">
    <editdetail attribution="Reuters BIP Coding Group" action="confirmed" date="1997-03-18"/>
  </code>
  <code code="MCAT">
    <editdetail attribution="Reuters BIP Coding Group" action="confirmed" date="1997-03-18"/>
  </code>
</codes>
<dc element="dc.date.created" value="1997-03-18"/>
<dc element="dc.publisher" value="Reuters Holdings Plc"/>
<dc element="dc.date.published" value="1997-03-18"/>
<dc element="dc.source" value="Reuters"/>
<dc element="dc.creator.location" value="CHICAGO"/>
<dc element="dc.creator.location.country.name" value="USA"/>
<dc element="dc.source" value="Reuters"/>
</metadata>
</newsitem>
