<?xml version="1.0" encoding="iso-8859-1" ?>
<newsitem itemid="449126" id="root" date="1997-03-18" xml:lang="en">
<title>USA: North American Scientific shr $0.03.</title>
<headline>North American Scientific shr $0.03.</headline>
<text>
<p>NORTH HOLLYWOOD, Calif., March 18 (Reuter)</p>
<p>			    North American Scientific Inc.</p>
<p>				Statement of Operations</p>
<p>				     (Unaudited)</p>
<p>			 For the three months ended Jan. 31</p>
<p>					    1997	 1996</p>
<p>Net sales			    $838,900   $613,500</p>
<p>Net income			     77,400     82,500</p>
<p>Net income per share	     $   0.03   $   0.03</p>
<p>Weighted average number</p>
<p>    of shares outstanding     3,013,201  2,983,201</p>
</text>
<copyright>(c) Reuters Limited 1997</copyright>
<metadata>
<codes class="bip:countries:1.0">
  <code code="USA">
    <editdetail attribution="Reuters BIP Coding Group" action="confirmed" date="1997-03-18"/>
  </code>
</codes>
<codes class="bip:industries:1.0">
  <code code="I34420">
    <editdetail attribution="Reuters BIP Coding Group" action="confirmed" date="1997-03-18"/>
  </code>
</codes>
<codes class="bip:topics:1.0">
  <code code="C15">
    <editdetail attribution="Reuters BIP Coding Group" action="confirmed" date="1997-03-18"/>
  </code>
  <code code="C151">
    <editdetail attribution="Reuters BIP Coding Group" action="confirmed" date="1997-03-18"/>
  </code>
  <code code="CCAT">
    <editdetail attribution="Reuters BIP Coding Group" action="confirmed" date="1997-03-18"/>
  </code>
</codes>
<dc element="dc.publisher" value="Reuters Holdings Plc"/>
<dc element="dc.date.published" value="1997-03-18"/>
<dc element="dc.source" value="Reuters"/>
<dc element="dc.creator.location.country.name" value="USA"/>
<dc element="dc.source" value="Reuters"/>
</metadata>
</newsitem>
