<?xml version="1.0" encoding="iso-8859-1" ?>
<newsitem itemid="449190" id="root" date="1997-03-18" xml:lang="en">
<title>USA: Wolverine shares tumble on weak earnings.</title>
<headline>Wolverine shares tumble on weak earnings.</headline>
<dateline>NEW YORK 1997-03-18</dateline>
<text>
<p>Shares of Wolverine Tube fell nearly 25 percent on Tuesday after the company on Monday said it expected weak first-quarter profits.</p>
<p>But analysts differed over the long-term prospects for the Huntsville, Ala.-based copper tube maker.</p>
<p>Credit Suisse First Boston analyst Martin Sankey cut his rating on the stock to hold from buy, but Harriet Baldwin at Lehman Brothers said she is maintaining her buy rating, with an 18-month price target of 46.  </p>
<p>&quot;The company has some problems, but I think they are well positioned for the long term,&quot; said Baldwin in an interview.</p>
<p>Baldwin did cut her 1997 earnings estimate to $2.85 per share from an earlier $3.60 estimate but said her 1998 estimate of $3.30, at a price to earnings ratio of 14, supports the 18-month target price.</p>
<p>&quot;The market has reacted to the earnings disappointment at Wolverine Tube as it has to disappointments at other companies. But the stock still offers an attractive opportunity for longer-term investors,&quot; Baldwin added.</p>
<p>Wolverine shares were down 8-5/8 at 26-3/8 on volume of 555,700 in late morning trade.</p>
<p>In a statement released after the closing bell on Monday, Wolverine said it expected first-quarter profit to be 15 percent below first-quarter 1996 earnings of $0.72 per share.</p>
<p>Analysts had been expecting Wolverine to earn $0.88 per share, according to First Call's consensus of analysts.</p>
<p>((-- Wall Street desk (212) 859-1730))</p>
</text>
<copyright>(c) Reuters Limited 1997</copyright>
<metadata>
<codes class="bip:countries:1.0">
  <code code="USA">
    <editdetail attribution="Reuters BIP Coding Group" action="confirmed" date="1997-03-18"/>
  </code>
</codes>
<codes class="bip:industries:1.0">
  <code code="I22460">
    <editdetail attribution="Reuters BIP Coding Group" action="confirmed" date="1997-03-18"/>
  </code>
</codes>
<codes class="bip:topics:1.0">
  <code code="C15">
    <editdetail attribution="Reuters BIP Coding Group" action="confirmed" date="1997-03-18"/>
  </code>
  <code code="C152">
    <editdetail attribution="Reuters BIP Coding Group" action="confirmed" date="1997-03-18"/>
  </code>
  <code code="CCAT">
    <editdetail attribution="Reuters BIP Coding Group" action="confirmed" date="1997-03-18"/>
  </code>
</codes>
<dc element="dc.date.created" value="1997-03-18"/>
<dc element="dc.publisher" value="Reuters Holdings Plc"/>
<dc element="dc.date.published" value="1997-03-18"/>
<dc element="dc.source" value="Reuters"/>
<dc element="dc.creator.location" value="NEW YORK"/>
<dc element="dc.creator.location.country.name" value="USA"/>
<dc element="dc.source" value="Reuters"/>
</metadata>
</newsitem>
