<?xml version="1.0" encoding="iso-8859-1" ?>
<newsitem itemid="449174" id="root" date="1997-03-18" xml:lang="en">
<title>USA: Isomet Corp Q4 net profit vs loss.</title>
<headline>Isomet Corp Q4 net profit vs loss.</headline>
<dateline>SPRINGFIELD, Va. 1997-03-18</dateline>
<text>
<p>1996			1995</p>
<p> Shr profit		 $0.32     loss	 $0.03</p>
<p> Net profit		   622     loss	    72</p>
<p> Revs			 1,890		    1,071</p>
<p>	  12 MONTHS</p>
<p> Shr profit		 $0.35     loss	 $0.02</p>
<p> Net profit		   682     loss	    44</p>
<p> Revs			 5,804		    4,800</p>
<p>(All data above 000s except per share numbers)</p>
</text>
<copyright>(c) Reuters Limited 1997</copyright>
<metadata>
<codes class="bip:countries:1.0">
  <code code="USA">
    <editdetail attribution="Reuters BIP Coding Group" action="confirmed" date="1997-03-18"/>
  </code>
</codes>
<codes class="bip:topics:1.0">
  <code code="C15">
    <editdetail attribution="Reuters BIP Coding Group" action="confirmed" date="1997-03-18"/>
  </code>
  <code code="C151">
    <editdetail attribution="Reuters BIP Coding Group" action="confirmed" date="1997-03-18"/>
  </code>
  <code code="C1511">
    <editdetail attribution="Reuters BIP Coding Group" action="confirmed" date="1997-03-18"/>
  </code>
  <code code="CCAT">
    <editdetail attribution="Reuters BIP Coding Group" action="confirmed" date="1997-03-18"/>
  </code>
</codes>
<dc element="dc.date.created" value="1997-03-18"/>
<dc element="dc.publisher" value="Reuters Holdings Plc"/>
<dc element="dc.date.published" value="1997-03-18"/>
<dc element="dc.source" value="Reuters"/>
<dc element="dc.creator.location" value="SPRINGFIELD, Va."/>
<dc element="dc.creator.location.country.name" value="USA"/>
<dc element="dc.source" value="Reuters"/>
</metadata>
</newsitem>
