<?xml version="1.0" encoding="iso-8859-1" ?>
<newsitem itemid="449110" id="root" date="1997-03-18" xml:lang="en">
<title>USA: Hughes Supply Inc Q4 sales, net, shr rise.</title>
<headline>Hughes Supply Inc Q4 sales, net, shr rise.</headline>
<dateline>ORLANDO, Fla. 1997-03-18</dateline>
<text>
<p>(in thousands, except per share data)</p>
<p>			     Three Months Ended  Fiscal Years Ended</p>
<p>			   Jan 31,    Jan 26,    Jan 31,    Jan 26,</p>
<p>			     1997	 1996*	1997	1996*</p>
<p> Net Sales	   $ 365,418  $ 303,965$ 1,516,088 $1,242,446</p>
<p> Gross Profit	   79,509     64,872    315,909    253,232</p>
<p>Total Operating</p>
<p>  Expenses		65,603     55,996    256,636    213,946</p>
<p> Operating Income     13,906	8,876     59,273     39,286</p>
<p>Non-Operating Income</p>
<p>  and (Expenses)     (2,629)    (1,120)    (7,567)    (4,419)</p>
<p>Income Before Income</p>
<p>  Taxes		   11,277	7,756     51,706     34,867</p>
<p> Net Income		7,392	5,075     32,528     23,206</p>
<p>Earnings Per Share:</p>
<p>  Primary		    .63	  .59	 3.08	 2.72</p>
<p>  Fully diluted	    .63	  .59	 3.07	 2.70</p>
<p>Average Shares</p>
<p>Outstanding:</p>
<p>   Primary		11,711	8,628     10,576	8,523</p>
<p>   Fully diluted	11,712	8,648     10,591	8,602</p>
<p> Dividends Per Share     .10	  .09	  .38	  .30</p>
<p>*Adjusted to reflect fiscal 1997 poolings of interests.</p>
<p>((-- New York Newsdesk 212 859-1610))</p>
</text>
<copyright>(c) Reuters Limited 1997</copyright>
<metadata>
<codes class="bip:countries:1.0">
  <code code="USA">
    <editdetail attribution="Reuters BIP Coding Group" action="confirmed" date="1997-03-18"/>
  </code>
</codes>
<codes class="bip:industries:1.0">
  <code code="I61000">
    <editdetail attribution="Reuters BIP Coding Group" action="confirmed" date="1997-03-18"/>
  </code>
</codes>
<codes class="bip:topics:1.0">
  <code code="C15">
    <editdetail attribution="Reuters BIP Coding Group" action="confirmed" date="1997-03-18"/>
  </code>
  <code code="C151">
    <editdetail attribution="Reuters BIP Coding Group" action="confirmed" date="1997-03-18"/>
  </code>
  <code code="C1511">
    <editdetail attribution="Reuters BIP Coding Group" action="confirmed" date="1997-03-18"/>
  </code>
  <code code="CCAT">
    <editdetail attribution="Reuters BIP Coding Group" action="confirmed" date="1997-03-18"/>
  </code>
</codes>
<dc element="dc.date.created" value="1997-03-18"/>
<dc element="dc.publisher" value="Reuters Holdings Plc"/>
<dc element="dc.date.published" value="1997-03-18"/>
<dc element="dc.source" value="Reuters"/>
<dc element="dc.creator.location" value="ORLANDO, Fla."/>
<dc element="dc.creator.location.country.name" value="USA"/>
<dc element="dc.source" value="Reuters"/>
</metadata>
</newsitem>
