<?xml version="1.0" encoding="iso-8859-1" ?>
<newsitem itemid="449101" id="root" date="1997-03-18" xml:lang="en">
<title>USA: Guess? in European joint venture.</title>
<headline>Guess? in European joint venture.</headline>
<dateline>LOS ANGELES 1997-03-18</dateline>
<text>
<p>Guess? Inc said Tuesday that it has signed a letter of intent to form Maco Apparel S.r.l., a joint venture in Europe with the Fingen Group.</p>
<p>Under a licensing agreement, the joint venture will manufacture and sell GUESS jeanswear in Western Europe and some parts of Eastern Europe.  It will also purchase certain GUESS operations in Italy, the company said.</p>
<p>The company added that Maco will retain all existing GUESS Italian operations and assume all current customer orders for GUESS Europe.</p>
<p>The transaction is expected to close during the summer of 1997. No further details were provided.</p>
<p>Fingen is a manufacturer and distributor of apparel based in Florence, Italy.</p>
</text>
<copyright>(c) Reuters Limited 1997</copyright>
<metadata>
<codes class="bip:countries:1.0">
  <code code="ITALY">
    <editdetail attribution="Reuters BIP Coding Group" action="confirmed" date="1997-03-18"/>
  </code>
  <code code="USA">
    <editdetail attribution="Reuters BIP Coding Group" action="confirmed" date="1997-03-18"/>
  </code>
</codes>
<codes class="bip:industries:1.0">
  <code code="I45300">
    <editdetail attribution="Reuters BIP Coding Group" action="confirmed" date="1997-03-18"/>
  </code>
</codes>
<codes class="bip:topics:1.0">
  <code code="C11">
    <editdetail attribution="Reuters BIP Coding Group" action="confirmed" date="1997-03-18"/>
  </code>
  <code code="C18">
    <editdetail attribution="Reuters BIP Coding Group" action="confirmed" date="1997-03-18"/>
  </code>
  <code code="C182">
    <editdetail attribution="Reuters BIP Coding Group" action="confirmed" date="1997-03-18"/>
  </code>
  <code code="CCAT">
    <editdetail attribution="Reuters BIP Coding Group" action="confirmed" date="1997-03-18"/>
  </code>
</codes>
<dc element="dc.date.created" value="1997-03-18"/>
<dc element="dc.publisher" value="Reuters Holdings Plc"/>
<dc element="dc.date.published" value="1997-03-18"/>
<dc element="dc.source" value="Reuters"/>
<dc element="dc.creator.location" value="LOS ANGELES"/>
<dc element="dc.creator.location.country.name" value="USA"/>
<dc element="dc.source" value="Reuters"/>
</metadata>
</newsitem>
