<?xml version="1.0" encoding="iso-8859-1" ?>
<newsitem itemid="449132" id="root" date="1997-03-18" xml:lang="en">
<title>USA: U.S. Treasury announces bill auction change.</title>
<headline>U.S. Treasury announces bill auction change.</headline>
<dateline>WASHINGTON 1997-03-18</dateline>
<text>
<p>The Treasury Department announced on Tuesday that, starting with its March 26 sale of 52-week bills, awards made to Federal Reserve banks for their own accounts will be shown as additions to the announced offering amount.</p>
<p>Currently, awards to these accounts are within the announced offering amount.</p>
<p>The announcement of the details of the 52-week bill sale, scheduled for March 21, will be the first one to reflect this change. The intent is to give more complete information to market participants, Treasury said.  </p>
<p>Treasury said there will no change in the way it reports awards to Fed banks for foreign and international monetary authorities.</p>
<p>Maturing amounts held by these accounts can be refunded within the announced offering amount at the average discount rate of accepted competitive bids. Purchases by these accounts that exceed the maturing amounts will continue to be shown as additions to the announced offering amount, Treasury said.</p>
</text>
<copyright>(c) Reuters Limited 1997</copyright>
<metadata>
<codes class="bip:countries:1.0">
  <code code="USA">
    <editdetail attribution="Reuters BIP Coding Group" action="confirmed" date="1997-03-18"/>
  </code>
</codes>
<codes class="bip:topics:1.0">
  <code code="M13">
    <editdetail attribution="Reuters BIP Coding Group" action="confirmed" date="1997-03-18"/>
  </code>
  <code code="M131">
    <editdetail attribution="Reuters BIP Coding Group" action="confirmed" date="1997-03-18"/>
  </code>
  <code code="MCAT">
    <editdetail attribution="Reuters BIP Coding Group" action="confirmed" date="1997-03-18"/>
  </code>
</codes>
<dc element="dc.date.created" value="1997-03-18"/>
<dc element="dc.publisher" value="Reuters Holdings Plc"/>
<dc element="dc.date.published" value="1997-03-18"/>
<dc element="dc.source" value="Reuters"/>
<dc element="dc.creator.location" value="WASHINGTON"/>
<dc element="dc.creator.location.country.name" value="USA"/>
<dc element="dc.source" value="Reuters"/>
</metadata>
</newsitem>
