<?xml version="1.0" encoding="iso-8859-1" ?>
<newsitem itemid="449112" id="root" date="1997-03-18" xml:lang="en">
<title>USA: TWA Q4 loss puts strategy under spotlight.</title>
<headline>TWA Q4 loss puts strategy under spotlight.</headline>
<byline>Chris Scott</byline>
<dateline>CHICAGO 1997-03-18</dateline>
<text>
<p>Trans World Airlines Inc on Tuesday reported a wider-than-expected net loss for the fourth quarter, raising questions about whether its latest strategy can address its problems quickly enough, analysts said.</p>
<p>&quot;The loss was wider than expected,&quot; Goldman Sachs analyst Glenn Engel said. &quot;It was disappointing on the top line as well as in operations.&quot;</p>
<p>&quot;They're in a pretty big hole, but the question is are they moving fast enough (to fix the problems)?,&quot; Engel added.  </p>
<p>Earlier Tuesday, the nation's seventh largest air carrier reported a loss of $258.6 million in the fourth quarter ended December 31, or $5.56 a share, compared to a loss of $27.8 million or $0.84 a share a year ago.</p>
<p>TWA said the current quarter included charges of $85.9 million related to the planned retirement of certain jet fleets, higher overseas severance costs and a writedown of the carrying value of its New York-Athens route authority, which is scheduled to be terminated after April 18.</p>
<p>The carrier said it is taking actions to revive its restructuring plan, which stalled in 1996.  </p>
<p>The moves include a new flight schedule using available aircraft and personnel, replacing older jets with more efficient planes, refining the route system and launching a new plan at John F. Kennedy Airport in New York and at Lambert-St. Louis International Airport, TWA said.</p>
<p>&quot;Last year's strategy was to add flights and aggressively expand in markets where there was less business,&quot; Engel said. &quot;(Now) it seems like they're moving in the right direction.&quot;</p>
<p>Engel pointed out that TWA was moving away from plans in 1996 to use larger planes he said were more difficult to fill as well as to operate.  </p>
<p>He also said the fact TWA lost a total of $284.8 million or $7.27 a share in 1997, a year where the airline industry posted record profits, was not a good sign.</p>
<p>Analyst Stephen Klein of S&amp;P Equity Group added TWA is lucky 1997 is expected to be another good year for airlines.</p>
<p>&quot;The problem is what will happen (to TWA) in a bad year?,&quot; he asked.</p>
<p>Klein said he was also surprised the company did not hold a conference call with analysts to discuss its new programs.</p>
<p>&quot;The company is in trouble and (TWA officials) could have elaborated on a concrete turnaround plan,&quot; he said.</p>
<p>A TWA spokesman confirmed no conference call was scheduled and he declined to comment on specific marketing plans TWA said it was considering for business travelers.</p>
<p>Klein predicted TWA will lose money in 1997, about $0.15 a share, but not as much as it did in 1996.</p>
<p>The TWA spokesman said the company does not project future earnings.</p>
<p>TWA shares were trading off 7/16 Tuesday at 6-7/8.</p>
<p>((Chicago newsdesk (312) 408-8787))</p>
</text>
<copyright>(c) Reuters Limited 1997</copyright>
<metadata>
<codes class="bip:countries:1.0">
  <code code="USA">
    <editdetail attribution="Reuters BIP Coding Group" action="confirmed" date="1997-03-18"/>
  </code>
</codes>
<codes class="bip:industries:1.0">
  <code code="I75000">
    <editdetail attribution="Reuters BIP Coding Group" action="confirmed" date="1997-03-18"/>
  </code>
</codes>
<codes class="bip:topics:1.0">
  <code code="C15">
    <editdetail attribution="Reuters BIP Coding Group" action="confirmed" date="1997-03-18"/>
  </code>
  <code code="C151">
    <editdetail attribution="Reuters BIP Coding Group" action="confirmed" date="1997-03-18"/>
  </code>
  <code code="C1511">
    <editdetail attribution="Reuters BIP Coding Group" action="confirmed" date="1997-03-18"/>
  </code>
  <code code="CCAT">
    <editdetail attribution="Reuters BIP Coding Group" action="confirmed" date="1997-03-18"/>
  </code>
</codes>
<dc element="dc.date.created" value="1997-03-18"/>
<dc element="dc.publisher" value="Reuters Holdings Plc"/>
<dc element="dc.date.published" value="1997-03-18"/>
<dc element="dc.source" value="Reuters"/>
<dc element="dc.creator.location" value="CHICAGO"/>
<dc element="dc.creator.location.country.name" value="USA"/>
<dc element="dc.source" value="Reuters"/>
</metadata>
</newsitem>
