<?xml version="1.0" encoding="iso-8859-1" ?>
<newsitem itemid="449172" id="root" date="1997-03-18" xml:lang="en">
<title>USA: Sonat says oil well flows 3,840 b/d.</title>
<headline>Sonat says oil well flows 3,840 b/d.</headline>
<dateline>HOUSTON 1997-03-18</dateline>
<text>
<p>Sonat Exploration Co said Tuesday its Scobee No. 1 well in Vernon Parish, La., flowed 3,840 barrels of oil and 9.5 million cubic feet of natural gas per day with.</p>
<p>It said the flowing wellhead pressure was at 3,225 pounds per square inch gauge.</p>
<p>The well, Sonat Exploration's first company-operated well, is located in the Hurricane Branch area of the Eastern Austin Chalk trend in Vernon Parish, it said.</p>
<p>Sonat Exploration, a unit of Sonat Inc, has a 60 percent working interest in the well,&quot; it said.  </p>
<p>Sonat Exploration said the well was drilled to a vertical depth of 14,100 feet and then horizontally to a total of 7,250 feet to develop the fractured Austin Chalk formation.</p>
<p>Sonat Exploration said it is  operating four drilling rigs in the Eastern Austin Chalk trend and is working interest owner in two partner-operated wells being currently drilled.</p>
<p>The company said it plans to maintain this activity level in 1997.</p>
</text>
<copyright>(c) Reuters Limited 1997</copyright>
<metadata>
<codes class="bip:countries:1.0">
  <code code="USA">
    <editdetail attribution="Reuters BIP Coding Group" action="confirmed" date="1997-03-18"/>
  </code>
</codes>
<codes class="bip:industries:1.0">
  <code code="I16200">
    <editdetail attribution="Reuters BIP Coding Group" action="confirmed" date="1997-03-18"/>
  </code>
</codes>
<codes class="bip:topics:1.0">
  <code code="C21">
    <editdetail attribution="Reuters BIP Coding Group" action="confirmed" date="1997-03-18"/>
  </code>
  <code code="C24">
    <editdetail attribution="Reuters BIP Coding Group" action="confirmed" date="1997-03-18"/>
  </code>
  <code code="CCAT">
    <editdetail attribution="Reuters BIP Coding Group" action="confirmed" date="1997-03-18"/>
  </code>
</codes>
<dc element="dc.date.created" value="1997-03-18"/>
<dc element="dc.publisher" value="Reuters Holdings Plc"/>
<dc element="dc.date.published" value="1997-03-18"/>
<dc element="dc.source" value="Reuters"/>
<dc element="dc.creator.location" value="HOUSTON"/>
<dc element="dc.creator.location.country.name" value="USA"/>
<dc element="dc.source" value="Reuters"/>
</metadata>
</newsitem>
