<?xml version="1.0" encoding="iso-8859-1" ?>
<newsitem itemid="449109" id="root" date="1997-03-18" xml:lang="en">
<title>USA: NY precious metals end mixed, gold finds support.</title>
<headline>NY precious metals end mixed, gold finds support.</headline>
<dateline>NEW YORK 1997-03-18</dateline>
<text>
<p>COMEX and NYMEX precious metals futures ended mixed Tuesday, with gold prices closing higher, but silver and platinum group metals ending lower.</p>
<p>&quot;Gold looks like its feeling for a bottom, and the rebound into the close may provide a hint that sub-$345 is support, as gold looks to be correlated with real interest rates, rather than just with inflation now,&quot; Chase Manhattan New York managing director Dinsa Mehta said.</p>
<p>Gold prices have fallen as U.S. treasury bonds have sold off in recent weeks, even though U.S. inflation remains low, analysts noted.  </p>
<p>U.S. February housing starts jumped 12.2 percent to their highest levels in three years Tuesday, but US treasury bonds found some support, as did gold prices, ahead of the U.S. February CPI data due Wednesday.</p>
<p>Expectations are for only a small 0.2 percent rise in the U.S. February CPI core rate, excluding food and energy, leaving the annual rate still around 2.6 percent, the lowest level since the 1960's.</p>
<p>COMEX April gold ended up $2.10 at $350.10 an ounce, after sliding early to an 18 day low at $346.30. Estimated total volume was a high 70,000 lots.</p>
<p>In the bullion market, spot gold ended quoted $349.20/70, compared to the London Tuesday afternoon fix at $346.30 and the New York close Monday around $347.50/50.</p>
<p>Before retreating this week, gold prices had recovered to $365 an ounce, from three year lows at $336.00, as funds reduced near-record net short positions, according to the latest CFTC data.</p>
<p>But concern about rising bond yields, producer hedging, and Switzerland's move to more actively manage its gold had tempted some traders to resume shorting gold, analysts said.</p>
<p>Silver failed to benefit from the rebound in gold Tuesday though, with COMEX May silver slipping below month-old support around $5.200 to a session low at $5.115, before ending down 3.5 cents at $5.190 an ounce.</p>
<p>Platinum group metals also failed to benefit from gold's rebound, with the April NYMEX platinum/COMEX gold spread ending at $27.90 an ounce, down sharply from $33.30 Monday.</p>
<p>NYMEX April platinum closed down $4.40 an ounce at $378.00, while NYMEX June was palladium ended down $5.05 at $145.50 an ounce, after falling the daily limit of $6.00 early on fund selling.</p>
<p>Estimated total volume of 3,073 lots for NYMEX palladium was high for the usually lightly traded instrument.</p>
<p>Spot palladium closed quoted around $142.50 an ounce, aftter falling nearly $10.00 an ounce this week on talk of Russia resuming palladium shipments to Japan which have been halted since the end of 1996.</p>
<p>Earlier spot palladium prices rose about 35 percent in the first two months of the year to around $160 an ounce, the highest level since June 1995, on the disruption to Russian supplies.</p>
<p>&quot;Palladium is probably still good value, as we expect Russian palladium exports this year to be down 10-15 percent on last year, while we are revising up our estimates of auto sector demand,&quot; CPM Group analyst Ted Kempf said.</p>
<p>- email: clive.mckeef @ reuters.com</p>
<p>((Clive McKeef, New York Commodities Desk, +1-212-859-1641))</p>
</text>
<copyright>(c) Reuters Limited 1997</copyright>
<metadata>
<codes class="bip:countries:1.0">
  <code code="USA">
    <editdetail attribution="Reuters BIP Coding Group" action="confirmed" date="1997-03-18"/>
  </code>
</codes>
<codes class="bip:topics:1.0">
  <code code="M14">
    <editdetail attribution="Reuters BIP Coding Group" action="confirmed" date="1997-03-18"/>
  </code>
  <code code="M142">
    <editdetail attribution="Reuters BIP Coding Group" action="confirmed" date="1997-03-18"/>
  </code>
  <code code="MCAT">
    <editdetail attribution="Reuters BIP Coding Group" action="confirmed" date="1997-03-18"/>
  </code>
</codes>
<dc element="dc.date.created" value="1997-03-18"/>
<dc element="dc.publisher" value="Reuters Holdings Plc"/>
<dc element="dc.date.published" value="1997-03-18"/>
<dc element="dc.source" value="Reuters"/>
<dc element="dc.creator.location" value="NEW YORK"/>
<dc element="dc.creator.location.country.name" value="USA"/>
<dc element="dc.source" value="Reuters"/>
</metadata>
</newsitem>
