<?xml version="1.0" encoding="iso-8859-1" ?>
<newsitem itemid="449164" id="root" date="1997-03-18" xml:lang="en">
<title>USA: Texaco, Shell to merge some U.S. businesses.</title>
<headline>Texaco, Shell to merge some U.S. businesses.</headline>
<dateline>WHITE PLAINS, N.Y. 1997-03-18</dateline>
<text>
<p>Texaco Inc said on Tuesday that it and Shell Oil Co have agreed to combine the major elements of their United States refining and marketing activities in the Midwest and West, as well as their total U.S. transportation, trading and lubricants businesses.</p>
<p>The new company, to be 56 percent owned by Shell and 44 percent owned by Texaco, will market gasoline under both company's brand names through independent wholesalers and retailers.</p>
</text>
<copyright>(c) Reuters Limited 1997</copyright>
<metadata>
<codes class="bip:countries:1.0">
  <code code="USA">
    <editdetail attribution="Reuters BIP Coding Group" action="confirmed" date="1997-03-18"/>
  </code>
</codes>
<codes class="bip:industries:1.0">
  <code code="I13000">
    <editdetail attribution="Reuters BIP Coding Group" action="confirmed" date="1997-03-18"/>
  </code>
  <code code="I1300003">
    <editdetail attribution="Reuters BIP Coding Group" action="confirmed" date="1997-03-18"/>
  </code>
</codes>
<codes class="bip:topics:1.0">
  <code code="C11">
    <editdetail attribution="Reuters BIP Coding Group" action="confirmed" date="1997-03-18"/>
  </code>
  <code code="C18">
    <editdetail attribution="Reuters BIP Coding Group" action="confirmed" date="1997-03-18"/>
  </code>
  <code code="C181">
    <editdetail attribution="Reuters BIP Coding Group" action="confirmed" date="1997-03-18"/>
  </code>
  <code code="CCAT">
    <editdetail attribution="Reuters BIP Coding Group" action="confirmed" date="1997-03-18"/>
  </code>
</codes>
<dc element="dc.date.created" value="1997-03-18"/>
<dc element="dc.publisher" value="Reuters Holdings Plc"/>
<dc element="dc.date.published" value="1997-03-18"/>
<dc element="dc.source" value="Reuters"/>
<dc element="dc.creator.location" value="WHITE PLAINS, N.Y."/>
<dc element="dc.creator.location.country.name" value="USA"/>
<dc element="dc.source" value="Reuters"/>
</metadata>
</newsitem>
