<?xml version="1.0" encoding="iso-8859-1" ?>
<newsitem itemid="449131" id="root" date="1997-03-18" xml:lang="en">
<title>USA: Agouron knows no reason for stock drop.</title>
<headline>Agouron knows no reason for stock drop.</headline>
<dateline>LOS ANGELES 1997-03-18</dateline>
<text>
<p>Agouron Pharmaceuticals Inc said Monday it knew of no reason for the sharp drop in its share price, which follows the long-awaited approval last week of its Viracept AIDS drug.</p>
<p>Agouron shares were down 5-1/2 to 75.</p>
<p>&quot;We haven't a clue what's going on with the stock. It's ridiculous,&quot; said Agouron spokeswoman Donna Nichols. &quot;The market is not being very kind to us at the moment.&quot;</p>
<p>Nichols said that the early sales and distribution of Viracept were proceeding smoothly.</p>
<p>Analysts speculated that the stock was hit by profit taking after a run-up ahead of the U.S. Food and Drug Administration approval and noted that it was a generally down day for the biotech sector.</p>
<p>Other losers in the group included Biogen Inc, down 2-1/16 to 39-15/16; Centocor Inc, down 1-7/8 to 30-1/8; and Genzyme Corp, off 1-1/4 to 23-3/8.</p>
</text>
<copyright>(c) Reuters Limited 1997</copyright>
<metadata>
<codes class="bip:countries:1.0">
  <code code="USA">
    <editdetail attribution="Reuters BIP Coding Group" action="confirmed" date="1997-03-18"/>
  </code>
</codes>
<codes class="bip:industries:1.0">
  <code code="I25700">
    <editdetail attribution="Reuters BIP Coding Group" action="confirmed" date="1997-03-18"/>
  </code>
</codes>
<codes class="bip:topics:1.0">
  <code code="C15">
    <editdetail attribution="Reuters BIP Coding Group" action="confirmed" date="1997-03-18"/>
  </code>
  <code code="C152">
    <editdetail attribution="Reuters BIP Coding Group" action="confirmed" date="1997-03-18"/>
  </code>
  <code code="CCAT">
    <editdetail attribution="Reuters BIP Coding Group" action="confirmed" date="1997-03-18"/>
  </code>
</codes>
<dc element="dc.date.created" value="1997-03-18"/>
<dc element="dc.publisher" value="Reuters Holdings Plc"/>
<dc element="dc.date.published" value="1997-03-18"/>
<dc element="dc.source" value="Reuters"/>
<dc element="dc.creator.location" value="LOS ANGELES"/>
<dc element="dc.creator.location.country.name" value="USA"/>
<dc element="dc.source" value="Reuters"/>
</metadata>
</newsitem>
