<?xml version="1.0" encoding="iso-8859-1" ?>
<newsitem itemid="449147" id="root" date="1997-03-18" xml:lang="en">
<title>USA: INSIGHT - S&amp;P 500 seen poised for pullback.</title>
<headline>INSIGHT - S&amp;P 500 seen poised for pullback.</headline>
<byline>Richard Jacobsen</byline>
<dateline>NEW YORK 1997-03-18</dateline>
<text>
<p>The Standard &amp; Poor's 500 index has flashed negative technical signals and is poised for a short-term pullback, technical analysts said on Tuesday.</p>
<p>The broad U.S. stock market gauge peaked on February 18 at a record closing level of 816.29.  But after a decline, two subsequent rally attempts in late February and early March failed to top the record summit.</p>
<p>The index was down four points at 792 in afternoon trading on Tuesday.  Analysts said a break below the 785 level could signal a near-term retreat for the index.  </p>
<p>&quot;If we violate that trough, that would begin a short-term downtrend for the S&amp;P,&quot; said Peter Green, vice president technical research Gruntal &amp; Co.</p>
<p>On Monday S&amp;P 500 index fell to 783 during a midsession selloff but recovered to close at 796, which analysts cited as a positive move.</p>
<p>But John Wosczyna, market strategist at Roney &amp; Co, said he saw little support at 785 for the S&amp;P.</p>
<p>&quot;My bet would be a break in the next couple of days,&quot; he said.  </p>
<p>Citing loss of support from groups of stocks, including energy and technology, whose momentum had driven the market to highs, Wosczyna said he expected the S&amp;P 500 to be in the 740-to-750 level by the second or third week of April.</p>
<p>Alan Newman, technical analyst at H.D. Brous &amp; Co, cited a trendline starting at the index's low around 625 last July and ending around the 780-785 level.</p>
<p>&quot;Once that breaks down you'll probably have a lot of people fleeing to the sidelines,&quot; he said.</p>
<p>Newman said he expected the index to break below the trendline and the S&amp;P 500 to be down about 20 points in &quot;possibly as little as a week.&quot;</p>
<p>But he said he expected some support to emerge around the 770-to-775 level as bargain hunters stepped before what he said he expects to be further deterioration.</p>
<p>((--Wall St Desk, 212-859-1721))</p>
</text>
<copyright>(c) Reuters Limited 1997</copyright>
<metadata>
<codes class="bip:countries:1.0">
  <code code="USA">
    <editdetail attribution="Reuters BIP Coding Group" action="confirmed" date="1997-03-18"/>
  </code>
</codes>
<codes class="bip:topics:1.0">
  <code code="M11">
    <editdetail attribution="Reuters BIP Coding Group" action="confirmed" date="1997-03-18"/>
  </code>
  <code code="MCAT">
    <editdetail attribution="Reuters BIP Coding Group" action="confirmed" date="1997-03-18"/>
  </code>
</codes>
<dc element="dc.date.created" value="1997-03-18"/>
<dc element="dc.publisher" value="Reuters Holdings Plc"/>
<dc element="dc.date.published" value="1997-03-18"/>
<dc element="dc.source" value="Reuters"/>
<dc element="dc.creator.location" value="NEW YORK"/>
<dc element="dc.creator.location.country.name" value="USA"/>
<dc element="dc.source" value="Reuters"/>
</metadata>
</newsitem>
