<?xml version="1.0" encoding="iso-8859-1" ?>
<newsitem itemid="449100" id="root" date="1997-03-18" xml:lang="en">
<title>USA: Allstate to move aggressively overseas.</title>
<headline>Allstate to move aggressively overseas.</headline>
<dateline>NEW YORK 1997-03-18</dateline>
<text>
<p>Allstate Corp chief executive Jerry Choate said Tuesday that the insurance company can be expected to further emphasize its overseas operations in the future, and that the company would make an announcement concerning the Asian market &quot;before too long.&quot;</p>
<p>He declined to provide further details.</p>
<p>Choate said that until recently, &quot;all our international operations have been viewed as investments. We'd like to change that. You'll see us get much more aggressive there.&quot;</p>
<p>Allstate, the largest property and casualty insurer in the United States, recently expanded internationally by setting up an operation to sell automobile insurance in Germany in 1996.</p>
</text>
<copyright>(c) Reuters Limited 1997</copyright>
<metadata>
<codes class="bip:countries:1.0">
  <code code="USA">
    <editdetail attribution="Reuters BIP Coding Group" action="confirmed" date="1997-03-18"/>
  </code>
</codes>
<codes class="bip:industries:1.0">
  <code code="I82000">
    <editdetail attribution="Reuters BIP Coding Group" action="confirmed" date="1997-03-18"/>
  </code>
</codes>
<codes class="bip:topics:1.0">
  <code code="C11">
    <editdetail attribution="Reuters BIP Coding Group" action="confirmed" date="1997-03-18"/>
  </code>
  <code code="C31">
    <editdetail attribution="Reuters BIP Coding Group" action="confirmed" date="1997-03-18"/>
  </code>
  <code code="C312">
    <editdetail attribution="Reuters BIP Coding Group" action="confirmed" date="1997-03-18"/>
  </code>
  <code code="CCAT">
    <editdetail attribution="Reuters BIP Coding Group" action="confirmed" date="1997-03-18"/>
  </code>
</codes>
<dc element="dc.date.created" value="1997-03-18"/>
<dc element="dc.publisher" value="Reuters Holdings Plc"/>
<dc element="dc.date.published" value="1997-03-18"/>
<dc element="dc.source" value="Reuters"/>
<dc element="dc.creator.location" value="NEW YORK"/>
<dc element="dc.creator.location.country.name" value="USA"/>
<dc element="dc.source" value="Reuters"/>
</metadata>
</newsitem>
