<?xml version="1.0" encoding="iso-8859-1" ?>
<newsitem itemid="449169" id="root" date="1997-03-18" xml:lang="en">
<title>USA: Layne Christensen Co Q4 net rises.</title>
<headline>Layne Christensen Co Q4 net rises.</headline>
<dateline>MISSION WOODS, Kan. 1997-03-18</dateline>
<text>
<p>1997			 1996</p>
<p> Shr primary		$0.13		    $0.07</p>
<p> Net			  1,162			545</p>
<p> Revs			52,556		   42,784</p>
<p> Avg shrs primary	 9,196		    7,891</p>
<p>(All data above 000s except per share numbers)</p>
<p>	  12 MONTHS</p>
<p> Shr primary		$0.88		    $0.61</p>
<p> Net			  8,017		    4,587</p>
<p> Revs		     222,853		  167,271</p>
<p> Avg shrs primary	 9,146		    7,517</p>
<p>(All data above 000s except per share numbers)</p>
<p>((Chicago newsdesk (312) 408-8787))</p>
</text>
<copyright>(c) Reuters Limited 1997</copyright>
<metadata>
<codes class="bip:countries:1.0">
  <code code="USA">
    <editdetail attribution="Reuters BIP Coding Group" action="confirmed" date="1997-03-18"/>
  </code>
</codes>
<codes class="bip:industries:1.0">
  <code code="I17000">
    <editdetail attribution="Reuters BIP Coding Group" action="confirmed" date="1997-03-18"/>
  </code>
</codes>
<codes class="bip:topics:1.0">
  <code code="C15">
    <editdetail attribution="Reuters BIP Coding Group" action="confirmed" date="1997-03-18"/>
  </code>
  <code code="C151">
    <editdetail attribution="Reuters BIP Coding Group" action="confirmed" date="1997-03-18"/>
  </code>
  <code code="C1511">
    <editdetail attribution="Reuters BIP Coding Group" action="confirmed" date="1997-03-18"/>
  </code>
  <code code="CCAT">
    <editdetail attribution="Reuters BIP Coding Group" action="confirmed" date="1997-03-18"/>
  </code>
</codes>
<dc element="dc.date.created" value="1997-03-18"/>
<dc element="dc.publisher" value="Reuters Holdings Plc"/>
<dc element="dc.date.published" value="1997-03-18"/>
<dc element="dc.source" value="Reuters"/>
<dc element="dc.creator.location" value="MISSION WOODS, Kan."/>
<dc element="dc.creator.location.country.name" value="USA"/>
<dc element="dc.source" value="Reuters"/>
</metadata>
</newsitem>
