<?xml version="1.0" encoding="iso-8859-1" ?>
<newsitem itemid="449173" id="root" date="1997-03-18" xml:lang="en">
<title>USA: Altair to begin NASDAQ trading on March 24.</title>
<headline>Altair to begin NASDAQ trading on March 24.</headline>
<dateline>CODY, Wyoming 1997-03-18</dateline>
<text>
<p>Altair International Inc Tuesday said that it will begin trading on the Nasdaq SmallCap Market on March 24, 1997, under the symbol &quot;ALTIF&quot;.</p>
<p>Altair will continue to maintain its listing on the Alberta Stock Exchange.</p>
<p>Altair is in the development stage of commercializing its technology, the Centrifugal Jig, which recovers extremely fine, heavy particulate matter using a combination of a mechanical jig and centrifugal force.</p>
</text>
<copyright>(c) Reuters Limited 1997</copyright>
<metadata>
<codes class="bip:countries:1.0">
  <code code="CANA">
    <editdetail attribution="Reuters BIP Coding Group" action="confirmed" date="1997-03-18"/>
  </code>
  <code code="USA">
    <editdetail attribution="Reuters BIP Coding Group" action="confirmed" date="1997-03-18"/>
  </code>
</codes>
<codes class="bip:industries:1.0">
  <code code="I21000">
    <editdetail attribution="Reuters BIP Coding Group" action="confirmed" date="1997-03-18"/>
  </code>
</codes>
<codes class="bip:topics:1.0">
  <code code="C14">
    <editdetail attribution="Reuters BIP Coding Group" action="confirmed" date="1997-03-18"/>
  </code>
  <code code="CCAT">
    <editdetail attribution="Reuters BIP Coding Group" action="confirmed" date="1997-03-18"/>
  </code>
</codes>
<dc element="dc.date.created" value="1997-03-18"/>
<dc element="dc.publisher" value="Reuters Holdings Plc"/>
<dc element="dc.date.published" value="1997-03-18"/>
<dc element="dc.source" value="Reuters"/>
<dc element="dc.creator.location" value="CODY, Wyoming"/>
<dc element="dc.creator.location.country.name" value="USA"/>
<dc element="dc.source" value="Reuters"/>
</metadata>
</newsitem>
