<?xml version="1.0" encoding="iso-8859-1" ?>
<newsitem itemid="449142" id="root" date="1997-03-18" xml:lang="en">
<title>USA: Digital says has injuction against Altavista.</title>
<headline>Digital says has injuction against Altavista.</headline>
<dateline>NEW YORK 1997-03-18</dateline>
<text>
<p>Digital Equipment Corp on Tuesday said it has obtained a preliminary injunction in its trademark infringement suit against Altavista Technology Inc, or ATI, of Campbell, Calif.</p>
<p>U.S. District Court for the District of Massachusetts ordered ATI not to use Digital's trademark in a way that creates the false impression that ATI's Web site is Digital's AltaVista Search Service, Digital said.</p>
<p>Judge Nancy Gertner's ruling requires ATI to prominently display a disclaimer on its Web pages stating non-affiliation with Digital.</p>
<p>Digital said it purchased ATI's rights to the AltaVista trademark in March 1996, then licensed very limited and specific uses of it back to ATI.</p>
<p>Digital sued ATI in October 1996 for breach of trademark licensing agreement, trademark and servicemark infringement, unfair competition, and trademark dilution.</p>
</text>
<copyright>(c) Reuters Limited 1997</copyright>
<metadata>
<codes class="bip:countries:1.0">
  <code code="USA">
    <editdetail attribution="Reuters BIP Coding Group" action="confirmed" date="1997-03-18"/>
  </code>
</codes>
<codes class="bip:industries:1.0">
  <code code="I33020">
    <editdetail attribution="Reuters BIP Coding Group" action="confirmed" date="1997-03-18"/>
  </code>
  <code code="I3302003">
    <editdetail attribution="Reuters BIP Coding Group" action="confirmed" date="1997-03-18"/>
  </code>
  <code code="I33030">
    <editdetail attribution="Reuters BIP Coding Group" action="confirmed" date="1997-03-18"/>
  </code>
</codes>
<codes class="bip:topics:1.0">
  <code code="C12">
    <editdetail attribution="Reuters BIP Coding Group" action="confirmed" date="1997-03-18"/>
  </code>
  <code code="C13">
    <editdetail attribution="Reuters BIP Coding Group" action="confirmed" date="1997-03-18"/>
  </code>
  <code code="CCAT">
    <editdetail attribution="Reuters BIP Coding Group" action="confirmed" date="1997-03-18"/>
  </code>
  <code code="GCAT">
    <editdetail attribution="Reuters BIP Coding Group" action="confirmed" date="1997-03-18"/>
  </code>
  <code code="GCRIM">
    <editdetail attribution="Reuters BIP Coding Group" action="confirmed" date="1997-03-18"/>
  </code>
</codes>
<dc element="dc.date.created" value="1997-03-18"/>
<dc element="dc.publisher" value="Reuters Holdings Plc"/>
<dc element="dc.date.published" value="1997-03-18"/>
<dc element="dc.source" value="Reuters"/>
<dc element="dc.creator.location" value="NEW YORK"/>
<dc element="dc.creator.location.country.name" value="USA"/>
<dc element="dc.source" value="Reuters"/>
</metadata>
</newsitem>
