<?xml version="1.0" encoding="iso-8859-1" ?>
<newsitem itemid="449120" id="root" date="1997-03-18" xml:lang="en">
<title>USA: BRT Realty sets buyback for 250,000 shrs.</title>
<headline>BRT Realty sets buyback for 250,000 shrs.</headline>
<dateline>GREAT NECK, N.Y. 1997-03-18</dateline>
<text>
<p>BRT Realty Trust said Tuesday it authorized a repurchase plan for 250,00 shares of common stock.</p>
<p>The new plan is additional to the existing plan, which was recently concluded, the company said in a press release.</p>
<p>The concluded plan, which was announced July 2, 1996, repurchased 250,000 shares, leaving 8,525,225 shares outstanding, BRT Realty said.</p>
</text>
<copyright>(c) Reuters Limited 1997</copyright>
<metadata>
<codes class="bip:countries:1.0">
  <code code="USA">
    <editdetail attribution="Reuters BIP Coding Group" action="confirmed" date="1997-03-18"/>
  </code>
</codes>
<codes class="bip:industries:1.0">
  <code code="I85000">
    <editdetail attribution="Reuters BIP Coding Group" action="confirmed" date="1997-03-18"/>
  </code>
</codes>
<codes class="bip:topics:1.0">
  <code code="C17">
    <editdetail attribution="Reuters BIP Coding Group" action="confirmed" date="1997-03-18"/>
  </code>
  <code code="C171">
    <editdetail attribution="Reuters BIP Coding Group" action="confirmed" date="1997-03-18"/>
  </code>
  <code code="C18">
    <editdetail attribution="Reuters BIP Coding Group" action="confirmed" date="1997-03-18"/>
  </code>
  <code code="C181">
    <editdetail attribution="Reuters BIP Coding Group" action="confirmed" date="1997-03-18"/>
  </code>
  <code code="CCAT">
    <editdetail attribution="Reuters BIP Coding Group" action="confirmed" date="1997-03-18"/>
  </code>
</codes>
<dc element="dc.date.created" value="1997-03-18"/>
<dc element="dc.publisher" value="Reuters Holdings Plc"/>
<dc element="dc.date.published" value="1997-03-18"/>
<dc element="dc.source" value="Reuters"/>
<dc element="dc.creator.location" value="GREAT NECK, N.Y."/>
<dc element="dc.creator.location.country.name" value="USA"/>
<dc element="dc.source" value="Reuters"/>
</metadata>
</newsitem>
