<?xml version="1.0" encoding="iso-8859-1" ?>
<newsitem itemid="449194" id="root" date="1997-03-18" xml:lang="en">
<title>USA: Safeguard to buy back 20 mln common shares. [CORRECTED 18:05 GMT]</title>
<headline>Safeguard to buy back 20 mln common shares. [CORRECTED 18:05 GMT]</headline>
<dateline>WAYNE, Pa. 1997-03-18</dateline>
<text>
<p>Safeguard Scientifics Inc said Tuesday its board has authorized the repurchase of up to $20 million of its common shares.</p>
<p>(Corrects to show repurchase is of up to $20 million of the company's shares not 20 million shares.)</p>
<p>The company, which holds large stakes in information technology companies, said the shares will be purchased in the open market at prevailing prices, subject to market conditions.</p>
<p>The company also disclosed that sales of its subsidiary, CompuCom Systems Inc, a computer seller, have been soft throughout the first quarter, &quot;resulting in a need to adjust the outlook for its first quarter revenues.&quot;</p>
<p>It said soft sales have generally been experienced by companies in CompuCom's market as customers have been postponing decisions to buy.</p>
<p>&quot;Compucom expects the market conditions for this shortfall to be resolved in the second quarter and to continue its history of annual growth,&quot; said Warren Musser, Safeguard's chairman and chief executive officer.</p>
</text>
<copyright>(c) Reuters Limited 1997</copyright>
<metadata>
<codes class="bip:countries:1.0">
  <code code="USA">
    <editdetail attribution="Reuters BIP Coding Group" action="confirmed" date="1997-03-18"/>
  </code>
</codes>
<codes class="bip:industries:1.0">
  <code code="I33020">
    <editdetail attribution="Reuters BIP Coding Group" action="confirmed" date="1997-03-18"/>
  </code>
  <code code="I3302021">
    <editdetail attribution="Reuters BIP Coding Group" action="confirmed" date="1997-03-18"/>
  </code>
</codes>
<codes class="bip:topics:1.0">
  <code code="C17">
    <editdetail attribution="Reuters BIP Coding Group" action="confirmed" date="1997-03-18"/>
  </code>
  <code code="C171">
    <editdetail attribution="Reuters BIP Coding Group" action="confirmed" date="1997-03-18"/>
  </code>
  <code code="C18">
    <editdetail attribution="Reuters BIP Coding Group" action="confirmed" date="1997-03-18"/>
  </code>
  <code code="C181">
    <editdetail attribution="Reuters BIP Coding Group" action="confirmed" date="1997-03-18"/>
  </code>
  <code code="CCAT">
    <editdetail attribution="Reuters BIP Coding Group" action="confirmed" date="1997-03-18"/>
  </code>
</codes>
<dc element="dc.date.created" value="1997-03-18"/>
<dc element="dc.publisher" value="Reuters Holdings Plc"/>
<dc element="dc.date.published" value="1997-03-18"/>
<dc element="dc.source" value="Reuters"/>
<dc element="dc.creator.location" value="WAYNE, Pa."/>
<dc element="dc.creator.location.country.name" value="USA"/>
<dc element="dc.source" value="Reuters"/>
</metadata>
</newsitem>
