<?xml version="1.0" encoding="iso-8859-1" ?>
<newsitem itemid="449156" id="root" date="1997-03-18" xml:lang="en">
<title>USA: Engineering Animation forms partnership.</title>
<headline>Engineering Animation forms partnership.</headline>
<dateline>AMES, Iowa 1997-03-18</dateline>
<text>
<p>Engineering Animation Inc said Tuesday it formed a strategic partnership with Sense8, a supplier of commercial virtual reality application development software.</p>
<p>The companies said they will co-develop a virtual reality device server that incorporates Engineering Animation's current suite of three-dimensional visualization software products. The server will allow engineers to use the programs in shared, multi-user environments, the companies said.</p>
<p>Engineering Animation develops visualization software.</p>
<p>Its shares were off 3/4 Tuesday at 23-3/4.</p>
<p>((Chicago newsdesk (312) 408-8787))</p>
</text>
<copyright>(c) Reuters Limited 1997</copyright>
<metadata>
<codes class="bip:countries:1.0">
  <code code="USA">
    <editdetail attribution="Reuters BIP Coding Group" action="confirmed" date="1997-03-18"/>
  </code>
</codes>
<codes class="bip:industries:1.0">
  <code code="I33020">
    <editdetail attribution="Reuters BIP Coding Group" action="confirmed" date="1997-03-18"/>
  </code>
  <code code="I3302021">
    <editdetail attribution="Reuters BIP Coding Group" action="confirmed" date="1997-03-18"/>
  </code>
</codes>
<codes class="bip:topics:1.0">
  <code code="C11">
    <editdetail attribution="Reuters BIP Coding Group" action="confirmed" date="1997-03-18"/>
  </code>
  <code code="C23">
    <editdetail attribution="Reuters BIP Coding Group" action="confirmed" date="1997-03-18"/>
  </code>
  <code code="CCAT">
    <editdetail attribution="Reuters BIP Coding Group" action="confirmed" date="1997-03-18"/>
  </code>
</codes>
<dc element="dc.date.created" value="1997-03-18"/>
<dc element="dc.publisher" value="Reuters Holdings Plc"/>
<dc element="dc.date.published" value="1997-03-18"/>
<dc element="dc.source" value="Reuters"/>
<dc element="dc.creator.location" value="AMES, Iowa"/>
<dc element="dc.creator.location.country.name" value="USA"/>
<dc element="dc.source" value="Reuters"/>
</metadata>
</newsitem>
