<?xml version="1.0" encoding="iso-8859-1" ?>
<newsitem itemid="449220" id="root" date="1997-03-18" xml:lang="en">
<title>UK: SOCCER-ENGLISH PREMIER LEAGUE SUMMARY.</title>
<headline>SOCCER-ENGLISH PREMIER LEAGUE SUMMARY.</headline>
<dateline>LONDON 1997-03-18</dateline>
<text>
<p>Summary of Tuesday's English</p>
<p>premier league match:</p>
<p> Wimbledon	 1 - Harford 19</p>
<p> West Ham	  1 - Lazarides 89</p>
<p>HT: 1-0.  Att: 15,771</p>
</text>
<copyright>(c) Reuters Limited 1997</copyright>
<metadata>
<codes class="bip:countries:1.0">
  <code code="UK">
    <editdetail attribution="Reuters BIP Coding Group" action="confirmed" date="1997-03-18"/>
  </code>
</codes>
<codes class="bip:topics:1.0">
  <code code="GCAT">
    <editdetail attribution="Reuters BIP Coding Group" action="confirmed" date="1997-03-18"/>
  </code>
  <code code="GSPO">
    <editdetail attribution="Reuters BIP Coding Group" action="confirmed" date="1997-03-18"/>
  </code>
</codes>
<dc element="dc.date.created" value="1997-03-18"/>
<dc element="dc.publisher" value="Reuters Holdings Plc"/>
<dc element="dc.date.published" value="1997-03-18"/>
<dc element="dc.source" value="Reuters"/>
<dc element="dc.creator.location" value="LONDON"/>
<dc element="dc.creator.location.country.name" value="UK"/>
<dc element="dc.source" value="Reuters"/>
</metadata>
</newsitem>
