<?xml version="1.0" encoding="iso-8859-1" ?>
<newsitem itemid="449256" id="root" date="1997-03-18" xml:lang="en">
<title>DENMARK: SOCCER-DRAMATIC WINNER PUTS TENERIFE INTO SEMIFINALS.</title>
<headline>SOCCER-DRAMATIC WINNER PUTS TENERIFE INTO SEMIFINALS.</headline>
<dateline>COPENHAGEN 1997-03-18</dateline>
<text>
<p>A goal in the last minute of extra-time from Antonio Mata Olivera gave Spanish club Tenerife a dramatic 2-1 aggregate win over Brondby of Denmark on Tuesday and booked them a place in the semifinals of the UEFA Cup.</p>
<p>Trailing 1-0 from the first leg of this quarter-final, the Spaniards attacked the Danes from the start and levelled the tie when Antonio Pinilla slipped the ball past Brondby goalkeeper Mogens Krogh in the 21st minute.</p>
<p>With the match going into extra-time there were chances at both ends, the best falling to Brondby's Bo Hansen who, with Tenerife goalkeeper Marcelo Ojeda stranded, headed towards goal only to see Julio Gento clear the ball to safety.</p>
<p>Just as it looked as though a penalty shoot-out would be needed to separate the teams, Tenerife made it 2-0 on the night and 2-1 on aggregate.</p>
<p>From a free-kick on the edge of the Brondby penalty area, Mata Olivera struck the ball past the defensive wall and an unsighted Krogh to propel the Spaniards into the last four.</p>
</text>
<copyright>(c) Reuters Limited 1997</copyright>
<metadata>
<codes class="bip:countries:1.0">
  <code code="DEN">
    <editdetail attribution="Reuters BIP Coding Group" action="confirmed" date="1997-03-18"/>
  </code>
  <code code="SPAIN">
    <editdetail attribution="Reuters BIP Coding Group" action="confirmed" date="1997-03-18"/>
  </code>
</codes>
<codes class="bip:topics:1.0">
  <code code="GCAT">
    <editdetail attribution="Reuters BIP Coding Group" action="confirmed" date="1997-03-18"/>
  </code>
  <code code="GSPO">
    <editdetail attribution="Reuters BIP Coding Group" action="confirmed" date="1997-03-18"/>
  </code>
</codes>
<dc element="dc.date.created" value="1997-03-18"/>
<dc element="dc.publisher" value="Reuters Holdings Plc"/>
<dc element="dc.date.published" value="1997-03-18"/>
<dc element="dc.source" value="Reuters"/>
<dc element="dc.creator.location" value="COPENHAGEN"/>
<dc element="dc.creator.location.country.name" value="DENMARK"/>
<dc element="dc.source" value="Reuters"/>
</metadata>
</newsitem>
