<?xml version="1.0" encoding="iso-8859-1" ?>
<newsitem itemid="449229" id="root" date="1997-03-18" xml:lang="en">
<title>SOUTH AFRICA: RUGBY UNION-TRANSVAAL CHANGE MIND ON NEW NAME.</title>
<headline>RUGBY UNION-TRANSVAAL CHANGE MIND ON NEW NAME.</headline>
<dateline>JOHANNESBURG 1997-03-18</dateline>
<text>
<p>The 108-year-old Transvaal Rugby Union (TRU) has bowed to political pressure by changing its name to the Gauteng Lions Rugby Union.</p>
<p>The TRU reversed their earlier intention to become the Golden Lions Rugby Union at their annual meeting in Johannesburg on Monday night.</p>
<p>The announcement of the name change had caused a storm of debate. The old administrative region of Transvaal was reborn as Gauteng -- meaning place of gold -- two years ago but the TRU said they saw no reason to include it in their name.</p>
<p>After the annual meeting TRU president Louis Luyt admitted: &quot;We don't want to revisit this problem in a year's time. We will be under political pressure if we don't incorporate Gauteng in our name.&quot;</p>
<p>The four other unions carrying the name Transvaal in their title are also undergoing change.</p>
<p>South Eastern Transvaal have already become Mpumalanga; Northern Transvaal are expected to become the Blue Bulls; Eastern Transvaal have launched a competition to find a new name; and Northern Transvaal are planning to become North West.</p>
<p>The Gauteng Lions will play under their new name for the first time when they host the Wellington Hurricanes of New Zealand on Saturday.</p>
</text>
<copyright>(c) Reuters Limited 1997</copyright>
<metadata>
<codes class="bip:countries:1.0">
  <code code="SAFR">
    <editdetail attribution="Reuters BIP Coding Group" action="confirmed" date="1997-03-18"/>
  </code>
</codes>
<codes class="bip:topics:1.0">
  <code code="GCAT">
    <editdetail attribution="Reuters BIP Coding Group" action="confirmed" date="1997-03-18"/>
  </code>
  <code code="GSPO">
    <editdetail attribution="Reuters BIP Coding Group" action="confirmed" date="1997-03-18"/>
  </code>
</codes>
<dc element="dc.date.created" value="1997-03-18"/>
<dc element="dc.publisher" value="Reuters Holdings Plc"/>
<dc element="dc.date.published" value="1997-03-18"/>
<dc element="dc.source" value="Reuters"/>
<dc element="dc.creator.location" value="JOHANNESBURG"/>
<dc element="dc.creator.location.country.name" value="SOUTH AFRICA"/>
<dc element="dc.source" value="Reuters"/>
</metadata>
</newsitem>
