<?xml version="1.0" encoding="iso-8859-1" ?>
<newsitem itemid="449227" id="root" date="1997-03-18" xml:lang="en">
<title>ZAMBIA: SOCCER-ZAMBIA RECALL BWALYA FOR CUP QUALIFIER.</title>
<headline>SOCCER-ZAMBIA RECALL BWALYA FOR CUP QUALIFIER.</headline>
<dateline>LUSAKA 1997-03-18</dateline>
<text>
<p>Veteran captain Kalusha Bwalya was awarded a reprieve by Zambian soccer officials on Tuesday when he was recalled for next month's World Cup qualifier against Zaire.</p>
<p>The 33-year-old attacking midfielder, who plays for Club America in Mexico, was dropped after Zambia's goalless home draw with South Africa in their last World Cup qualifier in January.</p>
<p>Bwalya, who has been the kingpin of the team for the last eight years, was overlooked for recent African Nations Cup qualifiers in Malawi and Mauritius.</p>
<p>But the former African Footballer of the Year is among five foreign-based players in a 19-man squad for the African zone group three match in Kinshasa.</p>
<p>Zambia have just one point from their two matches and defeat in Kinshasa will effectively end their hopes of qualifying for</p>
</text>
<copyright>(c) Reuters Limited 1997</copyright>
<metadata>
<codes class="bip:countries:1.0">
  <code code="MEX">
    <editdetail attribution="Reuters BIP Coding Group" action="confirmed" date="1997-03-18"/>
  </code>
  <code code="SAFR">
    <editdetail attribution="Reuters BIP Coding Group" action="confirmed" date="1997-03-18"/>
  </code>
  <code code="USA">
    <editdetail attribution="Reuters BIP Coding Group" action="confirmed" date="1997-03-18"/>
  </code>
  <code code="ZAIRE">
    <editdetail attribution="Reuters BIP Coding Group" action="confirmed" date="1997-03-18"/>
  </code>
  <code code="ZAMBIA">
    <editdetail attribution="Reuters BIP Coding Group" action="confirmed" date="1997-03-18"/>
  </code>
</codes>
<codes class="bip:topics:1.0">
  <code code="GCAT">
    <editdetail attribution="Reuters BIP Coding Group" action="confirmed" date="1997-03-18"/>
  </code>
  <code code="GSPO">
    <editdetail attribution="Reuters BIP Coding Group" action="confirmed" date="1997-03-18"/>
  </code>
</codes>
<dc element="dc.date.created" value="1997-03-18"/>
<dc element="dc.publisher" value="Reuters Holdings Plc"/>
<dc element="dc.date.published" value="1997-03-18"/>
<dc element="dc.source" value="Reuters"/>
<dc element="dc.creator.location" value="LUSAKA"/>
<dc element="dc.creator.location.country.name" value="ZAMBIA"/>
<dc element="dc.source" value="Reuters"/>
</metadata>
</newsitem>
