<?xml version="1.0" encoding="iso-8859-1" ?>
<newsitem itemid="449275" id="root" date="1997-03-18" xml:lang="en">
<title>SWITZERLAND: FIGURE SKATING-JUDGING SYSTEM COULD CHANGE.</title>
<headline>FIGURE SKATING-JUDGING SYSTEM COULD CHANGE.</headline>
<byline>Brian Creighton</byline>
<dateline>LAUSANNE, Switzerland 1997-03-18</dateline>
<text>
<p>International Skating Union (ISU) president Ottavio Cinquanta said on Tuesday that changes to figure skating's esoteric judging system could occur before next year's Winter Olympics in Japan.</p>
<p>Cinquanta said that amendments to existing rules could take place &quot;if we can make them within the framework of the present regulations&quot;.</p>
<p>But he stressed that major changes could only be passed by the bienniel ISU congress, which does not meet until mid-1998.</p>
<p>Cinquanta is known to be upset at the confusing result of the men's event at the European championships in Paris in January, which he felt was incomprehensible to the public.</p>
<p>He has already ordered an immediate review of the placing system which determines results in figure skating, with a committee to study alternatives and report back to the ISU Council meeting in June.</p>
<p>Cinquanta is backed in his desire to set up a more easily understood system by International Olympic Committee president Juan Antonio Samaranch.</p>
<p>&quot;We ask only one thing -- that the public understand clearly what is going on on the ice,&quot; Samaranch said.</p>
<p>In Paris, with final skater Andrei Vlascenko of Germany still to perform, the order was Viacheslav Zagorodniuk first, followed by Alexei Urmanov, Ilya Kulik and Philippe Candeloro.</p>
<p>After Vlascenko skated, the order switched to put Urmanov on top, Candeloro second, Zagorodniuk third and Kulik fourth. Vlascenko took sixth place.</p>
<p>Cinquanta had said earlier that just because millions did not understand that result &quot;it does not mean the system is wrong&quot;.</p>
<p>&quot;But it does mean the ISU must do something to ensure the spectators are not in that position again,&quot; he said.</p>
</text>
<copyright>(c) Reuters Limited 1997</copyright>
<metadata>
<codes class="bip:countries:1.0">
  <code code="JAP">
    <editdetail attribution="Reuters BIP Coding Group" action="confirmed" date="1997-03-18"/>
  </code>
  <code code="SWITZ">
    <editdetail attribution="Reuters BIP Coding Group" action="confirmed" date="1997-03-18"/>
  </code>
</codes>
<codes class="bip:topics:1.0">
  <code code="GCAT">
    <editdetail attribution="Reuters BIP Coding Group" action="confirmed" date="1997-03-18"/>
  </code>
  <code code="GSPO">
    <editdetail attribution="Reuters BIP Coding Group" action="confirmed" date="1997-03-18"/>
  </code>
</codes>
<dc element="dc.date.created" value="1997-03-18"/>
<dc element="dc.publisher" value="Reuters Holdings Plc"/>
<dc element="dc.date.published" value="1997-03-18"/>
<dc element="dc.source" value="Reuters"/>
<dc element="dc.creator.location" value="LAUSANNE, Switzerland"/>
<dc element="dc.creator.location.country.name" value="SWITZERLAND"/>
<dc element="dc.source" value="Reuters"/>
</metadata>
</newsitem>
