<?xml version="1.0" encoding="iso-8859-1" ?>
<newsitem itemid="449291" id="root" date="1997-03-18" xml:lang="en">
<title>NAMIBIA: NAMIBIA'S HAIB COPPER PROJECT ON COURSE-OFFICIAL.</title>
<headline>NAMIBIA'S HAIB COPPER PROJECT ON COURSE-OFFICIAL.</headline>
<dateline>WINDHOEK 1997-03-18</dateline>
<text>
<p>Plans for one of the world's largest cathode copper mines in southern Namibia are on course and production could begin as soon as 1999, an official for Australia's Great Fitzroy Mines NL said on Tuesday.</p>
<p>Great Fitzroy representative in Namibia, Viv Stuart-Williams, told Reuters results of a feasability study had been positive.</p>
<p>&quot;Currently the feeling is that the detailed costing and the detailed design will be finished in July or August. So, we're looking for a realistic decision by that time, and then at least another 18 months beyond that until the start of production,&quot; Stuart-Williams said.</p>
<p>The Haib project is a joint venture between Great Fitzroy, which has a 20 percent share and Namibian Copper Mines Inc which holds 80 percent.</p>
<p>The Haib Copper Project would be the world's seventh largest cathode copper producer.</p>
<p>Because of favourable infrastructure at the proposed site such as the nearby South Africa-Namibia highway and readily available water and power supply, the projected cash cost is less than $0,50 cents per pound per copper.</p>
<p>Haib has a mineable resource of 303 million tonnes of 0.41 percent copper and 978 million tonnes of heap-leachable ore at 0.19 percent copper.</p>
<p>Planned annual production will be 85,000 tonnes of copper cathode, and the capital cost of the project will be $600 million.</p>
<p>Stuart-Williams said funding and ongoing negotiations with the Namibian government on water costs, power and tax structure were the main outstanding issues.</p>
<p>&quot;Negotiations are going very well and I think the government has expressed commitment to make the project work,&quot; he said.</p>
<p>He said the project would be the largest foreign investment in Namibia.</p>
<p>The company would try and raise capital on the London, Johannesburg and Namibian stock exchanges. Investor interest depended on the copper market at the time, he said.</p>
<p>In the long-term the company expects a significant increase in demand for copper with substantial growth in the Far East, especially in China and possibly in countries positioned in the former Eastern Block.</p>
<p>-- Johannes Dell, Windhoek office, +264 61 249639</p>
</text>
<copyright>(c) Reuters Limited 1997</copyright>
<metadata>
<codes class="bip:countries:1.0">
  <code code="AUSTR">
    <editdetail attribution="Reuters BIP Coding Group" action="confirmed" date="1997-03-18"/>
  </code>
  <code code="NAMIB">
    <editdetail attribution="Reuters BIP Coding Group" action="confirmed" date="1997-03-18"/>
  </code>
  <code code="SAFR">
    <editdetail attribution="Reuters BIP Coding Group" action="confirmed" date="1997-03-18"/>
  </code>
</codes>
<codes class="bip:industries:1.0">
  <code code="I21000">
    <editdetail attribution="Reuters BIP Coding Group" action="confirmed" date="1997-03-18"/>
  </code>
</codes>
<codes class="bip:topics:1.0">
  <code code="C24">
    <editdetail attribution="Reuters BIP Coding Group" action="confirmed" date="1997-03-18"/>
  </code>
  <code code="CCAT">
    <editdetail attribution="Reuters BIP Coding Group" action="confirmed" date="1997-03-18"/>
  </code>
</codes>
<dc element="dc.date.created" value="1997-03-18"/>
<dc element="dc.publisher" value="Reuters Holdings Plc"/>
<dc element="dc.date.published" value="1997-03-18"/>
<dc element="dc.source" value="Reuters"/>
<dc element="dc.creator.location" value="WINDHOEK"/>
<dc element="dc.creator.location.country.name" value="NAMIBIA"/>
<dc element="dc.source" value="Reuters"/>
</metadata>
</newsitem>
