<?xml version="1.0" encoding="iso-8859-1" ?>
<newsitem itemid="449280" id="root" date="1997-03-18" xml:lang="en">
<title>PORTUGAL: SOCCER-PORTO HOPE FOR MIRACLE AGAINST UNITED.</title>
<headline>SOCCER-PORTO HOPE FOR MIRACLE AGAINST UNITED.</headline>
<byline>Richard Waddington</byline>
<dateline>OPORTO, Portugal 1997-03-18</dateline>
<text>
<p>Porto go into Wednesday's European Cup quarter-final second-leg tie against Manchester United knowing only a miracle can keep them in the competition.</p>
<p>After a humiliating 4-0 defeat at Old Trafford in the first leg two weeks ago, the odds against the former European champions scoring the five goals they need to survive are huge.</p>
<p>Not only are Manchester United currently on top form in the English league, while Porto have been beaten in two of their last three domestic games, the home side have lost a number of key players to injury and suspension.</p>
<p>&quot;Practically impossible,&quot; was how coach Antonio Oliveira described the task facing his &quot;dragons&quot;, the nickname for the Portuguese champions.</p>
<p>Neverthless, Oliveira promised that his side, European Champions 10 years ago, would not go out without a fight. &quot;We are not going to throw in the towel. We are going to try and put right everything that went wrong two weeks ago,&quot; he said.</p>
<p>But Porto will be without bustling Brazilian striker Artur Oliveira, midfielder Rui Barros and defender Sergio Conceicao -- all suspended after picking up yellow cards in the first leg.</p>
<p>International striker Domingos Oliveira and winger Antonio Folha are sidelined through injury.</p>
<p>United have no such problems as they bid to become the first English side to reach the semi-finals of Europe's top club competition since 1985.</p>
<p>The only doubt for coach Alex Ferguson surrounds the fitness of striker Andy Cole who limped out of his side's 2-0 defeat of Sheffield Wednesday at the weekend with a thigh strain.</p>
<p>If Cole fails to recover, he is likely to be replaced by Nicky Butt in a slightly more defensive formation with Ole Gunnar Solskjaer taking the main striker role.</p>
<p>Both defender Gary Neville, who needed stitches in an ankle injury sustained against Wednesday, and midfielder Ryan Giggs, who hurt a knee in the same match, are expected to be fit. United can also call on influential midfielder Roy Keane who missed the first leg through injury.</p>
<p>Probably the only thing the Portuguese have going for them is history. The last time these two teams met in the European Cup in 1977 Porto won 6-5 on aggregate.</p>
<p>But the chances of history repeating itself are slim to say the least.</p>
<p>Teams (probable):</p>
<p>Porto - Henrique Hilario, Jorge Costa, Aloisio Alves, Fernando Mendes, Paulinho Santos, Jose Barroso, Edmilson Pimenta, Zlatko Zahovic, Ljubimko Drulovic, Mario Jardel, Grzegorz Mielcarski.</p>
<p>Manchester United - Peter Schmeichel, Gary Neville, David May, Gary Pallister, Denis Irwin, David Beckham, Roy Keane, Ryan Giggs, Eric Cantona, Nicky Butt, Ole Gunnar Solskjaer.</p>
</text>
<copyright>(c) Reuters Limited 1997</copyright>
<metadata>
<codes class="bip:countries:1.0">
  <code code="PORL">
    <editdetail attribution="Reuters BIP Coding Group" action="confirmed" date="1997-03-18"/>
  </code>
  <code code="UK">
    <editdetail attribution="Reuters BIP Coding Group" action="confirmed" date="1997-03-18"/>
  </code>
</codes>
<codes class="bip:topics:1.0">
  <code code="GCAT">
    <editdetail attribution="Reuters BIP Coding Group" action="confirmed" date="1997-03-18"/>
  </code>
  <code code="GSPO">
    <editdetail attribution="Reuters BIP Coding Group" action="confirmed" date="1997-03-18"/>
  </code>
</codes>
<dc element="dc.date.created" value="1997-03-18"/>
<dc element="dc.publisher" value="Reuters Holdings Plc"/>
<dc element="dc.date.published" value="1997-03-18"/>
<dc element="dc.source" value="Reuters"/>
<dc element="dc.creator.location" value="OPORTO, Portugal"/>
<dc element="dc.creator.location.country.name" value="PORTUGAL"/>
<dc element="dc.source" value="Reuters"/>
</metadata>
</newsitem>
