<?xml version="1.0" encoding="iso-8859-1" ?>
<newsitem itemid="449212" id="root" date="1997-03-18" xml:lang="en">
<title>GERMANY: SOCCER-'MISFIT' KLINSMANN AIMING FOR MOVE OUTSIDE GERMANY.</title>
<headline>SOCCER-'MISFIT' KLINSMANN AIMING FOR MOVE OUTSIDE GERMANY.</headline>
<byline>Adrian Warner</byline>
<dateline>BONN 1997-03-18</dateline>
<text>
<p>Juergen Klinsmann shocked German soccer on Tuesday when he announced he was leaving Bayern Munich at the end of the season because he does not fit in at the Bundesliga's richest but most controversial club.</p>
<p>&quot;I had a talk with (chairman) Franz Beckenbauer last week and I told him that I would probably play abroad next season,&quot; the 32-year-old striker and Germany captain said. &quot;I don't fit in here.&quot;</p>
<p>&quot;I wanted to tell Bayern now so that they can plan for the future. There are many reasons (why I am leaving) and I have decided to act.&quot;</p>
<p>Klinsmann, who returned to Germany in 1995 after a successful spell with English side Tottenham, complained earlier in the season that he was unhappy with Bayern's defensive tactics and the way he had been treated when he went through a bad patch.</p>
<p>Bayern have a reputation for squabbling in the dressing rooms. The forward has often been at odds with captain Lothar Matthaeus, his predecessor in charge of the national team.</p>
<p>His decision to quit was the biggest talking point among the players at training on Tuesday. Bayern midfielder Mario Basler said he understood why Klinsmann was leaving and said he and other key players were also unhappy.</p>
<p>The atmosphere has been tense in Munich in the last week. It has emerged that Beckenbauer told the team that they were a poor side during a special meeting recently. The &quot;Kaiser&quot; was also very critical in public after two defeats last week.</p>
<p>&quot;It was obvious that the whole ballyhoo in Munich got on Juergen's nerves,&quot; Bayern general manager Uli Hoeness said. &quot;He has said that himself many times.&quot;</p>
<p>One of Klinsmann's lowest moments came at the end of last year when he was substituted in a key league match at his old club VfB Stuttgart where he made his name in the German game.</p>
<p>Shortly afterwards Klinsmann, who struggled to score goals in the first half of the season, threatened to leave Bayern.</p>
<p>&quot;I have had to swallow a lot and I'm prepared to swallow a lot more to win the German championship,&quot; he said at the time. &quot;But when everyone takes it out on me, I have to ask myself whether I belong here.&quot;</p>
<p>Tuesday's announcement still came as a surprise since Klinsmann seemed to have settled his differences with the club who are still in the running to win the German championship despite their recent drop in form.</p>
<p>Klinsmann's contract is due to end in June 1998 but the forward has an opt-out clause which allows him to leave without a transfer fee.</p>
<p>The decision is almost certain to fuel speculation that he could return to England but he is also believed to have had offers from Spain. In addition to Tottenham, Klinsmann has played for Monaco and Internazionale.</p>
<p>Bayern have been working on boosting their forward line for several months and are expected to sign VfB Stuttgart's Brazilian striker Giovane Elber for the start of next season.</p>
</text>
<copyright>(c) Reuters Limited 1997</copyright>
<metadata>
<codes class="bip:countries:1.0">
  <code code="GFR">
    <editdetail attribution="Reuters BIP Coding Group" action="confirmed" date="1997-03-18"/>
  </code>
</codes>
<codes class="bip:topics:1.0">
  <code code="GCAT">
    <editdetail attribution="Reuters BIP Coding Group" action="confirmed" date="1997-03-18"/>
  </code>
  <code code="GSPO">
    <editdetail attribution="Reuters BIP Coding Group" action="confirmed" date="1997-03-18"/>
  </code>
</codes>
<dc element="dc.date.created" value="1997-03-18"/>
<dc element="dc.publisher" value="Reuters Holdings Plc"/>
<dc element="dc.date.published" value="1997-03-18"/>
<dc element="dc.source" value="Reuters"/>
<dc element="dc.creator.location" value="BONN"/>
<dc element="dc.creator.location.country.name" value="GERMANY"/>
<dc element="dc.source" value="Reuters"/>
</metadata>
</newsitem>
