<?xml version="1.0" encoding="iso-8859-1" ?>
<newsitem itemid="449224" id="root" date="1997-03-18" xml:lang="en">
<title>UK: CRICKET-ATHERTON SHOULD BE DROPPED, ILLINGWORTH SAYS.</title>
<headline>CRICKET-ATHERTON SHOULD BE DROPPED, ILLINGWORTH SAYS.</headline>
<dateline>LONDON 1997-03-18</dateline>
<text>
<p>Mike Atherton should be axed as England captain for the one-day internationals against Australia this year, according to his former chairman of selectors Ray Illingworth.</p>
<p>Illingworth wrote in Tuesday's Express newspaper that current chairman David Graveney should give less experienced members of the side a chance to lead the side.</p>
<p>&quot;Atherton's leadership of the England side has never been truly convincing,&quot; said Illingworth, who stepped down as chairman of selectors last year. &quot;But there have been almost no alternatives in the past few years.</p>
<p>&quot;That is not the case now. Nasser Hussain, his vice-captain on the winter tour of Zimbabwe and New Zealand, and Adam Hollioake, the A team skipper, have the potential to lead the side with panache.</p>
<p>&quot;Graveney should bite the bullet, show some boldness and axe Atherton as England's one-day captain in favour of either Hussain or Hollioake.&quot;</p>
<p>Graveney responded by saying he did not favour appointing two captains -- one for the one-day internationals and one for the Ashes test series.</p>
<p>He said he would consult former England captains Graham Gooch and Mike Gatting -- both now England selectors -- before making a decision on the captaincy in the next few weeks.</p>
<p>&quot;My view is that we should have the same captain for both particular elements,&quot; he said.</p>
<p>&quot;Ray, whom I've learned a lot from during my two years as selector, has had his time and now it's down to the three of us to decide what is the right course for England to take.&quot;</p>
<p>England face Australia in three one-day internationals in May and in the six-test Ashes series in July and August.</p>
</text>
<copyright>(c) Reuters Limited 1997</copyright>
<metadata>
<codes class="bip:countries:1.0">
  <code code="AUSTR">
    <editdetail attribution="Reuters BIP Coding Group" action="confirmed" date="1997-03-18"/>
  </code>
  <code code="UK">
    <editdetail attribution="Reuters BIP Coding Group" action="confirmed" date="1997-03-18"/>
  </code>
</codes>
<codes class="bip:topics:1.0">
  <code code="GCAT">
    <editdetail attribution="Reuters BIP Coding Group" action="confirmed" date="1997-03-18"/>
  </code>
  <code code="GSPO">
    <editdetail attribution="Reuters BIP Coding Group" action="confirmed" date="1997-03-18"/>
  </code>
</codes>
<dc element="dc.date.created" value="1997-03-18"/>
<dc element="dc.publisher" value="Reuters Holdings Plc"/>
<dc element="dc.date.published" value="1997-03-18"/>
<dc element="dc.source" value="Reuters"/>
<dc element="dc.creator.location" value="LONDON"/>
<dc element="dc.creator.location.country.name" value="UK"/>
<dc element="dc.source" value="Reuters"/>
</metadata>
</newsitem>
