<?xml version="1.0" encoding="iso-8859-1" ?>
<newsitem itemid="449287" id="root" date="1997-03-18" xml:lang="en">
<title>SWITZERLAND: CYCLING-INJURED OLYMPIC CHAMPION RICHARD OUT FOR THREE WEEKS.</title>
<headline>CYCLING-INJURED OLYMPIC CHAMPION RICHARD OUT FOR THREE WEEKS.</headline>
<dateline>GENEVA 1997-03-17</dateline>
<text>
<p>Olympic road race cycling champion Pascal Richard will be out of action for three weeks after doctors found on Monday that injuries sustained in an accident were more serious than first thought.</p>
<p>The Swiss was involved in a collision with a car while on a training ride on Sunday.</p>
<p>He was taken by ambulance to a hospital where he was treated for a broken left hand, two broken fingers in his right hand and a badly bruised left thigh.</p>
<p>The medical examination on Monday showed Richard had also suffered a cracked sternum.</p>
</text>
<copyright>(c) Reuters Limited 1997</copyright>
<metadata>
<codes class="bip:countries:1.0">
  <code code="SWITZ">
    <editdetail attribution="Reuters BIP Coding Group" action="confirmed" date="1997-03-18"/>
  </code>
</codes>
<codes class="bip:topics:1.0">
  <code code="GCAT">
    <editdetail attribution="Reuters BIP Coding Group" action="confirmed" date="1997-03-18"/>
  </code>
  <code code="GSPO">
    <editdetail attribution="Reuters BIP Coding Group" action="confirmed" date="1997-03-18"/>
  </code>
</codes>
<dc element="dc.date.created" value="1997-03-17"/>
<dc element="dc.publisher" value="Reuters Holdings Plc"/>
<dc element="dc.date.published" value="1997-03-18"/>
<dc element="dc.source" value="Reuters"/>
<dc element="dc.creator.location" value="GENEVA"/>
<dc element="dc.creator.location.country.name" value="SWITZERLAND"/>
<dc element="dc.source" value="Reuters"/>
</metadata>
</newsitem>
