<?xml version="1.0" encoding="iso-8859-1" ?>
<newsitem itemid="449271" id="root" date="1997-03-18" xml:lang="en">
<title>SPAIN: SOCCER-GIL REMARKS SOUR ATLETICO-AJAX CLASH.</title>
<headline>SOCCER-GIL REMARKS SOUR ATLETICO-AJAX CLASH.</headline>
<dateline>MADRID 1997-03-18</dateline>
<text>
<p>Representatives of Dutch soccer club Ajax have boycotted a lunch with Atletico Madrid officials ahead of Wednesday's European Cup quarter-final clash because of allegedly racist remarks made by the Spanish club's owner Jesus Gil before the first leg two weeks ago.</p>
<p>The lunch had been scheduled for Tuesday.</p>
<p>Prior to the match in Amsterdam, which finished 1-1, Gil said: &quot;Those from the Congo and the Antilles -- you see them warming up, five blacks there, four there, three more on the field -- it looked like the Congo to me...with all respect.&quot;</p>
<p>He has since refused to apologise for the comments, saying on Tuesday: &quot;I've never been racist, whatever they say. The colour of the skin is not a sign of racism for me.</p>
<p>&quot;Ajax seem marvellous to me. Do I know the players? No, not all of them...(only) the best known. There are so many blacks there that I don't know them.&quot;</p>
<p>There are no black players currently at Atletico, although one South African, Quinton Fortune, played some games for the first team last year and has since become a regular for the reserve side and others have appeared in recent seasons.</p>
<p>Ajax coach Louis van Gaal condemned Gil for the remarks, saying that he would not come to Spain to criticise the Spanish.</p>
<p>Reports in the Spanish media claim that Van Gaal has pinned a copy of Gil's remarks on to the dressing-room door to motivate his players. And Atletico coach Radomir Antic suggested that Ajax may be stirring up the row for the same reason .</p>
<p>&quot;Perhaps this victimisation is used to give good luck or something,&quot; Antic said.</p>
<p>&quot;This isn't the first time that it's happened with Ajax,&quot; he added, in an apparent reference to the rough reception given to Ajax's black players at Hungary's Ferencvaros in last season's European Cup.</p>
</text>
<copyright>(c) Reuters Limited 1997</copyright>
<metadata>
<codes class="bip:countries:1.0">
  <code code="NETH">
    <editdetail attribution="Reuters BIP Coding Group" action="confirmed" date="1997-03-18"/>
  </code>
  <code code="SPAIN">
    <editdetail attribution="Reuters BIP Coding Group" action="confirmed" date="1997-03-18"/>
  </code>
</codes>
<codes class="bip:topics:1.0">
  <code code="GCAT">
    <editdetail attribution="Reuters BIP Coding Group" action="confirmed" date="1997-03-18"/>
  </code>
  <code code="GSPO">
    <editdetail attribution="Reuters BIP Coding Group" action="confirmed" date="1997-03-18"/>
  </code>
</codes>
<dc element="dc.date.created" value="1997-03-18"/>
<dc element="dc.publisher" value="Reuters Holdings Plc"/>
<dc element="dc.date.published" value="1997-03-18"/>
<dc element="dc.source" value="Reuters"/>
<dc element="dc.creator.location" value="MADRID"/>
<dc element="dc.creator.location.country.name" value="SPAIN"/>
<dc element="dc.source" value="Reuters"/>
</metadata>
</newsitem>
