<?xml version="1.0" encoding="iso-8859-1" ?>
<newsitem itemid="449246" id="root" date="1997-03-18" xml:lang="en">
<title>USA: BOXING-GOLOTA TO FIGHT MERCER AT MADISON SQUARE GARDEN IN MAY.</title>
<headline>BOXING-GOLOTA TO FIGHT MERCER AT MADISON SQUARE GARDEN IN MAY.</headline>
<dateline>NEW YORK 1997-03-18</dateline>
<text>
<p>Andrew Golota, whose disqualification against Riddick Bowe last July at Madison Square Garden resulted in a full-scale brawl, will return to the famed New York arena on May 16 to fight Ray Mercer.</p>
<p>Golota, a native of Poland, was disqualified for throwing low blows in his July 11 heavyweight bout with Bowe in New York, sparking a riot that resulted in numerous arrests.</p>
<p>In their Atlantic City rematch in December, Golota was again decisively leading Bowe when, incredibly, he was disqualified again for low blows. Golota is 28-2 with 25 knockouts.</p>
<p>Mercer is 24-4-1 with 16 knockouts. He has two losses and a draw in his last four fights.</p>
<p>The undercard will feature Tim Witherspoon (45-5, 30 knockouts) against an opponent to be named.</p>
</text>
<copyright>(c) Reuters Limited 1997</copyright>
<metadata>
<codes class="bip:countries:1.0">
  <code code="POL">
    <editdetail attribution="Reuters BIP Coding Group" action="confirmed" date="1997-03-18"/>
  </code>
  <code code="USA">
    <editdetail attribution="Reuters BIP Coding Group" action="confirmed" date="1997-03-18"/>
  </code>
</codes>
<codes class="bip:topics:1.0">
  <code code="GCAT">
    <editdetail attribution="Reuters BIP Coding Group" action="confirmed" date="1997-03-18"/>
  </code>
  <code code="GSPO">
    <editdetail attribution="Reuters BIP Coding Group" action="confirmed" date="1997-03-18"/>
  </code>
</codes>
<dc element="dc.date.created" value="1997-03-18"/>
<dc element="dc.publisher" value="Reuters Holdings Plc"/>
<dc element="dc.date.published" value="1997-03-18"/>
<dc element="dc.source" value="Reuters"/>
<dc element="dc.creator.location" value="NEW YORK"/>
<dc element="dc.creator.location.country.name" value="USA"/>
<dc element="dc.source" value="Reuters"/>
</metadata>
</newsitem>
