<?xml version="1.0" encoding="iso-8859-1" ?>
<newsitem itemid="449225" id="root" date="1997-03-18" xml:lang="en">
<title>UK: SOCCER-EUROPEAN CUP QUARTER-FINALS MATCH ANALYSIS.</title>
<headline>SOCCER-EUROPEAN CUP QUARTER-FINALS MATCH ANALYSIS.</headline>
<dateline>LONDON 1997-03-18</dateline>
<text>
<p>Analysis of key elements of Wednesday's European Cup quarter-final second-leg matches (first-leg scores in parentheses):</p>
<p>Atletico Madrid (Spain)v Ajax (Netherlands) (1-1)</p>
<p>Atletico could be without Juan Eduardo Esnaider who scored their first-leg goal. The Argentina striker is recovering from tonsillitis.</p>
<p>They hope to welcome back Kiko from suspension, although he has a foot injury.</p>
<p>Ajax will be without the suspended Patrick Kluivert and could be missing Finnish striker Jari Litmanen who is nursing a hip injury but Winston Bogarde could return after a fit of pique kept him out of the first leg. - - - - Juventus (Italy) v Rosenborg Trondheim (Norway) (1-1) Juventus coach Marcello Lippi may make two changes from the side which beat Roma 3-0 at the weekend with Mark Iuliano replacing the cup-tied Portugese defender Manuel Dimas and Yugoslav midfielder Vladimir Jugovic taking Alessio Tacchinardi's place. Alessandro Del Piero is still ruled out by injury while Croat striker Alen Boksic, who has played only 10 minutes of competitive soccer in the last two months, starts on the substitutes' bench. Rosenborg, preparing for the match in Antibes in France, report no injury problems and have no players suspended. Defender Erik Hoftun, who had a cold, has recovered and took part in training on Sunday and Monday. - - - - Borussia Dortmund (Germany) v Auxerre (France) (3-1) Borussia have doubts over midfielder Paulo Sousa and striker Karlheinz Riedle, who both missed Saturday's league defeat at Stuttgart. Joerg Heinrich is likely to take the place of the suspended Stefan Reuter at right back. Defender Julio Cesar is still recovering from a knee operation at Christmas and will definitely not play.</p>
<p>Auxerre captain Franck Silvestre, who missed Auxerre's last league match because of injury, should return with ex-Dortmund libero the Australian Ned Zelic on the bench.</p>
<p>Wing-back Steve Marlet misses the match through injury with Antoine Sibierski or Thomas Deniaud playing on the right of the attack in a 4-3-3 formation. - - - - Porto (Portugal) v Manchester United (England) (0-4) Porto will be without suspended Brazilian striker Artur Oliveira, midfielder Rui Barros and international defender Sergio Conceicao and will also be missing injured international striker Domingos Oliveira. Manchester United's only injury doubt concerns striker Andy Cole who pulled a thigh muscle during United's 2-0 win over Sheffield Wednesday on Saturday. Roy Keane and Nicky Butt have both recovered from injuries.</p>
</text>
<copyright>(c) Reuters Limited 1997</copyright>
<metadata>
<codes class="bip:countries:1.0">
  <code code="ARG">
    <editdetail attribution="Reuters BIP Coding Group" action="confirmed" date="1997-03-18"/>
  </code>
  <code code="NETH">
    <editdetail attribution="Reuters BIP Coding Group" action="confirmed" date="1997-03-18"/>
  </code>
  <code code="SPAIN">
    <editdetail attribution="Reuters BIP Coding Group" action="confirmed" date="1997-03-18"/>
  </code>
  <code code="UK">
    <editdetail attribution="Reuters BIP Coding Group" action="confirmed" date="1997-03-18"/>
  </code>
</codes>
<codes class="bip:topics:1.0">
  <code code="GCAT">
    <editdetail attribution="Reuters BIP Coding Group" action="confirmed" date="1997-03-18"/>
  </code>
  <code code="GSPO">
    <editdetail attribution="Reuters BIP Coding Group" action="confirmed" date="1997-03-18"/>
  </code>
</codes>
<dc element="dc.date.created" value="1997-03-18"/>
<dc element="dc.publisher" value="Reuters Holdings Plc"/>
<dc element="dc.date.published" value="1997-03-18"/>
<dc element="dc.source" value="Reuters"/>
<dc element="dc.creator.location" value="LONDON"/>
<dc element="dc.creator.location.country.name" value="UK"/>
<dc element="dc.source" value="Reuters"/>
</metadata>
</newsitem>
