<?xml version="1.0" encoding="iso-8859-1" ?>
<newsitem itemid="449288" id="root" date="1997-03-18" xml:lang="en">
<title>PAKISTAN: HOCKEY-PAKISTAN SURVIVE DISMISSALS TO DRAW WITH DUTCH.</title>
<headline>HOCKEY-PAKISTAN SURVIVE DISMISSALS TO DRAW WITH DUTCH.</headline>
<dateline>KARACHI 1997-03-18</dateline>
<text>
<p>World champions Pakistan drew 3-3 with the Netherlands in the Golden Jubilee of Pakistan tournament on Tuesday despite playing nearly half of a bruising match with less than 11 players.</p>
<p>Three Pakistanis -- Tariq Imran, Muhammad Khalid and Tahir Zaman -- were shown yellow cards which earned them temporary dismissals.</p>
<p>Tariq, one of Pakistan's newcomers, was sent off for half an hour -- one of the longest suspensions in the history of the sport -- for a ninth minute foul off the ball on Dutch captain Stephan Veen. Veen was badly shaken and had to leave the pitch.</p>
<p>The Dutch, the current Olympic champions, took an early lead through Bram Lomans before Pakistan equalised and went ahead through a corner goal from Muhammad Shahbaz and a penalty from Tahir Zaman.</p>
<p>The home side were then reduced to nine men thanks to two suspensions, including that of Tariq, but the Dutch failed to find an equaliser.</p>
<p>It was only when Pakistan had 11 players back on the pitch in the 41st minute that the Netherlands pulled level through another Lomans corner goal.</p>
<p>Muhammad Shahbaz restored Pakistan's lead with his second of the match but with five minutes to go Jaap Buma levelled the scores and earned the Netherlands a point.</p>
<p>Earlier, Germany beat Australia 2-1 with a dramatic winner 10 seconds from time by Christoph Bechmann.</p>
</text>
<copyright>(c) Reuters Limited 1997</copyright>
<metadata>
<codes class="bip:countries:1.0">
  <code code="NETH">
    <editdetail attribution="Reuters BIP Coding Group" action="confirmed" date="1997-03-18"/>
  </code>
  <code code="PAKIS">
    <editdetail attribution="Reuters BIP Coding Group" action="confirmed" date="1997-03-18"/>
  </code>
</codes>
<codes class="bip:topics:1.0">
  <code code="GCAT">
    <editdetail attribution="Reuters BIP Coding Group" action="confirmed" date="1997-03-18"/>
  </code>
  <code code="GSPO">
    <editdetail attribution="Reuters BIP Coding Group" action="confirmed" date="1997-03-18"/>
  </code>
</codes>
<dc element="dc.date.created" value="1997-03-18"/>
<dc element="dc.publisher" value="Reuters Holdings Plc"/>
<dc element="dc.date.published" value="1997-03-18"/>
<dc element="dc.source" value="Reuters"/>
<dc element="dc.creator.location" value="KARACHI"/>
<dc element="dc.creator.location.country.name" value="PAKISTAN"/>
<dc element="dc.source" value="Reuters"/>
</metadata>
</newsitem>
