<?xml version="1.0" encoding="iso-8859-1" ?>
<newsitem itemid="449268" id="root" date="1997-03-18" xml:lang="en">
<title>SWITZERLAND: FIGURE SKATING-CANADIANS TANGO WITH JUDGES.</title>
<headline>FIGURE SKATING-CANADIANS TANGO WITH JUDGES.</headline>
<byline>Steve Keating</byline>
<dateline>LAUSANNE, Switzerland 1997-03-18</dateline>
<text>
<p>The dance competition at the world figure skating championships began on Tuesday with a waltz, a rhumba and a tango with the judges.</p>
<p>The Canadian pair of Shae-Lynn Bourne and Victor Kraatz, hoping to challenge the Russian domination of the event, left the ice in third place in the compulsory phase of the competition and promptly hit out at the judges.</p>
<p>&quot;Look at the panel. The majority of judges are from the eastern bloc and then there's a few western judges and that creates a few of the problems,&quot; said Kraatz.</p>
<p>&quot;I think if every judge were to just judge according to what they see, everything would be much better.&quot;</p>
<p>Ahead of the Canadians are two Russian pairs, Olympic and three-time world champions Evgeny Platov and Oksana Grishuk and Anjelika Krylova and Oleg Ovsiannikov.</p>
<p>Third place was a major disappointment to Bourne and Kraatz, who now face an uphill battle if they are to repeat their gold medal success of a forntight ago when they beat Krylova and Ovsyannikov in the Champions Series final in Ontario.</p>
<p>They did, however, receive one first place vote for their efforts in the two compulsory dances and that, ironically, came from their own Canadian judge, John Greenwood, in the rhumba.</p>
<p>Even so, last year's bronze medallists considered that a major breakthrough.</p>
<p>&quot;He (Greenwood) had the guts to finally do something about what's going on as far as skating goes,&quot; said Kraatz.</p>
<p>&quot;He's not concerned so much about hierarchy. Finally things are turning in the right direction.&quot;</p>
<p>His partner, Bourne, was no less disappointed by the perceived old eastern bloc, Cold War allegiances but was upbeat about their one success.</p>
<p>&quot;I'm thrilled. That was the greatest thing about our last dance,&quot; said Bourne. &quot;I'm more thrilled about that one first than anything.</p>
<p>&quot;It just shows each judge has a different opinion, and he's (Greenwood) a good judge -- an honest judge.&quot;</p>
</text>
<copyright>(c) Reuters Limited 1997</copyright>
<metadata>
<codes class="bip:countries:1.0">
  <code code="CANA">
    <editdetail attribution="Reuters BIP Coding Group" action="confirmed" date="1997-03-18"/>
  </code>
  <code code="RUSS">
    <editdetail attribution="Reuters BIP Coding Group" action="confirmed" date="1997-03-18"/>
  </code>
  <code code="SWITZ">
    <editdetail attribution="Reuters BIP Coding Group" action="confirmed" date="1997-03-18"/>
  </code>
</codes>
<codes class="bip:topics:1.0">
  <code code="GCAT">
    <editdetail attribution="Reuters BIP Coding Group" action="confirmed" date="1997-03-18"/>
  </code>
  <code code="GSPO">
    <editdetail attribution="Reuters BIP Coding Group" action="confirmed" date="1997-03-18"/>
  </code>
</codes>
<dc element="dc.date.created" value="1997-03-18"/>
<dc element="dc.publisher" value="Reuters Holdings Plc"/>
<dc element="dc.date.published" value="1997-03-18"/>
<dc element="dc.source" value="Reuters"/>
<dc element="dc.creator.location" value="LAUSANNE, Switzerland"/>
<dc element="dc.creator.location.country.name" value="SWITZERLAND"/>
<dc element="dc.source" value="Reuters"/>
</metadata>
</newsitem>
