<?xml version="1.0" encoding="iso-8859-1" ?>
<newsitem itemid="449276" id="root" date="1997-03-18" xml:lang="en">
<title>AUSTRIA: MOTOR RACING-FATHER OF RACING ACE BERGER GETS FIVE YEARS JAIL.</title>
<headline>MOTOR RACING-FATHER OF RACING ACE BERGER GETS FIVE YEARS JAIL.</headline>
<dateline>VIENNA 1997-03-18</dateline>
<text>
<p>Johann Berger, father of Formula One racer Gerhard Berger, was sentenced on Tuesday to over five years in jail for his part in swindling millions of marks out of a German bank, Austrian television said.</p>
<p>The 62-year Berger, who used to run a transport firm in Austria's western state Tyrol, was found guilty by the county court in Innsbruck of tricking the Landesgirokasse in Stuttgart out of the sum of 12.6 million marks ($7.5 million) on the pretext of setting up a wood plant in Germany.</p>
<p>Berger's former lawyer, Martin Nagiller, received six years in jail for his part in the scam, while Berger received five years and four months, television said. ($ = 1.690 German Marks)</p>
</text>
<copyright>(c) Reuters Limited 1997</copyright>
<metadata>
<codes class="bip:countries:1.0">
  <code code="AUST">
    <editdetail attribution="Reuters BIP Coding Group" action="confirmed" date="1997-03-18"/>
  </code>
</codes>
<codes class="bip:topics:1.0">
  <code code="GCAT">
    <editdetail attribution="Reuters BIP Coding Group" action="confirmed" date="1997-03-18"/>
  </code>
  <code code="GSPO">
    <editdetail attribution="Reuters BIP Coding Group" action="confirmed" date="1997-03-18"/>
  </code>
</codes>
<dc element="dc.date.created" value="1997-03-18"/>
<dc element="dc.publisher" value="Reuters Holdings Plc"/>
<dc element="dc.date.published" value="1997-03-18"/>
<dc element="dc.source" value="Reuters"/>
<dc element="dc.creator.location" value="VIENNA"/>
<dc element="dc.creator.location.country.name" value="AUSTRIA"/>
<dc element="dc.source" value="Reuters"/>
</metadata>
</newsitem>
