<?xml version="1.0" encoding="iso-8859-1" ?>
<newsitem itemid="449204" id="root" date="1997-03-18" xml:lang="en">
<title>ITALY: SOCCER-NAPOLI COACH SIMONI TO LEAVE AT END OF SEASON.</title>
<headline>SOCCER-NAPOLI COACH SIMONI TO LEAVE AT END OF SEASON.</headline>
<dateline>NAPLES, Italy 1997-03-18</dateline>
<text>
<p>Napoli coach Gigi Simoni, who has led the southern Italian Serie A club to the Italian Cup final, said on Tuesday he would be leaving at the end of the season because of a row over contracts.</p>
<p>&quot;I asked for a two-year contract but they only wanted to renew me for one year. That's why I'm going,&quot; Simoni told reporters.</p>
<p>&quot;The club did all it could to keep me and I also pushed in the same direction. But we couldn't agree on this point. It wasn't a question of money.&quot;</p>
<p>Simoni has, however, been linked with the coaching job at Inter Milan which will be vacant at the end of the season when Roy Hodgson takes over at English premier league Blackburn Rovers.</p>
<p>Napoli, currently 13th in the league, criticised Simoni last week for telling reporters that he had met Inter officials, although the coach had not given any details.</p>
<p>Simoni said he had only good words to say about Napoli, who have fallen on hard times since their glory days with Diego Maradona in the 1980s, and that, for the sake of the club, he was putting an end to the speculation about his future.</p>
<p>&quot;I am just sorry to be leaving,&quot; he said. &quot;I could be fired as I read in the papers. But I won't talk about that. I'm only thinking now about the league and the Italian Cup.&quot;</p>
</text>
<copyright>(c) Reuters Limited 1997</copyright>
<metadata>
<codes class="bip:countries:1.0">
  <code code="ITALY">
    <editdetail attribution="Reuters BIP Coding Group" action="confirmed" date="1997-03-18"/>
  </code>
</codes>
<codes class="bip:topics:1.0">
  <code code="GCAT">
    <editdetail attribution="Reuters BIP Coding Group" action="confirmed" date="1997-03-18"/>
  </code>
  <code code="GSPO">
    <editdetail attribution="Reuters BIP Coding Group" action="confirmed" date="1997-03-18"/>
  </code>
</codes>
<dc element="dc.date.created" value="1997-03-18"/>
<dc element="dc.publisher" value="Reuters Holdings Plc"/>
<dc element="dc.date.published" value="1997-03-18"/>
<dc element="dc.source" value="Reuters"/>
<dc element="dc.creator.location" value="NAPLES, Italy"/>
<dc element="dc.creator.location.country.name" value="ITALY"/>
<dc element="dc.source" value="Reuters"/>
</metadata>
</newsitem>
