<?xml version="1.0" encoding="iso-8859-1" ?>
<newsitem itemid="449239" id="root" date="1997-03-18" xml:lang="en">
<title>TRINIDAD AND TOBAGO: CRICKET-WILLIANS HITS MAIDEN TEST CENTURY.</title>
<headline>CRICKET-WILLIANS HITS MAIDEN TEST CENTURY.</headline>
<dateline>PORT OF SPAIN, Trinidad 1997-03-18</dateline>
<text>
<p>Opener Stuart Williams completed his maiden test century as West Indies headed towards safety in the second test against India on Tuesday.</p>
<p>Williams reached three figures just before lunch on the fifth and final day when West Indies, 140 behind on first innings, were 192 for one at the interval.</p>
<p>They led by 52 with two sessions remaining, and the game looked set for a draw. The opening test in the five-match series was drawn.</p>
<p>Williams, having made 63 of the overnight 118 for one, scored his century off 241 balls in 355 minutes, hitting one six and nine fours.</p>
<p>The opener, playing his 14th test, was unbeaten on 102 at lunch, having shared a record, unbroken second wicket partnership of 167 with left-hander Shivnarine Chanderpaul, who was 71 not out.</p>
<p>They beat the previous best at Queen's Park Oval for West Indies against India of 119 between Easton McMorris and Rohan Kanhai in the 1961-62 series.</p>
</text>
<copyright>(c) Reuters Limited 1997</copyright>
<metadata>
<codes class="bip:countries:1.0">
  <code code="INDIA">
    <editdetail attribution="Reuters BIP Coding Group" action="confirmed" date="1997-03-18"/>
  </code>
  <code code="TRTO">
    <editdetail attribution="Reuters BIP Coding Group" action="confirmed" date="1997-03-18"/>
  </code>
  <code code="WEIND">
    <editdetail attribution="Reuters BIP Coding Group" action="confirmed" date="1997-03-18"/>
  </code>
</codes>
<codes class="bip:topics:1.0">
  <code code="GCAT">
    <editdetail attribution="Reuters BIP Coding Group" action="confirmed" date="1997-03-18"/>
  </code>
  <code code="GSPO">
    <editdetail attribution="Reuters BIP Coding Group" action="confirmed" date="1997-03-18"/>
  </code>
</codes>
<dc element="dc.date.created" value="1997-03-18"/>
<dc element="dc.publisher" value="Reuters Holdings Plc"/>
<dc element="dc.date.published" value="1997-03-18"/>
<dc element="dc.source" value="Reuters"/>
<dc element="dc.creator.location" value="PORT OF SPAIN, Trinidad"/>
<dc element="dc.creator.location.country.name" value="TRINIDAD AND TOBAGO"/>
<dc element="dc.source" value="Reuters"/>
</metadata>
</newsitem>
