<?xml version="1.0" encoding="iso-8859-1" ?>
<newsitem itemid="449228" id="root" date="1997-03-18" xml:lang="en">
<title>NIGERIA: SOCCER-EKOKU BACK FOR NIGERIA.</title>
<headline>SOCCER-EKOKU BACK FOR NIGERIA.</headline>
<dateline>LAGOS 1997-03-18</dateline>
<text>
<p>New Nigerian coach Phillipe Troussier recalled strikers Efan Ekoku and Christopher Ohenhen on Tuesday for next month's crucial World Cup qualifier against fellow West Africans Guinea.</p>
<p>Frenchman Troussier, appointed last month, included Wimbledon's Ekoku and Compostela's Ohenhen in a 23-man squad for the April 5 game.</p>
<p>Troussier replaced coach Amodu Shaibu, sacked in January after coming in for Dutchman Jo Bonfrere, who quit in October after alleging poor treatment and interference in his duties.</p>
<p>Olympic champions Nigeria, second behind Guinea in their group, must win to keep alive their chances of qualifying for the 1998 World Cup finals in France. Only one team will qualify from the group of four.</p>
<p>Ekoku and Ohenhen have each scored 11 league goals this season.</p>
<p>Ekoku last played for Nigeria in 1995, while uncapped Ohenhen was on the substitutes' bench in 1990.</p>
<p>Squad:</p>
<p>Goalkeepers - Ike Shorounmu (FC Zurich), Willy Okpara (Orlando Pirates), Abiodun Baruwa (Shooting Stars).</p>
<p>Defenders - Mobi Oparaku (Turnhout), Celestine Babayaro (Anderlecht), Godwin Okpara (Strasbourg), Taribo West (Auxerre), Austin Eguavoen (CSKA Moscow), Uche Okechukwu (Fenerbahce), Ajibade Babalade (Shooting Stars).</p>
<p>Midfielders - Sunday Oliseh (Cologne), Austin &quot;Jay-Jay&quot; Okocha (Fenerbahce), Wilson Oruma (Nancy), Garba Lawal (FC Utrecht), Finidi George (Real Betis), Emmanuel Amunike (Barcelona), Mutiu Adepoju (Real Sociedad).</p>
<p>Strikers - Efan Ekoku (Wimbledon), Christopher Ohenhen (Compostela), Jonathan Akpoborie (Hansa Rostock), Daniel Amokachi (Besiktas), Victor Ikpeba (Monaco), Tijjani Babangida (Ajax).</p>
</text>
<copyright>(c) Reuters Limited 1997</copyright>
<metadata>
<codes class="bip:countries:1.0">
  <code code="GUREP">
    <editdetail attribution="Reuters BIP Coding Group" action="confirmed" date="1997-03-18"/>
  </code>
  <code code="NIGEA">
    <editdetail attribution="Reuters BIP Coding Group" action="confirmed" date="1997-03-18"/>
  </code>
</codes>
<codes class="bip:topics:1.0">
  <code code="GCAT">
    <editdetail attribution="Reuters BIP Coding Group" action="confirmed" date="1997-03-18"/>
  </code>
  <code code="GSPO">
    <editdetail attribution="Reuters BIP Coding Group" action="confirmed" date="1997-03-18"/>
  </code>
</codes>
<dc element="dc.date.created" value="1997-03-18"/>
<dc element="dc.publisher" value="Reuters Holdings Plc"/>
<dc element="dc.date.published" value="1997-03-18"/>
<dc element="dc.source" value="Reuters"/>
<dc element="dc.creator.location" value="LAGOS"/>
<dc element="dc.creator.location.country.name" value="NIGERIA"/>
<dc element="dc.source" value="Reuters"/>
</metadata>
</newsitem>
