<?xml version="1.0" encoding="iso-8859-1" ?>
<newsitem itemid="449264" id="root" date="1997-03-18" xml:lang="en">
<title>MONACO: SOCCER-MONACO 1 NEWCASTLE UNITED 0 - LATEST.</title>
<headline>SOCCER-MONACO 1 NEWCASTLE UNITED 0 - LATEST.</headline>
<dateline>MONTE CARLO 1997-03-18</dateline>
<text>
<p>Monaco led Newcastle United 1-0 in their UEFA Cup quarter-final second leg match on Tuesday.</p>
<p>Scorer: Sylvain Legwinski 41</p>
<p>Agregate score: 2-0</p>
</text>
<copyright>(c) Reuters Limited 1997</copyright>
<metadata>
<codes class="bip:countries:1.0">
  <code code="FRA">
    <editdetail attribution="Reuters BIP Coding Group" action="confirmed" date="1997-03-18"/>
  </code>
  <code code="MONAC">
    <editdetail attribution="Reuters BIP Coding Group" action="confirmed" date="1997-03-18"/>
  </code>
  <code code="UK">
    <editdetail attribution="Reuters BIP Coding Group" action="confirmed" date="1997-03-18"/>
  </code>
</codes>
<codes class="bip:topics:1.0">
  <code code="GCAT">
    <editdetail attribution="Reuters BIP Coding Group" action="confirmed" date="1997-03-18"/>
  </code>
  <code code="GSPO">
    <editdetail attribution="Reuters BIP Coding Group" action="confirmed" date="1997-03-18"/>
  </code>
</codes>
<dc element="dc.date.created" value="1997-03-18"/>
<dc element="dc.publisher" value="Reuters Holdings Plc"/>
<dc element="dc.date.published" value="1997-03-18"/>
<dc element="dc.source" value="Reuters"/>
<dc element="dc.creator.location" value="MONTE CARLO"/>
<dc element="dc.creator.location.country.name" value="MONACO"/>
<dc element="dc.source" value="Reuters"/>
</metadata>
</newsitem>
