<?xml version="1.0" encoding="iso-8859-1" ?>
<newsitem itemid="449226" id="root" date="1997-03-18" xml:lang="en">
<title>SOUTH AFRICA: CRICKET-SOUTH AFRICA COMES TO TERMS WITH DEFEAT.</title>
<headline>CRICKET-SOUTH AFRICA COMES TO TERMS WITH DEFEAT.</headline>
<byline>Neil Manthorp</byline>
<dateline>JOHANNESBURG 1997-03-18</dateline>
<text>
<p>South Africa's sports fans and commentators have become notorious for their inability to see beyond the immediate horror of defeat since their readmission to world competition six years ago.</p>
<p>But Australia's two-wicket victory in the second test in Port Elizabeth on Monday, and resultant series victory, seems to have changed that. At least for now.</p>
<p>&quot;Healy's six silences the choir,&quot; exclaimed the Johannesburg Star daily, referring to the winning runs and the incessant singing associated with St George's Park.</p>
<p>&quot;Even if SA's batsmen can score some decent runs (in the third test) at Centurion Park, they will still be too little too late, unlike Australia's Waugh brothers and Greg Blewett who made the big scores when they really mattered,&quot; the newspaper said.</p>
<p>&quot;Well done Australia, you deserve it!&quot; wrote former Springbok captain Eddie Barlow in his weekly newspaper column.</p>
<p>Barlow has been critical of the South African team since being overlooked for the national coaching job two years ago.</p>
<p>After the test, however, he preferred to question the priorities of current coach Bob Woolmer, the wisdom of preparing a green wicket, the success of the national academy and even the lack of success of the politically sensitive development programme.</p>
<p>&quot;There can be little doubt that Bob Woolmer has paid more attention to the one-day game than to test matches,&quot; wrote Barlow. &quot;We all know it is an easier game to do well in, in a short space of time.</p>
<p>&quot;Is the national academy the right vehicle? Can it be improved? Is it structured correctly? Is it providing the right players?</p>
<p>&quot;An area that most are loathe to touch upon is affirmative action and the development programme. Every time I attempt to discuss it,&quot; wrote Barlow, &quot;I am told that that is the policy. There is nothing to discuss. I recall being told the same thing a couple of years ago -- by the National Party telling me that apartheid was the policy.</p>
<p>&quot;My concern is the amount of money being poured into it with little or no return,&quot; concluded Barlow.</p>
<p>The final talking point among South Africans was the reverse sweep played by 20-year-old Paul Adams to the eighth ball he received from Shane Warne. He was caught by Mark Taylor at slip for one.</p>
<p>&quot;I was horrified to see (that shot). Sorry Paul, you looked like a clown,&quot; wrote Barlow.</p>
<p>Woolmer admitted after the match that he had asked Adams not to play the shot.</p>
<p>&quot;He is still learning and shouldn't be criticised too harshly,&quot; said an editorial in Adams's home town Cape Times. &quot;Of course he should do as the coach says, but is it right to heap all the blame on the number 11 batsman when numbers one to six are consistently failing?&quot;</p>
<p>But if South African fans, in general, have now accepted the tourists as wiser and better over five days, they refuse to concede the honours in the one-day game.</p>
<p>&quot;Give us some coloured clothes and a couple of white balls and we can beat anyone, anytime,&quot; said 32-year-old Clubhouse regular Ted Docherty.</p>
</text>
<copyright>(c) Reuters Limited 1997</copyright>
<metadata>
<codes class="bip:countries:1.0">
  <code code="AUSTR">
    <editdetail attribution="Reuters BIP Coding Group" action="confirmed" date="1997-03-18"/>
  </code>
  <code code="SAFR">
    <editdetail attribution="Reuters BIP Coding Group" action="confirmed" date="1997-03-18"/>
  </code>
</codes>
<codes class="bip:topics:1.0">
  <code code="GCAT">
    <editdetail attribution="Reuters BIP Coding Group" action="confirmed" date="1997-03-18"/>
  </code>
  <code code="GSPO">
    <editdetail attribution="Reuters BIP Coding Group" action="confirmed" date="1997-03-18"/>
  </code>
</codes>
<dc element="dc.date.created" value="1997-03-18"/>
<dc element="dc.publisher" value="Reuters Holdings Plc"/>
<dc element="dc.date.published" value="1997-03-18"/>
<dc element="dc.source" value="Reuters"/>
<dc element="dc.creator.location" value="JOHANNESBURG"/>
<dc element="dc.creator.location.country.name" value="SOUTH AFRICA"/>
<dc element="dc.source" value="Reuters"/>
</metadata>
</newsitem>
