<?xml version="1.0" encoding="iso-8859-1" ?>
<newsitem itemid="449208" id="root" date="1997-03-18" xml:lang="en">
<title>GERMANY: SOCCER-KLINSMANN TO LEAVE BAYERN AND GERMANY.</title>
<headline>SOCCER-KLINSMANN TO LEAVE BAYERN AND GERMANY.</headline>
<byline>Adrian Warner</byline>
<dateline>BONN 1997-03-18</dateline>
<text>
<p>Juergen Klinsmann is to give up a lucrative contract at Bayern Munich after a troubled season and will end his top-flight career outside Germany.</p>
<p>The 32-year-old striker shocked German soccer on Tuesday when he announced he was leaving Bayern at the end of the season, saying he did not fit in at the Bundesliga's richest but most controversial club.</p>
<p>Klinsmann, who is giving up one of the biggest pay packets in German football worth around $3 million a year, will definitely leave the Bundesliga although he has yet to decide where he will be playing next season. Spain or England appear the most likely possibilities.</p>
<p>Klinsmann, who captained Germany to victory at last year's European championship, returned to his homeland in 1995 after an enjoyable period at London side Tottenham where he was voted England's Footballer of the Year and was a hugely popular figure with the fans.</p>
<p>The move to Bayern was expected to be the last major transfer of his career. But, despite helping the team to win the UEFA Cup last season, things have not worked out at a club which has a reputation for dressing-room battles.</p>
<p>Klinsmann complained earlier in the season that he was unhappy with Bayern's defensive tactics and the way he had been treated when he went through a bad patch.</p>
<p>On Tuesday he told reporters he would not be completing his contract which runs until the end of next season.</p>
<p>&quot;I had a talk with (chairman) Franz Beckenbauer last week and I told him that I would probably play abroad next season,&quot; he said. &quot;I don't fit in here.</p>
<p>&quot;I wanted to tell Bayern now so that they can plan for the future. There are many reasons (why I am leaving) and I have decided to act.&quot;</p>
<p>During his time at Bayern, Klinsmann has often been at odds with club captain Lothar Matthaeus, his predecessor in charge of the national team. He has found it difficult to cope with the squabbling which is part of everyday life at the club.</p>
<p>&quot;It was obvious that the whole ballyhoo in Munich got on Juergen's nerves,&quot; Bayern general manager Uli Hoeness said. &quot;He has said that himself many times.&quot;</p>
<p>The atmosphere was very tense in Munich last week after two bad defeats. It has emerged that Beckenbauer told the team that they were a poor side during a special meeting and was also very critical in public.</p>
<p>Beckenbauer, who played a key role in bringing Klinsmann back to Germany, said: &quot;It's a shame. We wanted to keep Juergen a lot longer. But it's his personal decision and we have to accept it.&quot;</p>
<p>One of Klinsmann's lowest moments came at the end of last year when he was substituted in a key league match at his old club VfB Stuttgart where he made his name in the German game.</p>
<p>Shortly afterwards Klinsmann, who struggled to score goals in the first half of the season, threatened to leave Bayern.</p>
<p>Klinsmann can leave before the end of his contract in June 1998 since he has an opt-out clause which allows him to quit without a transfer fee.</p>
<p>Several English clubs are believed to be interested in signing him but he is also believed to have had offers from Spain. In addition to Tottenham, Klinsmann has played for France's Monaco and Italy's Inter Milan.</p>
<p>The decision will add an extra incentive to Bayern's attempts to lure VfB Stuttgart's Brazilian striker Giovane Elber to Munich for the start of next season.</p>
</text>
<copyright>(c) Reuters Limited 1997</copyright>
<metadata>
<codes class="bip:countries:1.0">
  <code code="GFR">
    <editdetail attribution="Reuters BIP Coding Group" action="confirmed" date="1997-03-18"/>
  </code>
</codes>
<codes class="bip:topics:1.0">
  <code code="GCAT">
    <editdetail attribution="Reuters BIP Coding Group" action="confirmed" date="1997-03-18"/>
  </code>
  <code code="GSPO">
    <editdetail attribution="Reuters BIP Coding Group" action="confirmed" date="1997-03-18"/>
  </code>
</codes>
<dc element="dc.date.created" value="1997-03-18"/>
<dc element="dc.publisher" value="Reuters Holdings Plc"/>
<dc element="dc.date.published" value="1997-03-18"/>
<dc element="dc.source" value="Reuters"/>
<dc element="dc.creator.location" value="BONN"/>
<dc element="dc.creator.location.country.name" value="GERMANY"/>
<dc element="dc.source" value="Reuters"/>
</metadata>
</newsitem>
