<?xml version="1.0" encoding="iso-8859-1" ?>
<newsitem itemid="449213" id="root" date="1997-03-18" xml:lang="en">
<title>FRANCE: SOCCER-DORTMUND WARY OF AUXERRE DESPITE FIRST LEG WIN.</title>
<headline>SOCCER-DORTMUND WARY OF AUXERRE DESPITE FIRST LEG WIN.</headline>
<byline>Patrick Vignal</byline>
<dateline>AUXERRE, France 1997-03-18</dateline>
<text>
<p>Despite a comfortable 3-1 win in the first leg, German champions Dortmund are not taking anything for granted before their European Cup quarter-final second leg match in Auxerre on Wednesday.</p>
<p>Borussia lost 4-1 to VfB Stuttgart in the Bundesliga on Saturday. A similar defeat in France would see Auxerre advance to the last four.</p>
<p>&quot;It's very simple, we must avoid that kind of result,&quot; said Dortmund captain Matthias Sammer who missed the first leg with a calf injury.</p>
<p>&quot;We must not go into the match thinking we have already done the hardest part,&quot; he said. &quot;We will have to fight for 90 minutes because that's what Auxerre will do. They have nothing to lose.&quot;</p>
<p>Dortmund will be without defender Stefan Reuter, suspended after being sent off in the first leg for a second bookable offence.</p>
<p>Portuguese midfielder Paulo Sousa and striker Karlheinz Riedle, who both missed Saturday's match with injuries, should play but Brazilian defender Julio Cesar, still recovering from a knee operation at Christmas, will not return.</p>
<p>Auxerre, who warmed up by beating Cannes 3-1 on Friday, are hoping goalkeeper Lionel Charbonnier will be able to play despite a painful right shoulder.</p>
<p>Charbonnier, defender Franck Silvestre and midfielder Moussa Saib all missed the match against Cannes but trainer Guy Roux said they should start.</p>
<p>The French club, playing in the European Cup for the first time, will remember their UEFA Cup semifinal with Dortmund in 1993 in which they fought back from a two-goal first-leg deficit only to lose on penalties.</p>
<p>&quot;It will be tough but it's not impossible,&quot; said captain Silvestre. &quot;We'll have to be at 200 per cent from the start but at the same time we'll have to be patient and careful. We know we need goals but if we let them score it will be all over.&quot;</p>
<p>France have had a team in the European Cup semifinals in each of the last four years and Auxerre, who impressed in this year's campaign by beating Ajax Amsterdam, dream of following the example of Marseille, Paris St Germain, Monaco and Nantes.</p>
<p>&quot;We all want to go for it, to achieve something exceptional, and we believe we can make it,&quot; striker Bernard Diomede said. &quot;Otherwise, there would be no point in starting the match.&quot;</p>
<p>But Dortmund coach Ottmar Hitzfeld sounded reasonably confident despite his side's defeat at the weekend.</p>
<p>&quot;This is our chance to join Europe's footballing elite,&quot; he said. &quot;We have to take out our frustration at losing to Stuttgart on Auxerre.&quot;</p>
<p>Teams:</p>
<p>Auxerre (probable) -  Lionel Charbonnier, Alain Goma, Franck Silvestre (captain), Frederic Danjou, Taribo West, Philippe Violeau, Sabri Lamouchi, Moussa Saib, Antoine Sibierski, Lilian Laslandes, Bernard Diomede.</p>
<p>Dortmund (probable) - Stefan Klos, Joerg Heinrich, Juergen Kohler, Matthias Sammer (captain), Martin Kree, Lars Ricken, Paul Lambert, Paulo Sousa, Andreas Moeller, Karlheinz Riedle, Stephane Chapuisat.</p>
</text>
<copyright>(c) Reuters Limited 1997</copyright>
<metadata>
<codes class="bip:countries:1.0">
  <code code="FRA">
    <editdetail attribution="Reuters BIP Coding Group" action="confirmed" date="1997-03-18"/>
  </code>
  <code code="GFR">
    <editdetail attribution="Reuters BIP Coding Group" action="confirmed" date="1997-03-18"/>
  </code>
</codes>
<codes class="bip:topics:1.0">
  <code code="GCAT">
    <editdetail attribution="Reuters BIP Coding Group" action="confirmed" date="1997-03-18"/>
  </code>
  <code code="GSPO">
    <editdetail attribution="Reuters BIP Coding Group" action="confirmed" date="1997-03-18"/>
  </code>
</codes>
<dc element="dc.date.created" value="1997-03-18"/>
<dc element="dc.publisher" value="Reuters Holdings Plc"/>
<dc element="dc.date.published" value="1997-03-18"/>
<dc element="dc.source" value="Reuters"/>
<dc element="dc.creator.location" value="AUXERRE, France"/>
<dc element="dc.creator.location.country.name" value="FRANCE"/>
<dc element="dc.source" value="Reuters"/>
</metadata>
</newsitem>
