<?xml version="1.0" encoding="iso-8859-1" ?>
<newsitem itemid="449269" id="root" date="1997-03-18" xml:lang="en">
<title>BELGIUM: SOCCER-VALENCIA TAKE LEGAL ACTION AGAINST FIFA.</title>
<headline>SOCCER-VALENCIA TAKE LEGAL ACTION AGAINST FIFA.</headline>
<dateline>BRUSSELS 1997-03-18</dateline>
<text>
<p>Spanish soccer club Valencia and their Croatian striker Goran Vlaovic have lodged a complaint with the European Commission over a transfer fee claimed by Italian club Padova, it was announced on Tuesday.</p>
<p>The lawyer for Valencia and Vlaovic, Jean-Louis Dupont, who also represents Belgian Jean-Marc Bosman, said in a statement that FIFA had ordered Valencia to pay Padova $3.8 million for Vlaovic even though his contract had expired.</p>
<p>Dupont said FIFA's rule that allowed transfer fees for non-EU players at the end of their contracts violated article 85 of the Rome Treaty banning competition restrictions within the EU.</p>
<p>He added that the Bosman ruling did not apply only to EU players.</p>
<p>Bosman threw European soccer into turmoil in 1995 when his legal fight over a blocked transfer culminated in a Court of Justice ruling that UEFA's transfer fee rules and restrictions on the number of foreign players in teams infringed EU law.</p>
<p>Vlaovic moved to Valencia last July but Padova, who had been relegated from Italy's serie A two months earlier, later claimed &quot;compensation for training&quot;.</p>
</text>
<copyright>(c) Reuters Limited 1997</copyright>
<metadata>
<codes class="bip:countries:1.0">
  <code code="CRTIA">
    <editdetail attribution="Reuters BIP Coding Group" action="confirmed" date="1997-03-18"/>
  </code>
  <code code="EEC">
    <editdetail attribution="Reuters BIP Coding Group" action="confirmed" date="1997-03-18"/>
  </code>
  <code code="ITALY">
    <editdetail attribution="Reuters BIP Coding Group" action="confirmed" date="1997-03-18"/>
  </code>
  <code code="SPAIN">
    <editdetail attribution="Reuters BIP Coding Group" action="confirmed" date="1997-03-18"/>
  </code>
</codes>
<codes class="bip:topics:1.0">
  <code code="GCAT">
    <editdetail attribution="Reuters BIP Coding Group" action="confirmed" date="1997-03-18"/>
  </code>
  <code code="GSPO">
    <editdetail attribution="Reuters BIP Coding Group" action="confirmed" date="1997-03-18"/>
  </code>
</codes>
<dc element="dc.date.created" value="1997-03-18"/>
<dc element="dc.publisher" value="Reuters Holdings Plc"/>
<dc element="dc.date.published" value="1997-03-18"/>
<dc element="dc.source" value="Reuters"/>
<dc element="dc.creator.location" value="BRUSSELS"/>
<dc element="dc.creator.location.country.name" value="BELGIUM"/>
<dc element="dc.source" value="Reuters"/>
</metadata>
</newsitem>
