<?xml version="1.0" encoding="iso-8859-1" ?>
<newsitem itemid="449210" id="root" date="1997-03-18" xml:lang="en">
<title>spain: SOCCER-LEANDRO TO ABANDON LEG-COCKING ROUTINE.</title>
<headline>SOCCER-LEANDRO TO ABANDON LEG-COCKING ROUTINE.</headline>
<dateline>VALENCIA, Spain 1997-03-18</dateline>
<text>
<p>Brazilian striker Leandro, who celebrated his goals for Valencia by going down on all fours and cocking his leg like a dog, is to vary his routine because of complaints from other players.</p>
<p>&quot;I will change animal,&quot; said Leandro, who has also treated Valencia fans to an imitation of a bat, the symbol of the Spanish club.</p>
<p>Leandro came close to blows with Atletico Madrid's Kiko after his latest leg-cocking performance in Saturday's league game.</p>
</text>
<copyright>(c) Reuters Limited 1997</copyright>
<metadata>
<codes class="bip:countries:1.0">
  <code code="BRAZ">
    <editdetail attribution="Reuters BIP Coding Group" action="confirmed" date="1997-03-18"/>
  </code>
  <code code="SPAIN">
    <editdetail attribution="Reuters BIP Coding Group" action="confirmed" date="1997-03-18"/>
  </code>
</codes>
<codes class="bip:topics:1.0">
  <code code="GCAT">
    <editdetail attribution="Reuters BIP Coding Group" action="confirmed" date="1997-03-18"/>
  </code>
  <code code="GSPO">
    <editdetail attribution="Reuters BIP Coding Group" action="confirmed" date="1997-03-18"/>
  </code>
</codes>
<dc element="dc.date.created" value="1997-03-18"/>
<dc element="dc.publisher" value="Reuters Holdings Plc"/>
<dc element="dc.date.published" value="1997-03-18"/>
<dc element="dc.source" value="Reuters"/>
<dc element="dc.creator.location" value="VALENCIA, Spain"/>
<dc element="dc.creator.location.country.name" value="SPAIN"/>
<dc element="dc.source" value="Reuters"/>
</metadata>
</newsitem>
