<?xml version="1.0" encoding="iso-8859-1" ?>
<newsitem itemid="449259" id="root" date="1997-03-18" xml:lang="en">
<title>ITALY: SOCCER-INTER BEAT ANDERLECHT IN UEFA CUP.</title>
<headline>SOCCER-INTER BEAT ANDERLECHT IN UEFA CUP.</headline>
<dateline>MILAN 1997-03-18</dateline>
<text>
<p>Inter of Italy beat Anderlecht of Belgium 2-1 in their UEFA Cup quarter-final second leg match on Tuesday.</p>
<p>Scorers:</p>
<p>Inter - Maurizio Ganz 12 and 60</p>
<p>Anderlecht - Yaw Preko 33</p>
<p>Aggregate score: Inter won 3-2</p>
<p>Attendance: 34,221.</p>
</text>
<copyright>(c) Reuters Limited 1997</copyright>
<metadata>
<codes class="bip:countries:1.0">
  <code code="BELG">
    <editdetail attribution="Reuters BIP Coding Group" action="confirmed" date="1997-03-18"/>
  </code>
  <code code="ITALY">
    <editdetail attribution="Reuters BIP Coding Group" action="confirmed" date="1997-03-18"/>
  </code>
</codes>
<codes class="bip:topics:1.0">
  <code code="GCAT">
    <editdetail attribution="Reuters BIP Coding Group" action="confirmed" date="1997-03-18"/>
  </code>
  <code code="GSPO">
    <editdetail attribution="Reuters BIP Coding Group" action="confirmed" date="1997-03-18"/>
  </code>
</codes>
<dc element="dc.date.created" value="1997-03-18"/>
<dc element="dc.publisher" value="Reuters Holdings Plc"/>
<dc element="dc.date.published" value="1997-03-18"/>
<dc element="dc.source" value="Reuters"/>
<dc element="dc.creator.location" value="MILAN"/>
<dc element="dc.creator.location.country.name" value="ITALY"/>
<dc element="dc.source" value="Reuters"/>
</metadata>
</newsitem>
