<?xml version="1.0" encoding="iso-8859-1" ?>
<newsitem itemid="449279" id="root" date="1997-03-18" xml:lang="en">
<title>GERMANY: SOCCER-KLINSMANN TO LEAVE BAYERN AT END OF SEASON.</title>
<headline>SOCCER-KLINSMANN TO LEAVE BAYERN AT END OF SEASON.</headline>
<dateline>BONN 1997-03-18</dateline>
<text>
<p>Juergen Klinsmann shocked German soccer on Tuesday when he announced he was going to leave Bayern Munich at the end of the season because he is not happy at the club.</p>
<p>&quot;I had a talk with (chairman) Franz Beckenbauer last week and I told him that I would probably play abroad next season,&quot; the 32-year-old striker and Germany captain said. &quot;I don't fit in here.&quot;</p>
<p>Klinsmann, who returned to Germany after a successful spell with English side Tottenham in 1995 following many years abroad, complained earlier in the season that he was unhappy with Bayern's defensive tactics and the way he had been treated when he went through a bad patch.</p>
<p>But the announcement came as a huge surprise since Klinsmann seemed to have settled his differences with the club.</p>
<p>His contract is due to end in June 1998 but the forward has an opt-out clause which allows him to leave without a transfer fee.</p>
<p>The decision is almost certain to fuel speculation that Klinsmann could return to England but he is also believed to have had offers from Spain.</p>
</text>
<copyright>(c) Reuters Limited 1997</copyright>
<metadata>
<codes class="bip:countries:1.0">
  <code code="GFR">
    <editdetail attribution="Reuters BIP Coding Group" action="confirmed" date="1997-03-18"/>
  </code>
</codes>
<codes class="bip:topics:1.0">
  <code code="GCAT">
    <editdetail attribution="Reuters BIP Coding Group" action="confirmed" date="1997-03-18"/>
  </code>
  <code code="GSPO">
    <editdetail attribution="Reuters BIP Coding Group" action="confirmed" date="1997-03-18"/>
  </code>
</codes>
<dc element="dc.date.created" value="1997-03-18"/>
<dc element="dc.publisher" value="Reuters Holdings Plc"/>
<dc element="dc.date.published" value="1997-03-18"/>
<dc element="dc.source" value="Reuters"/>
<dc element="dc.creator.location" value="BONN"/>
<dc element="dc.creator.location.country.name" value="GERMANY"/>
<dc element="dc.source" value="Reuters"/>
</metadata>
</newsitem>
