<?xml version="1.0" encoding="iso-8859-1" ?>
<newsitem itemid="449274" id="root" date="1997-03-18" xml:lang="en">
<title>SWITZERLAND: FIGURE SKATING-WORLD CHAMPIONSHIP RESULTS.</title>
<headline>FIGURE SKATING-WORLD CHAMPIONSHIP RESULTS.</headline>
<dateline>LAUSANNE, Switzerland 1997-03-18</dateline>
<text>
<p>Results at the</p>
<p>world figure skating championships on Tuesday:</p>
<p>Ice dance, after two compulsories:</p>
<p>1. Oksana Gritschuk/Evgeny Platov (Russia) 0.4 factored</p>
<p>placements</p>
<p> 2. Anjelika Krylova/Oleg Ovsiannikov (Russia)	  0.8</p>
<p> 3. Shae-Lynn Bourne/Victor Kraatz (Canada)	     1.0</p>
<p> 4 equal. Sophie Moniotte/Pascal Lavanchy (France)    1.8</p>
<p> 4 equal. Marina Anissina/Gwendal Peizerat (France)   1.8</p>
<p> 6. Elisabeth Punsalan/Jerod Swallow (U.S.)	     2.4</p>
<p> 7. Irina Lobacheva/Ilya Averbukh (Russia)		2.8</p>
<p> 8. Irina Romanova/Igor Yaroshenko (Ukraine)	    3.2</p>
<p>9 equal. Barbara Fusar-Poli/Maurizio Margaglio (Italy)</p>
<p>									3.8</p>
<p>9 equal. Margarita Drobiazko/Povilas Vanagas (Lithuania)</p>
<p>									3.8</p>
<p>11. Katerina Mrazova/Martin Simecek (Czech Republic) 4.4</p>
<p> 12. Sylwia Nowak/Sebastian Kolasinski (Poland)	 4.8</p>
<p> 13 equal. Kati Winkler/Rene Lohse (Germany)	    5.4</p>
<p> 13 equal. Tatjana Navka/Nikolai Morozov (Belarus)    5.4</p>
<p>15. Elizaveta Stekolnikova/Dmitri Kazarlyga (Kazakhstan)</p>
<p>									6.0</p>
<p> 16. Marika Humphreys/Philip Askew (Britain)	    6.4</p>
<p> 17 equal. Galit Chait/Sergey Sakhnovsky (Israel)     7.0</p>
<p> 17 equal. Eve Chalom/Mathew Gates (U.S.)		 7.0</p>
<p> 19 equal. Chantal Lefebvre/Michel Brunet (Canada)    7.8</p>
<p> 19 equal. Albena Denkova/Maxim Stavisky (Bulgaria)   7.8</p>
<p> 21. Aya Kawai/Hiroshi Tanaka (Japan)		     8.4</p>
<p> 22. Angelika Fuhring/Bruna Ellinger (Austria)	  9.0</p>
<p> 23  Jenny Dahlen/Juris Razgulajevs (Latvia)	    9.2</p>
<p> 24. Sarka Vondrkova/Lukas Kral (Czech Republic)	9.4</p>
<p> 25. Chantal Loyer/Justin Bell (Australia)	     10.0</p>
<p>26 equal. Bianca Szijgyarto/Szilard Toth (Hungary)  10.6</p>
<p>26 equal. Kristina Kalesnik/Alexander Terentjev (Estonia)</p>
<p>								     10.6</p>
<p> 28 equal. Lucine Chakmakjian/Corey Lapaige (Belgium)   </p>
<p>								     11.4</p>
<p>28 equal. Olga Slobodova/Dmitri Beljk (Uzbekistan)  11.4</p>
<p>(End ice dance)</p>
<p>Pairs short programme:</p>
<p>1. Mandy Woetzel/Ingo Steuer (Germany) 0.5 factored placements</p>
<p> 2. Marina Eltsova/Andrei Bushkov (Russia)		   1.0</p>
<p> 3. Elena Berezhnaia/Anton Sikharulidze (Russia)	   1.5</p>
<p> 4. Jenni Meno/Todd Sand (U.S.)				  2.0</p>
<p> 5. Kyoko Ina/Jason Dungjen (U.S.)			     2.5</p>
<p> 6. Oksana Kazakova/Artur Dmitriev (Russia)		  3.0</p>
<p> 7. Sarah Abitbol/Stephane Bernadis (France)		 3.5</p>
<p> 8. Kristy Sargeant/Kris Wirtz (Canada)			4.0</p>
<p> 9. Peggy Schwarz/Mirko Mueller (Germany)		    4.5</p>
<p> 10. Mariana Khalturina/Andrei Kroukov (Kazakhstan)	5.0</p>
<p> 11. Dorota Zagorska/Mariusz Siudek (Poland)		 5.5</p>
<p> 12. Silvia Dimitrova/Rico Rex (Germany)		     6.0</p>
<p> 13.Stephanie Stiegler/John Zimmerman (U.S.)		 6.5</p>
<p> 14. Shen Xue/Zhao Hongbo (China)				7.0</p>
<p> 15. Marie-Claude Savard-Gagnon/Luc Bradet (Canada)	7.5</p>
<p> 16. Danielle McGrath/Stephen Carr (Australia)	     8.0</p>
<p> 17. Elena Belousovskaya/Stanislav Morozov (Ukraine)     8.5</p>
<p> 18. Elaine Asanaki/Joel McKeever (Greece)		   9.0</p>
<p> 19. Svetlana Plachonina/Dmitri Kaplun (Belarus)	   9.5</p>
<p> 20. Jelena Sirokhvatova/Oleg Sliakov (Latvia)	    10.0</p>
<p> 21. Lesley Rogers/Michael Aldred (Britain)		 10.5</p>
<p> 22. Inga Rodionova/Alexander Anichenko (Armenia)	 11.0</p>
<p> 23. Jekaterina Nekrassova/Valdis Mintals (Estonia)     11.5</p>
<p> 24. Mariya Krasiltseva/Alexander Chestnikh (Armenia)   12.0</p>
<p> 25. Elena Ershova/Evgeny Sviridov (Uzbekistan)	   12.5</p>
<p>(End results)</p>
</text>
<copyright>(c) Reuters Limited 1997</copyright>
<metadata>
<codes class="bip:countries:1.0">
  <code code="RUSS">
    <editdetail attribution="Reuters BIP Coding Group" action="confirmed" date="1997-03-18"/>
  </code>
  <code code="SWITZ">
    <editdetail attribution="Reuters BIP Coding Group" action="confirmed" date="1997-03-18"/>
  </code>
</codes>
<codes class="bip:topics:1.0">
  <code code="GCAT">
    <editdetail attribution="Reuters BIP Coding Group" action="confirmed" date="1997-03-18"/>
  </code>
  <code code="GSPO">
    <editdetail attribution="Reuters BIP Coding Group" action="confirmed" date="1997-03-18"/>
  </code>
</codes>
<dc element="dc.date.created" value="1997-03-18"/>
<dc element="dc.publisher" value="Reuters Holdings Plc"/>
<dc element="dc.date.published" value="1997-03-18"/>
<dc element="dc.source" value="Reuters"/>
<dc element="dc.creator.location" value="LAUSANNE, Switzerland"/>
<dc element="dc.creator.location.country.name" value="SWITZERLAND"/>
<dc element="dc.source" value="Reuters"/>
</metadata>
</newsitem>
