<?xml version="1.0" encoding="iso-8859-1" ?>
<newsitem itemid="449297" id="root" date="1997-03-18" xml:lang="en">
<title>SOUTH AFRICA: IMPLATS SEES TALKS ON BAFOKENG DISPUTE.</title>
<headline>IMPLATS SEES TALKS ON BAFOKENG DISPUTE.</headline>
<dateline>JOHANNESBURG 1997-03-18</dateline>
<text>
<p>Impala Platinum Ltd announced on Tuesday that its relationship with the Bafokeng tribe had been restored to the extent that talks to resolve a long standing dispute between the two would soon take place.</p>
<p>Implats said it acknowledged that the Bafokeng legitimately believed and adopted the attitude that agreements in 1990 between Implats and Lucas Mangope, former president of quasi-independent homeland Bophuthatswana, in his capacity as trustee of the tribe were invalid.</p>
<p>Under the agreement, which covers Implats mines on Bafokeng land, the tribe was entitled to 14.9 percent of Impala's taxable income from current lease royalties.</p>
<p>The deal also extended in perpetuity previous agreements concluded on behalf of the tribe dating back to 1977 and 1986 which would otherwise have had to be renegotiated in 1993.</p>
<p>Implats said on Monday that a settlement offer made by the Bafokeng in February 1996 constituted a genuine attempt to restore the relationship on terms which the Bafokeng believed were fair and reasonable.</p>
<p>&quot;Subsequent to the offer being made, reports have been published by Impala Platinum and remarks attributed to Impala Platinum which have been a major factor in the deterioration of the relatioship between Impala Platinum on the one hand and Kgosi Lebone Molotlegi II, the members of the Supreme Council and other members of the Bafokeng Nation on the other hand.&quot;</p>
<p>Implats said it deeply regretted that the relationship had deteriorated as a result of those reports.</p>
<p>-- Johannesburg newsroom, +27 11 482-1003</p>
</text>
<copyright>(c) Reuters Limited 1997</copyright>
<metadata>
<codes class="bip:countries:1.0">
  <code code="SAFR">
    <editdetail attribution="Reuters BIP Coding Group" action="confirmed" date="1997-03-18"/>
  </code>
</codes>
<codes class="bip:industries:1.0">
  <code code="I21000">
    <editdetail attribution="Reuters BIP Coding Group" action="confirmed" date="1997-03-18"/>
  </code>
</codes>
<codes class="bip:topics:1.0">
  <code code="C24">
    <editdetail attribution="Reuters BIP Coding Group" action="confirmed" date="1997-03-18"/>
  </code>
  <code code="C33">
    <editdetail attribution="Reuters BIP Coding Group" action="confirmed" date="1997-03-18"/>
  </code>
  <code code="CCAT">
    <editdetail attribution="Reuters BIP Coding Group" action="confirmed" date="1997-03-18"/>
  </code>
  <code code="GCAT">
    <editdetail attribution="Reuters BIP Coding Group" action="confirmed" date="1997-03-18"/>
  </code>
  <code code="GPOL">
    <editdetail attribution="Reuters BIP Coding Group" action="confirmed" date="1997-03-18"/>
  </code>
</codes>
<dc element="dc.date.created" value="1997-03-18"/>
<dc element="dc.publisher" value="Reuters Holdings Plc"/>
<dc element="dc.date.published" value="1997-03-18"/>
<dc element="dc.source" value="Reuters"/>
<dc element="dc.creator.location" value="JOHANNESBURG"/>
<dc element="dc.creator.location.country.name" value="SOUTH AFRICA"/>
<dc element="dc.source" value="Reuters"/>
</metadata>
</newsitem>
