<?xml version="1.0" encoding="iso-8859-1" ?>
<newsitem itemid="449286" id="root" date="1997-03-18" xml:lang="en">
<title>SWITZERLAND: FIGURE SKATING-WOETZEL AND STEUER CONSULT PSYCHOLOGIST.</title>
<headline>FIGURE SKATING-WOETZEL AND STEUER CONSULT PSYCHOLOGIST.</headline>
<byline>Brian Creighton</byline>
<dateline>LAUSANNE, Switzerland 1997-03-18</dateline>
<text>
<p>German pairs skaters Mandy Woetzel and Ingo Steuer have turned to a psychologist to help them deal with the remnants of their old love affair.</p>
<p>The 1995 European champions hope the therapy will steer them towards their first world title this week, for they are the main source of resistance to the potential Russian pairs' dominance.</p>
<p>They go into Tuesday's start of the competition after a victory over Russia's current world and European champions Marina Eltsova and Andrei Bushkov at the Champions' Series final in Canada early this month.</p>
<p>Woetzel and Steuer used to be lovers and their former relationship still causes tension between them.</p>
<p>&quot;We hope the psychologist can help us deal with our emotions,&quot; Woetzel said here.</p>
<p>The psychologist has come to their practice sessions in Chemnitz since the European championships in January and has passed on some advice about effective communicating.</p>
<p>&quot;They know they need to keep skating together because both know they cannot win anything without the other,&quot; a source close to the couple said on Monday.</p>
<p>The Germans were second twice in the world championships, in 1993 and again last year.</p>
<p>But their greatest disappointment came at the 1994 Olympics in Norway when Woetzel fell on her chin during their free programme and they were forced to withdraw.</p>
<p>Their Russian opposition will come from Eltsova and Bushkov, Oksana Kazakova and Artur Dmitriev, a former Olympic champion with Natalia Mishkutienok, and the rising Elena Berezhnaia and Anton Sikharulidze, third in the European championships in January.</p>
<p>Americans Jenni Meno and Todd Sand, along with Kyoko Ina and Jason Dungjen, will also challenge for medals, which will be decided on Wednesday night.</p>
<p>The ice dance also begins on Tuesday with two compulsory dances and Russians Oksana Gritschuk and Evgeny Platov favoured to add to their growing list of titles.</p>
<p>Unbeaten since the 1994 European championships, they won the Olympic and world titles that year and have not been defeated since.</p>
<p>Not even a late change of coaches, which threatened to keep them out of the European championships in January, could deflect them. They came, saw and conquered the field again, under the guidance of new mentor Tatiana Tarasova.</p>
<p>Team mates Anjelika Krylova and Oleg Ovsiannikov will try again, though they were beaten in the Champions' Series final by Canadians Shae-Lynn Bourne and Victor Kraatz.</p>
<p>Two French couples also have medal prospects. They are Sophie Moniotte and Pascal Lavanchy, and Marina Anissina and Gwendal Peizerat.</p>
</text>
<copyright>(c) Reuters Limited 1997</copyright>
<metadata>
<codes class="bip:countries:1.0">
  <code code="GFR">
    <editdetail attribution="Reuters BIP Coding Group" action="confirmed" date="1997-03-18"/>
  </code>
  <code code="RUSS">
    <editdetail attribution="Reuters BIP Coding Group" action="confirmed" date="1997-03-18"/>
  </code>
  <code code="SWITZ">
    <editdetail attribution="Reuters BIP Coding Group" action="confirmed" date="1997-03-18"/>
  </code>
</codes>
<codes class="bip:topics:1.0">
  <code code="GCAT">
    <editdetail attribution="Reuters BIP Coding Group" action="confirmed" date="1997-03-18"/>
  </code>
  <code code="GSPO">
    <editdetail attribution="Reuters BIP Coding Group" action="confirmed" date="1997-03-18"/>
  </code>
</codes>
<dc element="dc.date.created" value="1997-03-18"/>
<dc element="dc.publisher" value="Reuters Holdings Plc"/>
<dc element="dc.date.published" value="1997-03-18"/>
<dc element="dc.source" value="Reuters"/>
<dc element="dc.creator.location" value="LAUSANNE, Switzerland"/>
<dc element="dc.creator.location.country.name" value="SWITZERLAND"/>
<dc element="dc.source" value="Reuters"/>
</metadata>
</newsitem>
