<?xml version="1.0" encoding="iso-8859-1" ?>
<newsitem itemid="449233" id="root" date="1997-03-18" xml:lang="en">
<title>TRINIDAD AND TOBAGO: CRICKET-WILLIAMS HITS CENTURY AS WEST INDIES FORCE DRAW.</title>
<headline>CRICKET-WILLIAMS HITS CENTURY AS WEST INDIES FORCE DRAW.</headline>
<dateline>PORT OF SPAIN, Trinidad 1997-03-18</dateline>
<text>
<p>Opener Stuart Williams hit his maiden test century to help West Indies force a draw with India in the second test on Tuesday.</p>
<p>Williams scored 128 as West Indies, 140 behind on first innings, reached 299 for six in their second innings before rain ended the game one hour early on the fifth and final day.</p>
<p>The opening test in the five-match series was also drawn. The third test in Bridgetown, Barbados, starts on March 27.</p>
<p>West Indies, who made 296 all out in the first innings, had resumed on 118 for one, still 22 runs behind India, whose last test victory in the Caribbean was on the same ground 21 years ago.</p>
<p>Williams, having made 63 on Monday, reached three figures off 241 balls in 355 minutes, hitting one six and nine fours.</p>
<p>The opener, playing his 14th test, shared a record second wicket partnership for the ground against India of 176 with Shivnarine Chanderpaul, who made 79.</p>
<p>Chanderpaul fell in the second session when he tried to cut Sunil Joshi's left-arm spin and was caught by Mohammad Azharuddin at first slip.</p>
<p>Williams and Chanderpaul beat the previous second wicket best at Queen's Park Oval for West Indies against India of 119 between Easton McMorris and Rohan Kanhai in the 1961-62 series.</p>
<p>Brian Lara, who scored 14 in the first innings, made a subdued 19 before being surprised by the extra bounce of a delivery from leg spinner Anil Kumble, could not withdraw his bat, and was caught by Azharuddin at first slip.</p>
<p>Williams finally departed when he skied a drive off Joshi and was caught by Kumble at long on, having faced 299 balls in 452 minutes, hitting one six and 11 fours.</p>
<p>Kumble claimed his second wicket of the innings when he had Carl Hooper caught by Vangipurappu Laxman for 14 while Roland Holder was also caught by Laxman off Joshi for nine.</p>
<p>At the finish, Junior Murray was not out 12 and Curtly Ambrose not out 10.</p>
<p>Kumble took his wicket total to seven in the match and 15 in the series.</p>
</text>
<copyright>(c) Reuters Limited 1997</copyright>
<metadata>
<codes class="bip:countries:1.0">
  <code code="INDIA">
    <editdetail attribution="Reuters BIP Coding Group" action="confirmed" date="1997-03-18"/>
  </code>
  <code code="TRTO">
    <editdetail attribution="Reuters BIP Coding Group" action="confirmed" date="1997-03-18"/>
  </code>
</codes>
<codes class="bip:topics:1.0">
  <code code="GCAT">
    <editdetail attribution="Reuters BIP Coding Group" action="confirmed" date="1997-03-18"/>
  </code>
  <code code="GSPO">
    <editdetail attribution="Reuters BIP Coding Group" action="confirmed" date="1997-03-18"/>
  </code>
</codes>
<dc element="dc.date.created" value="1997-03-18"/>
<dc element="dc.publisher" value="Reuters Holdings Plc"/>
<dc element="dc.date.published" value="1997-03-18"/>
<dc element="dc.source" value="Reuters"/>
<dc element="dc.creator.location" value="PORT OF SPAIN, Trinidad"/>
<dc element="dc.creator.location.country.name" value="TRINIDAD AND TOBAGO"/>
<dc element="dc.source" value="Reuters"/>
</metadata>
</newsitem>
