<?xml version="1.0" encoding="iso-8859-1" ?>
<newsitem itemid="449260" id="root" date="1997-03-18" xml:lang="en">
<title>MONACO: SOCCER-MONACO REACH SEMIFINALS WITH 4-0 AGGREGATE WIN.</title>
<headline>SOCCER-MONACO REACH SEMIFINALS WITH 4-0 AGGREGATE WIN.</headline>
<dateline>MONTE CARLO 1997-03-18</dateline>
<text>
<p>Midfielder Ali Benarbia scored two second half goals as Monaco crushed Newcastle United 3-0 in the home leg of their UEFA Cup quarter-final on Tuesday to reach the semifinals 4-0 on aggregate.</p>
<p>The French league leaders went in front four minutes before halftime when midfielder Sylvain Legwinski robbed the ball from Peter Beardsley 30 metres out, took three steps and blasted it from the edge of the box past diving goalkeeper Shaka Hislop and just inside his left post.</p>
<p>Seven minutes into the second half the busy Benarbia, heir to Belgian Enzo Scifo as Monaco's playmaker, was in the box to volley home a cross from the right by defender Patrick Blondeau.</p>
<p>Benarbia put the tie totally beyond Newcastle's reach in the 67th minute when he curled a brilliant free kick from the left inside the near post after Robert Lee had fouled Brazilian striker Anderson.</p>
<p>Monaco are now just one round from their second European final after playing in the 1993 Cup Winners' Cup final.</p>
</text>
<copyright>(c) Reuters Limited 1997</copyright>
<metadata>
<codes class="bip:countries:1.0">
  <code code="FRA">
    <editdetail attribution="Reuters BIP Coding Group" action="confirmed" date="1997-03-18"/>
  </code>
  <code code="MONAC">
    <editdetail attribution="Reuters BIP Coding Group" action="confirmed" date="1997-03-18"/>
  </code>
  <code code="UK">
    <editdetail attribution="Reuters BIP Coding Group" action="confirmed" date="1997-03-18"/>
  </code>
</codes>
<codes class="bip:topics:1.0">
  <code code="GCAT">
    <editdetail attribution="Reuters BIP Coding Group" action="confirmed" date="1997-03-18"/>
  </code>
  <code code="GSPO">
    <editdetail attribution="Reuters BIP Coding Group" action="confirmed" date="1997-03-18"/>
  </code>
</codes>
<dc element="dc.date.created" value="1997-03-18"/>
<dc element="dc.publisher" value="Reuters Holdings Plc"/>
<dc element="dc.date.published" value="1997-03-18"/>
<dc element="dc.source" value="Reuters"/>
<dc element="dc.creator.location" value="MONTE CARLO"/>
<dc element="dc.creator.location.country.name" value="MONACO"/>
<dc element="dc.source" value="Reuters"/>
</metadata>
</newsitem>
