<?xml version="1.0" encoding="iso-8859-1" ?>
<newsitem itemid="449263" id="root" date="1997-03-18" xml:lang="en">
<title>AUSTRIA: SOCCER-SLOVENIA BEAT AUSTRIA 2-0 IN FRIENDLY INTERNATIONAL.</title>
<headline>SOCCER-SLOVENIA BEAT AUSTRIA 2-0 IN FRIENDLY INTERNATIONAL.</headline>
<dateline>LINZ, Austria 1997-03-18</dateline>
<text>
<p>Slovenia beat Austria 2-0 (halftime 0-0) in a friendly internatonal soccer match Tuesday.</p>
<p>Scorers: Primoz Gliha 73, Ermin Siljak 82</p>
<p>Attendance: 14.500</p>
<p>Teams:</p>
<p>Austria - Michael Konsel (Franz Wohlfahrt 46), Goran Kartalija, Peter Schoettel, Anton Pfeffer, Markus Schopp, Harald Cerny, Andreas Heraf (Heimo Pfeiffenberger 46), Adi Huetter (Peter Stoeger 23, Roman Maehlich 65), Franz Aigner, Anton Polster, Andreas Herzog (Herfried Sabitzer 40)</p>
<p>Slovenia - Bosko Boskovic (Mladen Dabanovic 89), Robert Englaro, Miran Srebrnic (Andrej Poljsak 90, Ales Krizan, Alfred Jermanis, Damjan Gajser (Amir Karic 65), Ales Ceh (Milinovic 90), Saso Udovic (Simon Seslar 59), Doni Novak, Primoz Gliha (Vladimir Kokol 79), Matjaz Florjancic (Ermin Siljak 46)</p>
</text>
<copyright>(c) Reuters Limited 1997</copyright>
<metadata>
<codes class="bip:countries:1.0">
  <code code="AUST">
    <editdetail attribution="Reuters BIP Coding Group" action="confirmed" date="1997-03-18"/>
  </code>
  <code code="SLVNIA">
    <editdetail attribution="Reuters BIP Coding Group" action="confirmed" date="1997-03-18"/>
  </code>
</codes>
<codes class="bip:topics:1.0">
  <code code="GCAT">
    <editdetail attribution="Reuters BIP Coding Group" action="confirmed" date="1997-03-18"/>
  </code>
  <code code="GSPO">
    <editdetail attribution="Reuters BIP Coding Group" action="confirmed" date="1997-03-18"/>
  </code>
</codes>
<dc element="dc.date.created" value="1997-03-18"/>
<dc element="dc.publisher" value="Reuters Holdings Plc"/>
<dc element="dc.date.published" value="1997-03-18"/>
<dc element="dc.source" value="Reuters"/>
<dc element="dc.creator.location" value="LINZ, Austria"/>
<dc element="dc.creator.location.country.name" value="AUSTRIA"/>
<dc element="dc.source" value="Reuters"/>
</metadata>
</newsitem>
