<?xml version="1.0" encoding="iso-8859-1" ?>
<newsitem itemid="449262" id="root" date="1997-03-18" xml:lang="en">
<title>AUSTRIA: SOCCER-SLOVENIA SCORES SURPRISE 2-0 WIN OVER AUSTRIA.</title>
<headline>SOCCER-SLOVENIA SCORES SURPRISE 2-0 WIN OVER AUSTRIA.</headline>
<dateline>LINZ, Austria 1997-03-18</dateline>
<text>
<p>Austria's build-up to their important World Cup qualifying match against Scotland next month suffered a blow on Tuesday when they slumped to a surprise 2-0 defeat in a friendly against Slovenia.</p>
<p>Forwards Primoz Gliha and Ermin Siljak both profited from a weak defence to score in the 73rd and 82nd minutes respectively and condemn the Austrians to their first defeat since November 1995.</p>
<p>The win, however, was a major boost for Slovenia who also face a World Cup qualifying match against Croatia in Split in a fortnight.</p>
</text>
<copyright>(c) Reuters Limited 1997</copyright>
<metadata>
<codes class="bip:countries:1.0">
  <code code="AUST">
    <editdetail attribution="Reuters BIP Coding Group" action="confirmed" date="1997-03-18"/>
  </code>
  <code code="SLVNIA">
    <editdetail attribution="Reuters BIP Coding Group" action="confirmed" date="1997-03-18"/>
  </code>
</codes>
<codes class="bip:topics:1.0">
  <code code="GCAT">
    <editdetail attribution="Reuters BIP Coding Group" action="confirmed" date="1997-03-18"/>
  </code>
  <code code="GSPO">
    <editdetail attribution="Reuters BIP Coding Group" action="confirmed" date="1997-03-18"/>
  </code>
</codes>
<dc element="dc.date.created" value="1997-03-18"/>
<dc element="dc.publisher" value="Reuters Holdings Plc"/>
<dc element="dc.date.published" value="1997-03-18"/>
<dc element="dc.source" value="Reuters"/>
<dc element="dc.creator.location" value="LINZ, Austria"/>
<dc element="dc.creator.location.country.name" value="AUSTRIA"/>
<dc element="dc.source" value="Reuters"/>
</metadata>
</newsitem>
