<?xml version="1.0" encoding="iso-8859-1" ?>
<newsitem itemid="449231" id="root" date="1997-03-18" xml:lang="en">
<title>BULGARIA: TENNIS-BULGARIA'S MALEEVA OPTS OUT OF FED CUP.</title>
<headline>TENNIS-BULGARIA'S MALEEVA OPTS OUT OF FED CUP.</headline>
<dateline>SOFIA 1997-03-18</dateline>
<text>
<p>Bulgaria's top tennis player Magdalena Maleeva has opted out of the Fed Cup qualifiers in Bari on April 21, state news agency BTA said on Tuesday.</p>
<p>&quot;Bulgaria's team has no realistic chances to win the qualifiers because it cannot win against teams like Italy, Hungary, etc, as the country has no strong players,&quot; BTA quoted Maleeva's letter to the Bulgarian Tennis Federation as saying.</p>
<p>The Federation said Bulgaria's team for the qualifiers would comprise Dessislava Topalova, Galina Dimitrova, Teodora Nedeva and Radoslava Topalova.</p>
</text>
<copyright>(c) Reuters Limited 1997</copyright>
<metadata>
<codes class="bip:countries:1.0">
  <code code="BUL">
    <editdetail attribution="Reuters BIP Coding Group" action="confirmed" date="1997-03-18"/>
  </code>
  <code code="HUNG">
    <editdetail attribution="Reuters BIP Coding Group" action="confirmed" date="1997-03-18"/>
  </code>
  <code code="ITALY">
    <editdetail attribution="Reuters BIP Coding Group" action="confirmed" date="1997-03-18"/>
  </code>
</codes>
<codes class="bip:topics:1.0">
  <code code="GCAT">
    <editdetail attribution="Reuters BIP Coding Group" action="confirmed" date="1997-03-18"/>
  </code>
  <code code="GSPO">
    <editdetail attribution="Reuters BIP Coding Group" action="confirmed" date="1997-03-18"/>
  </code>
</codes>
<dc element="dc.date.created" value="1997-03-18"/>
<dc element="dc.publisher" value="Reuters Holdings Plc"/>
<dc element="dc.date.published" value="1997-03-18"/>
<dc element="dc.source" value="Reuters"/>
<dc element="dc.creator.location" value="SOFIA"/>
<dc element="dc.creator.location.country.name" value="BULGARIA"/>
<dc element="dc.source" value="Reuters"/>
</metadata>
</newsitem>
