<?xml version="1.0" encoding="iso-8859-1" ?>
<newsitem itemid="449284" id="root" date="1997-03-18" xml:lang="en">
<title>GERMANY: BOXING-FORMER CHAMPION ROCCHIGIANI TESTS POSITIVE.</title>
<headline>BOXING-FORMER CHAMPION ROCCHIGIANI TESTS POSITIVE.</headline>
<dateline>BONN 1997-03-18</dateline>
<text>
<p>German Graciano Rocchigiani was caught cheating with drugs when he lost to compatriot Dariusz Michalczewski in a World Boxing Organisation (WBO) light-heavyweight title fight last August, German anti-doping sources said on Tuesday.</p>
<p>Traces of the banned stimulant ephedrine were found in Rocchigiani's urine after the fight in Hamburg, they said. Officials at Cologne's respected drug-testing laboratory were due to announce the test at a news conference later on Tuesday.  </p>
<p>Rocchigiani, 33, was disqualified in the seventh round of the bout on August 10. He was adjudged to have thrown a punch after the pair had been told to break.</p>
<p>The anti-doping sources said Cologne laboratory's chief Wilhelm Schaenzer was due to confirm the test at a news conference starting at 1000 GMT.</p>
</text>
<copyright>(c) Reuters Limited 1997</copyright>
<metadata>
<codes class="bip:countries:1.0">
  <code code="GFR">
    <editdetail attribution="Reuters BIP Coding Group" action="confirmed" date="1997-03-18"/>
  </code>
</codes>
<codes class="bip:topics:1.0">
  <code code="GCAT">
    <editdetail attribution="Reuters BIP Coding Group" action="confirmed" date="1997-03-18"/>
  </code>
  <code code="GSPO">
    <editdetail attribution="Reuters BIP Coding Group" action="confirmed" date="1997-03-18"/>
  </code>
</codes>
<dc element="dc.date.created" value="1997-03-18"/>
<dc element="dc.publisher" value="Reuters Holdings Plc"/>
<dc element="dc.date.published" value="1997-03-18"/>
<dc element="dc.source" value="Reuters"/>
<dc element="dc.creator.location" value="BONN"/>
<dc element="dc.creator.location.country.name" value="GERMANY"/>
<dc element="dc.source" value="Reuters"/>
</metadata>
</newsitem>
