<?xml version="1.0" encoding="iso-8859-1" ?>
<newsitem itemid="449251" id="root" date="1997-03-18" xml:lang="en">
<title>USA: NBA BASKETBALL-STANDINGS AFTER MONDAY'S GAMES.</title>
<headline>NBA BASKETBALL-STANDINGS AFTER MONDAY'S GAMES.</headline>
<dateline>NEW YORK 1997-03-18</dateline>
<text>
<p>Standings of National</p>
<p>Basketball Association teams after games played on Monday</p>
<p>(tabulate under won, lost, winning percentage, games behind):</p>
<p>		EASTERN CONFERENCE</p>
<p>		ATLANTIC DIVISION</p>
<p>			W    L    PCT  GB</p>
<p> MIAMI	     48   17   .738   -</p>
<p> NEW YORK	  47   18   .723   1</p>
<p> ORLANDO	   36   29   .554  12</p>
<p> WASHINGTON	31   34   .477  17</p>
<p> NEW JERSEY	20   44   .313  27 1/2</p>
<p> PHILADELPHIA    17   47   .266  30 1/2</p>
<p> BOSTON	    13   54   .194  36</p>
<p>		CENTRAL DIVISION</p>
<p>			W    L    PCT  GB</p>
<p> X-CHICAGO	 56    9   .862   -</p>
<p> DETROIT	   47   18   .723   9</p>
<p> ATLANTA	   44   22   .667  12 1/2</p>
<p> CHARLOTTE	 42   24   .636  14 1/2</p>
<p> CLEVELAND	 35   29   .547  20 1/2</p>
<p> INDIANA	   30   34   .469  25 1/2</p>
<p> MILWAUKEE	 27   38   .415  29</p>
<p> TORONTO	   23   42   .354  33</p>
<p>X -- CLINCHED PLAYOFF BERTH</p>
<p>		WESTERN CONFERENCE</p>
<p>		MIDWEST DIVISION</p>
<p>			W    L    PCT  GB</p>
<p> X-UTAH	    49   17   .742   -</p>
<p> HOUSTON	   43   22   .662   5 1/2</p>
<p> MINNESOTA	 32   32   .500  16</p>
<p> DALLAS	    22   42   .344  26</p>
<p> DENVER	    19   46   .292  29 1/2</p>
<p> SAN ANTONIO     16   49   .246  32 1/2</p>
<p> VANCOUVER	 11   56   .164  38 1/2</p>
<p>X -- CLINCHED PLAYOFF BERTH</p>
<p>	     PACIFIC DIVISION</p>
<p>			W    L    PCT  GB</p>
<p> X-SEATTLE	 45   19   .703   -</p>
<p> LA LAKERS	 44   21   .677   1 1/2</p>
<p> PORTLAND	  38   28   .576   8</p>
<p> SACRAMENTO	28   37   .431  17 1/2</p>
<p> LA CLIPPERS     27   36   .429  17 1/2</p>
<p> PHOENIX	   27   38   .415  18 1/2</p>
<p> GOLDEN STATE    25   40   .385  20 1/2</p>
<p>X -- CLINCHED PLAYOFF BERTH</p>
<p>TUESDAY, MARCH 18 SCHEDULE</p>
<p>PHILADELPHIA AT TORONTO (MAPLE LEAF GARDEN)</p>
<p>MINNESOTA AT INDIANA	    </p>
<p>HOUSTON AT NEW JERSEY	   </p>
<p>VANCOUVER AT NEW YORK	   </p>
<p>SEATTLE AT CHICAGO		</p>
<p>WASHINGTON AT DALLAS	    </p>
<p>LA CLIPPERS AT PHOENIX	  </p>
<p>SACRAMENTO AT PORTLAND</p>
</text>
<copyright>(c) Reuters Limited 1997</copyright>
<metadata>
<codes class="bip:countries:1.0">
  <code code="CANA">
    <editdetail attribution="Reuters BIP Coding Group" action="confirmed" date="1997-03-18"/>
  </code>
  <code code="USA">
    <editdetail attribution="Reuters BIP Coding Group" action="confirmed" date="1997-03-18"/>
  </code>
</codes>
<codes class="bip:topics:1.0">
  <code code="GCAT">
    <editdetail attribution="Reuters BIP Coding Group" action="confirmed" date="1997-03-18"/>
  </code>
  <code code="GSPO">
    <editdetail attribution="Reuters BIP Coding Group" action="confirmed" date="1997-03-18"/>
  </code>
</codes>
<dc element="dc.date.created" value="1997-03-18"/>
<dc element="dc.publisher" value="Reuters Holdings Plc"/>
<dc element="dc.date.published" value="1997-03-18"/>
<dc element="dc.source" value="Reuters"/>
<dc element="dc.creator.location" value="NEW YORK"/>
<dc element="dc.creator.location.country.name" value="USA"/>
<dc element="dc.source" value="Reuters"/>
</metadata>
</newsitem>
