<?xml version="1.0" encoding="iso-8859-1" ?>
<newsitem itemid="449223" id="root" date="1997-03-18" xml:lang="en">
<title>UK: SOCCER-LEEDS TO FINE YEBOAH TWO WEEKS' WAGES.</title>
<headline>SOCCER-LEEDS TO FINE YEBOAH TWO WEEKS' WAGES.</headline>
<dateline>LEEDS, England 1997-03-18</dateline>
<text>
<p>Ghanaian striker Tony Yeboah will be fined a fortnight's pay for ripping off his Leeds United shirt and throwing it at manager George Graham, the English premier club said on Tuesday.</p>
<p>&quot;George will be disciplining him with a fine which is expected to be around two weeks' wages,&quot; club secretary Nigel Pleasants said. He declined to say how much Yeboah was paid.</p>
<p>Yeboah threw his shirt towards the manager's dug-out after being substituted when Leeds were beaten 1-0 at Tottenham Hotspur on Saturday.</p>
<p>He did not travel back to Leeds on the team coach although Graham later said he had known before the match that Yeboah would remain in London to visit relatives.</p>
<p>Yeboah has not seen eye to eye with Graham since December when he started training again after a cartilage operation which had kept him out for two months.</p>
<p>The Ghanaian, who joined Leeds from Germany's Eintracht Frankfurt for 3.4 million pounds ($5.4 million), argued he was fit to play again. Graham disagreed and kept him on the bench.</p>
<p>Yeboah finally returned to the first team earlier this year and has started their last four matches.</p>
<p>But he has failed to score in his seven appearances this season and, following Saturday's incident, it seems likely he will leave the Yorkshire club soon.</p>
<p>He has been linked to clubs in Germany -- including his former club Frankfurt -- and elsewhere in Europe.</p>
</text>
<copyright>(c) Reuters Limited 1997</copyright>
<metadata>
<codes class="bip:countries:1.0">
  <code code="GHANA">
    <editdetail attribution="Reuters BIP Coding Group" action="confirmed" date="1997-03-18"/>
  </code>
  <code code="UK">
    <editdetail attribution="Reuters BIP Coding Group" action="confirmed" date="1997-03-18"/>
  </code>
</codes>
<codes class="bip:topics:1.0">
  <code code="GCAT">
    <editdetail attribution="Reuters BIP Coding Group" action="confirmed" date="1997-03-18"/>
  </code>
  <code code="GSPO">
    <editdetail attribution="Reuters BIP Coding Group" action="confirmed" date="1997-03-18"/>
  </code>
</codes>
<dc element="dc.date.created" value="1997-03-18"/>
<dc element="dc.publisher" value="Reuters Holdings Plc"/>
<dc element="dc.date.published" value="1997-03-18"/>
<dc element="dc.source" value="Reuters"/>
<dc element="dc.creator.location" value="LEEDS, England"/>
<dc element="dc.creator.location.country.name" value="UK"/>
<dc element="dc.source" value="Reuters"/>
</metadata>
</newsitem>
