<?xml version="1.0" encoding="iso-8859-1" ?>
<newsitem itemid="449238" id="root" date="1997-03-18" xml:lang="en">
<title>PERU: SOCCER-ANTHEM BAN AT PERU-ECUADOR CUP QUALIFIER.</title>
<headline>SOCCER-ANTHEM BAN AT PERU-ECUADOR CUP QUALIFIER.</headline>
<dateline>LIMA 1997-03-18</dateline>
<text>
<p>Peru and Ecuador will not play their national anthems before next month's World Cup qualifier because of fears that the music might inflame nationalist feeling between the South American rivals, an official said.</p>
<p>Peru and Ecuador fought a brief war over an Amazon border dispute in early 1995. Several dozen soldiers died and hundreds were wounded.</p>
<p>&quot;You must understand the moment we are going through and that it is not advisable to play the national anthems for obvious reasons,&quot; Peruvian Soccer Federation president Nicolas Delfino said on Monday night.</p>
<p>&quot;I would like to ask the press not to encourage fans to sing either nation's anthem.&quot;</p>
<p>Peru and Ecuador meet in Lima on April 2.</p>
</text>
<copyright>(c) Reuters Limited 1997</copyright>
<metadata>
<codes class="bip:countries:1.0">
  <code code="ECU">
    <editdetail attribution="Reuters BIP Coding Group" action="confirmed" date="1997-03-18"/>
  </code>
  <code code="PERU">
    <editdetail attribution="Reuters BIP Coding Group" action="confirmed" date="1997-03-18"/>
  </code>
</codes>
<codes class="bip:topics:1.0">
  <code code="GCAT">
    <editdetail attribution="Reuters BIP Coding Group" action="confirmed" date="1997-03-18"/>
  </code>
  <code code="GSPO">
    <editdetail attribution="Reuters BIP Coding Group" action="confirmed" date="1997-03-18"/>
  </code>
</codes>
<dc element="dc.date.created" value="1997-03-18"/>
<dc element="dc.publisher" value="Reuters Holdings Plc"/>
<dc element="dc.date.published" value="1997-03-18"/>
<dc element="dc.source" value="Reuters"/>
<dc element="dc.creator.location" value="LIMA"/>
<dc element="dc.creator.location.country.name" value="PERU"/>
<dc element="dc.source" value="Reuters"/>
</metadata>
</newsitem>
