<?xml version="1.0" encoding="iso-8859-1" ?>
<newsitem itemid="449298" id="root" date="1997-03-18" xml:lang="en">
<title>POLAND: KOMPAP SEES 1997 NET AT PLN 4.8 MLN.</title>
<headline>KOMPAP SEES 1997 NET AT PLN 4.8 MLN.</headline>
<dateline>LODZ, Poland 1997-03-18</dateline>
<text>
<p>Polish paper maker Kompap SA forecasts that its 1997 net profit will increase to at least 4.8 million zlotys in 1997 from last year's 2.8 million zlotys, the company's president said on Tuesday.</p>
<p>&quot;This result may prove to be even better, as signalled by good results in the last two months,&quot; Jerzy Grzanka told Reuters in an interview.</p>
<p>Grzanka said his company planned to invest seven million zlotys this year mainly to modernise its equipment.</p>
<p>It also wanted to buy shares in printing companies in the next several months, he added without elaborating.</p>
<p>Grzanka said Kompap had no plan to issue new shares in 1997 or to raise capital through other instruments. -- Warsaw Newsroom +48 22 653 9700</p>
</text>
<copyright>(c) Reuters Limited 1997</copyright>
<metadata>
<codes class="bip:countries:1.0">
  <code code="POL">
    <editdetail attribution="Reuters BIP Coding Group" action="confirmed" date="1997-03-18"/>
  </code>
</codes>
<codes class="bip:industries:1.0">
  <code code="I47100">
    <editdetail attribution="Reuters BIP Coding Group" action="confirmed" date="1997-03-18"/>
  </code>
</codes>
<codes class="bip:topics:1.0">
  <code code="C15">
    <editdetail attribution="Reuters BIP Coding Group" action="confirmed" date="1997-03-18"/>
  </code>
  <code code="C152">
    <editdetail attribution="Reuters BIP Coding Group" action="confirmed" date="1997-03-18"/>
  </code>
  <code code="CCAT">
    <editdetail attribution="Reuters BIP Coding Group" action="confirmed" date="1997-03-18"/>
  </code>
</codes>
<dc element="dc.date.created" value="1997-03-18"/>
<dc element="dc.publisher" value="Reuters Holdings Plc"/>
<dc element="dc.date.published" value="1997-03-18"/>
<dc element="dc.source" value="Reuters"/>
<dc element="dc.creator.location" value="LODZ, Poland"/>
<dc element="dc.creator.location.country.name" value="POLAND"/>
<dc element="dc.source" value="Reuters"/>
</metadata>
</newsitem>
