<?xml version="1.0" encoding="iso-8859-1" ?>
<newsitem itemid="449244" id="root" date="1997-03-18" xml:lang="en">
<title>HONG KONG: RUGBY UNION-CHINA WINS IRFB RECOGNITION.</title>
<headline>RUGBY UNION-CHINA WINS IRFB RECOGNITION.</headline>
<dateline>HONG KONG 1997-03-18</dateline>
<text>
<p>China was officially recognised as a rugby playing nation on Tuesday when it became the 76th member of the sport's world governing body.</p>
<p>International Rugby Football Board (IRFB) chairman Vernon Pugh presented Li Gaochao, secretary general of the Beijing-based Chinese Rugby Football Association (CRFA), with a certificate of membership during a 10-a-side tournament in Hong Kong.</p>
<p>The IRFB said that rugby was becoming popular in dozens of colleges in China and the number of players was expected to multiply.</p>
</text>
<copyright>(c) Reuters Limited 1997</copyright>
<metadata>
<codes class="bip:countries:1.0">
  <code code="CHINA">
    <editdetail attribution="Reuters BIP Coding Group" action="confirmed" date="1997-03-18"/>
  </code>
  <code code="HKONG">
    <editdetail attribution="Reuters BIP Coding Group" action="confirmed" date="1997-03-18"/>
  </code>
</codes>
<codes class="bip:topics:1.0">
  <code code="GCAT">
    <editdetail attribution="Reuters BIP Coding Group" action="confirmed" date="1997-03-18"/>
  </code>
  <code code="GSPO">
    <editdetail attribution="Reuters BIP Coding Group" action="confirmed" date="1997-03-18"/>
  </code>
</codes>
<dc element="dc.date.created" value="1997-03-18"/>
<dc element="dc.publisher" value="Reuters Holdings Plc"/>
<dc element="dc.date.published" value="1997-03-18"/>
<dc element="dc.source" value="Reuters"/>
<dc element="dc.creator.location" value="HONG KONG"/>
<dc element="dc.creator.location.country.name" value="HONG KONG"/>
<dc element="dc.source" value="Reuters"/>
</metadata>
</newsitem>
