<?xml version="1.0" encoding="iso-8859-1" ?>
<newsitem itemid="449254" id="root" date="1997-03-18" xml:lang="en">
<title>USA: NHL ICE HOCKEY-MONDAY'S RESULTS.</title>
<headline>NHL ICE HOCKEY-MONDAY'S RESULTS.</headline>
<dateline>NEW YORK 1997-03-17</dateline>
<text>
<p>Results of National Hockey</p>
<p>League games on Monday (home team in CAPS):</p>
<p> BUFFALO	   5  Boston	    1</p>
<p> Florida	   4  NEW JERSEY	1</p>
<p> Ottawa	    4  NY RANGERS	3</p>
<p> PHOENIX	   3  St Louis	  2</p>
</text>
<copyright>(c) Reuters Limited 1997</copyright>
<metadata>
<codes class="bip:countries:1.0">
  <code code="CANA">
    <editdetail attribution="Reuters BIP Coding Group" action="confirmed" date="1997-03-18"/>
  </code>
  <code code="USA">
    <editdetail attribution="Reuters BIP Coding Group" action="confirmed" date="1997-03-18"/>
  </code>
</codes>
<codes class="bip:topics:1.0">
  <code code="GCAT">
    <editdetail attribution="Reuters BIP Coding Group" action="confirmed" date="1997-03-18"/>
  </code>
  <code code="GSPO">
    <editdetail attribution="Reuters BIP Coding Group" action="confirmed" date="1997-03-18"/>
  </code>
</codes>
<dc element="dc.date.created" value="1997-03-17"/>
<dc element="dc.publisher" value="Reuters Holdings Plc"/>
<dc element="dc.date.published" value="1997-03-18"/>
<dc element="dc.source" value="Reuters"/>
<dc element="dc.creator.location" value="NEW YORK"/>
<dc element="dc.creator.location.country.name" value="USA"/>
<dc element="dc.source" value="Reuters"/>
</metadata>
</newsitem>
