<?xml version="1.0" encoding="iso-8859-1" ?>
<newsitem itemid="449265" id="root" date="1997-03-18" xml:lang="en">
<title>ITALY: SOCCER-NAPOLI COACH QUITS OVER CONTRACTS ROW.</title>
<headline>SOCCER-NAPOLI COACH QUITS OVER CONTRACTS ROW.</headline>
<dateline>NAPLES, Italy 1997-03-18</dateline>
<text>
<p>Napoli coach Gigi Simoni said on Wednesday he was quitting the Italian Serie A club because of a row over contracts.</p>
<p>&quot;I asked for a two-year contract but they only wanted to renew me for one year. That's why I'm going,&quot; Simoni told reporters.</p>
<p>&quot;The club did all it could to keep me and I also pushed in the same direction. But we couldn't agree on this point. It wasn't a question of money.&quot;</p>
<p>Napoli are currently 13th in the league table.</p>
</text>
<copyright>(c) Reuters Limited 1997</copyright>
<metadata>
<codes class="bip:countries:1.0">
  <code code="ITALY">
    <editdetail attribution="Reuters BIP Coding Group" action="confirmed" date="1997-03-18"/>
  </code>
</codes>
<codes class="bip:topics:1.0">
  <code code="GCAT">
    <editdetail attribution="Reuters BIP Coding Group" action="confirmed" date="1997-03-18"/>
  </code>
  <code code="GSPO">
    <editdetail attribution="Reuters BIP Coding Group" action="confirmed" date="1997-03-18"/>
  </code>
</codes>
<dc element="dc.date.created" value="1997-03-18"/>
<dc element="dc.publisher" value="Reuters Holdings Plc"/>
<dc element="dc.date.published" value="1997-03-18"/>
<dc element="dc.source" value="Reuters"/>
<dc element="dc.creator.location" value="NAPLES, Italy"/>
<dc element="dc.creator.location.country.name" value="ITALY"/>
<dc element="dc.source" value="Reuters"/>
</metadata>
</newsitem>
