<?xml version="1.0" encoding="iso-8859-1" ?>
<newsitem itemid="449248" id="root" date="1997-03-18" xml:lang="en">
<title>USA: NFL-CHARGERS RE-SIGN DEFENSIVE TACKLE DAVIS TO FOUR-YEAR DEAL.</title>
<headline>NFL-CHARGERS RE-SIGN DEFENSIVE TACKLE DAVIS TO FOUR-YEAR DEAL.</headline>
<dateline>SAN DIEGO 1997-03-18</dateline>
<text>
<p>Unrestricted free agent defensive tackle Reuben Davis decided to remain with the San Diego Chargers, agreeing to a new four-year contract on Tuesday.</p>
<p>The 31-year-old Davis recorded 30 tackles, three sacks, one fumble recovery and two pass deflections in 15 games last season, his third with the Chargers.</p>
<p>Terms of the deal were not disclosed.</p>
<p>Davis has started 47 of the last 48 regular-season games for the Chargers since signing as a free agent prior to the 1994 campaign.</p>
<p>Davis was a ninth-round pick by Tampa Bay in 1988 and played four-plus seasons with the Buccaneers before being dealt to Phoenix in October 1992. In nine seasons, he has compiled 401 tackles and 20 1/2 sacks.</p>
</text>
<copyright>(c) Reuters Limited 1997</copyright>
<metadata>
<codes class="bip:countries:1.0">
  <code code="USA">
    <editdetail attribution="Reuters BIP Coding Group" action="confirmed" date="1997-03-18"/>
  </code>
</codes>
<codes class="bip:topics:1.0">
  <code code="GCAT">
    <editdetail attribution="Reuters BIP Coding Group" action="confirmed" date="1997-03-18"/>
  </code>
  <code code="GSPO">
    <editdetail attribution="Reuters BIP Coding Group" action="confirmed" date="1997-03-18"/>
  </code>
</codes>
<dc element="dc.date.created" value="1997-03-18"/>
<dc element="dc.publisher" value="Reuters Holdings Plc"/>
<dc element="dc.date.published" value="1997-03-18"/>
<dc element="dc.source" value="Reuters"/>
<dc element="dc.creator.location" value="SAN DIEGO"/>
<dc element="dc.creator.location.country.name" value="USA"/>
<dc element="dc.source" value="Reuters"/>
</metadata>
</newsitem>
