<?xml version="1.0" encoding="iso-8859-1" ?>
<newsitem itemid="449232" id="root" date="1997-03-18" xml:lang="en">
<title>BRAZIL: SOCCER-JARDEL NAMED IN BRAZIL SQUAD.</title>
<headline>SOCCER-JARDEL NAMED IN BRAZIL SQUAD.</headline>
<dateline>RIO DE JANEIRO 1997-03-18</dateline>
<text>
<p>Striker Jardel, who has played only five mintues of international soccer, was included in the Brazil squad on Tuesday for next month's friendly at home against Chile.</p>
<p>Jardel was one of nine foreign-based players named by coach Mario Zagallo for the April 2 match in the capital Brasilia.</p>
<p>His only previous experience in the famous gold shirt was when he came on as a substitute in a friendly away to the Netherlands last year.</p>
<p>Jardel, whose main strength is in the air, is considered ungamely by Brazilian standards but he has proved extremly effective for both Gremio and his current club, Porto of Portugal.</p>
<p>He is expected to be used as a substitute for either Ronaldo or Romario during the game.</p>
<p>Barcelona's Ronaldo was also named, as was midfielder Juninho, despite the fact that his club Middlesbrough are bottom of the English premiership.</p>
<p>The other foreigners named were defenders Aldair, Cesar Prates and Roberto Carlos and midfielders Ze Roberto and Mauro Silva and Leonardo.</p>
<p>The home-based players will be named next week.</p>
</text>
<copyright>(c) Reuters Limited 1997</copyright>
<metadata>
<codes class="bip:countries:1.0">
  <code code="BRAZ">
    <editdetail attribution="Reuters BIP Coding Group" action="confirmed" date="1997-03-18"/>
  </code>
</codes>
<codes class="bip:topics:1.0">
  <code code="GCAT">
    <editdetail attribution="Reuters BIP Coding Group" action="confirmed" date="1997-03-18"/>
  </code>
  <code code="GSPO">
    <editdetail attribution="Reuters BIP Coding Group" action="confirmed" date="1997-03-18"/>
  </code>
</codes>
<dc element="dc.date.created" value="1997-03-18"/>
<dc element="dc.publisher" value="Reuters Holdings Plc"/>
<dc element="dc.date.published" value="1997-03-18"/>
<dc element="dc.source" value="Reuters"/>
<dc element="dc.creator.location" value="RIO DE JANEIRO"/>
<dc element="dc.creator.location.country.name" value="BRAZIL"/>
<dc element="dc.source" value="Reuters"/>
</metadata>
</newsitem>
