<?xml version="1.0" encoding="iso-8859-1" ?>
<newsitem itemid="449207" id="root" date="1997-03-18" xml:lang="en">
<title>MALAYSIA: SOCCER-WORLD CUP ASIAN ZONE GROUP ONE RESULTS/STANDINGS.</title>
<headline>SOCCER-WORLD CUP ASIAN ZONE GROUP ONE RESULTS/STANDINGS.</headline>
<dateline>KUALA LUMPUR 1997-03-18</dateline>
<text>
<p>Results World Cup Asian zone group one qualifying matches on Tuesday:</p>
<p>    Saudi Arabia  0  Malaysia    0</p>
<p>    Taiwan	  3  Bangladesh  1 (halftime 0-0)</p>
<p>Scorers:</p>
<p>Taiwan - Lin Wen-han 60, Huang Che-ming 62, Cheu Kuei-jen 77</p>
<p>Bangladesh - Jwal Rana 55</p>
<p>    Standings	  Pl  W  D  L  F  A  Pts</p>
<p> Malaysia		 2  1  1  0  2  0    4</p>
<p> Saudi Arabia	   2  1  1  0  2  0    4</p>
<p> Taiwan		   2  1  0  1  3  3    3</p>
<p> Bangladesh	     2  0  0  2  1  5    0</p>
<p>Next matches: March 20 - Bangladesh v Saudi Arabia, Malaysia v Taiwan</p>
</text>
<copyright>(c) Reuters Limited 1997</copyright>
<metadata>
<codes class="bip:countries:1.0">
  <code code="BANDH">
    <editdetail attribution="Reuters BIP Coding Group" action="confirmed" date="1997-03-18"/>
  </code>
  <code code="MALAY">
    <editdetail attribution="Reuters BIP Coding Group" action="confirmed" date="1997-03-18"/>
  </code>
  <code code="SAARAB">
    <editdetail attribution="Reuters BIP Coding Group" action="confirmed" date="1997-03-18"/>
  </code>
  <code code="TAIWAN">
    <editdetail attribution="Reuters BIP Coding Group" action="confirmed" date="1997-03-18"/>
  </code>
</codes>
<codes class="bip:topics:1.0">
  <code code="GCAT">
    <editdetail attribution="Reuters BIP Coding Group" action="confirmed" date="1997-03-18"/>
  </code>
  <code code="GSPO">
    <editdetail attribution="Reuters BIP Coding Group" action="confirmed" date="1997-03-18"/>
  </code>
</codes>
<dc element="dc.date.created" value="1997-03-18"/>
<dc element="dc.publisher" value="Reuters Holdings Plc"/>
<dc element="dc.date.published" value="1997-03-18"/>
<dc element="dc.source" value="Reuters"/>
<dc element="dc.creator.location" value="KUALA LUMPUR"/>
<dc element="dc.creator.location.country.name" value="MALAYSIA"/>
<dc element="dc.source" value="Reuters"/>
</metadata>
</newsitem>
