<?xml version="1.0" encoding="iso-8859-1" ?>
<newsitem itemid="449222" id="root" date="1997-03-18" xml:lang="en">
<title>UK: SOCCER-ARSENAL SIGN AUSTRIAN GOALKEEPER MANNINGER.</title>
<headline>SOCCER-ARSENAL SIGN AUSTRIAN GOALKEEPER MANNINGER.</headline>
<dateline>LONDON 1997-03-18</dateline>
<text>
<p>English giants Arsenal signed Austria under-21 goalkeeper Alexander Manninger from Casino Graz on Tuesday for an undisclosed fee.</p>
<p>Manninger will become the first Austrian to join an English premier league side when he leaves Graz at the end of this season.</p>
<p>&quot;We signed him this afternoon and he'll be joining us in the summer,&quot; an Arsenal spokeswoman said. She declined to give details of the fee involved or the length of contract.</p>
<p>Austrian news agency APA said the 19-year-old had agreed to a six-year deal and Graz manager Peter Svetits said: &quot;All I can say is that it is the largest sum ever paid for an Austrian player.&quot;</p>
<p>&quot;We just have to agree on a few minor details of the contract,&quot; he said.</p>
<p>Graz are reported to have wanted around  $1.0 million for Manninger, who was under contract with them until 2001.</p>
<p>He signed for Arsenal after impressing manager Arsene Wenger in a two-day trial at Highbury this week.</p>
<p>Arsenal's first-choice goalkeeper David Seaman is recovering from a knee operation and his deputy John Lukic is sidelined with a poisoned toe.</p>
<p>Both men could be nearing the end of their careers. Seaman is 33 and Lukic is 35.</p>
<p>Manninger became Graz's number one goalkeeper last October after a brilliant performance in the San Siro stadium in his first European match -- a UEFA Cup tie against Italy's Internazionale.</p>
</text>
<copyright>(c) Reuters Limited 1997</copyright>
<metadata>
<codes class="bip:countries:1.0">
  <code code="AUST">
    <editdetail attribution="Reuters BIP Coding Group" action="confirmed" date="1997-03-18"/>
  </code>
  <code code="UK">
    <editdetail attribution="Reuters BIP Coding Group" action="confirmed" date="1997-03-18"/>
  </code>
</codes>
<codes class="bip:topics:1.0">
  <code code="GCAT">
    <editdetail attribution="Reuters BIP Coding Group" action="confirmed" date="1997-03-18"/>
  </code>
  <code code="GSPO">
    <editdetail attribution="Reuters BIP Coding Group" action="confirmed" date="1997-03-18"/>
  </code>
</codes>
<dc element="dc.date.created" value="1997-03-18"/>
<dc element="dc.publisher" value="Reuters Holdings Plc"/>
<dc element="dc.date.published" value="1997-03-18"/>
<dc element="dc.source" value="Reuters"/>
<dc element="dc.creator.location" value="LONDON"/>
<dc element="dc.creator.location.country.name" value="UK"/>
<dc element="dc.source" value="Reuters"/>
</metadata>
</newsitem>
