<?xml version="1.0" encoding="iso-8859-1" ?>
<newsitem itemid="449249" id="root" date="1997-03-18" xml:lang="en">
<title>USA: NHL ICE HOCKEY-PENGUINS ACQUIRE OLCZYK FROM KINGS FOR MURRAY.</title>
<headline>NHL ICE HOCKEY-PENGUINS ACQUIRE OLCZYK FROM KINGS FOR MURRAY.</headline>
<dateline>LOS ANGELES 1997-03-18</dateline>
<text>
<p>The Los Angeles Kings dealt 13-year veteran Eddie Olczyk to the Pittsburgh Penguins for young right winger Glen Murray just prior to Tuesday's trading deadline.</p>
<p>Olczyk, who signed with the Kings as a free agent in July, has 21 goals and 23 assists in 67 games this season. The 31-year-old centre has 734 points (315 goals, 419 assists) in 869 career NHL games.</p>
<p>Murray, 24, a first-round draft choice of the Boston Bruins in 1991, has spent the last two seasons in Pittsburgh. He has 11 goals and 11 assists in 66 games this season.</p>
<p>In 283 games in the NHL, Murray has 54 goals and 56 assists for 100 points with 183 penalty minutes.</p>
<p>&quot;He basically fits in with our direction,&quot; Kings coach Larry Robinson said of the big right winger. &quot;He's young with size, grit and a big shot. He'll add the kind of intangibles we've been missing.&quot;</p>
</text>
<copyright>(c) Reuters Limited 1997</copyright>
<metadata>
<codes class="bip:countries:1.0">
  <code code="USA">
    <editdetail attribution="Reuters BIP Coding Group" action="confirmed" date="1997-03-18"/>
  </code>
</codes>
<codes class="bip:topics:1.0">
  <code code="GCAT">
    <editdetail attribution="Reuters BIP Coding Group" action="confirmed" date="1997-03-18"/>
  </code>
  <code code="GSPO">
    <editdetail attribution="Reuters BIP Coding Group" action="confirmed" date="1997-03-18"/>
  </code>
</codes>
<dc element="dc.date.created" value="1997-03-18"/>
<dc element="dc.publisher" value="Reuters Holdings Plc"/>
<dc element="dc.date.published" value="1997-03-18"/>
<dc element="dc.source" value="Reuters"/>
<dc element="dc.creator.location" value="LOS ANGELES"/>
<dc element="dc.creator.location.country.name" value="USA"/>
<dc element="dc.source" value="Reuters"/>
</metadata>
</newsitem>
