<?xml version="1.0" encoding="iso-8859-1" ?>
<newsitem itemid="449293" id="root" date="1997-03-18" xml:lang="en">
<title>ZIMBABWE: ZIMBABWE DOLLAR CLOSES SOFTER AGAINST UNITS.</title>
<headline>ZIMBABWE DOLLAR CLOSES SOFTER AGAINST UNITS.</headline>
<dateline>HARARE 1997-03-18</dateline>
<text>
<p>The Zimbabwe dollar finished Tuesday's interbank session easier against hard currencies on the back of continued import pressure, dealers said.</p>
<p>&quot;The Zimbabwe dollar declined by about 0.4 percent today and some guys even started quoting wide -- some two points or so,&quot; a dealer said.</p>
<p>&quot;The (central) Reserve Bank were checking right through the market, but we didn't see them come in,&quot; he added.</p>
<p>Dealers in the morning said the dollar was likely to continue on its downward slide until the commencement of the annual tobacco auctions in April, a major earner of foreign currency for the country.</p>
<p>&quot;But as of now the import pressure is still pursuing,&quot; one said.</p>
<p>At Tuesday's close, the local unit was trading at 11.2400/2500 against the U.S. dollar, some four cents down from 11.2000/2100 on Monday.</p>
<p>Against the crosses, it ended at 17.8300/8500 from 17.8270/8550 versus sterling and was also quoted softer on the mark at 6.6700/6900 compared to 6.6080/6180 the previous day.</p>
<p>It was indicated at 2.5400/5600 from 2.5240/5400 against South Africa's rand.</p>
<p>-- Stella Mapenzauswa, Harare Newsroom +263-4 72 52 28/9</p>
</text>
<copyright>(c) Reuters Limited 1997</copyright>
<metadata>
<codes class="bip:countries:1.0">
  <code code="ZIMBAB">
    <editdetail attribution="Reuters BIP Coding Group" action="confirmed" date="1997-03-18"/>
  </code>
</codes>
<codes class="bip:topics:1.0">
  <code code="M13">
    <editdetail attribution="Reuters BIP Coding Group" action="confirmed" date="1997-03-18"/>
  </code>
  <code code="M132">
    <editdetail attribution="Reuters BIP Coding Group" action="confirmed" date="1997-03-18"/>
  </code>
  <code code="MCAT">
    <editdetail attribution="Reuters BIP Coding Group" action="confirmed" date="1997-03-18"/>
  </code>
</codes>
<dc element="dc.date.created" value="1997-03-18"/>
<dc element="dc.publisher" value="Reuters Holdings Plc"/>
<dc element="dc.date.published" value="1997-03-18"/>
<dc element="dc.source" value="Reuters"/>
<dc element="dc.creator.location" value="HARARE"/>
<dc element="dc.creator.location.country.name" value="ZIMBABWE"/>
<dc element="dc.source" value="Reuters"/>
</metadata>
</newsitem>
