<?xml version="1.0" encoding="iso-8859-1" ?>
<newsitem itemid="449314" id="root" date="1997-03-18" xml:lang="en">
<title>POLAND: BORYSZEW FEB NET RISES TO PLN 0.4 MLN.</title>
<headline>BORYSZEW FEB NET RISES TO PLN 0.4 MLN.</headline>
<dateline>WARSAW 1997-03-18</dateline>
<text>
<p>Preliminary results February</p>
<p>(in million zlotys unless stated)</p>
<p>FEBRUARY</p>
<p> Net profit	     0.42 vs   0.36</p>
<p> Pre-tax profit	 0.63 vs   0.62</p>
<p> Operating profit     0.72 vs   0.36</p>
<p> Sales		    6.19 vs   6.18</p>
<p>JANUARY-FEBRUARY</p>
<p> Net profit	     1.04 vs   0.67</p>
<p> Pre-tax profit	 1.56 vs   1.12</p>
<p> Operating profit     1.57 vs   0.90</p>
<p> Sales		   14.70 vs  12.66</p>
<p>Note. Full name of the Polish chemical firm is Zaklady</p>
<p>Chemiczne i Tworzyw Sztucznych Boryszew SA.</p>
<p>-- Warsaw Newsroom +48 22 653 9700</p>
</text>
<copyright>(c) Reuters Limited 1997</copyright>
<metadata>
<codes class="bip:countries:1.0">
  <code code="POL">
    <editdetail attribution="Reuters BIP Coding Group" action="confirmed" date="1997-03-18"/>
  </code>
</codes>
<codes class="bip:industries:1.0">
  <code code="I48300">
    <editdetail attribution="Reuters BIP Coding Group" action="confirmed" date="1997-03-18"/>
  </code>
</codes>
<codes class="bip:topics:1.0">
  <code code="C15">
    <editdetail attribution="Reuters BIP Coding Group" action="confirmed" date="1997-03-18"/>
  </code>
  <code code="C151">
    <editdetail attribution="Reuters BIP Coding Group" action="confirmed" date="1997-03-18"/>
  </code>
  <code code="CCAT">
    <editdetail attribution="Reuters BIP Coding Group" action="confirmed" date="1997-03-18"/>
  </code>
</codes>
<dc element="dc.date.created" value="1997-03-18"/>
<dc element="dc.publisher" value="Reuters Holdings Plc"/>
<dc element="dc.date.published" value="1997-03-18"/>
<dc element="dc.source" value="Reuters"/>
<dc element="dc.creator.location" value="WARSAW"/>
<dc element="dc.creator.location.country.name" value="POLAND"/>
<dc element="dc.source" value="Reuters"/>
</metadata>
</newsitem>
