<?xml version="1.0" encoding="iso-8859-1" ?>
<newsitem itemid="449371" id="root" date="1997-03-18" xml:lang="en">
<title>POLAND: LDA FEB NET RISES TO PLN 0.2 MLN.</title>
<headline>LDA FEB NET RISES TO PLN 0.2 MLN.</headline>
<dateline>WARSAW 1997-03-18</dateline>
<text>
<p>Preliminary results February</p>
<p>(in million zlotys unless stated)</p>
<p>FEBRUARY</p>
<p> Net profit	     0.16 vs   0.07</p>
<p> Pre-tax profit	 0.27 vs   0.12</p>
<p> Operating profit     0.27 vs   0.15</p>
<p> Sales		    2.93 vs   2.69</p>
<p>JANUARY-FEBRUARY</p>
<p> Net profit	     0.24 vs   0.09</p>
<p> Pre-tax profit	 0.41 vs   0.16</p>
<p> Operating profit     0.41 vs   0.23</p>
<p> Sales		    5.74 vs   5.07</p>
<p>Note. Full name of the Polish printing house is Lodzka</p>
<p>Drukarnia Akcydensowa SA.</p>
<p>-- Warsaw Newsroom +48 22 653 9700</p>
</text>
<copyright>(c) Reuters Limited 1997</copyright>
<metadata>
<codes class="bip:countries:1.0">
  <code code="POL">
    <editdetail attribution="Reuters BIP Coding Group" action="confirmed" date="1997-03-18"/>
  </code>
</codes>
<codes class="bip:industries:1.0">
  <code code="I47500">
    <editdetail attribution="Reuters BIP Coding Group" action="confirmed" date="1997-03-18"/>
  </code>
</codes>
<codes class="bip:topics:1.0">
  <code code="C15">
    <editdetail attribution="Reuters BIP Coding Group" action="confirmed" date="1997-03-18"/>
  </code>
  <code code="C151">
    <editdetail attribution="Reuters BIP Coding Group" action="confirmed" date="1997-03-18"/>
  </code>
  <code code="CCAT">
    <editdetail attribution="Reuters BIP Coding Group" action="confirmed" date="1997-03-18"/>
  </code>
</codes>
<dc element="dc.date.created" value="1997-03-18"/>
<dc element="dc.publisher" value="Reuters Holdings Plc"/>
<dc element="dc.date.published" value="1997-03-18"/>
<dc element="dc.source" value="Reuters"/>
<dc element="dc.creator.location" value="WARSAW"/>
<dc element="dc.creator.location.country.name" value="POLAND"/>
<dc element="dc.source" value="Reuters"/>
</metadata>
</newsitem>
