<?xml version="1.0" encoding="iso-8859-1" ?>
<newsitem itemid="449316" id="root" date="1997-03-18" xml:lang="en">
<title>SLOVAKIA: SLOVAK GOVT FACES PROTEST WAVE BEFORE VOTES.</title>
<headline>SLOVAK GOVT FACES PROTEST WAVE BEFORE VOTES.</headline>
<byline>Nigel Stephenson</byline>
<dateline>BRATISLAVA 1997-03-18</dateline>
<text>
<p>Slovakia's nationalist government, criticised in the West for dragging its feet on democratic reform, is facing a new wave of popular discontent ahead of two crucial referendums in May.</p>
<p>A strike by actors over alleged government interference in the arts has become a focus of protest against the coalition headed by Prime Minister Vladimir Meciar, involving students, some Roman Catholic bishops and President Michal Kovac.</p>
<p>The protests, the most visible challenge to Meciar's rule since he was elected in 1994, come as Slovakia is preparing for referendums on whether to join NATO and on whether the president should be elected by direct popular vote.</p>
<p>&quot;This activity for the referendum is part of the common protest atmosphere against this government,&quot; said Bratislava University professor of political science Miroslav Kusy, a former parliamentary deputy and anti-communist dissident.</p>
<p>The row has also highlighted how sensitive is the issue of culture in a state which has only been independent since 1993, particularly ahead of the referendums, which analysts say will help define Slovakia's place in Europe.</p>
<p>&quot;They are pre-occupied with understanding, believing, having a confidence in Slovak statehood,&quot; said one Western analyst in Bratislava.</p>
<p>The actors' strike, which has closed most Bratislava theatres and others, was sparked by the sacking last year of the director and artistic director of the National Theatre.</p>
<p>Government officials say the actors and students are being manipulated by the opposition. Ministers have also cited the need to protect national culture.</p>
<p>But things came to a head last week when Culture Minister Ivan Hudec called in police to end a sit-in at his ministry by actors and supporters, including opposition parliamentarians.</p>
<p>Kovac, locked in a long-running political feud with Meciar, last week added his voice to calls for Hudec to quit.</p>
<p>In a further challenge to the three-party government, he has also called for votes in favour of NATO membership and a change to the constitution to allow direct presidential elections, a move bitterly opposed by Meciar.</p>
<p>Kusy said the current row could affect the outcome of the two referendums to be held together on May 23 and 24.</p>
<p>Kovac's term expires in March and, under the current system, with parliament unable to agree on a new president, Meciar would assume presidential powers until parliamentary polls in September or October.</p>
<p>&quot;There is a fear that after the term of the president expires, power will be concentrated in the hands of the prime minister maybe for a year and this is a very big danger for democratic institutions and the democratic process,&quot; Kusy said.</p>
<p>Government officials say Slovakia wants to be among the first new members of the North Atlantic Treaty Organisation (NATO) but its chances seem to have slipped after U.S. and European Union criticism of the pace of democratic reform.</p>
<p>Some analysts say the NATO referendum, which asks if voters support membership and whether they favour nuclear weapons or foreign troops in Slovakia, is phrased to elicit a vote against as cover for failure to make the first wave.</p>
<p>But the Western analyst said Slovakia, despite its problems, still belonged with the European democracies.</p>
<p>&quot;I do not think it would be a conscious turning back from being a member of the family of democracies, it would be more a reflection of still defining themselves.&quot;</p>
</text>
<copyright>(c) Reuters Limited 1997</copyright>
<metadata>
<codes class="bip:countries:1.0">
  <code code="SLVAK">
    <editdetail attribution="Reuters BIP Coding Group" action="confirmed" date="1997-03-18"/>
  </code>
</codes>
<codes class="bip:topics:1.0">
  <code code="E41">
    <editdetail attribution="Reuters BIP Coding Group" action="confirmed" date="1997-03-18"/>
  </code>
  <code code="ECAT">
    <editdetail attribution="Reuters BIP Coding Group" action="confirmed" date="1997-03-18"/>
  </code>
  <code code="GCAT">
    <editdetail attribution="Reuters BIP Coding Group" action="confirmed" date="1997-03-18"/>
  </code>
  <code code="GENT">
    <editdetail attribution="Reuters BIP Coding Group" action="confirmed" date="1997-03-18"/>
  </code>
  <code code="GJOB">
    <editdetail attribution="Reuters BIP Coding Group" action="confirmed" date="1997-03-18"/>
  </code>
  <code code="GPOL">
    <editdetail attribution="Reuters BIP Coding Group" action="confirmed" date="1997-03-18"/>
  </code>
  <code code="GVIO">
    <editdetail attribution="Reuters BIP Coding Group" action="confirmed" date="1997-03-18"/>
  </code>
</codes>
<dc element="dc.date.created" value="1997-03-18"/>
<dc element="dc.publisher" value="Reuters Holdings Plc"/>
<dc element="dc.date.published" value="1997-03-18"/>
<dc element="dc.source" value="Reuters"/>
<dc element="dc.creator.location" value="BRATISLAVA"/>
<dc element="dc.creator.location.country.name" value="SLOVAKIA"/>
<dc element="dc.source" value="Reuters"/>
</metadata>
</newsitem>
