<?xml version="1.0" encoding="iso-8859-1" ?>
<newsitem itemid="449376" id="root" date="1997-03-18" xml:lang="en">
<title>ROMANIA: FOREIGN LAND OWNERSHIP CLEARS ROMANIA PARLIAMENT.</title>
<headline>FOREIGN LAND OWNERSHIP CLEARS ROMANIA PARLIAMENT.</headline>
<dateline>BUCHAREST 1997-03-18</dateline>
<text>
<p>Romania's parliament's lower house on Tuesday has passed a bill on foreign land ownership, which analysts say is pivotal to attracting foreign investment.</p>
<p>&quot;Deputies endorsed the draft in a matter of minutes,&quot; a press officer with parliament's lower Chamber of Deputies said.</p>
<p>The law, which previously cleared the upper Senate and is awaiting presidential approval, gives Romania-based companies with fully or partly foreign capital &quot;the right of property and any other real rights over the land they need to carry out their activity during their existence.&quot;</p>
<p>It virtually amends a 1991 foreign investment law which gave foreigners land ownership rights only through local companies having at least one Romanian shareholder.</p>
<p>Existing Romanian legislation does not forbid foreign ownership of buildings.</p>
<p>Analysts and foreign investors welcome the new law saying it was crushing one of the main stumbling blocks to foreign investment, helping to boost direct capital inflows.</p>
<p>&quot;This is a positive step towards removing barriers to foreign investment,&quot; a foreign investor with an operation in Romania told Reuters. &quot;Land ownership is something investors are looking at when considering potential capital inputs.&quot;</p>
<p>The reformist government, which replaced former leftists after elections last November, has pledged to remove obstacles to foreign investors and stimulate capital inflows by boosting facilities, including tax cuts, and fighting red tape.</p>
<p>It also said it would encourage foreign investment through privatisation, by putting on sale stakes in attractive companies, including public utilities.</p>
<p>&quot;Romania's new move will make it a lot more attractive, helping foreign investment pick up,&quot; another investor said.</p>
<p>Direct foreign investment in Romania is a lot lower than elsewhere in the region. In seven years since it shed communism, Romania -- Eastern Europe's second largest market after Poland -- has attracted a little over $2.0 billion.</p>
<p>Bureaucracy and corruption, inadequate corporate laws and tax and accounting rules, as well as slow privatisation have often been cited as the main hindrances to foreign investment.</p>
<p>-- Luli Popescu, Bucharest Newsroom 40-1 3120264</p>
</text>
<copyright>(c) Reuters Limited 1997</copyright>
<metadata>
<codes class="bip:countries:1.0">
  <code code="ROM">
    <editdetail attribution="Reuters BIP Coding Group" action="confirmed" date="1997-03-18"/>
  </code>
</codes>
<codes class="bip:industries:1.0">
  <code code="I85000">
    <editdetail attribution="Reuters BIP Coding Group" action="confirmed" date="1997-03-18"/>
  </code>
</codes>
<codes class="bip:topics:1.0">
  <code code="C13">
    <editdetail attribution="Reuters BIP Coding Group" action="confirmed" date="1997-03-18"/>
  </code>
  <code code="CCAT">
    <editdetail attribution="Reuters BIP Coding Group" action="confirmed" date="1997-03-18"/>
  </code>
  <code code="E51">
    <editdetail attribution="Reuters BIP Coding Group" action="confirmed" date="1997-03-18"/>
  </code>
  <code code="ECAT">
    <editdetail attribution="Reuters BIP Coding Group" action="confirmed" date="1997-03-18"/>
  </code>
  <code code="GCAT">
    <editdetail attribution="Reuters BIP Coding Group" action="confirmed" date="1997-03-18"/>
  </code>
  <code code="GPOL">
    <editdetail attribution="Reuters BIP Coding Group" action="confirmed" date="1997-03-18"/>
  </code>
</codes>
<dc element="dc.date.created" value="1997-03-18"/>
<dc element="dc.publisher" value="Reuters Holdings Plc"/>
<dc element="dc.date.published" value="1997-03-18"/>
<dc element="dc.source" value="Reuters"/>
<dc element="dc.creator.location" value="BUCHAREST"/>
<dc element="dc.creator.location.country.name" value="ROMANIA"/>
<dc element="dc.source" value="Reuters"/>
</metadata>
</newsitem>
