<?xml version="1.0" encoding="iso-8859-1" ?>
<newsitem itemid="449325" id="root" date="1997-03-18" xml:lang="en">
<title>POLAND: PPWK FEB NET FALLS TO PLN 66,000.</title>
<headline>PPWK FEB NET FALLS TO PLN 66,000.</headline>
<dateline>WARSAW 1997-03-18</dateline>
<text>
<p>Preliminary results February</p>
<p>(in million zlotys unless stated)</p>
<p>FEBRUARY</p>
<p> Net profit	     0.07 vs   0.11</p>
<p> Pre-tax profit	 0.12 vs   0.18</p>
<p> Operating profit     0.13 vs   0.24</p>
<p> Sales		    1.24 vs   1.17</p>
<p>JANUARY-FEBRUARY</p>
<p> Net profit	     0.26 vs   0.23</p>
<p> Pre-tax profit	 0.42 vs   0.35</p>
<p> Operating profit     0.43 vs   0.46</p>
<p> Sales		    2.86 vs   2.42</p>
<p>Note. Full name of the Polish map publisher is Polskie</p>
<p>Przedsiobiorstwo Wydawnictw Kartograficznych SA.</p>
<p>-- Warsaw Newsroom +48 22 653 9700</p>
</text>
<copyright>(c) Reuters Limited 1997</copyright>
<metadata>
<codes class="bip:countries:1.0">
  <code code="POL">
    <editdetail attribution="Reuters BIP Coding Group" action="confirmed" date="1997-03-18"/>
  </code>
</codes>
<codes class="bip:industries:1.0">
  <code code="I47530">
    <editdetail attribution="Reuters BIP Coding Group" action="confirmed" date="1997-03-18"/>
  </code>
</codes>
<codes class="bip:topics:1.0">
  <code code="C15">
    <editdetail attribution="Reuters BIP Coding Group" action="confirmed" date="1997-03-18"/>
  </code>
  <code code="C151">
    <editdetail attribution="Reuters BIP Coding Group" action="confirmed" date="1997-03-18"/>
  </code>
  <code code="CCAT">
    <editdetail attribution="Reuters BIP Coding Group" action="confirmed" date="1997-03-18"/>
  </code>
</codes>
<dc element="dc.date.created" value="1997-03-18"/>
<dc element="dc.publisher" value="Reuters Holdings Plc"/>
<dc element="dc.date.published" value="1997-03-18"/>
<dc element="dc.source" value="Reuters"/>
<dc element="dc.creator.location" value="WARSAW"/>
<dc element="dc.creator.location.country.name" value="POLAND"/>
<dc element="dc.source" value="Reuters"/>
</metadata>
</newsitem>
