<?xml version="1.0" encoding="iso-8859-1" ?>
<newsitem itemid="449318" id="root" date="1997-03-18" xml:lang="en">
<title>POLAND: ARIEL FEB NET RISES TO PLN 67,500.</title>
<headline>ARIEL FEB NET RISES TO PLN 67,500.</headline>
<dateline>WARSAW 1997-03-18</dateline>
<text>
<p>Preliminary results February</p>
<p>(in million zlotys unless stated)</p>
<p>FEBRUARY</p>
<p> Net profit	     0.07 vs   0.00</p>
<p> Pre-tax profit	 0.10 vs   0.03 loss</p>
<p> Operating loss	 0.13 vs   0.01</p>
<p> Sales		    0.71 vs   0.27</p>
<p>JANUARY-FEBRUARY</p>
<p> Net profit	     0.08 vs   0.00</p>
<p> Pre-tax profit	 0.12 vs   0.05 loss</p>
<p> Operating loss	 0.25 vs   0.03</p>
<p> Sales		    1.75 vs   0.60</p>
<p>Note. Full name of the Polish shoe producer is Ariel SA.</p>
<p>-- Warsaw Newsroom +48 22 653 9700</p>
</text>
<copyright>(c) Reuters Limited 1997</copyright>
<metadata>
<codes class="bip:countries:1.0">
  <code code="POL">
    <editdetail attribution="Reuters BIP Coding Group" action="confirmed" date="1997-03-18"/>
  </code>
</codes>
<codes class="bip:industries:1.0">
  <code code="I45100">
    <editdetail attribution="Reuters BIP Coding Group" action="confirmed" date="1997-03-18"/>
  </code>
</codes>
<codes class="bip:topics:1.0">
  <code code="C15">
    <editdetail attribution="Reuters BIP Coding Group" action="confirmed" date="1997-03-18"/>
  </code>
  <code code="C151">
    <editdetail attribution="Reuters BIP Coding Group" action="confirmed" date="1997-03-18"/>
  </code>
  <code code="CCAT">
    <editdetail attribution="Reuters BIP Coding Group" action="confirmed" date="1997-03-18"/>
  </code>
</codes>
<dc element="dc.date.created" value="1997-03-18"/>
<dc element="dc.publisher" value="Reuters Holdings Plc"/>
<dc element="dc.date.published" value="1997-03-18"/>
<dc element="dc.source" value="Reuters"/>
<dc element="dc.creator.location" value="WARSAW"/>
<dc element="dc.creator.location.country.name" value="POLAND"/>
<dc element="dc.source" value="Reuters"/>
</metadata>
</newsitem>
