<?xml version="1.0" encoding="iso-8859-1" ?>
<newsitem itemid="449331" id="root" date="1997-03-18" xml:lang="en">
<title>POLAND: GORAZDZE FEB NET LOSS AT PLN 0.8 MLN.</title>
<headline>GORAZDZE FEB NET LOSS AT PLN 0.8 MLN.</headline>
<dateline>WARSAW 1997-03-18</dateline>
<text>
<p>Preliminary results February</p>
<p>(in million zlotys unless stated)</p>
<p>FEBRUARY</p>
<p> Net loss		 0.76 vs   1.08</p>
<p> Pre-tax loss	   0.76 vs   1.08</p>
<p> Operating loss	 2.41 vs   3.09</p>
<p> Sales		   10.88 vs   8.47</p>
<p>JANUARY-FEBRUARY</p>
<p> Net loss		 5.24 vs   2.01</p>
<p> Pre-tax loss	   5.24 vs   2.01</p>
<p> Operating loss	 6.99 vs   5.50</p>
<p> Sales		   16.82 vs  14.56</p>
<p>Note. Full name of the Polish cement maker is Zaklady</p>
<p>Cementowo Wapiennicze Gorazdze SA.</p>
<p>-- Warsaw Newsroom +48 22 653 9700</p>
</text>
<copyright>(c) Reuters Limited 1997</copyright>
<metadata>
<codes class="bip:countries:1.0">
  <code code="POL">
    <editdetail attribution="Reuters BIP Coding Group" action="confirmed" date="1997-03-18"/>
  </code>
</codes>
<codes class="bip:industries:1.0">
  <code code="I24200">
    <editdetail attribution="Reuters BIP Coding Group" action="confirmed" date="1997-03-18"/>
  </code>
</codes>
<codes class="bip:topics:1.0">
  <code code="C15">
    <editdetail attribution="Reuters BIP Coding Group" action="confirmed" date="1997-03-18"/>
  </code>
  <code code="C151">
    <editdetail attribution="Reuters BIP Coding Group" action="confirmed" date="1997-03-18"/>
  </code>
  <code code="CCAT">
    <editdetail attribution="Reuters BIP Coding Group" action="confirmed" date="1997-03-18"/>
  </code>
</codes>
<dc element="dc.date.created" value="1997-03-18"/>
<dc element="dc.publisher" value="Reuters Holdings Plc"/>
<dc element="dc.date.published" value="1997-03-18"/>
<dc element="dc.source" value="Reuters"/>
<dc element="dc.creator.location" value="WARSAW"/>
<dc element="dc.creator.location.country.name" value="POLAND"/>
<dc element="dc.source" value="Reuters"/>
</metadata>
</newsitem>
