<?xml version="1.0" encoding="iso-8859-1" ?>
<newsitem itemid="449319" id="root" date="1997-03-18" xml:lang="en">
<title>POLAND: PEKPOL FEB NET FALLS TO PLN 78,000.</title>
<headline>PEKPOL FEB NET FALLS TO PLN 78,000.</headline>
<dateline>WARSAW 1997-03-18</dateline>
<text>
<p>Preliminary results February</p>
<p>(in million zlotys unless stated)</p>
<p>FEBRUARY</p>
<p> Net profit	     0.08 vs   0.29</p>
<p> Pre-tax profit	 0.14 vs   0.30</p>
<p> Operating profit     0.06 vs   0.04</p>
<p> Sales		   13.12 vs  14.71</p>
<p>JANUARY-FEBRUARY</p>
<p> Net profit	     0.20 vs   0.41</p>
<p> Pre-tax profit	 0.34 vs   0.46</p>
<p> Operating profit     0.14 vs   0.16</p>
<p> Sales		   28.26 vs  29.73</p>
<p>Note. Full name of the Polish meat procesor is Pekpol SA.</p>
<p>-- Warsaw Newsroom +48 22 653 9700</p>
</text>
<copyright>(c) Reuters Limited 1997</copyright>
<metadata>
<codes class="bip:countries:1.0">
  <code code="POL">
    <editdetail attribution="Reuters BIP Coding Group" action="confirmed" date="1997-03-18"/>
  </code>
</codes>
<codes class="bip:industries:1.0">
  <code code="I41200">
    <editdetail attribution="Reuters BIP Coding Group" action="confirmed" date="1997-03-18"/>
  </code>
</codes>
<codes class="bip:topics:1.0">
  <code code="C15">
    <editdetail attribution="Reuters BIP Coding Group" action="confirmed" date="1997-03-18"/>
  </code>
  <code code="C151">
    <editdetail attribution="Reuters BIP Coding Group" action="confirmed" date="1997-03-18"/>
  </code>
  <code code="CCAT">
    <editdetail attribution="Reuters BIP Coding Group" action="confirmed" date="1997-03-18"/>
  </code>
</codes>
<dc element="dc.date.created" value="1997-03-18"/>
<dc element="dc.publisher" value="Reuters Holdings Plc"/>
<dc element="dc.date.published" value="1997-03-18"/>
<dc element="dc.source" value="Reuters"/>
<dc element="dc.creator.location" value="WARSAW"/>
<dc element="dc.creator.location.country.name" value="POLAND"/>
<dc element="dc.source" value="Reuters"/>
</metadata>
</newsitem>
