<?xml version="1.0" encoding="iso-8859-1" ?>
<newsitem itemid="449338" id="root" date="1997-03-18" xml:lang="en">
<title>POLAND: KOMPAP FEB NET RISES TO PLN 0.6 MLN.</title>
<headline>KOMPAP FEB NET RISES TO PLN 0.6 MLN.</headline>
<dateline>WARSAW 1997-03-18</dateline>
<text>
<p>Preliminary results February</p>
<p>(in million zlotys unless stated)</p>
<p>FEBRUARY</p>
<p> Net profit	     0.60 vs   0.12</p>
<p> Pre-tax profit	 0.77 vs   0.21</p>
<p> Operating profit     0.75 vs   0.24</p>
<p> Sales		    6.01 vs   3.71</p>
<p>JANUARY-FEBRUARY</p>
<p> Net profit	     1.16 vs   0.37</p>
<p> Pre-tax profit	 1.72 vs   0.57</p>
<p> Operating profit     1.68 vs   0.63</p>
<p> Sales		   11.45 vs   7.60</p>
<p>Note. Full name of the Polish paper firm is Kompap SA.</p>
<p>-- Warsaw Newsroom +48 22 653 9700</p>
</text>
<copyright>(c) Reuters Limited 1997</copyright>
<metadata>
<codes class="bip:countries:1.0">
  <code code="POL">
    <editdetail attribution="Reuters BIP Coding Group" action="confirmed" date="1997-03-18"/>
  </code>
</codes>
<codes class="bip:industries:1.0">
  <code code="I47100">
    <editdetail attribution="Reuters BIP Coding Group" action="confirmed" date="1997-03-18"/>
  </code>
</codes>
<codes class="bip:topics:1.0">
  <code code="C15">
    <editdetail attribution="Reuters BIP Coding Group" action="confirmed" date="1997-03-18"/>
  </code>
  <code code="C151">
    <editdetail attribution="Reuters BIP Coding Group" action="confirmed" date="1997-03-18"/>
  </code>
  <code code="CCAT">
    <editdetail attribution="Reuters BIP Coding Group" action="confirmed" date="1997-03-18"/>
  </code>
</codes>
<dc element="dc.date.created" value="1997-03-18"/>
<dc element="dc.publisher" value="Reuters Holdings Plc"/>
<dc element="dc.date.published" value="1997-03-18"/>
<dc element="dc.source" value="Reuters"/>
<dc element="dc.creator.location" value="WARSAW"/>
<dc element="dc.creator.location.country.name" value="POLAND"/>
<dc element="dc.source" value="Reuters"/>
</metadata>
</newsitem>
