<?xml version="1.0" encoding="iso-8859-1" ?>
<newsitem itemid="449382" id="root" date="1997-03-18" xml:lang="en">
<title>POLAND: KOMUNALNY PLANS GREATER BOND ISSUE.</title>
<headline>KOMUNALNY PLANS GREATER BOND ISSUE.</headline>
<dateline>WARSAW 1997-03-18</dateline>
<text>
<p>Polish Bank Komunalny SA wants to increase its planned convertible bond issue to 90 million zlotys from earlier planned 50 million zlotys, the bank said in a statement on Tuesday.</p>
<p>The bank also said it was considering to offer the bonds through a private placement and not through public offering as planned earlier.</p>
<p>The bond issue would be subject to a vote at a general shareholders' meeting on April 21.</p>
<p>Komunalny said more details on the issue should be available three weeks before the shareholders meeting.</p>
<p>-- Warsaw Newsroom +48 22 653 9700</p>
</text>
<copyright>(c) Reuters Limited 1997</copyright>
<metadata>
<codes class="bip:countries:1.0">
  <code code="POL">
    <editdetail attribution="Reuters BIP Coding Group" action="confirmed" date="1997-03-18"/>
  </code>
</codes>
<codes class="bip:industries:1.0">
  <code code="I81402">
    <editdetail attribution="Reuters BIP Coding Group" action="confirmed" date="1997-03-18"/>
  </code>
</codes>
<codes class="bip:topics:1.0">
  <code code="C17">
    <editdetail attribution="Reuters BIP Coding Group" action="confirmed" date="1997-03-18"/>
  </code>
  <code code="C172">
    <editdetail attribution="Reuters BIP Coding Group" action="confirmed" date="1997-03-18"/>
  </code>
  <code code="CCAT">
    <editdetail attribution="Reuters BIP Coding Group" action="confirmed" date="1997-03-18"/>
  </code>
</codes>
<dc element="dc.date.created" value="1997-03-18"/>
<dc element="dc.publisher" value="Reuters Holdings Plc"/>
<dc element="dc.date.published" value="1997-03-18"/>
<dc element="dc.source" value="Reuters"/>
<dc element="dc.creator.location" value="WARSAW"/>
<dc element="dc.creator.location.country.name" value="POLAND"/>
<dc element="dc.source" value="Reuters"/>
</metadata>
</newsitem>
