<?xml version="1.0" encoding="iso-8859-1" ?>
<newsitem itemid="449339" id="root" date="1997-03-18" xml:lang="en">
<title>POLAND: MOSTOSTAL-K FEB NET RISES TO PLN 0.5 MLN.</title>
<headline>MOSTOSTAL-K FEB NET RISES TO PLN 0.5 MLN.</headline>
<dateline>WARSAW 1997-03-18</dateline>
<text>
<p>Preliminary results February</p>
<p>(in million zlotys unless stated)</p>
<p>FEBRUARY</p>
<p> Net profit	     0.47 vs   0.19</p>
<p> Pre-tax profit	 0.77 vs   0.35</p>
<p> Operating profit     0.50 vs   0.18</p>
<p> Sales		   10.11 vs   5.78</p>
<p>JANUARY-FEBRUARY</p>
<p> Net profit	     0.79 vs   0.50</p>
<p> Pre-tax profit	 1.32 vs   1.04</p>
<p> Operating profit     0.68 vs   0.58</p>
<p> Sales		   19.40 vs  21.89</p>
<p>Note. Full name of the Polish construction company is</p>
<p>Mostostal Krakow SA.</p>
<p>-- Warsaw Newsroom +48 22 653 9700</p>
</text>
<copyright>(c) Reuters Limited 1997</copyright>
<metadata>
<codes class="bip:countries:1.0">
  <code code="POL">
    <editdetail attribution="Reuters BIP Coding Group" action="confirmed" date="1997-03-18"/>
  </code>
</codes>
<codes class="bip:industries:1.0">
  <code code="I50100">
    <editdetail attribution="Reuters BIP Coding Group" action="confirmed" date="1997-03-18"/>
  </code>
</codes>
<codes class="bip:topics:1.0">
  <code code="C15">
    <editdetail attribution="Reuters BIP Coding Group" action="confirmed" date="1997-03-18"/>
  </code>
  <code code="C151">
    <editdetail attribution="Reuters BIP Coding Group" action="confirmed" date="1997-03-18"/>
  </code>
  <code code="CCAT">
    <editdetail attribution="Reuters BIP Coding Group" action="confirmed" date="1997-03-18"/>
  </code>
</codes>
<dc element="dc.date.created" value="1997-03-18"/>
<dc element="dc.publisher" value="Reuters Holdings Plc"/>
<dc element="dc.date.published" value="1997-03-18"/>
<dc element="dc.source" value="Reuters"/>
<dc element="dc.creator.location" value="WARSAW"/>
<dc element="dc.creator.location.country.name" value="POLAND"/>
<dc element="dc.source" value="Reuters"/>
</metadata>
</newsitem>
