<?xml version="1.0" encoding="iso-8859-1" ?>
<newsitem itemid="449324" id="root" date="1997-03-18" xml:lang="en">
<title>POLAND: RELPOL FEB NET RISES TO PLN 1.1 MLN.</title>
<headline>RELPOL FEB NET RISES TO PLN 1.1 MLN.</headline>
<dateline>WARSAW 1997-03-18</dateline>
<text>
<p>Preliminary results February</p>
<p>(in million zlotys unless stated)</p>
<p>FEBRUARY</p>
<p> Net profit	     1.09 vs   0.44</p>
<p> Pre-tax profit	 1.76 vs   0.66</p>
<p> Operating profit     1.38 vs   0.56</p>
<p> Sales		   10.41 vs   3.36</p>
<p>JANUARY-FEBRUARY</p>
<p> Net profit	     2.13 vs   0.99</p>
<p> Pre-tax profit	 3.35 vs   1.42</p>
<p> Operating profit     2.67 vs   1.42</p>
<p> Sales		   14.22 vs   6.97</p>
<p>Note. Full name of the Polish electromagnetic trasmitter maker</p>
<p>is Relpol SA.</p>
<p>-- Warsaw Newsroom +48 22 653 9700</p>
</text>
<copyright>(c) Reuters Limited 1997</copyright>
<metadata>
<codes class="bip:countries:1.0">
  <code code="POL">
    <editdetail attribution="Reuters BIP Coding Group" action="confirmed" date="1997-03-18"/>
  </code>
</codes>
<codes class="bip:industries:1.0">
  <code code="I34000">
    <editdetail attribution="Reuters BIP Coding Group" action="confirmed" date="1997-03-18"/>
  </code>
</codes>
<codes class="bip:topics:1.0">
  <code code="C15">
    <editdetail attribution="Reuters BIP Coding Group" action="confirmed" date="1997-03-18"/>
  </code>
  <code code="C151">
    <editdetail attribution="Reuters BIP Coding Group" action="confirmed" date="1997-03-18"/>
  </code>
  <code code="CCAT">
    <editdetail attribution="Reuters BIP Coding Group" action="confirmed" date="1997-03-18"/>
  </code>
</codes>
<dc element="dc.date.created" value="1997-03-18"/>
<dc element="dc.publisher" value="Reuters Holdings Plc"/>
<dc element="dc.date.published" value="1997-03-18"/>
<dc element="dc.source" value="Reuters"/>
<dc element="dc.creator.location" value="WARSAW"/>
<dc element="dc.creator.location.country.name" value="POLAND"/>
<dc element="dc.source" value="Reuters"/>
</metadata>
</newsitem>
