<?xml version="1.0" encoding="iso-8859-1" ?>
<newsitem itemid="449311" id="root" date="1997-03-18" xml:lang="en">
<title>POLAND: POLFA KUTNO FEB NET FALLS TO PLN 2.3 MLN.</title>
<headline>POLFA KUTNO FEB NET FALLS TO PLN 2.3 MLN.</headline>
<dateline>WARSAW 1997-03-18</dateline>
<text>
<p>Preliminary results February</p>
<p>(in million zlotys unless stated)</p>
<p>FEBRUARY</p>
<p> Net profit	     2.26 vs   2.40</p>
<p> Pre-tax profit	 2.97 vs   3.18</p>
<p> Operating profit     2.55 vs   3.49</p>
<p> Sales		   14.92 vs  14.22</p>
<p>JANUARY-FEBRUARY</p>
<p> Net profit	     4.06 vs   3.39</p>
<p> Pre-tax profit	 5.62 vs   4.72</p>
<p> Operating profit     6.00 vs   5.32</p>
<p> Sales		   35.79 vs  30.62</p>
<p>Note. Full name of the Polish drug maker is Polfa Kutno SA.</p>
<p>-- Warsaw Newsroom +48 22 653 9700</p>
</text>
<copyright>(c) Reuters Limited 1997</copyright>
<metadata>
<codes class="bip:countries:1.0">
  <code code="POL">
    <editdetail attribution="Reuters BIP Coding Group" action="confirmed" date="1997-03-18"/>
  </code>
</codes>
<codes class="bip:industries:1.0">
  <code code="I25700">
    <editdetail attribution="Reuters BIP Coding Group" action="confirmed" date="1997-03-18"/>
  </code>
</codes>
<codes class="bip:topics:1.0">
  <code code="C15">
    <editdetail attribution="Reuters BIP Coding Group" action="confirmed" date="1997-03-18"/>
  </code>
  <code code="C151">
    <editdetail attribution="Reuters BIP Coding Group" action="confirmed" date="1997-03-18"/>
  </code>
  <code code="CCAT">
    <editdetail attribution="Reuters BIP Coding Group" action="confirmed" date="1997-03-18"/>
  </code>
</codes>
<dc element="dc.date.created" value="1997-03-18"/>
<dc element="dc.publisher" value="Reuters Holdings Plc"/>
<dc element="dc.date.published" value="1997-03-18"/>
<dc element="dc.source" value="Reuters"/>
<dc element="dc.creator.location" value="WARSAW"/>
<dc element="dc.creator.location.country.name" value="POLAND"/>
<dc element="dc.source" value="Reuters"/>
</metadata>
</newsitem>
