<?xml version="1.0" encoding="iso-8859-1" ?>
<newsitem itemid="449328" id="root" date="1997-03-18" xml:lang="en">
<title>ROMANIA: ROMANIA LEFTIST OPPOSITION SLAMS RULING CENTRISTS.</title>
<headline>ROMANIA LEFTIST OPPOSITION SLAMS RULING CENTRISTS.</headline>
<byline>Karin Popescu</byline>
<dateline>BUCHAREST 1997-03-18</dateline>
<text>
<p>Romania's former ruling leftists on Tuesday accused the government of pursuing &quot;authoritarian policies&quot; aimed at intimidating parliamentary opposition.</p>
<p>In a letter to reformist President Emil Constantinescu, his ex-communist predecessor Ion Iliescu slammed the centrist government over its reform policies and complained of purging in the state administration.</p>
<p>&quot;The authoritarian and arrogant behaviour of the majority coalition threatens to install a dictatorship of the majority and to sideline the opposition,&quot; Iliescu red out the letter at a news conference of his Party of Social Democracy (PDSR).</p>
<p>The coalition government took office after elections last November when Iliescu and his PDSR lost their seven-year grip on power.</p>
<p>Tuesday's accusations followed a walk-out from parliament late on Monday staged by Iliescu and fellow PDSR MPs over last week's vote in parliament to strip an opposition senatore of his immunity.</p>
<p>Iliescu, now a member of parliament's upper Senate house said the walk-out -- which followed an opposition motion on farming policies rejected earlier this month -- fell short of a boycott.</p>
<p>&quot;We will not obstruct parliament,&quot; Iliescu told the news conference. &quot;But we either advance towards a state of law with a real democracy or we turn into a state dominated by the present coalition.&quot;</p>
<p>Romania is lobbying to join the European Union and enter NATO in a first wave of enlargment when the Alliance announces its first eastward expansion at a July summit in Madrid.</p>
<p>With market reforms trailing since communism collapsed in 1989, the government has launched tough measures to put the economy back on track.</p>
<p>Prime Minister Victor Ciorbea's coalition -- including Christian and Social Democrats and representatives of Romania's large ethnic Hungarian community -- has a comfortable majority in parliament.</p>
<p>Short-term steps focus on a package of some 50 laws, including the 1997 state budget, a plank for Romania's hopes of renewed credits from international lenders, which have to go through parliament for approval. REUTER</p>
</text>
<copyright>(c) Reuters Limited 1997</copyright>
<metadata>
<codes class="bip:countries:1.0">
  <code code="ROM">
    <editdetail attribution="Reuters BIP Coding Group" action="confirmed" date="1997-03-18"/>
  </code>
</codes>
<codes class="bip:topics:1.0">
  <code code="GCAT">
    <editdetail attribution="Reuters BIP Coding Group" action="confirmed" date="1997-03-18"/>
  </code>
  <code code="GPOL">
    <editdetail attribution="Reuters BIP Coding Group" action="confirmed" date="1997-03-18"/>
  </code>
</codes>
<dc element="dc.date.created" value="1997-03-18"/>
<dc element="dc.publisher" value="Reuters Holdings Plc"/>
<dc element="dc.date.published" value="1997-03-18"/>
<dc element="dc.source" value="Reuters"/>
<dc element="dc.creator.location" value="BUCHAREST"/>
<dc element="dc.creator.location.country.name" value="ROMANIA"/>
<dc element="dc.source" value="Reuters"/>
</metadata>
</newsitem>
