<?xml version="1.0" encoding="iso-8859-1" ?>
<newsitem itemid="449381" id="root" date="1997-03-18" xml:lang="en">
<title>POLAND: EXBUD FEB NET RISES TO PLN 1.1 MLN.</title>
<headline>EXBUD FEB NET RISES TO PLN 1.1 MLN.</headline>
<dateline>WARSAW 1997-03-18</dateline>
<text>
<p>Preliminary results February</p>
<p>(in million zlotys unless stated)</p>
<p>FEBRUARY</p>
<p> Net profit	     1.05 vs   0.72</p>
<p> Pre-tax profit	 1.63 vs   1.03</p>
<p> Operating profit     0.53 vs   0.40</p>
<p> Sales		   16.70 vs  20.50</p>
<p>JANUARY-FEBRUARY</p>
<p> Net profit	     1.58 vs   1.27</p>
<p> Pre-tax profit	 2.41 vs   1.76</p>
<p> Operating profit     0.83 vs   0.83</p>
<p> Sales		   34.28 vs  33.27</p>
<p>Note. Full name of the Polish construction firm is Exbud SA.</p>
<p>-- Warsaw Newsroom +48 22 653 9700</p>
</text>
<copyright>(c) Reuters Limited 1997</copyright>
<metadata>
<codes class="bip:countries:1.0">
  <code code="POL">
    <editdetail attribution="Reuters BIP Coding Group" action="confirmed" date="1997-03-18"/>
  </code>
</codes>
<codes class="bip:industries:1.0">
  <code code="I50200">
    <editdetail attribution="Reuters BIP Coding Group" action="confirmed" date="1997-03-18"/>
  </code>
</codes>
<codes class="bip:topics:1.0">
  <code code="C15">
    <editdetail attribution="Reuters BIP Coding Group" action="confirmed" date="1997-03-18"/>
  </code>
  <code code="C151">
    <editdetail attribution="Reuters BIP Coding Group" action="confirmed" date="1997-03-18"/>
  </code>
  <code code="CCAT">
    <editdetail attribution="Reuters BIP Coding Group" action="confirmed" date="1997-03-18"/>
  </code>
</codes>
<dc element="dc.date.created" value="1997-03-18"/>
<dc element="dc.publisher" value="Reuters Holdings Plc"/>
<dc element="dc.date.published" value="1997-03-18"/>
<dc element="dc.source" value="Reuters"/>
<dc element="dc.creator.location" value="WARSAW"/>
<dc element="dc.creator.location.country.name" value="POLAND"/>
<dc element="dc.source" value="Reuters"/>
</metadata>
</newsitem>
