<?xml version="1.0" encoding="iso-8859-1" ?>
<newsitem itemid="449362" id="root" date="1997-03-18" xml:lang="en">
<title>POLAND: ECHO FEB NET RISES TO PLN 0.2 MLN.</title>
<headline>ECHO FEB NET RISES TO PLN 0.2 MLN.</headline>
<dateline>WARSAW 1997-03-18</dateline>
<text>
<p>Preliminary results February</p>
<p>(in million zlotys unless stated)</p>
<p>FEBRUARY</p>
<p> Net profit	     0.19 vs   0.09</p>
<p> Pre-tax profit	 0.25 vs   0.15</p>
<p> Operating profit     0.46 vs   0.05 loss</p>
<p> Sales		    2.06 vs   0.68</p>
<p>JANUARY-FEBRUARY</p>
<p> Net profit	     0.38 vs   0.11</p>
<p> Pre-tax profit	 0.44 vs   0.18</p>
<p> Operating profit     0.77 vs   0.01 loss</p>
<p> Sales		    3.96 vs   1.40</p>
<p>Note. Full name of the Polish developer is Echo Investment SA.</p>
<p>-- Warsaw Newsroom +48 22 653 9700</p>
</text>
<copyright>(c) Reuters Limited 1997</copyright>
<metadata>
<codes class="bip:countries:1.0">
  <code code="POL">
    <editdetail attribution="Reuters BIP Coding Group" action="confirmed" date="1997-03-18"/>
  </code>
</codes>
<codes class="bip:industries:1.0">
  <code code="I47500">
    <editdetail attribution="Reuters BIP Coding Group" action="confirmed" date="1997-03-18"/>
  </code>
</codes>
<codes class="bip:topics:1.0">
  <code code="C15">
    <editdetail attribution="Reuters BIP Coding Group" action="confirmed" date="1997-03-18"/>
  </code>
  <code code="C151">
    <editdetail attribution="Reuters BIP Coding Group" action="confirmed" date="1997-03-18"/>
  </code>
  <code code="CCAT">
    <editdetail attribution="Reuters BIP Coding Group" action="confirmed" date="1997-03-18"/>
  </code>
</codes>
<dc element="dc.date.created" value="1997-03-18"/>
<dc element="dc.publisher" value="Reuters Holdings Plc"/>
<dc element="dc.date.published" value="1997-03-18"/>
<dc element="dc.source" value="Reuters"/>
<dc element="dc.creator.location" value="WARSAW"/>
<dc element="dc.creator.location.country.name" value="POLAND"/>
<dc element="dc.source" value="Reuters"/>
</metadata>
</newsitem>
