<?xml version="1.0" encoding="iso-8859-1" ?>
<newsitem itemid="449380" id="root" date="1997-03-18" xml:lang="en">
<title>POLAND: KETY FEB NET FLAT AT PLN 2.6 MLN.</title>
<headline>KETY FEB NET FLAT AT PLN 2.6 MLN.</headline>
<dateline>WARSAW 1997-03-18</dateline>
<text>
<p>Preliminary results February</p>
<p>(in million zlotys unless stated)</p>
<p>FEBRUARY</p>
<p> Net profit	     2.60 vs   2.62</p>
<p> Pre-tax profit	 3.51 vs   4.39</p>
<p> Operating profit     3.63 vs   4.09</p>
<p> Sales		   34.15 vs  30.65</p>
<p>JANUARY-FEBRUARY</p>
<p> Net profit	     5.44 vs   5.59</p>
<p> Pre-tax profit	 7.69 vs   9.34</p>
<p> Operating profit     7.78 vs   8.33</p>
<p> Sales		   66.21 vs  60.33</p>
<p>Note. Full name of the Polish aluminium plant is Zaklady</p>
<p>Metali Lekkich Kety SA.</p>
<p>-- Warsaw Newsroom +48 22 653 9700</p>
</text>
<copyright>(c) Reuters Limited 1997</copyright>
<metadata>
<codes class="bip:countries:1.0">
  <code code="POL">
    <editdetail attribution="Reuters BIP Coding Group" action="confirmed" date="1997-03-18"/>
  </code>
</codes>
<codes class="bip:industries:1.0">
  <code code="I22450">
    <editdetail attribution="Reuters BIP Coding Group" action="confirmed" date="1997-03-18"/>
  </code>
</codes>
<codes class="bip:topics:1.0">
  <code code="C15">
    <editdetail attribution="Reuters BIP Coding Group" action="confirmed" date="1997-03-18"/>
  </code>
  <code code="C151">
    <editdetail attribution="Reuters BIP Coding Group" action="confirmed" date="1997-03-18"/>
  </code>
  <code code="CCAT">
    <editdetail attribution="Reuters BIP Coding Group" action="confirmed" date="1997-03-18"/>
  </code>
</codes>
<dc element="dc.date.created" value="1997-03-18"/>
<dc element="dc.publisher" value="Reuters Holdings Plc"/>
<dc element="dc.date.published" value="1997-03-18"/>
<dc element="dc.source" value="Reuters"/>
<dc element="dc.creator.location" value="WARSAW"/>
<dc element="dc.creator.location.country.name" value="POLAND"/>
<dc element="dc.source" value="Reuters"/>
</metadata>
</newsitem>
