<?xml version="1.0" encoding="iso-8859-1" ?>
<newsitem itemid="449306" id="root" date="1997-03-18" xml:lang="en">
<title>LATVIA: LATVIA-NOON RADIO HEADLINES FOR MARCH 18.</title>
<headline>LATVIA-NOON RADIO HEADLINES FOR MARCH 18.</headline>
<dateline>RIGA 1997-03-18</dateline>
<text>
<p>Here are the main headlines reported on Latvia's state radio at noon on Tuesday. Reuters has not verified these stories and does not vouch for their accuracy.</p>
<p>-Latvian President Guntis Ulmanis arrived today in Denmark for a state visit. On leaving he said that Latvia saw no security alternative to NATO membership.  </p>
<p>- The three main political parties, Latvian Way, LNNK, and Fatherland and Freedom continue haggling over the post of Riga mayor.</p>
<p>--Riga newsroom, +371 721 52 40</p>
</text>
<copyright>(c) Reuters Limited 1997</copyright>
<metadata>
<codes class="bip:countries:1.0">
  <code code="LATV">
    <editdetail attribution="Reuters BIP Coding Group" action="confirmed" date="1997-03-18"/>
  </code>
</codes>
<codes class="bip:topics:1.0">
  <code code="GCAT">
    <editdetail attribution="Reuters BIP Coding Group" action="confirmed" date="1997-03-18"/>
  </code>
</codes>
<dc element="dc.date.created" value="1997-03-18"/>
<dc element="dc.publisher" value="Reuters Holdings Plc"/>
<dc element="dc.date.published" value="1997-03-18"/>
<dc element="dc.source" value="Reuters"/>
<dc element="dc.creator.location" value="RIGA"/>
<dc element="dc.creator.location.country.name" value="LATVIA"/>
<dc element="dc.source" value="Reuters"/>
</metadata>
</newsitem>
