<?xml version="1.0" encoding="iso-8859-1" ?>
<newsitem itemid="449321" id="root" date="1997-03-18" xml:lang="en">
<title>POLAND: JUTRZENKA FEB NET FALLS TO PLN 1.1 MLN.</title>
<headline>JUTRZENKA FEB NET FALLS TO PLN 1.1 MLN.</headline>
<dateline>WARSAW 1997-03-18</dateline>
<text>
<p>Preliminary results February</p>
<p>(in million zlotys unless stated)</p>
<p>FEBRUARY</p>
<p> Net profit	     1.13 vs   1.45</p>
<p> Pre-tax profit	 1.66 vs   1.88</p>
<p> Operating profit     1.77 vs   2.01</p>
<p> Sales		   11.22 vs  10.45</p>
<p>JANUARY-FEBRUARY</p>
<p> Net profit	     2.73 vs   2.45</p>
<p> Pre-tax profit	 3.95 vs   3.65</p>
<p> Operating profit     4.18 vs   3.87</p>
<p> Sales		   24.25 vs  19.70</p>
<p>Note. Full name of the Polish confectioner is Jutrzenka SA.</p>
<p>-- Warsaw Newsroom +48 22 653 9700</p>
</text>
<copyright>(c) Reuters Limited 1997</copyright>
<metadata>
<codes class="bip:countries:1.0">
  <code code="POL">
    <editdetail attribution="Reuters BIP Coding Group" action="confirmed" date="1997-03-18"/>
  </code>
</codes>
<codes class="bip:industries:1.0">
  <code code="I42100">
    <editdetail attribution="Reuters BIP Coding Group" action="confirmed" date="1997-03-18"/>
  </code>
</codes>
<codes class="bip:topics:1.0">
  <code code="C15">
    <editdetail attribution="Reuters BIP Coding Group" action="confirmed" date="1997-03-18"/>
  </code>
  <code code="C151">
    <editdetail attribution="Reuters BIP Coding Group" action="confirmed" date="1997-03-18"/>
  </code>
  <code code="CCAT">
    <editdetail attribution="Reuters BIP Coding Group" action="confirmed" date="1997-03-18"/>
  </code>
</codes>
<dc element="dc.date.created" value="1997-03-18"/>
<dc element="dc.publisher" value="Reuters Holdings Plc"/>
<dc element="dc.date.published" value="1997-03-18"/>
<dc element="dc.source" value="Reuters"/>
<dc element="dc.creator.location" value="WARSAW"/>
<dc element="dc.creator.location.country.name" value="POLAND"/>
<dc element="dc.source" value="Reuters"/>
</metadata>
</newsitem>
