<?xml version="1.0" encoding="iso-8859-1" ?>
<newsitem itemid="449336" id="root" date="1997-03-18" xml:lang="en">
<title>CZECH REPUBLIC: NORWAY ROYALS MINGLE WITH CROWDS ON PRAGUE BRIDGE.</title>
<headline>NORWAY ROYALS MINGLE WITH CROWDS ON PRAGUE BRIDGE.</headline>
<dateline>PRAGUE 1997-03-18</dateline>
<text>
<p>Norway's King Harald and his wife Queen Sonja strolled across Prague's six-centuries old Charles Bridge on Tuesday greeting throngs of tourists as they began a three-day state visit to the Czech Republic.</p>
<p>The royal couple joined Czech President Vaclav Havel and his wife Dagmar for the casual walk across the river Vltava in central Prague, admiring the ancient statues lining the stone bridge and saying hello to tourists and locals in several languages.</p>
<p>The King and Queen are scheduled to meet numerous senior Czech officials, visit Prague's Old Town and Jewish Quarter, open a Norwegian arts exhibit and tour the Vitana powdered soup factory majority-owned by Norway-based Rieber &amp; Son.</p>
<p>Earlier, Czech Industry and Trade Minister Vladimir Dlouhy said he would announce on Wednesday a long-term contract for natural gas supplies from Norway during a forum with business leaders attended by King Harald.</p>
</text>
<copyright>(c) Reuters Limited 1997</copyright>
<metadata>
<codes class="bip:countries:1.0">
  <code code="CZREP">
    <editdetail attribution="Reuters BIP Coding Group" action="confirmed" date="1997-03-18"/>
  </code>
  <code code="NORW">
    <editdetail attribution="Reuters BIP Coding Group" action="confirmed" date="1997-03-18"/>
  </code>
</codes>
<codes class="bip:topics:1.0">
  <code code="E51">
    <editdetail attribution="Reuters BIP Coding Group" action="confirmed" date="1997-03-18"/>
  </code>
  <code code="E512">
    <editdetail attribution="Reuters BIP Coding Group" action="confirmed" date="1997-03-18"/>
  </code>
  <code code="ECAT">
    <editdetail attribution="Reuters BIP Coding Group" action="confirmed" date="1997-03-18"/>
  </code>
  <code code="GCAT">
    <editdetail attribution="Reuters BIP Coding Group" action="confirmed" date="1997-03-18"/>
  </code>
  <code code="GDIP">
    <editdetail attribution="Reuters BIP Coding Group" action="confirmed" date="1997-03-18"/>
  </code>
</codes>
<dc element="dc.date.created" value="1997-03-18"/>
<dc element="dc.publisher" value="Reuters Holdings Plc"/>
<dc element="dc.date.published" value="1997-03-18"/>
<dc element="dc.source" value="Reuters"/>
<dc element="dc.creator.location" value="PRAGUE"/>
<dc element="dc.creator.location.country.name" value="CZECH REPUBLIC"/>
<dc element="dc.source" value="Reuters"/>
</metadata>
</newsitem>
