<?xml version="1.0" encoding="iso-8859-1" ?>
<newsitem itemid="449315" id="root" date="1997-03-18" xml:lang="en">
<title>POLAND: UNIVERSAL FEB NET LOSS AT PLN 0.5 MLN.</title>
<headline>UNIVERSAL FEB NET LOSS AT PLN 0.5 MLN.</headline>
<dateline>WARSAW 1997-03-18</dateline>
<text>
<p>Preliminary results February</p>
<p>(in million zlotys unless stated)</p>
<p>FEBRUARY</p>
<p> Net loss		 0.49 vs   0.39</p>
<p> Pre-tax loss	   0.49 vs   0.39</p>
<p> Operating loss	 0.36 vs   0.30</p>
<p> Sales		    3.81 vs   2.98</p>
<p>JANUARY-FEBRUARY</p>
<p> Net loss		 1.23 vs   0.58</p>
<p> Pre-tax loss	   1.23 vs   0.58</p>
<p> Operating loss	 0.87 vs   0.42</p>
<p> Sales		    7.72 vs   5.90</p>
<p>Note. Full name of the Polish trading company is Universal SA.</p>
<p>-- Warsaw Newsroom +48 22 653 9700</p>
</text>
<copyright>(c) Reuters Limited 1997</copyright>
<metadata>
<codes class="bip:countries:1.0">
  <code code="POL">
    <editdetail attribution="Reuters BIP Coding Group" action="confirmed" date="1997-03-18"/>
  </code>
</codes>
<codes class="bip:industries:1.0">
  <code code="I63000">
    <editdetail attribution="Reuters BIP Coding Group" action="confirmed" date="1997-03-18"/>
  </code>
</codes>
<codes class="bip:topics:1.0">
  <code code="C15">
    <editdetail attribution="Reuters BIP Coding Group" action="confirmed" date="1997-03-18"/>
  </code>
  <code code="C151">
    <editdetail attribution="Reuters BIP Coding Group" action="confirmed" date="1997-03-18"/>
  </code>
  <code code="CCAT">
    <editdetail attribution="Reuters BIP Coding Group" action="confirmed" date="1997-03-18"/>
  </code>
</codes>
<dc element="dc.date.created" value="1997-03-18"/>
<dc element="dc.publisher" value="Reuters Holdings Plc"/>
<dc element="dc.date.published" value="1997-03-18"/>
<dc element="dc.source" value="Reuters"/>
<dc element="dc.creator.location" value="WARSAW"/>
<dc element="dc.creator.location.country.name" value="POLAND"/>
<dc element="dc.source" value="Reuters"/>
</metadata>
</newsitem>
