<?xml version="1.0" encoding="iso-8859-1" ?>
<newsitem itemid="449365" id="root" date="1997-03-18" xml:lang="en">
<title>POLAND: BUDIMEX FEB NET FALLS TO PLN 1.0 MLN.</title>
<headline>BUDIMEX FEB NET FALLS TO PLN 1.0 MLN.</headline>
<dateline>WARSAW 1997-03-18</dateline>
<text>
<p>Preliminary results February</p>
<p>(in million zlotys unless stated)</p>
<p>FEBRUARY</p>
<p> Net profit	     1.02 vs   1.09</p>
<p> Pre-tax profit	 0.95 vs   0.73</p>
<p> Operating profit     0.80 vs   0.11 loss</p>
<p> Sales		   22.71 vs  16.61</p>
<p>JANUARY-FEBRUARY</p>
<p> Net profit	     1.84 vs   1.62</p>
<p> Pre-tax profit	 1.85 vs   1.62</p>
<p> Operating profit     1.41 vs   0.30</p>
<p> Sales		   38.75 vs  31.98</p>
<p>Note. Full name of the Polish construction firm is Budimex SA.</p>
<p>-- Warsaw Newsroom +48 22 653 9700</p>
</text>
<copyright>(c) Reuters Limited 1997</copyright>
<metadata>
<codes class="bip:countries:1.0">
  <code code="POL">
    <editdetail attribution="Reuters BIP Coding Group" action="confirmed" date="1997-03-18"/>
  </code>
</codes>
<codes class="bip:industries:1.0">
  <code code="I50100">
    <editdetail attribution="Reuters BIP Coding Group" action="confirmed" date="1997-03-18"/>
  </code>
</codes>
<codes class="bip:topics:1.0">
  <code code="C15">
    <editdetail attribution="Reuters BIP Coding Group" action="confirmed" date="1997-03-18"/>
  </code>
  <code code="C151">
    <editdetail attribution="Reuters BIP Coding Group" action="confirmed" date="1997-03-18"/>
  </code>
  <code code="CCAT">
    <editdetail attribution="Reuters BIP Coding Group" action="confirmed" date="1997-03-18"/>
  </code>
</codes>
<dc element="dc.date.created" value="1997-03-18"/>
<dc element="dc.publisher" value="Reuters Holdings Plc"/>
<dc element="dc.date.published" value="1997-03-18"/>
<dc element="dc.source" value="Reuters"/>
<dc element="dc.creator.location" value="WARSAW"/>
<dc element="dc.creator.location.country.name" value="POLAND"/>
<dc element="dc.source" value="Reuters"/>
</metadata>
</newsitem>
