<?xml version="1.0" encoding="iso-8859-1" ?>
<newsitem itemid="449340" id="root" date="1997-03-18" xml:lang="en">
<title>POLAND: SOLIDARITY IN NATIONAL PROTEST FOR GDANSK SHIPYARD.</title>
<headline>SOLIDARITY IN NATIONAL PROTEST FOR GDANSK SHIPYARD.</headline>
<byline>Ryszard Wesolowski</byline>
<dateline>GDANSK, Poland 1997-03-18</dateline>
<text>
<p>Poland's Solidarity union on Tuesday launched nationwide protests to defend the bankrupt Gdansk shipyard from final dismemberment, while the government said it was trying to save at least part of it.</p>
<p>&quot;We announce the conduct by the Solidarity union of an all-Poland protest action, from today until it is revoked, in defence of the Gdansk Shipyard and other workplaces,&quot; union leader Marian Krzaklewski told a news conference in Gdansk.</p>
<p>He declined to say exactly what the campaign would consist of but union officials have said it might involve brief stoppages at various plants and street protests.</p>
<p>&quot;Solidarity does not plan to organise a nationwide general strike, but we don't rule out that if confrontation were to mount, one might be possible in defence of the union,&quot; he said.</p>
<p>The Baltic coast yard where Solidarity arose in defiance of communist rule in 1980 has been bankrupt since August 1996 and the receiver this month said he would dismiss the last 3,800 workers and sell off the assets, after banks refused credits to build five ships for a German owner.</p>
<p>The right-leaning union accuses the government, led by ex-communists, of failing to aid the yard or at least encourage banks to grant credits for the contracts which could have kept the yard going until an investor appeared.</p>
<p>Krzaklewski said all the union's regional branches would have to appoint special teams to coordinate protest actions in major provincial towns, to be subsidised out of strike funds.</p>
<p>At the same time the union will be collecting money to bail out the yard by selling contribution coupons.</p>
<p>He said the protests might be ended once some conditions were met: &quot;When there are orders (for the yard), when there are banks giving finance and guarantees from the state treasury.&quot;</p>
<p>In Warsaw, Prime Minister Wlodzimierz Cimoszewicz met heads of the successful Szczecin shipyard, the Polish merchant navy and several ministers, saying he planned to hunt for ways to keep some business going at the Gdansk yard.</p>
<p>The government's spokeswoman Aleksandra Jakubowska said the prime minister would present the conclusions of the meeting to parliament on Thursday. She declined to give details of any possible last-minute rescue package.</p>
<p>Solidarity says the ruling ex-communists have deliberately brought the yard to its knees. The union also demanding more state help for other troubled industries, notably armaments.</p>
<p>The government says the 60-percent state-owned yard's collapse is due to mistakes by its former Solidarity-backed managements and that it cannot risk taxpayer's money to help.</p>
<p>The fate of the enterprise which came to symbolise the democracy struggle leading to the 1989 fall of communism is arousing strong emotions and rallying opposition forces before parliamentary elections due around September this year.</p>
<p>The union has steered dozens of small right-leaning groups into a Solidarity Election Action (AWS) grouping which is now running about level in opinion polls with the ruling ex-communist Democratic Left Alliance (SLD).</p>
<p>In Gdansk itself, shipyard workers held a small quiet rally on Tuesday after several days of turbulent protests in which thousands blocked streets and hurled eggs at banks which refused credit.</p>
<p>But local union leaders promised a protest outside the SLD's Gdansk headquarters for Wednesday. -- Warsaw Newsroom +48 22 653 9700</p>
</text>
<copyright>(c) Reuters Limited 1997</copyright>
<metadata>
<codes class="bip:countries:1.0">
  <code code="POL">
    <editdetail attribution="Reuters BIP Coding Group" action="confirmed" date="1997-03-18"/>
  </code>
</codes>
<codes class="bip:industries:1.0">
  <code code="I36101">
    <editdetail attribution="Reuters BIP Coding Group" action="confirmed" date="1997-03-18"/>
  </code>
</codes>
<codes class="bip:topics:1.0">
  <code code="C16">
    <editdetail attribution="Reuters BIP Coding Group" action="confirmed" date="1997-03-18"/>
  </code>
  <code code="C42">
    <editdetail attribution="Reuters BIP Coding Group" action="confirmed" date="1997-03-18"/>
  </code>
  <code code="CCAT">
    <editdetail attribution="Reuters BIP Coding Group" action="confirmed" date="1997-03-18"/>
  </code>
  <code code="E41">
    <editdetail attribution="Reuters BIP Coding Group" action="confirmed" date="1997-03-18"/>
  </code>
  <code code="ECAT">
    <editdetail attribution="Reuters BIP Coding Group" action="confirmed" date="1997-03-18"/>
  </code>
  <code code="GCAT">
    <editdetail attribution="Reuters BIP Coding Group" action="confirmed" date="1997-03-18"/>
  </code>
  <code code="GJOB">
    <editdetail attribution="Reuters BIP Coding Group" action="confirmed" date="1997-03-18"/>
  </code>
</codes>
<dc element="dc.date.created" value="1997-03-18"/>
<dc element="dc.publisher" value="Reuters Holdings Plc"/>
<dc element="dc.date.published" value="1997-03-18"/>
<dc element="dc.source" value="Reuters"/>
<dc element="dc.creator.location" value="GDANSK, Poland"/>
<dc element="dc.creator.location.country.name" value="POLAND"/>
<dc element="dc.source" value="Reuters"/>
</metadata>
</newsitem>
