<?xml version="1.0" encoding="iso-8859-1" ?>
<newsitem itemid="449379" id="root" date="1997-03-18" xml:lang="en">
<title>POLAND: JELFA FEB NET RISES TO PLN 1.4 MLN.</title>
<headline>JELFA FEB NET RISES TO PLN 1.4 MLN.</headline>
<dateline>WARSAW 1997-03-18</dateline>
<text>
<p>Preliminary results February</p>
<p>(in million zlotys unless stated)</p>
<p>FEBRUARY</p>
<p> Net profit	     1.36 vs   1.20</p>
<p> Pre-tax profit	 1.36 vs   1.65</p>
<p> Operating profit     1.30 vs   1.37</p>
<p> Sales		   10.16 vs  11.24</p>
<p>JANUARY-FEBRUARY</p>
<p> Net profit	     3.38 vs   3.25</p>
<p> Pre-tax profit	 4.32 vs   4.62</p>
<p> Operating profit     4.64 vs   4.25</p>
<p> Sales		   26.26 vs  23.30</p>
<p>Note. Full name of the Polish pharmaceuticals firm is Jelfa</p>
<p>SA.</p>
<p>-- Warsaw Newsroom +48 22 653 9700</p>
</text>
<copyright>(c) Reuters Limited 1997</copyright>
<metadata>
<codes class="bip:countries:1.0">
  <code code="POL">
    <editdetail attribution="Reuters BIP Coding Group" action="confirmed" date="1997-03-18"/>
  </code>
</codes>
<codes class="bip:industries:1.0">
  <code code="I25700">
    <editdetail attribution="Reuters BIP Coding Group" action="confirmed" date="1997-03-18"/>
  </code>
</codes>
<codes class="bip:topics:1.0">
  <code code="C15">
    <editdetail attribution="Reuters BIP Coding Group" action="confirmed" date="1997-03-18"/>
  </code>
  <code code="C151">
    <editdetail attribution="Reuters BIP Coding Group" action="confirmed" date="1997-03-18"/>
  </code>
  <code code="CCAT">
    <editdetail attribution="Reuters BIP Coding Group" action="confirmed" date="1997-03-18"/>
  </code>
</codes>
<dc element="dc.date.created" value="1997-03-18"/>
<dc element="dc.publisher" value="Reuters Holdings Plc"/>
<dc element="dc.date.published" value="1997-03-18"/>
<dc element="dc.source" value="Reuters"/>
<dc element="dc.creator.location" value="WARSAW"/>
<dc element="dc.creator.location.country.name" value="POLAND"/>
<dc element="dc.source" value="Reuters"/>
</metadata>
</newsitem>
