<?xml version="1.0" encoding="iso-8859-1" ?>
<newsitem itemid="449396" id="root" date="1997-03-18" xml:lang="en">
<title>LATVIA: LATVIA-EXPORTS RISE 23.3 PCT IN JAN, IMPORTS 12.8 PCT.</title>
<headline>LATVIA-EXPORTS RISE 23.3 PCT IN JAN, IMPORTS 12.8 PCT.</headline>
<dateline>RIGA 1997-03-18</dateline>
<text>
<p>Latvia's Statistics Committee said on Tuesday that exports in January 1997 rose to 66.2 million lats, an increase of 23.3 percent compared to January a year earlier.</p>
<p>The committee said imports in January reached 97.9 million lats which was a 12.8 percent rise from a year earlier.</p>
</text>
<copyright>(c) Reuters Limited 1997</copyright>
<metadata>
<codes class="bip:countries:1.0">
  <code code="LATV">
    <editdetail attribution="Reuters BIP Coding Group" action="confirmed" date="1997-03-18"/>
  </code>
</codes>
<codes class="bip:topics:1.0">
  <code code="E51">
    <editdetail attribution="Reuters BIP Coding Group" action="confirmed" date="1997-03-18"/>
  </code>
  <code code="E512">
    <editdetail attribution="Reuters BIP Coding Group" action="confirmed" date="1997-03-18"/>
  </code>
  <code code="ECAT">
    <editdetail attribution="Reuters BIP Coding Group" action="confirmed" date="1997-03-18"/>
  </code>
</codes>
<dc element="dc.date.created" value="1997-03-18"/>
<dc element="dc.publisher" value="Reuters Holdings Plc"/>
<dc element="dc.date.published" value="1997-03-18"/>
<dc element="dc.source" value="Reuters"/>
<dc element="dc.creator.location" value="RIGA"/>
<dc element="dc.creator.location.country.name" value="LATVIA"/>
<dc element="dc.source" value="Reuters"/>
</metadata>
</newsitem>
