<?xml version="1.0" encoding="iso-8859-1" ?>
<newsitem itemid="449334" id="root" date="1997-03-18" xml:lang="en">
<title>MACEDONIA: MACEDONIA C.BANKER MAY QUIT OVER BROKERAGE FAILURE.</title>
<headline>MACEDONIA C.BANKER MAY QUIT OVER BROKERAGE FAILURE.</headline>
<byline>Elisaveta Konstantinova</byline>
<dateline>SKOPJE 1997-03-18</dateline>
<text>
<p>Macedonian National Bank (MNB) Governor Borko Stanoevski will seek a confidence vote on Wednesday after an investigation of a major financial house found 112 million marks of savings had been misappropriated.</p>
<p>MNB vice governor Gligor Bishev told Reuters on Tuesday Stanoevski would seek a vote of confidence in parliament for up to four months until the TAT investigation ended and then hand in his resignation, four years before his term in office ends.</p>
<p>If tendered, the governor's resignation would be considered by Prime Minister Branko Crvenkovski.</p>
<p>Some 25,000 swindled depositors in Macedonia's biggest savings house TAT held daily protests earlier this month near TAT's building in Bitolja, a town in the south of this former Yugoslav republic, to demand compensation for their deposits.</p>
<p>&quot;Our preliminary investigation found that only one tenth of their deposits were recorded in TAT's balance sheet. There was evidence of fraud and criminal links,&quot; said Bishev.</p>
<p>Deputy governor Tome Nenovski and Sonja Nikolovska, the TAT owner declared most successful businesswoman of last year, were arrested last week for investigation of the TAT affair, the MNB said.</p>
<p>Only 8.5 million marks worth of deposits were recorded in TAT's balance sheet, said Bishev.</p>
<p>The protests subsided on Tuesday after Stanoevski and Finance Minister Taki Fiti reported the case to parliament's finance and budget committee.</p>
<p>&quot;Our investigation has established that TAT's books were falsified and allocation of 112 million marks has not been determined,&quot; Stanoevski told the committee. Parts of the hearing was broadcast by state television late on Tuesday. The investigation has found all other 24 savings houses stable.</p>
<p>Stanoevski said he did not fear a chain of bankruptcies, similar to the one in neighbouring Albania, where chain failures of several get-rich-quick investment schemes inspired a nationwide rebellion.</p>
<p>Under Macedonian law, savings houses can handle only household deposits and are banned from keeping current accounts. The houses are allowed to extend loans to companies through commercial banks.</p>
<p>&quot;The investigation has yet to find how much of these deposits can be compensated from TAT's loan portfolio,&quot;, said Bishev.</p>
<p>He added that they could not be compensated under a new deposit insurance scheme introduced in the beginning of this year as TAT did not take part in it. -- Skopje Newsroom +389-91-131076</p>
</text>
<copyright>(c) Reuters Limited 1997</copyright>
<metadata>
<codes class="bip:countries:1.0">
  <code code="MCDNIA">
    <editdetail attribution="Reuters BIP Coding Group" action="confirmed" date="1997-03-18"/>
  </code>
</codes>
<codes class="bip:industries:1.0">
  <code code="I81401">
    <editdetail attribution="Reuters BIP Coding Group" action="confirmed" date="1997-03-18"/>
  </code>
  <code code="I81502">
    <editdetail attribution="Reuters BIP Coding Group" action="confirmed" date="1997-03-18"/>
  </code>
</codes>
<codes class="bip:topics:1.0">
  <code code="C12">
    <editdetail attribution="Reuters BIP Coding Group" action="confirmed" date="1997-03-18"/>
  </code>
  <code code="C13">
    <editdetail attribution="Reuters BIP Coding Group" action="confirmed" date="1997-03-18"/>
  </code>
  <code code="C41">
    <editdetail attribution="Reuters BIP Coding Group" action="confirmed" date="1997-03-18"/>
  </code>
  <code code="C411">
    <editdetail attribution="Reuters BIP Coding Group" action="confirmed" date="1997-03-18"/>
  </code>
  <code code="CCAT">
    <editdetail attribution="Reuters BIP Coding Group" action="confirmed" date="1997-03-18"/>
  </code>
  <code code="GCAT">
    <editdetail attribution="Reuters BIP Coding Group" action="confirmed" date="1997-03-18"/>
  </code>
  <code code="GCRIM">
    <editdetail attribution="Reuters BIP Coding Group" action="confirmed" date="1997-03-18"/>
  </code>
  <code code="GPOL">
    <editdetail attribution="Reuters BIP Coding Group" action="confirmed" date="1997-03-18"/>
  </code>
</codes>
<dc element="dc.date.created" value="1997-03-18"/>
<dc element="dc.publisher" value="Reuters Holdings Plc"/>
<dc element="dc.date.published" value="1997-03-18"/>
<dc element="dc.source" value="Reuters"/>
<dc element="dc.creator.location" value="SKOPJE"/>
<dc element="dc.creator.location.country.name" value="MACEDONIA"/>
<dc element="dc.source" value="Reuters"/>
</metadata>
</newsitem>
