<?xml version="1.0" encoding="iso-8859-1" ?>
<newsitem itemid="449356" id="root" date="1997-03-18" xml:lang="en">
<title>POLAND: ELEKTROMONTAZ-E FEB NET AT PLN 55,900.</title>
<headline>ELEKTROMONTAZ-E FEB NET AT PLN 55,900.</headline>
<dateline>WARSAW 1997-03-18</dateline>
<text>
<p>Preliminary results February</p>
<p>(in million zlotys unless stated)</p>
<p>FEBRUARY</p>
<p> Net profit	     0.06 vs   0.10</p>
<p> Pre-tax profit	 0.12 vs   0.23</p>
<p> Operating profit     0.06 vs   0.45</p>
<p> Sales		    2.40 vs   5.18</p>
<p>JANUARY-FEBRUARY</p>
<p> Net profit	     0.04 vs   0.23</p>
<p> Pre-tax profit	 0.16 vs   0.44</p>
<p> Operating profit     0.18 vs   0.67</p>
<p> Sales		    4.38 vs   9.13</p>
<p>Note. Full name of the Polish construction company is</p>
<p>Elektromontaz Export SA.</p>
<p>-- Warsaw Newsroom +48 22 653 9700</p>
</text>
<copyright>(c) Reuters Limited 1997</copyright>
<metadata>
<codes class="bip:countries:1.0">
  <code code="POL">
    <editdetail attribution="Reuters BIP Coding Group" action="confirmed" date="1997-03-18"/>
  </code>
</codes>
<codes class="bip:industries:1.0">
  <code code="I50200">
    <editdetail attribution="Reuters BIP Coding Group" action="confirmed" date="1997-03-18"/>
  </code>
</codes>
<codes class="bip:topics:1.0">
  <code code="C15">
    <editdetail attribution="Reuters BIP Coding Group" action="confirmed" date="1997-03-18"/>
  </code>
  <code code="C151">
    <editdetail attribution="Reuters BIP Coding Group" action="confirmed" date="1997-03-18"/>
  </code>
  <code code="CCAT">
    <editdetail attribution="Reuters BIP Coding Group" action="confirmed" date="1997-03-18"/>
  </code>
</codes>
<dc element="dc.date.created" value="1997-03-18"/>
<dc element="dc.publisher" value="Reuters Holdings Plc"/>
<dc element="dc.date.published" value="1997-03-18"/>
<dc element="dc.source" value="Reuters"/>
<dc element="dc.creator.location" value="WARSAW"/>
<dc element="dc.creator.location.country.name" value="POLAND"/>
<dc element="dc.source" value="Reuters"/>
</metadata>
</newsitem>
