<?xml version="1.0" encoding="iso-8859-1" ?>
<newsitem itemid="449343" id="root" date="1997-03-18" xml:lang="en">
<title>POLAND: AGROS GROUP FEB NET FALLS TO PLN 1.9 MLN.</title>
<headline>AGROS GROUP FEB NET FALLS TO PLN 1.9 MLN.</headline>
<dateline>WARSAW 1997-03-18</dateline>
<text>
<p>Preliminary results February</p>
<p>(in million zlotys unless stated)</p>
<p>FEBRUARY</p>
<p> Group net profit	     1.93 vs   3.02</p>
<p> Group pre-tax profit	 4.17 vs   5.11</p>
<p> Group operating profit     8.44 vs   7.05</p>
<p> Group sales		   96.94 vs  85.94</p>
<p>JANUARY-FEBRUARY</p>
<p> Group net profit	     4.33 vs   6.63</p>
<p> Group pre-tax profit	 9.35 vs  10.13</p>
<p> Group operating profit    16.65 vs  11.13</p>
<p> Group sales		  205.89 vs 172.39</p>
<p>Note. Full name of the Polish food trader and producer is</p>
<p>Agros Holding SA.</p>
<p>FEBRUARY</p>
<p> Net profit	     0.59 vs   1.53</p>
<p> Pre-tax profit	 0.78 vs   2.54</p>
<p> Operating profit     0.46 vs   2.23</p>
<p> Sales		   10.17 vs  15.82</p>
<p>JANUARY-FEBRUARY</p>
<p> Net profit	     1.36 vs   3.71</p>
<p> Pre-tax profit	 1.77 vs   5.26</p>
<p> Operating profit     1.08 vs   3.65</p>
<p> Sales		   18.57 vs  31.34</p>
<p>-- Warsaw Newsroom +48 22 653 9700</p>
</text>
<copyright>(c) Reuters Limited 1997</copyright>
<metadata>
<codes class="bip:countries:1.0">
  <code code="POL">
    <editdetail attribution="Reuters BIP Coding Group" action="confirmed" date="1997-03-18"/>
  </code>
</codes>
<codes class="bip:industries:1.0">
  <code code="I61000">
    <editdetail attribution="Reuters BIP Coding Group" action="confirmed" date="1997-03-18"/>
  </code>
</codes>
<codes class="bip:topics:1.0">
  <code code="C15">
    <editdetail attribution="Reuters BIP Coding Group" action="confirmed" date="1997-03-18"/>
  </code>
  <code code="C151">
    <editdetail attribution="Reuters BIP Coding Group" action="confirmed" date="1997-03-18"/>
  </code>
  <code code="CCAT">
    <editdetail attribution="Reuters BIP Coding Group" action="confirmed" date="1997-03-18"/>
  </code>
</codes>
<dc element="dc.date.created" value="1997-03-18"/>
<dc element="dc.publisher" value="Reuters Holdings Plc"/>
<dc element="dc.date.published" value="1997-03-18"/>
<dc element="dc.source" value="Reuters"/>
<dc element="dc.creator.location" value="WARSAW"/>
<dc element="dc.creator.location.country.name" value="POLAND"/>
<dc element="dc.source" value="Reuters"/>
</metadata>
</newsitem>
