<?xml version="1.0" encoding="iso-8859-1" ?>
<newsitem itemid="449377" id="root" date="1997-03-18" xml:lang="en">
<title>SLOVAKIA: SLOVAK VSZ STILL TO DECIDE ON CZECH SKODA STAKE.</title>
<headline>SLOVAK VSZ STILL TO DECIDE ON CZECH SKODA STAKE.</headline>
<dateline>BRATISLAVA 1997-03-18</dateline>
<text>
<p>Slovak steel maker VSZ a.s. said on Tuesday it was still to decide about the possibility of acquiring an undisclosed stake in Czech engineering concern Skoda a.s. .</p>
<p>In a statement issued after a meeting of its board of directors, VSZ said it had not declared an interest in buying an 8.7 percent stake in Skoda from the Czech government privatisation agency, the National Property Fund (NPF).</p>
<p>&quot;The VSZ board of directors has not declared an interest in buying the 8.7 percent stake of Skoda Plzen if available. The truth is that some preliminary unbinding talks on this topic had happened,&quot; the statement said.</p>
<p>It added that the results of the talks were being assessed by its specialists, and that VSZ management would decide about the issue after a &quot;careful consideration&quot;.</p>
<p>But it was not clear whether the topic and talks exclusively referred to the 8.7 percent recently chosen by the NPF for sale, nor with whom the talks had been held.</p>
<p>On Monday, VSZ spokesman Jozef Marko told Reuters that VSZ had declared an &quot;interest in Skoda&quot; and that certain &quot;probing&quot; negotiations were ongoing about whether it would get an undisclosed stake.</p>
<p>Two of Skoda's major shareholders, banks IPB and Komercni Banka -- which hold 5.9 percent and 11.7 percent of Skoda respectively -- both declined comment on Monday as to whether they were in talks with VSZ on selling their stakes.</p>
<p>The Czech NPF said last Wednesday it was planning to sell the 8.7 percent stake it holds in Skoda soon.</p>
<p>Skoda's largest shareholder is NERo s.r.o., owned by Skoda General Director Lubomir Soudek. He has expressed an interest in adding the NPF stake to his current 21.5 percent holding in Skoda.</p>
<p>The company is the largest Czech engineering concern, based in the western city of Plzen. Skoda's production ranges from beer cans to trucks and nuclear reactors.</p>
<p>It is no longer affiliated with Volkswagen AG's Czech unit, car maker Skoda Automobilova a.s. .</p>
<p>VSZ is Slovakia's largest steel maker, employing some 25,000 workers. It has some 100 subsidiaries and holds stakes in firms ranging from banks to airlines to soccer teams.</p>
<p>-- Tatiana Vacova, Bratislava Newsroom, 421-7-521-8402</p>
</text>
<copyright>(c) Reuters Limited 1997</copyright>
<metadata>
<codes class="bip:countries:1.0">
  <code code="CZREP">
    <editdetail attribution="Reuters BIP Coding Group" action="confirmed" date="1997-03-18"/>
  </code>
  <code code="SLVAK">
    <editdetail attribution="Reuters BIP Coding Group" action="confirmed" date="1997-03-18"/>
  </code>
</codes>
<codes class="bip:industries:1.0">
  <code code="I22100">
    <editdetail attribution="Reuters BIP Coding Group" action="confirmed" date="1997-03-18"/>
  </code>
  <code code="I32000">
    <editdetail attribution="Reuters BIP Coding Group" action="confirmed" date="1997-03-18"/>
  </code>
  <code code="I81402">
    <editdetail attribution="Reuters BIP Coding Group" action="confirmed" date="1997-03-18"/>
  </code>
</codes>
<codes class="bip:topics:1.0">
  <code code="C18">
    <editdetail attribution="Reuters BIP Coding Group" action="confirmed" date="1997-03-18"/>
  </code>
  <code code="C181">
    <editdetail attribution="Reuters BIP Coding Group" action="confirmed" date="1997-03-18"/>
  </code>
  <code code="CCAT">
    <editdetail attribution="Reuters BIP Coding Group" action="confirmed" date="1997-03-18"/>
  </code>
</codes>
<dc element="dc.date.created" value="1997-03-18"/>
<dc element="dc.publisher" value="Reuters Holdings Plc"/>
<dc element="dc.date.published" value="1997-03-18"/>
<dc element="dc.source" value="Reuters"/>
<dc element="dc.creator.location" value="BRATISLAVA"/>
<dc element="dc.creator.location.country.name" value="SLOVAKIA"/>
<dc element="dc.source" value="Reuters"/>
</metadata>
</newsitem>
