<?xml version="1.0" encoding="iso-8859-1" ?>
<newsitem itemid="449387" id="root" date="1997-03-18" xml:lang="en">
<title>CZECH REPUBLIC: CZECH ZPS ZLIN ISSUES CZK 1.0 BLN, 5-YR BOND -PSE.</title>
<headline>CZECH ZPS ZLIN ISSUES CZK 1.0 BLN, 5-YR BOND -PSE.</headline>
<dateline>PRAGUE 1997-03-18</dateline>
<text>
<p>Czech machinery maker ZPS Zlin a.s. on Tuesday issued a one billion crown tranche of five-year bonds with a fixed annual coupon of 12.0 percent, the Prague Stock Exchange (PSE) said.</p>
<p>The PSE added the bonds were issued at par with their 100,000 crown nominal value.  </p>
<p>The PSE said in a statement that the bonds were callable, but did not specify at what point ZPS could exercise this option.</p>
<p>ZPS Zlin officials were not immediately available for comment.</p>
<p>According to preliminary results provided by the PSE, ZPS Zlin posted a gross profit of 94 million crowns in 1996, up from 60 million the previous year.</p>
<p>-- Prague Newsroom, 420-2-2423-0003</p>
</text>
<copyright>(c) Reuters Limited 1997</copyright>
<metadata>
<codes class="bip:countries:1.0">
  <code code="CZREP">
    <editdetail attribution="Reuters BIP Coding Group" action="confirmed" date="1997-03-18"/>
  </code>
</codes>
<codes class="bip:industries:1.0">
  <code code="I32000">
    <editdetail attribution="Reuters BIP Coding Group" action="confirmed" date="1997-03-18"/>
  </code>
</codes>
<codes class="bip:topics:1.0">
  <code code="C17">
    <editdetail attribution="Reuters BIP Coding Group" action="confirmed" date="1997-03-18"/>
  </code>
  <code code="C172">
    <editdetail attribution="Reuters BIP Coding Group" action="confirmed" date="1997-03-18"/>
  </code>
  <code code="CCAT">
    <editdetail attribution="Reuters BIP Coding Group" action="confirmed" date="1997-03-18"/>
  </code>
</codes>
<dc element="dc.date.created" value="1997-03-18"/>
<dc element="dc.publisher" value="Reuters Holdings Plc"/>
<dc element="dc.date.published" value="1997-03-18"/>
<dc element="dc.source" value="Reuters"/>
<dc element="dc.creator.location" value="PRAGUE"/>
<dc element="dc.creator.location.country.name" value="CZECH REPUBLIC"/>
<dc element="dc.source" value="Reuters"/>
</metadata>
</newsitem>
