<?xml version="1.0" encoding="iso-8859-1" ?>
<newsitem itemid="449399" id="root" date="1997-03-18" xml:lang="en">
<title>LITHUANIA: LITHUANIA- T-BILL YIELDS ON 182-DAY EDGE UP AT AUCTION.</title>
<headline>LITHUANIA- T-BILL YIELDS ON 182-DAY EDGE UP AT AUCTION.</headline>
<dateline>VILNIUS 1997-03-18</dateline>
<text>
<p>Yields on Lithuanian 182-day Treasury bills edged up at Tuesday's auction, the country's central bank said.</p>
<p>The bank said that the average yield rose to 11.96 percent versus the 10.93 percent offered to dealers at the last auction for 182-day paper held on March 4.</p>
<p>The lowest yield was 11.40 percent and the highest accepted rate was 11.98 percent.</p>
<p>All of the 50 million litas issue was sold as 83.678 million litas worth of bids were placed.</p>
<p>-- Ed Stoddard, Vilnius newsroom +370 2 22 35 18</p>
</text>
<copyright>(c) Reuters Limited 1997</copyright>
<metadata>
<codes class="bip:countries:1.0">
  <code code="LITH">
    <editdetail attribution="Reuters BIP Coding Group" action="confirmed" date="1997-03-18"/>
  </code>
</codes>
<codes class="bip:topics:1.0">
  <code code="M13">
    <editdetail attribution="Reuters BIP Coding Group" action="confirmed" date="1997-03-18"/>
  </code>
  <code code="M131">
    <editdetail attribution="Reuters BIP Coding Group" action="confirmed" date="1997-03-18"/>
  </code>
  <code code="MCAT">
    <editdetail attribution="Reuters BIP Coding Group" action="confirmed" date="1997-03-18"/>
  </code>
</codes>
<dc element="dc.date.created" value="1997-03-18"/>
<dc element="dc.publisher" value="Reuters Holdings Plc"/>
<dc element="dc.date.published" value="1997-03-18"/>
<dc element="dc.source" value="Reuters"/>
<dc element="dc.creator.location" value="VILNIUS"/>
<dc element="dc.creator.location.country.name" value="LITHUANIA"/>
<dc element="dc.source" value="Reuters"/>
</metadata>
</newsitem>
