<?xml version="1.0" encoding="iso-8859-1" ?>
<newsitem itemid="449401" id="root" date="1997-03-18" xml:lang="en">
<title>POLAND: POLISH FOOD PRICES RISE 0.2 PCT IN MARCH 1-10.</title>
<headline>POLISH FOOD PRICES RISE 0.2 PCT IN MARCH 1-10.</headline>
<dateline>WARSAW 1997-03-18</dateline>
<text>
<p>Polish food prices rose 0.2</p>
<p>percent in the March 1-10 period after staying flat in the</p>
<p>previous 10 days and were 0.2 percent higher than in the</p>
<p>February 1-10 period, the Central Statistical Office said.</p>
<p>				  MARCH 1-10  FEB 20-28   LAST 30 DAYS</p>
<p>POLISH FOOD PRICES (AVG)	0.2	   0.0	  0.2 (0.1)</p>
<p> Bread				0.5	   0.5	  1.3 (1.7)</p>
<p> Fruit and vegetables	   1.0	  -0.4	  0.1(-1.9)</p>
<p> Meat and meat-products	-0.3	  -0.3	 -0.8(-0.6)</p>
<p> Dairy products		   0.7	   0.3	  1.4 (1.3)</p>
<p> Eggs				98.0	  -1.7	 -4.7(-4.3)</p>
<p>NOTE: In brackets figures for the previous 30-day period</p>
<p>ending on February 28.</p>
<p>-- Warsaw Newsroom +48 22 653 9700</p>
</text>
<copyright>(c) Reuters Limited 1997</copyright>
<metadata>
<codes class="bip:countries:1.0">
  <code code="POL">
    <editdetail attribution="Reuters BIP Coding Group" action="confirmed" date="1997-03-18"/>
  </code>
</codes>
<codes class="bip:industries:1.0">
  <code code="I41000">
    <editdetail attribution="Reuters BIP Coding Group" action="confirmed" date="1997-03-18"/>
  </code>
  <code code="I42000">
    <editdetail attribution="Reuters BIP Coding Group" action="confirmed" date="1997-03-18"/>
  </code>
</codes>
<codes class="bip:topics:1.0">
  <code code="C31">
    <editdetail attribution="Reuters BIP Coding Group" action="confirmed" date="1997-03-18"/>
  </code>
  <code code="CCAT">
    <editdetail attribution="Reuters BIP Coding Group" action="confirmed" date="1997-03-18"/>
  </code>
</codes>
<dc element="dc.date.created" value="1997-03-18"/>
<dc element="dc.publisher" value="Reuters Holdings Plc"/>
<dc element="dc.date.published" value="1997-03-18"/>
<dc element="dc.source" value="Reuters"/>
<dc element="dc.creator.location" value="WARSAW"/>
<dc element="dc.creator.location.country.name" value="POLAND"/>
<dc element="dc.source" value="Reuters"/>
</metadata>
</newsitem>
