<?xml version="1.0" encoding="iso-8859-1" ?>
<newsitem itemid="449418" id="root" date="1997-03-18" xml:lang="en">
<title>LATVIA: PRESS DIGEST - LATVIA - MARCH 18.</title>
<headline>PRESS DIGEST - LATVIA - MARCH 18.</headline>
<dateline>RIGA 1997-03-18</dateline>
<text>
<p>These are the main stories in Latvian newspapers on Tuesday. Prepared for Reuters by the Co-operation Fund. Reuters has not verified these reports and does not vouch for their accuracy:</p>
<p>ALL NEWSPAPERS</p>
<p>- President Guntis Ulmanis leaves for a three-day visit to Denmark, accompanied by a delegation of Latvian entrepreneurs.</p>
<p>- Representatives of Latvia and Finland have signed a visa-free agreement between the countries.</p>
<p>- The newly elected Riga city council is due to hold its first meeting on March 25.</p>
<p>- Fatherland &amp; Freedom and LNNK have agreed to form a joint 13-deputy faction in the Riga city council to outweigh the Social democrats.</p>
<p>- The Latvian railway company estimates the damages of the railway crash between Riga and Ventspils to run at several hundred thousand lats. The company announced that it would sue for damages the owner of the truck which caused the crash.</p>
<p>- The second GSM mobile phone operator, Baltcom GSM, has begun business operations in Latvia. American Western Wireless and Metromedia have a 49 percent stake in the firm.</p>
<p>DIENA</p>
<p>- President Ulmanis once again speaks critically of Latvia's parties and says the nation needs a party with at least 30 percent support from voters. In an interview with the Baltic News Service Ulmanis announced that he wants to see the ruling coalition more consolidated.</p>
<p>NEATKARIGA RITA AVIZE</p>
<p>- The search for Swedish professor Jan Akke Delenbrandt continues without any results. Police have searched the port area in Liepaja and now intend use divers to search the city's water reservoirs.</p>
<p>BIZNES &amp; BALTIYA</p>
<p>- The project for construction of the Latvian trade centre in Moscow was presented to Latvia's foreign Ministry. The centre with a cost around $1.3 million will include a set of facilities necessary for Latvian entrepreneurs to promote their exports in Russia, such as a customs warehouse, cold storage facilities, transport, exhibition hall and marketing service. The entrepreneurs, in turn, believe the cost of the project to be underestimated and say they prefer doing their business without mediators.</p>
<p>DIENAS BIZNESS</p>
<p>- Neste and Statoil have signed an agreement with the Riga port authority on building an oil terminal in Riga.</p>
<p>-- Riga Newsroom +371 721 5240</p>
</text>
<copyright>(c) Reuters Limited 1997</copyright>
<metadata>
<codes class="bip:countries:1.0">
  <code code="LATV">
    <editdetail attribution="Reuters BIP Coding Group" action="confirmed" date="1997-03-18"/>
  </code>
</codes>
<codes class="bip:topics:1.0">
  <code code="GCAT">
    <editdetail attribution="Reuters BIP Coding Group" action="confirmed" date="1997-03-18"/>
  </code>
</codes>
<dc element="dc.date.created" value="1997-03-18"/>
<dc element="dc.publisher" value="Reuters Holdings Plc"/>
<dc element="dc.date.published" value="1997-03-18"/>
<dc element="dc.source" value="Reuters"/>
<dc element="dc.creator.location" value="RIGA"/>
<dc element="dc.creator.location.country.name" value="LATVIA"/>
<dc element="dc.source" value="Reuters"/>
</metadata>
</newsitem>
