<?xml version="1.0" encoding="iso-8859-1" ?>
<newsitem itemid="449402" id="root" date="1997-03-18" xml:lang="en">
<title>LITHUANIA: LITHUANIA-TV TUBES MAKER EKRANAS SEE STRONG PROFIT '96.</title>
<headline>LITHUANIA-TV TUBES MAKER EKRANAS SEE STRONG PROFIT '96.</headline>
<dateline>VILNIUS 1997-03-18</dateline>
<text>
<p>Lithuania's television tubes producer Ekranas reported an unaudited net profit of 1996 rose to 45.6 million litas from a loss of 13.8 million litas a year ago on Tuesday. </p>
<p>Company spokeswoman Angelija Zokaitiene said the company operated profitably last year but the steep gain was also explained by the government writing of around 39 million litas of overdue payments.</p>
<p>These debts were accumulated in 1992-1993 during a period of hyper-inflation period.</p>
<p>The government also wrote-off another 14.2 million litas in exchange of for Ekranas giving the state a building it owned in Panevezhys in north Lithuania.</p>
<p>Ekranas said in the statement that its turnover in 1996 was 331.1 million litas versus 291.7 million a year ago.</p>
<p>The company also reported its gross profit last year was 69.5 million litas and its operating profit was 12.9 million litas.</p>
<p>The company said its assets in 1996 were 250.6 million litas.</p>
<p>&quot;The results of Coopers and Lybrand audit are expected before the end of this week,&quot; Zokaitiene told Reuters.</p>
<p>&quot;The company has its development strategy and the main shareholders will suggest to the shareholder's meeting on March 26 to keep the major stake of 1996 and 1997 profit within the institution to invest it in the production line development.&quot;</p>
<p>Ekranas share capital is 113 million litas and 44 percent of its shares are held by Swiss Farimex.</p>
<p>The rest of shares are held privately including by employees and managment of the company.</p>
<p>Zokaitiene said 92.6 percent of its products the company exports to around 20 countries, including Turkey, Italy, Germany and Great Britain mainly.</p>
<p>Ekranas is listed on the group A on the country's stock exchange and was quoted at 7.0 litas on Monday.</p>
<p>-- Andrius Vilkancas, Vilnius newroom +370 222 3517</p>
</text>
<copyright>(c) Reuters Limited 1997</copyright>
<metadata>
<codes class="bip:countries:1.0">
  <code code="LITH">
    <editdetail attribution="Reuters BIP Coding Group" action="confirmed" date="1997-03-18"/>
  </code>
</codes>
<codes class="bip:industries:1.0">
  <code code="I34000">
    <editdetail attribution="Reuters BIP Coding Group" action="confirmed" date="1997-03-18"/>
  </code>
</codes>
<codes class="bip:topics:1.0">
  <code code="C15">
    <editdetail attribution="Reuters BIP Coding Group" action="confirmed" date="1997-03-18"/>
  </code>
  <code code="C152">
    <editdetail attribution="Reuters BIP Coding Group" action="confirmed" date="1997-03-18"/>
  </code>
  <code code="CCAT">
    <editdetail attribution="Reuters BIP Coding Group" action="confirmed" date="1997-03-18"/>
  </code>
</codes>
<dc element="dc.date.created" value="1997-03-18"/>
<dc element="dc.publisher" value="Reuters Holdings Plc"/>
<dc element="dc.date.published" value="1997-03-18"/>
<dc element="dc.source" value="Reuters"/>
<dc element="dc.creator.location" value="VILNIUS"/>
<dc element="dc.creator.location.country.name" value="LITHUANIA"/>
<dc element="dc.source" value="Reuters"/>
</metadata>
</newsitem>
