<?xml version="1.0" encoding="iso-8859-1" ?>
<newsitem itemid="449413" id="root" date="1997-03-18" xml:lang="en">
<title>ESTONIA: HOIUPANK SHARE HOLDERS' MEETING DETAILS.</title>
<headline>HOIUPANK SHARE HOLDERS' MEETING DETAILS.</headline>
<dateline>TALLINN 1997-03-18</dateline>
<text>
<p>Hoiupank, the second largest bank in Estonia, said on Tuesday it will hold its general shareholders' meeting on April 12 in Tallinn.</p>
<p>The planned agenda includes a proposal to increase the bank's share capital by 37 million kroons over the next three years and to carry its profit into its reserve to cover previous losses, the bank said in a statement.</p>
<p>Other items for discussion are changes in the bank's inspection board and approval of the 1996 annual report.</p>
<p>-- David Mardiste Tallinn newsroom +372 630 8400 reuters@reuters.ee</p>
</text>
<copyright>(c) Reuters Limited 1997</copyright>
<metadata>
<codes class="bip:countries:1.0">
  <code code="ESTNIA">
    <editdetail attribution="Reuters BIP Coding Group" action="confirmed" date="1997-03-18"/>
  </code>
</codes>
<codes class="bip:industries:1.0">
  <code code="I81402">
    <editdetail attribution="Reuters BIP Coding Group" action="confirmed" date="1997-03-18"/>
  </code>
</codes>
<codes class="bip:topics:1.0">
  <code code="C15">
    <editdetail attribution="Reuters BIP Coding Group" action="confirmed" date="1997-03-18"/>
  </code>
  <code code="C151">
    <editdetail attribution="Reuters BIP Coding Group" action="confirmed" date="1997-03-18"/>
  </code>
  <code code="C17">
    <editdetail attribution="Reuters BIP Coding Group" action="confirmed" date="1997-03-18"/>
  </code>
  <code code="C171">
    <editdetail attribution="Reuters BIP Coding Group" action="confirmed" date="1997-03-18"/>
  </code>
  <code code="CCAT">
    <editdetail attribution="Reuters BIP Coding Group" action="confirmed" date="1997-03-18"/>
  </code>
</codes>
<dc element="dc.date.created" value="1997-03-18"/>
<dc element="dc.publisher" value="Reuters Holdings Plc"/>
<dc element="dc.date.published" value="1997-03-18"/>
<dc element="dc.source" value="Reuters"/>
<dc element="dc.creator.location" value="TALLINN"/>
<dc element="dc.creator.location.country.name" value="ESTONIA"/>
<dc element="dc.source" value="Reuters"/>
</metadata>
</newsitem>
