<?xml version="1.0" encoding="iso-8859-1" ?>
<newsitem itemid="449419" id="root" date="1997-03-18" xml:lang="en">
<title>LITHUANIA: PRESS DIGEST - LITHUANIA - MARCH 18.</title>
<headline>PRESS DIGEST - LITHUANIA - MARCH 18.</headline>
<dateline>VILNIUS 1997-03-18</dateline>
<text>
<p>The following stories were reported in Lithuanian newspapers on Tuesday. Reuters has not verified these stories and does not vouch for their accuracy.</p>
<p>LIETUVOS RYTAS</p>
<p>- The agricultural and forestry ministry, which has a 27.2 percent stake in the Panevezhys Sema spirits producer, vetoed the company's plan to issue a new 18 million share emmission abroad. Brokerage house Vilfima was preparing the project for London investment house Williams de Broe.</p>
<p>- Two thousand soldiers will participate in the six day military training exercise Spring winds which begins today near Panevezhys.</p>
<p>- The World Bank will issue a credit to reform Lithuania's health care system in 1999, one year later than originally expected, health care minister Juozas Galdikas said on Monday after his trip to Washington.</p>
<p>- Vilniaus Bank's net profit rose sharply to 24.4 million litas in 1996 versus 2.9 million litas the previous year.</p>
<p>RESPUBLIKA</p>
<p>- Fifteen passengers were injured in a trolleybus accident in Vilnius on Monday.</p>
<p>- Lithuania's social security and pensions fund owes the country's drug stores 48.7 million litas.</p>
<p>- The board of Vilniaus bank will recommend to the bank's shareholders that most of the 1996 profit be retained within the company.</p>
<p>LIETUVOS AIDAS</p>
<p>-  Lithuanian President Algirdas Brazauskas' advisors deny that there is any conflict between the president and parliament.</p>
<p>-- Andrius Vilkancas, Vilnius newroom + 370 2 22 35 17</p>
</text>
<copyright>(c) Reuters Limited 1997</copyright>
<metadata>
<codes class="bip:countries:1.0">
  <code code="LITH">
    <editdetail attribution="Reuters BIP Coding Group" action="confirmed" date="1997-03-18"/>
  </code>
</codes>
<codes class="bip:topics:1.0">
  <code code="GCAT">
    <editdetail attribution="Reuters BIP Coding Group" action="confirmed" date="1997-03-18"/>
  </code>
</codes>
<dc element="dc.date.created" value="1997-03-18"/>
<dc element="dc.publisher" value="Reuters Holdings Plc"/>
<dc element="dc.date.published" value="1997-03-18"/>
<dc element="dc.source" value="Reuters"/>
<dc element="dc.creator.location" value="VILNIUS"/>
<dc element="dc.creator.location.country.name" value="LITHUANIA"/>
<dc element="dc.source" value="Reuters"/>
</metadata>
</newsitem>
