<?xml version="1.0" encoding="iso-8859-1" ?>
<newsitem itemid="449414" id="root" date="1997-03-18" xml:lang="en">
<title>LITHUANIA: LITHUANIA-REVENUE ON TARGET-FINANCE MINISTER.</title>
<headline>LITHUANIA-REVENUE ON TARGET-FINANCE MINISTER.</headline>
<dateline>VILNIUS 1997-03-18</dateline>
<text>
<p>Lithuania's finance minister says that the government's targets for revenue collection will be met this year.</p>
<p>&quot;If all the measures are taken that have been approved by the government, we should reach our targets for revenue collection this year,&quot; Algirdas Shemeta told Reuters in an interview.</p>
<p>The budget passed by parliament in December calls for a deficit of almost 700 million litas.</p>
<p>The government has vowed to meet all of its budgetary targets and has declared war on tax evasion, which is considered to be rife.</p>
<p>&quot;We were a bit behind in revenue collection in January and the first half of February, and now we are falling just short of target,&quot; Shemeta said. &quot;Of course, it will require some effort to collect the money we missed in that period.&quot;</p>
<p>Shemeta said that he did not expect a big fall or rise in the country's domestic borrowing costs.</p>
<p>&quot;I think that the local Treasury bill market has stabilized...there will no big movements in either direction,&quot; he said.</p>
<p>The average yield on 91-day government paper rose at Monday's auction to 11.37 percent from 10.70 percent.</p>
<p>--Ed Stoddard, Vilnius newsroom +370 2 22 35 17</p>
</text>
<copyright>(c) Reuters Limited 1997</copyright>
<metadata>
<codes class="bip:countries:1.0">
  <code code="LITH">
    <editdetail attribution="Reuters BIP Coding Group" action="confirmed" date="1997-03-18"/>
  </code>
</codes>
<codes class="bip:topics:1.0">
  <code code="E12">
    <editdetail attribution="Reuters BIP Coding Group" action="confirmed" date="1997-03-18"/>
  </code>
  <code code="E21">
    <editdetail attribution="Reuters BIP Coding Group" action="confirmed" date="1997-03-18"/>
  </code>
  <code code="E211">
    <editdetail attribution="Reuters BIP Coding Group" action="confirmed" date="1997-03-18"/>
  </code>
  <code code="ECAT">
    <editdetail attribution="Reuters BIP Coding Group" action="confirmed" date="1997-03-18"/>
  </code>
</codes>
<dc element="dc.date.created" value="1997-03-18"/>
<dc element="dc.publisher" value="Reuters Holdings Plc"/>
<dc element="dc.date.published" value="1997-03-18"/>
<dc element="dc.source" value="Reuters"/>
<dc element="dc.creator.location" value="VILNIUS"/>
<dc element="dc.creator.location.country.name" value="LITHUANIA"/>
<dc element="dc.source" value="Reuters"/>
</metadata>
</newsitem>
