<?xml version="1.0" encoding="iso-8859-1" ?>
<newsitem itemid="449421" id="root" date="1997-03-18" xml:lang="en">
<title>ESTONIA: ESTONIA-NRG EYES ESTONIA POWER EXPORTS.</title>
<headline>ESTONIA-NRG EYES ESTONIA POWER EXPORTS.</headline>
<dateline>TALLINN 1997-03-18</dateline>
<text>
<p>NRG Energy a subsidiary of Northern States Power , is looking to Estonia to provide a base for exporting power to the Baltic region, NRG's representative in Estonia, Hillar Lauri, said on Tuesday.</p>
<p>&quot;When we look at the future we see energy demand growing in neighbouring countries,&quot; he told Reuters in an interview.</p>
<p>&quot;In our long-term planning we are also considering exporting power northwards, eastwards and southwards,&quot; Lauri said.</p>
<p>Estonia already exports electricity to Latvia, Russia and Lithuania. Exports in 1996 were up by 9.5 percent compared to 1995 with exports to Russia resuming, according to Estonian Energy figures.</p>
<p>NRG, the Estonian government and Estonian Energy are preparing a business plan for a possible 50/50 deal which would give the international power provider a foothold in Europe. However, the plan is far from complete.</p>
<p>&quot;An agreement was signed on December 9 to go into business together and the joint business plan must be ready by July 1,&quot; Lauri said.</p>
<p>NRG is looking at investments worth over $250 million.</p>
<p>&quot;The project involves a lot of money. About $50 million in NRG equity and $200 million in project finance,&quot; said Lauri.</p>
<p>NRG, which operates power plants in Australia and the United States, is looking forward to cooperation, there is no gaurantees they will be the main business partner for Estonian Energy.</p>
<p>But the Estonian government appears keen on selling off its power production.</p>
<p>&quot;We have three months to go, if the plan does not suit the Americans, then there are others,&quot; Estonian Finance Minister Mart Opmann told Reuters in a recent interview.</p>
<p>The Estonian proposals are based on avoiding giving fixed prices and guaranteeing market share.</p>
<p>However, even if an agreement business plan is reached there is a crucual hurdle to be passed--the new energy bill which is before parliament.</p>
<p>This law regulating energy in Estonia has yet to define what can and cannot be sold off in Estonia's privisation drive from production to tranmission to distribution.</p>
<p>&quot;NRG is interested in just the production with the debate on what should stay in state hands focused on tranmission,&quot; Lauri said.</p>
<p>-- David Mardiste, Tallinn newsroom +372 630 8400 reuters@reuters.ee</p>
</text>
<copyright>(c) Reuters Limited 1997</copyright>
<metadata>
<codes class="bip:countries:1.0">
  <code code="ESTNIA">
    <editdetail attribution="Reuters BIP Coding Group" action="confirmed" date="1997-03-18"/>
  </code>
  <code code="USA">
    <editdetail attribution="Reuters BIP Coding Group" action="confirmed" date="1997-03-18"/>
  </code>
</codes>
<codes class="bip:industries:1.0">
  <code code="I16100">
    <editdetail attribution="Reuters BIP Coding Group" action="confirmed" date="1997-03-18"/>
  </code>
</codes>
<codes class="bip:topics:1.0">
  <code code="C31">
    <editdetail attribution="Reuters BIP Coding Group" action="confirmed" date="1997-03-18"/>
  </code>
  <code code="C312">
    <editdetail attribution="Reuters BIP Coding Group" action="confirmed" date="1997-03-18"/>
  </code>
  <code code="CCAT">
    <editdetail attribution="Reuters BIP Coding Group" action="confirmed" date="1997-03-18"/>
  </code>
</codes>
<dc element="dc.date.created" value="1997-03-18"/>
<dc element="dc.publisher" value="Reuters Holdings Plc"/>
<dc element="dc.date.published" value="1997-03-18"/>
<dc element="dc.source" value="Reuters"/>
<dc element="dc.creator.location" value="TALLINN"/>
<dc element="dc.creator.location.country.name" value="ESTONIA"/>
<dc element="dc.source" value="Reuters"/>
</metadata>
</newsitem>
